type_encoded,air_temperature_k,process_temperature_k,rotational_speed_rpm,torque_nm,tool_wear_min,temp_diff_k,power_w,strain_min_nm,tool_wear_critical,machine_failure,twf,hdf,pwf,osf,rnf
1,302.0,310.9,1456,47.2,54,8.9,7196.68,2548.8,0,0,0,0,0,0,0
1,297.0,308.3,1399,46.4,132,11.3,6797.74,6124.8,0,0,0,0,0,0,1
1,301.0,311.6,1357,45.6,137,10.6,6479.97,6247.2,0,0,0,0,0,0,0
0,298.9,309.8,1411,56.3,84,10.9,8318.86,4729.2,0,0,0,0,0,0,0
0,297.1,308.5,1733,28.7,50,11.4,5208.46,1435.0,0,0,0,0,0,0,0
2,298.3,308.9,1706,31.8,8,10.6,5681.13,254.4,0,0,0,0,0,0,0
1,300.7,311.0,1263,52.3,104,10.3,6917.25,5439.2,0,0,0,0,0,0,0
2,297.6,309.0,1413,40.2,51,11.4,5948.35,2050.2,0,0,0,0,0,0,0
1,303.9,313.2,1608,40.6,79,9.3,6836.61,3207.4,0,0,0,0,0,0,0
2,297.3,308.6,1431,42.0,109,11.3,6293.87,4578.0,0,0,0,0,0,0,0
0,298.9,310.1,1466,42.5,187,11.2,6524.56,7947.5,0,0,0,0,0,0,0
0,297.9,308.6,1691,29.6,116,10.7,5241.6,3433.6,0,0,0,0,0,0,0
0,299.2,310.7,1540,36.3,175,11.5,5854.04,6352.5,0,0,0,0,0,0,0
0,298.4,308.4,1515,40.1,179,10.0,6361.88,7177.9,0,0,0,0,0,0,0
1,300.4,309.8,1421,47.2,0,9.4,7023.68,0.0,0,0,0,0,0,0,0
0,298.7,309.9,1617,33.0,203,11.2,5587.95,6699.0,1,0,0,0,0,0,0
0,297.7,308.7,1249,60.4,143,11.0,7900.02,8637.2,0,0,0,0,0,0,0
0,298.9,310.0,1564,33.8,183,11.1,5535.82,6185.4,0,0,0,0,0,0,0
0,298.1,308.7,1568,32.9,10,10.6,5402.2,329.0,0,0,0,0,0,0,0
0,304.1,313.2,1434,50.1,43,9.1,7523.42,2154.3,0,0,0,0,0,0,0
0,302.5,311.1,1571,34.2,201,8.6,5626.4,6874.2,1,0,0,0,0,0,0
2,299.2,308.8,1908,21.3,104,9.6,4255.85,2215.2,0,0,0,0,0,0,0
0,299.6,310.2,1468,48.0,9,10.6,7378.97,432.0,0,0,0,0,0,0,0
2,301.0,312.2,1489,40.3,117,11.2,6283.89,4715.1,0,0,0,0,0,0,0
0,299.1,310.5,1389,61.4,64,11.4,8930.98,3929.6,0,0,0,0,0,0,0
0,302.4,310.2,1351,45.1,168,7.8,6380.59,7576.8,0,1,0,1,0,0,0
0,299.1,310.5,1532,36.6,62,11.4,5871.76,2269.2,0,0,0,0,0,0,0
0,300.6,309.6,1726,30.0,147,9.0,5422.39,4410.0,0,0,0,0,0,0,0
0,301.7,311.2,1589,37.9,75,9.5,6306.55,2842.5,0,0,0,0,0,0,0
0,296.8,307.5,1347,54.8,43,10.7,7729.95,2356.4,0,0,0,0,0,0,0
0,300.7,311.8,1486,47.3,19,11.1,7360.52,898.7,0,0,0,0,0,0,0
0,299.6,311.0,1430,38.3,124,11.4,5735.4,4749.2,0,0,0,0,0,0,0
0,297.1,308.3,1403,54.1,179,11.2,7948.47,9683.9,0,0,0,0,0,0,0
0,300.7,310.6,1520,45.9,146,9.9,7306.09,6701.4,0,0,0,0,0,0,0
1,298.9,308.2,1372,63.6,30,9.3,9137.76,1908.0,0,1,0,0,1,0,0
0,298.7,309.8,1354,53.3,212,11.1,7557.44,11299.6,1,1,0,0,0,1,0
0,299.7,309.1,1347,55.3,139,9.4,7800.48,7686.7,0,0,0,0,0,0,0
0,300.7,309.5,1508,39.9,59,8.8,6300.9,2354.1,0,0,0,0,0,0,0
1,303.0,312.8,1648,32.1,104,9.8,5539.76,3338.4,0,0,0,0,0,0,0
1,300.4,311.7,1832,24.2,179,11.3,4642.69,4331.8,0,0,0,0,0,0,0
1,302.0,311.1,1406,48.8,159,9.1,7185.12,7759.2,0,0,0,0,0,0,0
0,298.3,308.1,1326,58.4,90,9.8,8109.33,5256.0,0,0,0,0,0,0,0
0,298.9,310.3,1456,44.1,118,11.4,6724.01,5203.8,0,0,0,0,0,0,0
0,298.0,308.5,1702,26.7,203,10.5,4758.82,5420.1,1,0,0,0,0,0,0
0,302.6,311.4,1738,25.8,128,8.8,4695.68,3302.4,0,0,0,0,0,0,0
0,297.1,308.2,1347,50.8,49,11.1,7165.72,2489.2,0,0,0,0,0,0,0
0,303.8,312.7,1664,29.3,178,8.9,5105.63,5215.4,0,0,0,0,0,0,0
0,298.6,309.8,1637,34.6,207,11.2,5931.35,7162.2,1,0,0,0,0,0,0
0,301.6,311.1,1907,21.5,102,9.5,4293.56,2193.0,0,0,0,0,0,0,0
1,302.3,311.2,1505,36.7,78,8.9,5784.04,2862.6,0,0,0,0,0,0,0
1,298.2,309.0,1410,47.6,76,10.8,7028.37,3617.6,0,0,0,0,0,0,0
0,296.8,307.9,1709,28.4,118,11.1,5082.64,3351.2,0,0,0,0,0,0,0
1,297.2,308.3,1776,28.0,43,11.1,5207.5,1204.0,0,0,0,0,0,0,0
0,300.2,310.2,1600,31.5,23,10.0,5277.88,724.5,0,0,0,0,0,0,0
0,301.0,310.7,1391,45.0,123,9.7,6554.93,5535.0,0,0,0,0,0,0,0
2,298.7,309.3,1402,45.3,190,10.6,6650.81,8607.0,0,0,0,0,0,0,0
1,298.1,307.9,1496,40.0,0,9.8,6266.43,0.0,0,0,0,0,0,0,0
0,301.5,310.3,1415,41.6,28,8.8,6164.22,1164.8,0,0,0,0,0,0,0
0,301.1,311.1,1711,29.1,170,10.0,5214.01,4947.0,0,0,0,0,0,0,0
1,296.8,307.8,1664,32.8,142,11.0,5715.52,4657.6,0,0,0,0,0,0,0
0,298.2,308.4,1477,49.9,72,10.2,7718.09,3592.8,0,0,0,0,0,0,0
1,297.4,309.0,1520,37.0,147,11.6,5889.44,5439.0,0,0,0,0,0,0,0
1,298.9,308.9,1487,39.5,30,10.0,6150.87,1185.0,0,0,0,0,0,0,0
0,299.3,309.1,1551,39.1,147,9.8,6350.64,5747.7,0,0,0,0,0,0,0
0,298.3,308.2,1663,28.4,67,9.9,4945.83,1902.8,0,0,0,0,0,0,0
1,301.0,311.0,1423,38.6,199,10.0,5752.03,7681.4,0,0,0,0,0,0,0
0,301.5,311.1,1434,49.6,129,9.6,7448.34,6398.4,0,0,0,0,0,0,0
1,300.5,311.6,1476,39.1,199,11.1,6043.54,7780.9,0,0,0,0,0,0,0
0,300.6,310.0,1425,49.5,174,9.4,7386.67,8613.0,0,0,0,0,0,0,0
1,301.3,310.8,1455,41.2,56,9.5,6277.53,2307.2,0,0,0,0,0,0,0
1,297.2,308.4,1863,26.0,110,11.2,5072.42,2860.0,0,0,0,0,0,0,0
0,298.8,308.8,1523,44.4,55,10.0,7081.28,2442.0,0,0,0,0,0,0,0
0,300.4,310.0,1769,26.1,38,9.6,4835.01,991.8,0,0,0,0,0,0,0
0,301.6,311.1,1408,44.4,106,9.5,6546.58,4706.4,0,0,0,0,0,0,0
1,298.7,309.6,1424,50.4,32,10.9,7515.69,1612.8,0,0,0,0,0,0,0
0,301.5,310.7,1435,38.5,224,9.2,5785.5,8624.0,1,0,0,0,0,0,0
1,298.0,308.1,1552,36.6,190,10.1,5948.42,6954.0,0,0,0,0,0,0,0
1,302.2,311.6,1592,37.7,79,9.4,6285.11,2978.3,0,0,0,0,0,0,0
0,300.6,310.4,1494,47.3,118,9.8,7400.15,5581.4,0,0,0,0,0,0,0
1,297.5,309.4,1433,48.3,139,11.9,7248.06,6713.7,0,0,0,0,0,0,0
0,297.3,308.7,1491,40.2,112,11.4,6276.71,4502.4,0,0,0,0,0,0,0
0,300.1,311.5,2218,17.0,123,11.4,3948.56,2091.0,0,0,0,0,0,0,0
2,302.0,310.9,1679,29.0,222,8.9,5098.91,6438.0,1,0,0,0,0,0,0
0,299.2,308.4,1393,48.4,35,9.2,7060.33,1694.0,0,0,0,0,0,0,0
1,302.1,310.7,1364,47.8,213,8.6,6827.64,10181.4,1,1,0,1,0,0,0
1,300.0,309.2,1635,32.4,4,9.2,5547.42,129.6,0,0,0,0,0,0,0
0,301.4,310.8,1431,44.3,21,9.4,6638.53,930.3,0,0,0,0,0,0,0
0,300.8,310.3,1537,33.3,52,9.5,5359.78,1731.6,0,0,0,0,0,0,0
2,299.7,309.2,1572,32.8,142,9.5,5399.52,4657.6,0,0,0,0,0,0,0
1,296.8,307.9,1843,25.2,116,11.1,4863.56,2923.2,0,0,0,0,0,0,0
2,298.0,307.7,1547,36.8,186,9.7,5961.65,6844.8,0,0,0,0,0,0,0
0,301.0,310.9,1679,29.8,64,9.9,5239.57,1907.2,0,0,0,0,0,0,0
0,295.7,306.1,1343,54.4,119,10.4,7650.74,6473.6,0,0,0,0,0,0,0
1,299.3,310.7,1374,48.9,222,11.4,7035.97,10855.8,1,0,0,0,0,0,0
0,300.8,309.7,1373,45.4,179,8.9,6527.62,8126.6,0,0,0,0,0,0,0
0,298.6,309.7,1627,33.4,99,11.1,5690.66,3306.6,0,0,0,0,0,0,0
0,300.4,311.5,1492,44.6,149,11.1,6968.39,6645.4,0,0,0,0,0,0,0
0,300.4,310.5,2424,14.5,12,10.1,3680.69,174.0,0,0,0,0,0,0,0
0,301.3,310.5,1365,47.7,70,9.2,6818.36,3339.0,0,0,0,0,0,0,0
0,300.0,309.6,1694,28.7,94,9.6,5091.24,2697.8,0,0,0,0,0,0,0
0,301.4,310.3,2203,16.6,169,8.9,3829.58,2805.4,0,0,0,0,0,0,0
0,302.4,310.9,1469,39.6,86,8.5,6091.8,3405.6,0,0,0,0,0,0,0
1,297.3,308.6,1584,29.4,141,11.3,4876.76,4145.4,0,0,0,0,0,0,0
1,304.2,313.6,1424,43.7,151,9.4,6516.58,6598.7,0,0,0,0,0,0,0
0,298.9,310.0,1719,27.3,58,11.1,4914.36,1583.4,0,0,0,0,0,0,0
0,297.4,309.2,1620,33.2,28,11.8,5632.25,929.6,0,0,0,0,0,0,0
0,302.1,311.2,1454,46.8,0,9.1,7125.89,0.0,0,0,0,0,0,0,0
0,301.9,310.9,1486,40.3,6,9.0,6271.23,241.8,0,0,0,0,0,0,0
0,297.2,308.5,1550,41.5,125,11.3,6736.1,5187.5,0,0,0,0,0,0,0
1,298.0,308.9,1339,51.4,68,10.9,7207.3,3495.2,0,0,0,0,0,0,0
0,300.2,311.6,1999,21.0,19,11.4,4396.03,399.0,0,0,0,0,0,0,0
0,296.9,308.0,1546,31.1,11,11.1,5034.99,342.1,0,0,0,0,0,0,0
2,303.5,312.8,1404,55.8,84,9.3,8204.08,4687.2,0,0,0,0,0,0,0
0,297.2,308.5,1494,39.6,181,11.3,6195.47,7167.6,0,0,0,0,0,0,0
0,302.1,311.5,1987,20.1,21,9.4,4182.37,422.1,0,0,0,0,0,0,0
0,300.6,310.8,1378,51.2,119,10.2,7388.36,6092.8,0,0,0,0,0,0,0
0,302.6,312.4,1398,41.6,40,9.8,6090.17,1664.0,0,0,0,0,0,0,0
2,298.7,309.7,1697,29.8,74,11.0,5295.74,2205.2,0,0,0,0,0,0,0
0,296.7,308.0,1451,50.7,197,11.3,7703.78,9987.9,0,0,0,0,0,0,0
1,300.5,311.9,1370,44.8,20,11.4,6427.28,896.0,0,0,0,0,0,0,0
0,301.3,311.1,1560,35.3,55,9.8,5766.71,1941.5,0,0,0,0,0,0,0
1,300.9,311.0,1567,34.3,130,10.1,5628.49,4459.0,0,0,0,0,0,0,0
0,303.7,312.7,1395,53.9,123,9.0,7873.93,6629.7,0,0,0,0,0,0,0
2,301.0,310.9,1495,37.3,21,9.9,5839.54,783.3,0,0,0,0,0,0,0
1,303.6,312.7,2174,17.6,37,9.1,4006.83,651.2,0,0,0,0,0,0,0
1,297.5,309.1,1540,38.5,176,11.6,6208.83,6776.0,0,0,0,0,0,0,0
1,297.6,308.4,1569,38.3,93,10.8,6292.89,3561.9,0,0,0,0,0,0,0
0,302.3,311.7,2170,18.2,91,9.4,4135.8,1656.2,0,0,0,0,0,0,0
0,298.0,308.5,1713,25.3,124,10.5,4538.44,3137.2,0,0,0,0,0,0,0
0,302.7,312.4,1477,46.3,251,9.7,7161.27,11621.3,1,1,0,0,0,1,0
2,297.1,308.0,1559,38.8,229,10.9,6334.41,8885.2,1,0,0,0,0,0,0
0,300.3,309.2,1649,32.4,50,8.9,5594.93,1620.0,0,0,0,0,0,0,0
0,300.2,309.7,1448,36.8,14,9.5,5580.14,515.2,0,0,0,0,0,0,0
0,298.3,309.4,1356,45.4,96,11.1,6446.8,4358.4,0,0,0,0,0,0,0
0,301.8,310.7,1597,30.8,74,8.9,5150.91,2279.2,0,0,0,0,0,0,0
0,299.0,310.2,1516,35.3,102,11.2,5604.06,3600.6,0,0,0,0,0,0,0
1,302.2,311.3,1510,37.1,10,9.1,5866.51,371.0,0,0,0,0,0,0,0
1,299.2,308.4,1330,51.2,56,9.2,7131.0,2867.2,0,0,0,0,0,0,0
1,300.2,309.5,1500,45.7,89,9.3,7178.54,4067.3,0,0,0,0,0,0,0
0,301.6,310.7,1683,29.7,131,9.1,5234.43,3890.7,0,0,0,0,0,0,0
0,299.9,310.4,1419,45.7,178,10.5,6790.9,8134.6,0,0,0,0,0,0,0
0,298.6,309.0,1469,46.0,4,10.4,7076.33,184.0,0,0,0,0,0,0,0
0,300.9,311.0,2235,15.8,156,10.1,3697.97,2464.8,0,0,0,0,0,0,0
0,301.9,310.8,1400,58.2,79,8.9,8532.57,4597.8,0,0,0,0,0,0,0
1,298.2,308.3,1448,43.3,199,10.1,6565.76,8616.7,0,0,0,0,0,0,0
0,298.2,308.9,1367,45.0,85,10.7,6441.84,3825.0,0,0,0,0,0,0,0
1,298.6,309.1,1587,37.3,203,10.5,6198.9,7571.9,1,0,0,0,0,0,0
0,300.5,309.9,1480,40.0,148,9.4,6199.41,5920.0,0,0,0,0,0,0,0
0,300.8,310.2,1850,22.8,33,9.4,4417.08,752.4,0,0,0,0,0,0,0
0,298.1,308.6,1558,42.4,14,10.5,6917.7,593.6,0,0,0,0,0,0,0
0,297.1,308.1,1446,36.6,227,11.0,5542.15,8308.2,1,0,0,0,0,0,0
2,302.3,311.8,1475,42.8,38,9.5,6610.96,1626.4,0,0,0,0,0,0,0
0,301.1,310.6,1611,35.2,70,9.5,5938.36,2464.0,0,0,0,0,0,0,0
0,300.4,310.5,1578,32.8,26,10.1,5420.13,852.8,0,0,0,0,0,0,0
1,297.3,308.5,1710,27.7,138,11.2,4960.26,3822.6,0,0,0,0,0,0,0
0,302.5,310.5,1520,41.2,154,8.0,6557.97,6344.8,0,0,0,0,0,0,0
1,302.2,310.7,1601,33.0,166,8.5,5532.66,5478.0,0,0,0,0,0,0,0
0,297.2,308.6,1636,31.3,192,11.4,5362.36,6009.6,0,0,0,0,0,0,0
0,297.1,307.8,1636,30.3,90,10.7,5191.04,2727.0,0,0,0,0,0,0,0
1,296.2,307.2,1552,34.8,8,11.0,5655.87,278.4,0,0,0,0,0,0,0
0,300.3,311.4,1318,52.7,13,11.1,7273.69,685.1,0,0,0,0,0,0,0
0,299.8,309.2,1400,42.6,210,9.4,6245.49,8946.0,1,0,0,0,0,0,0
2,298.6,309.5,1420,50.4,82,10.9,7494.58,4132.8,0,0,0,0,0,0,0
0,301.9,310.8,1906,21.7,62,8.9,4331.23,1345.4,0,0,0,0,0,0,0
0,302.1,310.8,1565,35.3,6,8.7,5785.19,211.8,0,0,0,0,0,0,0
0,302.4,311.1,1905,20.9,77,8.7,4169.36,1609.3,0,0,0,0,0,0,0
1,298.6,309.8,1419,44.9,115,11.2,6672.02,5163.5,0,0,0,0,0,0,0
0,296.9,307.8,1285,52.1,100,10.9,7010.83,5210.0,0,0,0,0,0,0,0
0,298.3,308.5,1664,31.6,144,10.2,5506.42,4550.4,0,0,0,0,0,0,0
0,296.8,307.9,1337,56.5,5,11.1,7910.58,282.5,0,0,0,0,0,0,0
2,302.2,311.2,1692,28.2,122,9.0,4996.64,3440.4,0,0,0,0,0,0,0
0,298.7,309.9,1404,47.1,64,11.2,6924.95,3014.4,0,0,0,0,0,0,0
0,298.2,307.6,1511,31.0,209,9.4,4905.18,6479.0,1,1,1,0,0,0,0
0,300.5,309.7,1580,42.8,196,9.2,7081.57,8388.8,0,0,0,0,0,0,0
0,302.8,310.6,1404,43.2,203,7.8,6351.55,8769.6,1,0,0,0,0,0,0
1,302.0,310.8,1609,35.2,4,8.8,5930.99,140.8,0,0,0,0,0,0,0
0,299.2,308.5,1457,44.7,195,9.3,6820.18,8716.5,0,0,0,0,0,0,0
1,299.2,308.5,1742,28.9,150,9.3,5271.99,4335.0,0,0,0,0,0,0,0
2,302.9,311.0,1469,48.7,130,8.1,7491.68,6331.0,0,0,0,0,0,0,0
0,297.8,308.5,1448,40.0,192,10.7,6065.37,7680.0,0,0,0,0,0,0,0
0,297.2,308.6,1335,53.0,39,11.4,7409.45,2067.0,0,0,0,0,0,0,0
2,297.5,308.6,1536,38.7,7,11.1,6224.88,270.9,0,0,0,0,0,0,0
1,303.6,312.5,1607,33.7,14,8.9,5671.19,471.8,0,0,0,0,0,0,0
0,296.8,307.9,1698,30.8,48,11.1,5476.68,1478.4,0,0,0,0,0,0,0
2,301.2,309.8,1709,27.0,151,8.6,4832.08,4077.0,0,0,0,0,0,0,0
0,300.8,312.4,1365,44.5,129,11.6,6360.94,5740.5,0,0,0,0,0,0,0
0,299.7,309.6,1553,36.8,174,9.9,5984.78,6403.2,0,0,0,0,0,0,0
1,298.1,307.4,1335,56.2,190,9.3,7856.81,10678.0,0,0,0,0,0,0,0
0,297.2,307.9,1540,37.1,164,10.7,5983.06,6084.4,0,0,0,0,0,0,0
1,300.3,310.4,1293,49.7,37,10.1,6729.51,1838.9,0,0,0,0,0,0,0
2,298.3,309.0,1470,38.4,10,10.7,5911.22,384.0,0,0,0,0,0,0,0
0,300.1,309.4,1453,47.6,28,9.3,7242.71,1332.8,0,0,0,0,0,0,0
1,299.9,309.1,1345,56.8,10,9.2,8000.17,568.0,0,0,0,0,0,0,0
0,301.3,311.0,1539,36.9,206,9.7,5946.94,7601.4,1,0,0,0,0,0,0
0,299.4,308.6,1492,40.5,181,9.2,6327.8,7330.5,0,0,0,0,0,0,0
0,298.4,309.3,1395,47.6,24,10.9,6953.6,1142.4,0,0,0,0,0,0,0
0,302.3,311.5,1387,47.3,2,9.2,6870.15,94.6,0,0,0,0,0,0,0
0,300.9,310.9,1497,43.2,62,10.0,6772.27,2678.4,0,0,0,0,0,0,0
0,298.8,308.5,1736,29.0,31,9.7,5272.01,899.0,0,0,0,0,0,0,0
0,297.8,307.6,1607,30.3,62,9.8,5099.02,1878.6,0,0,0,0,0,0,0
1,300.0,309.5,1879,22.4,79,9.5,4407.61,1769.6,0,0,0,0,0,0,0
0,297.5,308.9,1738,24.0,195,11.4,4368.07,4680.0,0,0,0,0,0,0,0
2,297.6,308.8,1385,44.4,181,11.2,6439.64,8036.4,0,0,0,0,0,0,0
1,302.2,311.1,1516,33.7,158,8.9,5350.05,5324.6,0,0,0,0,0,0,0
0,303.8,313.0,1633,32.9,207,9.2,5626.14,6810.3,1,0,0,0,0,0,0
0,300.6,310.7,1397,53.7,80,10.1,7855.96,4296.0,0,0,0,0,0,0,0
0,297.3,308.3,1268,60.6,119,11.0,8046.75,7211.4,0,0,0,0,0,0,0
0,297.6,308.6,1529,45.3,15,11.0,7253.28,679.5,0,0,0,0,0,0,0
1,300.2,311.0,2370,14.7,144,10.8,3648.33,2116.8,0,0,0,0,0,0,0
0,302.4,310.1,1645,31.6,93,7.7,5443.54,2938.8,0,0,0,0,0,0,0
0,303.7,312.4,1702,31.2,144,8.7,5560.87,4492.8,0,0,0,0,0,0,0
1,299.8,309.3,1640,31.1,211,9.5,5341.13,6562.1,1,0,0,0,0,0,0
0,299.7,311.1,1574,36.4,135,11.4,5999.77,4914.0,0,0,0,0,0,0,0
0,297.5,309.4,1650,34.6,142,11.9,5978.45,4913.2,0,0,0,0,0,0,0
1,301.5,310.0,1417,44.6,49,8.5,6618.1,2185.4,0,0,0,0,0,0,0
1,298.1,308.1,1456,43.7,80,10.0,6663.02,3496.0,0,0,0,0,0,0,0
0,299.5,310.1,1585,35.2,50,10.6,5842.52,1760.0,0,0,0,0,0,0,0
0,301.0,310.6,1493,37.8,206,9.6,5909.9,7786.8,1,1,1,0,0,0,0
1,301.7,310.7,1659,29.9,73,9.0,5194.53,2182.7,0,0,0,0,0,0,0
0,297.3,308.4,1469,46.7,65,11.1,7184.02,3035.5,0,0,0,0,0,0,0
1,302.2,310.1,1421,45.4,9,7.9,6755.83,408.6,0,0,0,0,0,0,0
1,303.6,312.8,1689,33.1,16,9.2,5854.45,529.6,0,0,0,0,0,0,0
2,298.5,309.6,1579,33.5,91,11.1,5539.31,3048.5,0,0,0,0,0,0,0
0,300.6,310.2,1318,51.0,8,9.6,7039.05,408.0,0,0,0,0,0,0,0
1,302.1,310.6,1517,38.9,2,8.5,6179.65,77.8,0,0,0,0,0,0,0
0,297.1,308.2,2267,15.7,181,11.1,3727.18,2841.7,0,0,0,0,0,0,0
0,299.4,308.6,1415,56.4,175,9.2,8357.26,9870.0,0,0,0,0,0,0,0
0,301.0,310.7,1300,57.2,174,9.7,7786.96,9952.8,0,0,0,0,0,0,0
2,297.9,308.5,1383,44.6,184,10.6,6459.3,8206.4,0,0,0,0,0,0,0
0,301.9,310.8,1427,47.7,92,8.9,7128.05,4388.4,0,0,0,0,0,0,0
0,299.4,309.3,1391,46.6,185,9.9,6788.0,8621.0,0,0,0,0,0,0,0
2,299.3,310.4,1510,45.5,27,11.1,7194.77,1228.5,0,0,0,0,0,0,0
0,300.0,311.5,1445,41.6,81,11.5,6294.91,3369.6,0,0,0,0,0,0,0
0,298.2,309.1,1568,36.3,166,10.9,5960.48,6025.8,0,0,0,0,0,0,0
2,300.9,311.9,2140,16.5,43,11.0,3697.65,709.5,0,0,0,0,0,0,0
0,299.6,310.9,1472,40.9,137,11.3,6304.63,5603.3,0,0,0,0,0,0,0
1,298.5,309.6,1502,39.4,84,11.1,6197.19,3309.6,0,0,0,0,0,0,0
0,300.6,310.0,1455,40.4,172,9.4,6155.64,6948.8,0,0,0,0,0,0,0
0,299.1,310.6,1577,37.1,44,11.5,6126.81,1632.4,0,0,0,0,0,0,0
0,302.5,310.3,1688,31.6,66,7.8,5585.84,2085.6,0,0,0,0,0,0,0
0,298.9,310.0,1378,49.3,18,11.1,7114.18,887.4,0,0,0,0,0,0,0
1,298.5,309.3,1761,27.2,49,10.8,5015.99,1332.8,0,0,0,0,0,0,0
0,297.5,308.2,1489,40.7,141,10.7,6346.26,5738.7,0,0,0,0,0,0,0
1,297.7,309.0,1531,42.4,38,11.3,6797.82,1611.2,0,0,0,0,0,0,0
2,297.4,308.2,1359,46.9,199,10.8,6674.53,9333.1,0,0,0,0,0,0,0
0,301.7,310.6,1660,28.7,66,8.9,4989.06,1894.2,0,0,0,0,0,0,0
0,301.0,311.9,1889,23.5,198,10.9,4648.67,4653.0,0,0,0,0,0,0,0
0,302.3,310.1,1353,50.9,36,7.8,7211.81,1832.4,0,1,0,1,0,0,0
0,298.3,309.1,1616,31.1,195,10.8,5262.96,6064.5,0,0,0,0,0,0,0
1,299.2,309.1,1503,34.7,6,9.9,5461.56,208.2,0,0,0,0,0,0,0
1,297.5,308.0,1560,39.0,141,10.5,6371.15,5499.0,0,0,0,0,0,0,0
0,299.6,309.2,1422,39.8,219,9.6,5926.68,8716.2,1,0,0,0,0,0,0
1,300.5,311.4,1743,27.6,46,10.9,5037.73,1269.6,0,0,0,0,0,0,0
1,297.2,307.9,1632,37.5,156,10.7,6408.85,5850.0,0,0,0,0,0,0,0
0,300.1,309.3,1340,56.0,130,9.2,7858.17,7280.0,0,0,0,0,0,0,0
1,298.0,308.5,1682,33.0,58,10.5,5812.57,1914.0,0,0,0,0,0,0,0
2,297.6,309.6,1419,48.2,215,12.0,7162.39,10363.0,1,0,0,0,0,0,0
0,300.7,310.9,1650,29.4,102,10.2,5079.96,2998.8,0,0,0,0,0,0,0
0,300.8,311.9,1498,39.3,23,11.1,6165.0,903.9,0,0,0,0,0,0,0
0,303.0,311.2,1382,50.5,203,8.2,7308.5,10251.5,1,0,0,0,0,0,0
1,301.9,310.7,1511,37.6,70,8.8,5949.51,2632.0,0,0,0,0,0,0,0
2,297.9,307.7,1464,43.2,97,9.8,6622.98,4190.4,0,0,0,0,0,0,0
1,301.4,310.6,1459,46.9,27,9.2,7165.67,1266.3,0,0,0,0,0,0,0
0,298.4,308.3,1422,42.7,186,9.9,6358.52,7942.2,0,0,0,0,0,0,0
1,300.0,309.3,1413,40.7,117,9.3,6022.34,4761.9,0,0,0,0,0,0,0
1,300.5,309.5,1320,49.9,59,9.0,6897.68,2944.1,0,0,0,0,0,0,0
1,300.3,311.3,1377,53.8,125,11.0,7757.91,6725.0,0,0,0,0,0,0,0
0,300.6,310.0,1438,53.8,103,9.4,8101.58,5541.4,0,0,0,0,0,0,0
0,297.9,307.8,1499,37.5,78,9.9,5886.56,2925.0,0,0,0,0,0,0,0
0,298.8,309.6,1442,50.0,104,10.8,7550.29,5200.0,0,0,0,0,0,0,0
0,295.6,306.0,1569,40.4,174,10.4,6637.93,7029.6,0,0,0,0,0,0,0
1,297.7,309.2,1732,28.8,152,11.5,5223.59,4377.6,0,0,0,0,0,0,0
0,300.3,311.5,1695,25.6,43,11.2,4544.0,1100.8,0,0,0,0,0,0,0
1,300.2,311.6,1510,47.5,146,11.4,7511.02,6935.0,0,0,0,0,0,0,0
0,298.8,310.0,1412,46.3,107,11.2,6846.12,4954.1,0,0,0,0,0,0,0
0,298.6,309.4,1315,55.5,28,10.8,7642.71,1554.0,0,0,0,0,0,0,0
1,297.7,307.3,1365,49.2,36,9.6,7032.77,1771.2,0,0,0,0,0,0,0
0,297.4,308.2,1639,33.8,39,10.8,5801.29,1318.2,0,0,0,0,0,0,0
1,302.5,311.5,1481,41.1,215,9.0,6374.2,8836.5,1,0,0,0,0,0,0
0,300.0,309.6,1452,46.0,51,9.6,6994.44,2346.0,0,0,0,0,0,0,0
1,296.6,307.5,1734,27.0,50,10.9,4902.77,1350.0,0,0,0,0,0,0,0
1,302.6,312.3,1454,54.8,253,9.7,8343.99,13864.4,1,1,1,0,0,1,0
0,298.2,308.8,1302,60.4,34,10.6,8235.25,2053.6,0,0,0,0,0,0,0
0,295.8,306.5,1568,35.1,111,10.7,5763.44,3896.1,0,0,0,0,0,0,0
0,297.4,308.4,1369,50.6,220,11.0,7254.08,11132.0,1,1,0,0,0,1,0
2,301.2,310.6,1352,52.0,69,9.4,7362.22,3588.0,0,0,0,0,0,0,0
0,300.8,311.8,1928,21.8,209,11.0,4401.41,4556.2,1,0,0,0,0,0,0
1,300.8,310.7,1924,22.4,36,9.9,4513.17,806.4,0,0,0,0,0,0,0
2,301.7,310.2,1620,30.8,42,8.5,5225.1,1293.6,0,0,0,0,0,0,0
0,302.0,311.0,1420,45.9,144,9.0,6825.42,6609.6,0,0,0,0,0,0,0
0,300.4,311.7,1513,40.0,51,11.3,6337.64,2040.0,0,0,0,0,0,0,0
2,300.6,311.7,1535,33.3,92,11.1,5352.8,3063.6,0,0,0,0,0,0,0
1,297.2,308.3,1326,57.2,100,11.1,7942.7,5720.0,0,0,0,0,0,0,0
0,299.0,308.5,1559,38.1,194,9.5,6220.13,7391.4,0,0,0,0,0,0,0
1,302.4,311.8,1557,31.5,49,9.4,5136.03,1543.5,0,0,0,0,0,0,0
1,297.1,308.0,1690,25.6,159,10.9,4530.6,4070.4,0,0,0,0,0,0,0
0,299.3,308.5,1589,32.7,74,9.2,5441.27,2419.8,0,0,0,0,0,0,0
0,298.8,308.9,1527,32.4,189,10.1,5180.99,6123.6,0,0,0,0,0,0,0
1,297.5,308.5,1484,44.7,40,11.0,6946.56,1788.0,0,0,0,0,0,0,0
0,298.3,308.1,1840,21.5,88,9.8,4142.71,1892.0,0,0,0,0,0,0,0
1,301.1,310.0,1433,48.1,14,8.9,7218.05,673.4,0,0,0,0,0,0,0
0,302.1,311.2,1460,46.9,198,9.1,7170.58,9286.2,0,0,0,0,0,0,0
2,300.8,309.9,2041,19.2,194,9.1,4103.67,3724.8,0,0,0,0,0,0,0
2,300.8,311.9,1431,48.5,25,11.1,7267.92,1212.5,0,0,0,0,0,0,0
0,300.7,310.4,1366,52.6,205,9.7,7524.28,10783.0,1,0,0,0,0,0,0
0,302.0,311.2,1434,44.9,15,9.2,6742.55,673.5,0,0,0,0,0,0,0
1,299.8,310.0,1632,33.7,172,10.2,5759.42,5796.4,0,0,0,0,0,0,0
0,299.8,311.3,1727,30.0,24,11.5,5425.53,720.0,0,0,0,0,0,0,0
1,301.1,311.3,1836,22.8,31,10.2,4383.65,706.8,0,0,0,0,0,0,0
0,297.5,308.9,1390,47.4,187,11.4,6899.57,8863.8,0,0,0,0,0,0,0
1,300.4,309.4,1362,42.1,182,9.0,6004.65,7662.2,0,0,0,0,0,0,0
1,301.7,311.0,1311,46.8,136,9.3,6425.06,6364.8,0,0,0,0,0,0,0
0,298.2,308.3,1402,51.0,141,10.1,7487.67,7191.0,0,0,0,0,0,0,0
0,299.4,308.5,1845,22.9,76,9.1,4424.46,1740.4,0,0,0,0,0,0,0
1,300.8,310.4,1518,36.0,59,9.6,5722.73,2124.0,0,0,0,0,0,0,0
1,296.9,307.9,1385,44.8,144,11.0,6497.65,6451.2,0,0,0,0,0,0,0
0,300.3,309.9,1393,56.1,12,9.6,8183.57,673.2,0,0,0,0,0,0,0
0,298.1,309.0,1437,36.2,95,10.9,5447.46,3439.0,0,0,0,0,0,0,0
0,300.2,311.4,1495,43.6,95,11.2,6825.84,4142.0,0,0,0,0,0,0,0
0,298.9,309.9,1590,31.3,98,11.0,5211.59,3067.4,0,0,0,0,0,0,0
0,301.8,310.7,1644,33.4,68,8.9,5750.12,2271.2,0,0,0,0,0,0,0
1,300.3,309.6,1419,42.5,137,9.3,6315.39,5822.5,0,0,0,0,0,0,0
0,298.2,308.3,2051,19.2,90,10.1,4123.78,1728.0,0,0,0,0,0,0,0
0,297.5,309.6,1312,50.7,0,12.1,6965.79,0.0,0,0,0,0,0,0,0
0,300.0,309.2,1566,34.4,18,9.2,5641.3,619.2,0,0,0,0,0,0,0
0,303.6,312.6,1502,39.5,103,9.0,6212.92,4068.5,0,0,0,0,0,0,0
1,300.5,309.4,1655,32.1,37,8.9,5563.29,1187.7,0,0,0,0,0,0,0
2,302.5,312.0,1357,42.0,179,9.5,5968.4,7518.0,0,0,0,0,0,0,0
1,302.4,311.4,1675,29.6,128,9.0,5192.01,3788.8,0,0,0,0,0,0,0
0,297.4,308.5,1692,34.3,83,11.1,6077.47,2846.9,0,0,0,0,0,0,0
1,299.8,309.3,1663,35.2,208,9.5,6130.04,7321.6,1,0,0,0,0,0,0
0,299.0,308.6,1329,60.5,120,9.6,8419.94,7260.0,0,0,0,0,0,0,0
1,301.9,310.7,1472,47.0,73,8.8,7244.93,3431.0,0,0,0,0,0,0,0
0,300.1,309.1,1551,33.7,214,9.0,5473.57,7211.8,1,0,0,0,0,0,0
0,298.2,308.9,1336,45.0,66,10.7,6295.75,2970.0,0,0,0,0,0,0,0
1,298.6,309.2,1311,46.6,44,10.6,6397.6,2050.4,0,0,0,0,0,0,0
1,299.6,309.3,1553,32.4,112,9.7,5269.2,3628.8,0,0,0,0,0,0,0
1,298.1,308.9,1417,39.2,65,10.8,5816.81,2548.0,0,0,0,0,0,0,0
0,298.6,309.0,1456,47.7,0,10.4,7272.91,0.0,0,0,0,0,0,0,0
1,299.5,310.1,1359,61.1,67,10.6,8695.39,4093.7,0,0,0,0,0,0,0
0,301.0,311.6,1461,40.6,154,10.6,6211.62,6252.4,0,0,0,0,0,0,0
0,300.4,309.9,1376,43.5,74,9.5,6268.11,3219.0,0,0,0,0,0,0,0
1,302.2,311.4,1432,45.3,33,9.2,6793.13,1494.9,0,0,0,0,0,0,0
1,301.4,310.6,1459,35.0,87,9.2,5347.51,3045.0,0,0,0,0,0,0,0
0,299.4,309.3,1366,48.4,116,9.9,6923.48,5614.4,0,0,0,0,0,0,0
0,298.7,309.8,1546,40.9,109,11.1,6621.58,4458.1,0,0,0,0,0,0,0
1,298.8,309.7,1480,38.1,157,10.9,5904.94,5981.7,0,0,0,0,0,0,0
0,298.3,308.1,1505,46.1,80,9.8,7265.51,3688.0,0,0,0,0,0,0,0
1,302.5,311.4,1629,31.7,225,8.9,5407.65,7132.5,1,0,0,0,0,0,0
0,298.0,308.9,1406,40.9,77,10.9,6021.95,3149.3,0,0,0,0,0,0,0
0,297.8,309.2,1400,56.9,34,11.4,8341.98,1934.6,0,0,0,0,0,0,0
0,297.4,308.5,1389,39.2,54,11.1,5701.87,2116.8,0,0,0,0,0,0,0
1,302.0,311.3,1725,27.7,23,9.3,5003.77,637.1,0,0,0,0,0,0,0
0,299.2,308.4,1436,41.8,28,9.2,6285.78,1170.4,0,0,0,0,0,0,0
0,298.2,307.6,1369,54.5,82,9.4,7813.19,4469.0,0,0,0,0,0,0,0
1,298.3,309.6,1681,27.1,194,11.3,4770.52,5257.4,0,0,0,0,0,0,0
0,300.7,311.1,1427,50.3,137,10.4,7516.59,6891.1,0,0,0,0,0,0,0
0,301.4,310.8,1698,29.6,99,9.4,5263.3,2930.4,0,0,0,0,0,0,0
0,296.9,307.7,1653,35.9,177,10.8,6214.35,6354.3,0,0,0,0,0,0,0
1,295.6,306.1,1651,28.1,110,10.5,4858.27,3091.0,0,0,0,0,0,0,0
1,298.5,308.6,1897,20.2,50,10.1,4012.8,1010.0,0,0,0,0,0,0,0
2,297.9,307.9,1406,58.5,93,10.0,8613.3,5440.5,0,0,0,0,0,0,0
0,301.2,310.6,1811,24.0,84,9.4,4551.54,2016.0,0,0,0,0,0,0,0
0,301.0,312.2,1510,39.9,61,11.2,6309.26,2433.9,0,0,0,0,0,0,0
1,298.2,308.8,1645,28.2,58,10.6,4857.84,1635.6,0,0,0,0,0,0,0
1,297.9,308.7,1751,26.6,111,10.8,4877.49,2952.6,0,0,0,0,0,0,0
1,300.0,311.4,1533,42.6,180,11.4,6838.81,7668.0,0,0,0,0,0,0,0
0,301.6,309.8,1588,33.9,89,8.2,5637.4,3017.1,0,0,0,0,0,0,0
1,302.3,310.9,1627,32.3,0,8.6,5503.24,0.0,0,0,0,0,0,0,0
1,300.3,311.7,1551,36.4,84,11.4,5912.1,3057.6,0,0,0,0,0,0,0
1,295.6,306.1,1418,46.2,24,10.5,6860.36,1108.8,0,0,0,0,0,0,0
0,300.6,311.8,1652,27.2,52,11.2,4705.52,1414.4,0,0,0,0,0,0,0
0,300.0,309.6,1431,47.7,39,9.6,7148.03,1860.3,0,0,0,0,0,0,0
1,297.4,308.9,1500,46.3,137,11.5,7272.79,6343.1,0,0,0,0,0,0,0
1,297.8,307.9,1726,27.3,35,10.1,4934.37,955.5,0,0,0,0,0,0,0
0,299.8,311.2,2142,16.6,144,11.4,3723.54,2390.4,0,0,0,0,0,0,0
1,300.9,310.0,1416,46.6,201,9.1,6910.0,9366.6,1,0,0,0,0,0,0
2,297.3,308.4,1864,23.1,90,11.1,4509.07,2079.0,0,0,0,0,0,0,0
0,298.5,308.2,1444,40.5,170,9.7,6124.22,6885.0,0,0,0,0,0,0,0
2,297.5,308.6,1355,58.9,138,11.1,8357.63,8128.2,0,0,0,0,0,0,0
0,297.4,308.4,1341,52.2,49,11.0,7330.4,2557.8,0,0,0,0,0,0,0
1,301.1,312.4,1809,25.1,126,11.3,4754.89,3162.6,0,0,0,0,0,0,0
1,299.3,308.5,1404,49.4,93,9.2,7263.11,4594.2,0,0,0,0,0,0,0
0,299.9,310.0,1447,45.9,162,10.1,6955.2,7435.8,0,0,0,0,0,0,0
2,297.5,308.9,1471,37.7,197,11.4,5807.41,7426.9,0,0,0,0,0,0,0
0,297.6,308.6,1664,30.1,81,11.0,5245.04,2438.1,0,0,0,0,0,0,0
0,300.0,311.5,1749,28.3,83,11.5,5183.28,2348.9,0,0,0,0,0,0,0
0,298.3,308.1,1528,33.9,82,9.8,5424.4,2779.8,0,0,0,0,0,0,0
0,297.9,309.0,1562,35.8,40,11.1,5855.89,1432.0,0,0,0,0,0,0,0
0,298.5,308.8,1332,59.1,115,10.3,8243.66,6796.5,0,0,0,0,0,0,0
2,297.4,308.7,1522,46.3,146,11.3,7379.45,6759.8,0,0,0,0,0,0,0
0,300.1,309.3,1616,32.0,199,9.2,5415.27,6368.0,0,0,0,0,0,0,0
0,299.8,309.4,1460,37.4,25,9.6,5718.12,935.0,0,0,0,0,0,0,0
0,296.4,307.5,1331,47.8,99,11.1,6662.46,4732.2,0,0,0,0,0,0,0
0,299.3,308.8,1647,32.9,172,9.5,5674.38,5658.8,0,0,0,0,0,0,0
0,300.2,311.6,1511,35.7,160,11.4,5648.87,5712.0,0,0,0,0,0,0,0
0,299.0,309.1,1523,38.6,177,10.1,6156.24,6832.2,0,0,0,0,0,0,0
1,298.7,309.8,1435,48.8,71,11.1,7333.32,3464.8,0,0,0,0,0,0,0
1,296.0,306.6,1628,36.8,121,10.6,6273.8,4452.8,0,0,0,0,0,0,0
0,297.8,307.2,1351,56.3,174,9.4,7965.12,9796.2,0,0,0,0,0,0,0
1,301.3,310.8,1494,35.3,54,9.5,5522.73,1906.2,0,0,0,0,0,0,0
0,301.5,310.5,1611,33.8,144,9.0,5702.18,4867.2,0,0,0,0,0,0,0
2,299.3,309.0,1732,29.7,141,9.7,5386.83,4187.7,0,0,0,0,0,0,0
0,304.2,313.4,1644,31.7,23,9.2,5457.45,729.1,0,0,0,0,0,0,0
0,299.7,309.1,1483,41.1,208,9.4,6382.81,8548.8,1,0,0,0,0,0,0
1,303.6,312.3,1630,32.4,223,8.7,5530.46,7225.2,1,0,0,0,0,0,0
0,300.5,310.0,1451,48.6,208,9.5,7384.69,10108.8,1,0,0,0,0,0,0
0,298.6,310.2,1569,36.3,10,11.6,5964.28,363.0,0,0,0,0,0,0,0
1,298.7,309.6,1254,57.1,124,10.9,7498.29,7080.4,0,0,0,0,0,0,0
1,298.8,309.6,1575,34.4,149,10.8,5673.72,5125.6,0,0,0,0,0,0,0
1,298.5,309.3,1552,36.8,133,10.8,5980.92,4894.4,0,0,0,0,0,0,0
0,301.9,310.4,1603,37.6,69,8.5,6311.75,2594.4,0,0,0,0,0,0,0
0,300.0,309.1,1401,44.5,0,9.1,6528.7,0.0,0,0,0,0,0,0,0
1,301.9,310.8,1563,39.2,39,8.9,6416.14,1528.8,0,0,0,0,0,0,0
0,297.2,307.9,1309,49.6,167,10.7,6799.08,8283.2,0,0,0,0,0,0,0
0,295.7,306.3,1490,34.3,97,10.6,5351.91,3327.1,0,0,0,0,0,0,0
1,298.4,309.5,1514,38.8,128,11.1,6151.57,4966.4,0,0,0,0,0,0,0
0,299.9,310.5,1539,32.8,213,10.6,5286.17,6986.4,1,0,0,0,0,0,0
2,302.9,312.3,1509,46.8,175,9.4,7395.43,8190.0,0,0,0,0,0,0,0
0,302.3,311.3,1439,41.8,96,9.0,6298.91,4012.8,0,0,0,0,0,0,0
0,297.5,308.6,1536,39.0,202,11.1,6273.13,7878.0,1,0,0,0,0,0,0
0,297.8,308.3,1477,44.8,170,10.5,6929.26,7616.0,0,0,0,0,0,0,0
1,296.9,307.8,1426,50.7,130,10.9,7571.05,6591.0,0,0,0,0,0,0,0
0,298.3,308.4,1490,41.7,170,10.1,6506.55,7089.0,0,0,0,0,0,0,0
1,302.9,312.5,1903,21.2,23,9.6,4224.77,487.6,0,0,0,0,0,0,0
0,300.7,309.9,1383,44.5,176,9.2,6444.82,7832.0,0,0,0,0,0,0,0
1,301.4,311.2,1727,26.5,43,9.8,4792.55,1139.5,0,0,0,0,0,0,0
1,300.4,309.6,1563,34.0,6,9.2,5565.02,204.0,0,0,0,0,0,0,0
2,301.9,310.9,1590,34.3,106,9.0,5711.1,3635.8,0,0,0,0,0,0,0
0,297.4,308.4,1474,43.6,4,11.0,6729.96,174.4,0,0,0,0,0,0,0
1,298.2,309.0,1353,50.3,150,10.8,7126.8,7545.0,0,0,0,0,0,0,0
0,302.2,311.1,1351,48.6,110,8.9,6875.75,5346.0,0,0,0,0,0,0,0
2,301.9,310.5,1472,39.7,187,8.6,6119.65,7423.9,0,0,0,0,0,0,0
0,299.8,309.2,1439,36.1,203,9.4,5439.97,7328.3,1,0,0,0,0,0,0
1,298.0,307.6,1472,46.7,116,9.6,7198.69,5417.2,0,0,0,0,0,0,0
1,298.8,308.7,1543,38.2,44,9.9,6172.45,1680.8,0,0,0,0,0,0,0
0,299.0,310.4,1339,49.6,94,11.4,6954.9,4662.4,0,0,0,0,0,0,0
0,302.7,312.2,1376,52.8,164,9.5,7608.18,8659.2,0,0,0,0,0,0,0
1,301.9,310.5,1590,40.3,130,8.6,6710.13,5239.0,0,0,0,0,0,0,0
0,302.3,310.8,1465,43.8,7,8.5,6719.55,306.6,0,0,0,0,0,0,0
0,297.9,307.6,1747,25.3,136,9.7,4628.52,3440.8,0,0,0,0,0,0,0
0,295.5,306.1,1573,35.1,129,10.6,5781.82,4527.9,0,0,0,0,0,0,0
0,297.4,308.4,1421,46.0,124,11.0,6845.11,5704.0,0,0,0,0,0,0,0
0,301.2,310.9,1413,50.1,141,9.7,7413.25,7064.1,0,0,0,0,0,0,0
1,299.0,310.6,1587,34.2,141,11.6,5683.71,4822.2,0,0,0,0,0,0,0
1,303.5,312.9,1572,44.7,84,9.4,7358.49,3754.8,0,0,0,0,0,0,0
1,300.2,309.7,1408,44.0,144,9.5,6487.6,6336.0,0,0,0,0,0,0,0
1,302.2,311.5,1479,39.5,36,9.3,6117.78,1422.0,0,0,0,0,0,0,0
0,301.4,310.8,1610,34.6,187,9.4,5833.52,6470.2,0,0,0,0,0,0,0
2,297.5,308.3,1674,30.0,54,10.8,5259.03,1620.0,0,0,0,0,0,0,0
1,301.7,311.1,1618,36.7,115,9.4,6218.32,4220.5,0,0,0,0,0,0,0
0,300.4,311.8,1433,42.2,14,11.4,6332.68,590.8,0,0,0,0,0,0,0
0,299.8,309.6,1526,41.7,85,9.8,6663.76,3544.5,0,0,0,0,0,0,0
0,300.3,310.3,1629,34.1,52,10.0,5817.07,1773.2,0,0,0,0,0,0,0
0,299.4,309.2,1621,34.5,48,9.8,5856.4,1656.0,0,0,0,0,0,0,0
0,302.1,310.1,1447,46.6,169,8.0,7061.27,7875.4,0,0,0,0,0,0,0
1,299.7,311.0,1506,42.7,85,11.3,6734.13,3629.5,0,0,0,0,0,0,0
0,298.0,307.7,1492,38.7,202,9.7,6046.56,7817.4,1,0,0,0,0,0,0
0,298.2,308.3,1458,41.8,132,10.1,6382.08,5517.6,0,0,0,0,0,0,0
0,303.8,313.1,1523,39.8,150,9.3,6347.63,5970.0,0,0,0,0,0,0,0
0,298.9,310.2,1445,40.0,129,11.3,6052.8,5160.0,0,0,0,0,0,0,0
1,298.9,308.4,1827,26.1,5,9.5,4993.53,130.5,0,0,0,0,0,0,0
1,301.8,310.2,1437,42.3,0,8.4,6365.4,0.0,0,0,0,0,0,0,0
0,299.1,308.4,1693,31.6,65,9.3,5602.38,2054.0,0,0,0,0,0,0,0
0,298.8,308.9,1455,41.3,208,10.1,6292.77,8590.4,1,1,1,0,0,0,0
0,302.6,310.4,1365,66.8,80,7.8,9548.56,5344.0,0,1,0,1,1,0,0
0,300.1,309.5,1353,50.9,34,9.4,7211.81,1730.6,0,0,0,0,0,0,0
0,301.8,311.1,1495,36.9,197,9.3,5776.92,7269.3,0,0,0,0,0,0,0
1,297.6,308.3,1648,29.1,134,10.7,5022.02,3899.4,0,0,0,0,0,0,0
0,301.9,309.7,1719,31.9,0,7.8,5742.42,0.0,0,0,0,0,0,0,0
0,303.3,312.7,1643,30.7,142,9.4,5282.07,4359.4,0,0,0,0,0,0,0
0,303.3,311.6,1484,44.6,223,8.3,6931.02,9945.8,1,0,0,0,0,0,0
1,299.0,310.3,1662,33.6,67,11.3,5847.89,2251.2,0,0,0,0,0,0,0
0,297.4,308.3,1854,21.8,24,10.9,4232.48,523.2,0,0,0,0,0,0,0
2,298.9,310.5,1429,39.9,19,11.6,5970.82,758.1,0,0,0,0,0,0,0
1,301.9,310.9,1456,43.6,45,9.0,6647.78,1962.0,0,0,0,0,0,0,0
0,301.0,310.7,1464,45.8,184,9.7,7021.59,8427.2,0,0,0,0,0,0,0
0,299.2,308.7,1514,41.9,196,9.5,6643.07,8212.4,0,0,0,0,0,0,0
1,297.2,308.6,1444,41.1,56,11.4,6214.95,2301.6,0,0,0,0,0,0,0
0,299.2,309.1,1468,45.6,2,9.9,7010.02,91.2,0,0,0,0,0,0,0
0,300.4,309.6,1543,38.1,209,9.2,6156.3,7962.9,1,0,0,0,0,0,0
2,302.4,311.1,1578,32.3,196,8.7,5337.5,6330.8,0,0,0,0,0,0,0
0,301.3,310.5,1390,45.8,63,9.2,6666.67,2885.4,0,0,0,0,0,0,0
0,302.4,311.8,1448,43.4,141,9.4,6580.92,6119.4,0,0,0,0,0,0,0
0,297.3,308.0,1518,36.0,59,10.7,5722.73,2124.0,0,0,0,0,0,0,0
1,298.2,309.0,1508,40.5,192,10.8,6395.65,7776.0,0,0,0,0,0,0,0
1,297.7,308.3,1547,36.8,74,10.6,5961.65,2723.2,0,0,0,0,0,0,0
1,300.3,311.8,1483,45.1,181,11.5,7004.0,8163.1,0,0,0,0,0,0,0
0,299.5,309.1,1336,42.1,217,9.6,5890.03,9135.7,1,0,0,0,0,0,0
2,300.8,309.4,1474,40.7,104,8.6,6282.33,4232.8,0,0,0,0,0,0,0
0,300.4,309.8,1342,52.5,68,9.4,7378.03,3570.0,0,0,0,0,0,0,0
1,298.7,310.1,1644,34.1,46,11.4,5870.63,1568.6,0,0,0,0,0,0,0
0,301.3,311.1,1504,39.1,2,9.8,6158.19,78.2,0,0,0,0,0,0,0
1,295.7,306.3,1712,28.5,43,10.6,5109.49,1225.5,0,0,0,0,0,0,0
2,300.4,310.7,1656,36.3,127,10.3,6295.0,4610.1,0,0,0,0,0,0,0
2,303.7,312.5,1520,35.6,154,8.8,5666.6,5482.4,0,0,0,0,0,0,0
0,300.1,309.1,1353,58.7,86,9.0,8316.96,5048.2,0,0,0,0,0,0,0
0,298.2,308.9,1709,28.1,81,10.7,5028.95,2276.1,0,0,0,0,0,0,0
1,298.1,307.8,1503,44.7,54,9.7,7035.5,2413.8,0,0,0,0,0,0,0
0,303.6,312.5,1431,49.0,162,8.9,7342.84,7938.0,0,0,0,0,0,0,0
1,300.7,311.9,1366,55.1,36,11.2,7881.9,1983.6,0,0,0,0,0,0,0
0,303.7,312.3,1384,45.9,121,8.6,6652.39,5553.9,0,0,0,0,0,0,0
0,300.7,310.8,1496,46.4,90,10.1,7269.06,4176.0,0,0,0,0,0,0,0
0,298.7,310.1,1433,54.6,66,11.4,8193.46,3603.6,0,0,0,0,0,0,0
0,300.9,312.0,1441,43.8,210,11.1,6609.47,9198.0,1,0,0,0,0,0,0
0,298.9,310.1,1577,41.4,80,11.2,6836.92,3312.0,0,0,0,0,0,0,0
0,296.1,307.1,1898,22.7,20,11.0,4511.81,454.0,0,0,0,0,0,0,0
1,297.7,309.4,1461,43.7,142,11.7,6685.91,6205.4,0,0,0,0,0,0,0
1,298.8,310.2,1581,37.5,75,11.4,6208.57,2812.5,0,0,0,0,0,0,0
0,303.3,311.7,1508,35.5,217,8.4,5606.07,7703.5,1,0,0,0,0,0,0
1,297.3,307.8,1538,48.0,171,10.5,7730.83,8208.0,0,0,0,0,0,0,0
0,297.5,308.8,1312,50.3,159,11.3,6910.83,7997.7,0,0,0,0,0,0,0
0,300.4,309.5,1543,38.9,37,9.1,6285.56,1439.3,0,0,0,0,0,0,0
0,297.9,309.1,1507,36.9,13,11.2,5823.29,479.7,0,0,0,0,0,0,0
0,301.6,311.2,1408,42.9,89,9.6,6325.41,3818.1,0,0,0,0,0,0,0
0,301.3,310.0,1438,40.9,7,8.7,6159.01,286.3,0,0,0,0,0,0,0
0,302.6,311.0,1610,39.2,152,8.4,6609.07,5958.4,0,0,0,0,0,0,0
2,300.5,311.4,1679,27.5,59,10.9,4835.17,1622.5,0,0,0,0,0,0,0
1,298.1,308.5,1382,54.5,17,10.4,7887.39,926.5,0,0,0,0,0,0,0
0,301.5,310.6,1587,33.7,122,9.1,5600.61,4111.4,0,0,0,0,0,0,0
0,302.2,311.3,1382,46.4,94,9.1,6715.13,4361.6,0,0,0,0,0,0,0
0,302.5,311.9,1452,47.4,77,9.4,7207.32,3649.8,0,0,0,0,0,0,0
1,298.1,308.3,1453,41.5,204,10.2,6314.55,8466.0,1,0,0,0,0,0,0
0,300.5,309.7,1395,61.0,157,9.2,8911.13,9577.0,0,0,0,0,0,0,0
0,303.7,312.8,1437,51.3,42,9.1,7719.74,2154.6,0,0,0,0,0,0,0
0,297.2,307.9,1493,38.4,146,10.7,6003.71,5606.4,0,0,0,0,0,0,0
1,301.9,310.9,1421,46.2,26,9.0,6874.87,1201.2,0,0,0,0,0,0,0
0,301.7,311.0,1585,35.9,185,9.3,5958.71,6641.5,0,0,0,0,0,0,0
0,298.9,309.8,1534,42.1,23,10.9,6762.95,968.3,0,0,0,0,0,0,0
2,300.5,310.8,1631,30.5,132,10.3,5209.34,4026.0,0,0,0,0,0,0,0
0,297.3,308.6,1505,33.5,14,11.3,5279.71,469.0,0,0,0,0,0,0,0
1,298.9,310.1,1484,40.4,61,11.2,6278.33,2464.4,0,0,0,0,0,0,0
0,299.8,311.1,1820,24.9,174,11.3,4745.69,4332.6,0,0,0,0,0,0,0
2,299.6,309.2,1597,36.3,35,9.6,6070.72,1270.5,0,0,0,0,0,0,0
1,297.8,307.8,1622,32.1,18,10.0,5452.36,577.8,0,0,0,0,0,0,0
0,298.8,308.4,1484,39.2,8,9.6,6091.84,313.6,0,0,0,0,0,0,0
1,301.0,312.1,1664,28.4,168,11.1,4948.8,4771.2,0,0,0,0,0,0,0
0,298.3,310.0,1442,43.9,110,11.7,6629.16,4829.0,0,0,0,0,0,0,0
0,302.7,312.2,1405,51.4,157,9.5,7562.55,8069.8,0,0,0,0,0,0,0
2,300.7,310.2,1364,65.3,208,9.5,9327.3,13582.4,1,1,1,0,1,1,0
0,301.1,310.2,1657,34.1,52,9.1,5917.05,1773.2,0,0,0,0,0,0,0
0,300.9,311.4,2073,21.4,105,10.5,4645.6,2247.0,0,0,0,0,0,0,0
0,303.6,312.6,1606,33.6,184,9.0,5650.85,6182.4,0,0,0,0,0,0,0
0,300.7,310.3,1662,34.4,57,9.6,5987.12,1960.8,0,0,0,0,0,0,0
0,298.6,308.4,1310,59.7,40,9.8,8189.82,2388.0,0,0,0,0,0,0,0
0,303.6,312.7,1429,47.7,198,9.1,7138.04,9444.6,0,0,0,0,0,0,0
0,300.4,309.7,1384,45.1,159,9.3,6536.44,7170.9,0,0,0,0,0,0,0
0,302.2,311.4,2080,19.2,31,9.2,4182.09,595.2,0,0,0,0,0,0,0
1,297.9,308.8,1538,37.6,54,10.9,6055.82,2030.4,0,0,0,0,0,0,0
1,298.4,308.2,1463,37.6,188,9.8,5760.51,7068.8,0,0,0,0,0,0,0
0,297.7,308.9,1575,39.9,12,11.2,6580.85,478.8,0,0,0,0,0,0,0
0,303.5,312.8,1877,22.3,96,9.3,4383.27,2140.8,0,0,0,0,0,0,0
0,299.6,309.2,1572,33.4,20,9.6,5498.29,668.0,0,0,0,0,0,0,0
2,302.0,309.9,1606,34.5,156,7.9,5802.21,5382.0,0,0,0,0,0,0,0
1,297.6,308.1,1379,57.4,122,10.5,8289.05,7002.8,0,0,0,0,0,0,0
2,300.7,311.3,1374,53.1,66,10.6,7640.29,3504.6,0,0,0,0,0,0,0
2,298.0,308.7,1536,39.6,99,10.7,6369.64,3920.4,0,0,0,0,0,0,0
2,304.0,313.2,1517,43.1,96,9.2,6846.86,4137.6,0,0,0,0,0,0,0
0,303.4,311.7,1476,42.3,180,8.3,6538.16,7614.0,0,0,0,0,0,0,0
1,301.2,312.4,1428,36.6,99,11.2,5473.16,3623.4,0,0,0,0,0,0,0
0,301.9,310.6,1467,39.3,32,8.7,6037.42,1257.6,0,0,0,0,0,0,0
0,301.4,310.6,1347,53.3,104,9.2,7518.37,5543.2,0,0,0,0,0,0,0
0,298.0,309.2,1527,39.5,85,11.2,6316.33,3357.5,0,0,0,0,0,0,0
0,298.6,309.6,1533,40.7,106,11.0,6533.79,4314.2,0,0,0,0,0,0,0
0,298.4,308.8,1458,40.1,111,10.4,6122.52,4451.1,0,0,0,0,0,0,0
0,302.2,311.4,1499,37.7,55,9.2,5917.95,2073.5,0,0,0,0,0,0,0
2,297.7,308.3,1488,41.0,101,10.6,6388.74,4141.0,0,0,0,0,0,0,0
0,300.8,310.8,1407,45.1,51,10.0,6645.07,2300.1,0,0,0,0,0,0,0
1,298.1,307.6,2066,19.2,150,9.5,4153.94,2880.0,0,0,0,0,0,0,0
0,300.0,309.6,1738,28.7,51,9.6,5223.48,1463.7,0,0,0,0,0,0,0
2,303.3,311.4,1692,27.9,55,8.1,4943.48,1534.5,0,0,0,0,0,0,0
2,296.7,307.5,1607,33.6,38,10.8,5654.36,1276.8,0,0,0,0,0,0,0
1,302.7,311.7,1784,25.1,177,9.0,4689.18,4442.7,0,0,0,0,0,0,0
0,300.4,309.7,1584,32.6,71,9.3,5407.56,2314.6,0,0,0,0,0,0,0
0,302.3,311.3,1614,34.1,129,9.0,5763.5,4398.9,0,0,0,0,0,0,0
1,297.3,308.4,1686,34.5,97,11.1,6091.23,3346.5,0,0,0,0,0,0,0
0,297.9,309.0,1379,47.3,28,11.1,6830.52,1324.4,0,0,0,0,0,0,0
0,297.0,307.9,1350,47.7,168,10.9,6743.43,8013.6,0,0,0,0,0,0,0
0,298.8,309.1,1350,52.5,111,10.3,7422.01,5827.5,0,0,0,0,0,0,0
0,298.2,307.6,1492,37.2,178,9.4,5812.2,6621.6,0,0,0,0,0,0,0
0,298.6,309.6,1390,50.3,196,11.0,7321.69,9858.8,0,0,0,0,0,0,0
1,302.1,310.9,1916,23.1,51,8.8,4634.85,1178.1,0,0,0,0,0,0,0
0,300.6,311.0,1563,40.7,87,10.4,6661.65,3540.9,0,0,0,0,0,0,0
2,302.4,310.9,1444,40.7,174,8.5,6154.46,7081.8,0,0,0,0,0,0,0
1,297.9,309.0,2456,13.9,82,11.1,3574.96,1139.8,0,0,0,0,0,0,0
1,298.6,309.0,1481,40.8,6,10.4,6327.67,244.8,0,0,0,0,0,0,0
0,302.0,309.8,1456,58.1,145,7.8,8858.62,8424.5,0,0,0,0,0,0,0
0,300.2,310.0,1493,47.3,172,9.8,7395.19,8135.6,0,0,0,0,0,0,0
1,297.3,308.8,1586,32.7,131,11.5,5431.0,4283.7,0,0,0,0,0,0,0
0,297.4,308.6,1439,46.4,114,11.2,6992.1,5289.6,0,0,0,0,0,0,0
0,297.9,309.9,1472,45.0,183,12.0,6936.64,8235.0,0,0,0,0,0,0,0
0,297.4,308.6,1609,36.2,116,11.2,6099.49,4199.2,0,0,0,0,0,0,0
0,300.6,309.5,1471,49.6,29,8.9,7640.52,1438.4,0,0,0,0,0,0,0
1,299.1,308.4,1332,51.7,71,9.3,7211.46,3670.7,0,0,0,0,0,0,0
0,300.4,310.8,1348,56.0,146,10.4,7905.08,8176.0,0,0,0,0,0,0,0
0,299.6,310.2,1473,42.7,81,10.6,6586.57,3458.7,0,0,0,0,0,0,0
0,300.8,311.3,1505,45.5,141,10.5,7170.95,6415.5,0,0,0,0,0,0,0
0,303.8,312.7,1414,41.7,190,8.9,6174.67,7923.0,0,0,0,0,0,0,0
0,300.6,310.0,1313,52.9,93,9.4,7273.59,4919.7,0,0,0,0,0,0,0
0,301.0,312.1,1675,30.7,200,11.1,5384.95,6140.0,1,0,0,0,0,0,0
1,300.2,311.4,1450,38.5,68,11.2,5845.98,2618.0,0,0,0,0,0,0,0
0,303.1,312.5,1453,49.1,140,9.4,7470.95,6874.0,0,0,0,0,0,0,0
0,299.0,310.1,1505,41.3,85,11.1,6509.01,3510.5,0,0,0,0,0,0,0
1,300.8,310.4,1450,39.4,62,9.6,5982.64,2442.8,0,0,0,0,0,0,0
1,297.7,309.6,1596,35.2,173,11.9,5883.07,6089.6,0,0,0,0,0,0,0
1,300.4,309.8,1356,44.4,136,9.4,6304.8,6038.4,0,0,0,0,0,0,0
0,298.4,310.1,1455,42.2,94,11.7,6429.9,3966.8,0,0,0,0,0,0,0
0,299.7,310.9,1491,40.1,195,11.2,6261.1,7819.5,0,0,0,0,0,0,0
0,298.9,309.9,1404,39.8,62,11.0,5851.66,2467.6,0,0,0,0,0,0,0
0,300.7,311.1,2377,14.3,135,10.4,3559.54,1930.5,0,0,0,0,0,0,0
1,302.1,311.3,1511,45.0,204,9.2,7120.42,9180.0,1,0,0,0,0,0,0
1,297.9,309.6,1515,38.8,124,11.7,6155.64,4811.2,0,0,0,0,0,0,0
1,300.4,310.5,1644,31.4,41,10.1,5405.8,1287.4,0,0,0,0,0,0,0
0,300.0,309.8,1474,40.6,78,9.8,6266.89,3166.8,0,0,0,0,0,0,0
1,300.1,309.1,1533,38.0,26,9.0,6100.34,988.0,0,0,0,0,0,0,0
0,303.5,312.0,1366,54.5,30,8.5,7796.07,1635.0,0,1,0,1,0,0,0
0,301.8,310.8,1557,33.3,190,9.0,5429.52,6327.0,0,0,0,0,0,0,0
0,299.7,310.3,1505,37.7,4,10.6,5941.64,150.8,0,0,0,0,0,0,0
0,303.7,313.0,1694,28.0,44,9.3,4967.07,1232.0,0,0,0,0,0,0,0
0,300.3,311.8,1551,37.2,9,11.5,6042.04,334.8,0,0,0,0,0,0,0
0,302.1,310.8,1772,27.1,233,8.7,5028.77,6314.3,1,0,0,0,0,0,0
0,301.9,310.6,1331,68.6,85,8.7,9561.6,5831.0,0,1,0,0,1,0,0
0,301.0,311.0,1437,56.0,33,10.0,8427.01,1848.0,0,0,0,0,0,0,0
1,297.5,308.9,1535,37.7,12,11.4,6060.08,452.4,0,0,0,0,0,0,0
0,297.5,308.5,1373,39.9,110,11.0,5736.83,4389.0,0,0,0,0,0,0,0
0,301.5,311.1,1731,27.9,101,9.6,5057.43,2817.9,0,0,0,0,0,0,0
1,302.8,312.3,1262,70.5,234,9.5,9317.02,16497.0,1,1,0,0,1,1,0
0,297.5,308.4,1528,39.9,160,10.9,6384.47,6384.0,0,0,0,0,0,0,0
0,301.4,310.8,1362,53.2,4,9.4,7587.83,212.8,0,0,0,0,0,0,0
0,302.5,310.9,1330,56.9,97,8.4,7924.88,5519.3,0,1,0,1,0,0,0
0,298.0,309.6,1633,34.8,41,11.6,5951.06,1426.8,0,0,0,0,0,0,0
1,300.7,310.1,1483,40.2,162,9.4,6243.04,6512.4,0,0,0,0,0,0,0
2,303.8,312.9,1378,45.6,184,9.1,6580.25,8390.4,0,0,0,0,0,0,0
2,299.1,310.4,1369,54.5,104,11.3,7813.19,5668.0,0,0,0,0,0,0,0
0,300.3,309.9,1540,39.9,203,9.6,6434.61,8099.7,1,0,0,0,0,0,0
0,303.9,312.7,1528,38.4,177,8.8,6144.45,6796.8,0,0,0,0,0,0,0
1,300.5,309.7,1341,50.9,137,9.2,7147.85,6973.3,0,0,0,0,0,0,0
1,299.3,310.9,1826,25.1,2,11.6,4799.58,50.2,0,0,0,0,0,0,0
0,298.3,308.0,1486,42.3,86,9.7,6582.45,3637.8,0,0,0,0,0,0,0
0,299.1,310.2,1695,29.6,8,11.1,5254.0,236.8,0,0,0,0,0,0,0
1,300.3,309.4,1612,33.1,150,9.1,5587.55,4965.0,0,0,0,0,0,0,0
0,302.4,311.8,1384,50.9,99,9.4,7377.05,5039.1,0,0,0,0,0,0,0
0,298.1,309.5,1467,41.8,48,11.4,6421.48,2006.4,0,0,0,0,0,0,0
0,300.6,312.0,1566,30.1,128,11.4,4936.13,3852.8,0,0,0,0,0,0,0
2,300.5,311.7,1454,50.3,175,11.2,7658.8,8802.5,0,0,0,0,0,0,0
0,296.8,307.6,1304,48.7,142,10.8,6650.21,6915.4,0,0,0,0,0,0,0
1,297.3,308.3,1595,32.2,29,11.0,5378.3,933.8,0,0,0,0,0,0,0
0,299.2,310.3,1429,40.1,23,11.1,6000.75,922.3,0,0,0,0,0,0,0
0,303.6,312.9,1588,31.9,53,9.3,5304.81,1690.7,0,0,0,0,0,0,0
0,303.9,313.2,1481,40.0,100,9.3,6203.6,4000.0,0,0,0,0,0,0,0
2,298.9,310.2,1532,37.7,166,11.3,6048.24,6258.2,0,0,0,0,0,0,0
0,297.4,308.5,1295,52.1,130,11.1,7065.39,6773.0,0,0,0,0,0,0,0
0,302.2,310.8,1383,46.9,45,8.6,6792.41,2110.5,0,0,0,0,0,0,0
1,301.9,310.9,1763,28.4,103,9.0,5243.23,2925.2,0,0,0,0,0,0,0
1,297.7,309.0,1504,40.4,35,11.3,6362.94,1414.0,0,0,0,0,0,0,0
0,298.6,309.3,1702,27.6,143,10.7,4919.23,3946.8,0,0,0,0,0,0,0
0,297.8,308.4,1518,32.5,190,10.6,5166.35,6175.0,0,0,0,0,0,0,0
0,300.5,310.6,1499,45.2,8,10.1,7095.27,361.6,0,0,0,0,0,0,0
1,301.4,310.6,1565,36.1,110,9.2,5916.3,3971.0,0,0,0,0,0,0,0
0,297.5,308.6,1452,39.0,72,11.1,5930.07,2808.0,0,0,0,0,0,0,0
0,301.9,310.4,1610,34.8,71,8.5,5867.24,2470.8,0,0,0,0,0,0,0
1,299.9,311.2,1579,35.5,162,11.3,5870.01,5751.0,0,0,0,0,0,0,0
0,297.6,309.1,1449,49.1,174,11.5,7450.38,8543.4,0,0,0,0,0,0,0
1,303.6,312.8,2659,11.4,26,9.2,3174.33,296.4,0,1,0,0,1,0,0
2,298.9,310.6,1519,38.8,213,11.7,6171.89,8264.4,1,0,0,0,0,0,0
0,300.6,311.7,1734,29.9,72,11.1,5429.36,2152.8,0,0,0,0,0,0,0
0,297.2,308.0,1869,25.4,163,10.8,4971.32,4140.2,0,0,0,0,0,0,0
1,300.5,310.2,1571,34.6,228,9.7,5692.21,7888.8,1,0,0,0,0,0,0
0,298.4,309.1,1467,42.5,139,10.7,6529.01,5907.5,0,0,0,0,0,0,0
1,300.7,310.6,2006,19.1,102,9.9,4012.3,1948.2,0,0,0,0,0,0,0
0,299.8,310.2,1911,23.5,166,10.4,4702.81,3901.0,0,0,0,0,0,0,0
0,298.4,308.2,1850,27.0,194,9.8,5230.75,5238.0,0,0,0,0,0,0,0
1,299.6,310.2,1620,30.0,70,10.6,5089.38,2100.0,0,0,0,0,0,0,0
0,302.4,310.4,1521,38.5,142,8.0,6132.23,5467.0,0,0,0,0,0,0,0
0,295.5,306.0,1456,39.2,167,10.5,5976.9,6546.4,0,0,0,0,0,0,0
0,297.6,308.6,1415,47.3,169,11.0,7008.84,7993.7,0,0,0,0,0,0,0
0,299.2,308.4,1509,39.4,0,9.2,6226.07,0.0,0,0,0,0,0,0,0
1,301.8,310.7,1429,47.9,53,8.9,7167.97,2538.7,0,0,0,0,0,0,0
1,303.6,312.7,1765,27.5,115,9.1,5082.84,3162.5,0,0,0,0,0,0,0
0,302.6,311.5,1442,59.8,169,8.9,9030.15,10106.2,0,1,0,0,1,0,0
0,301.4,310.5,1571,33.9,208,9.1,5577.05,7051.2,1,0,0,0,0,0,0
0,297.3,308.0,1447,49.0,61,10.7,7424.94,2989.0,0,0,0,0,0,0,0
0,302.3,311.5,1507,37.5,55,9.2,5917.98,2062.5,0,0,0,0,0,0,0
0,300.5,310.5,1695,26.7,28,10.0,4739.25,747.6,0,0,0,0,0,0,0
0,301.0,310.9,1492,36.7,199,9.9,5734.08,7303.3,0,0,0,0,0,0,0
1,301.3,311.1,1678,30.7,34,9.8,5394.6,1043.8,0,0,0,0,0,0,0
0,301.5,310.6,1565,43.9,142,9.1,7194.61,6233.8,0,0,0,0,0,0,0
0,299.9,309.6,1294,49.7,126,9.7,6734.72,6262.2,0,0,0,0,0,0,0
0,301.7,309.9,1607,37.7,93,8.2,6344.33,3506.1,0,0,0,0,0,0,0
0,297.2,308.3,1419,39.7,115,11.1,5899.31,4565.5,0,0,0,0,0,0,0
0,300.7,311.2,1878,24.3,24,10.5,4778.93,583.2,0,0,0,0,0,0,0
0,297.9,308.0,1490,46.2,6,10.1,7208.7,277.2,0,0,0,0,0,0,0
1,297.4,308.5,1638,32.2,84,11.1,5523.3,2704.8,0,0,0,0,0,0,0
0,300.2,309.7,1275,60.7,15,9.5,8104.52,910.5,0,0,0,0,0,0,0
0,298.0,307.8,1622,33.3,121,9.8,5656.19,4029.3,0,0,0,0,0,0,0
0,301.7,310.2,1435,48.1,12,8.5,7228.12,577.2,0,0,0,0,0,0,0
0,301.3,311.3,1509,42.5,213,10.0,6715.94,9052.5,1,0,0,0,0,0,0
1,302.3,311.9,1508,42.3,159,9.6,6679.91,6725.7,0,0,0,0,0,0,0
0,300.8,310.8,1564,36.2,31,10.0,5928.9,1122.2,0,0,0,0,0,0,0
1,298.2,308.9,1614,35.5,15,10.7,6000.13,532.5,0,0,0,0,0,0,0
0,298.8,310.3,1553,36.8,97,11.5,5984.78,3569.6,0,0,0,0,0,0,0
0,298.7,309.7,1393,45.7,99,11.0,6666.47,4524.3,0,0,0,0,0,0,0
1,300.4,311.7,1555,38.7,5,11.3,6301.88,193.5,0,0,0,0,0,0,0
0,298.6,309.3,1537,37.6,175,10.7,6051.88,6580.0,0,0,0,0,0,0,0
0,300.7,311.9,1399,50.2,222,11.2,7354.45,11144.4,1,1,0,0,0,1,0
1,299.9,309.5,1412,57.9,59,9.6,8561.34,3416.1,0,0,0,0,0,0,0
1,298.0,309.0,1439,38.5,34,11.0,5801.63,1309.0,0,0,0,0,0,0,0
0,302.2,310.9,1506,34.0,49,8.7,5362.07,1666.0,0,0,0,0,0,0,0
1,297.6,309.6,1592,35.8,57,12.0,5968.36,2040.6,0,0,0,0,0,0,0
1,297.8,309.3,2243,15.7,36,11.5,3687.72,565.2,0,0,0,0,0,0,0
1,298.1,307.9,1569,37.0,29,9.8,6079.3,1073.0,0,0,0,0,0,0,0
1,296.8,307.5,1516,36.7,135,10.7,5826.31,4954.5,0,0,0,0,0,0,0
0,298.0,308.7,1268,69.4,189,10.7,9215.25,13116.6,0,1,0,0,1,1,0
0,298.2,309.0,1780,29.3,91,10.8,5461.55,2666.3,0,0,0,0,0,0,0
0,302.8,312.1,1958,20.3,56,9.3,4162.34,1136.8,0,0,0,0,0,0,0
0,298.8,309.8,1557,37.2,139,11.0,6065.41,5170.8,0,0,0,0,0,0,0
0,303.5,312.4,1481,43.7,20,8.9,6777.43,874.0,0,0,0,0,0,0,0
0,298.5,309.3,1471,44.7,119,10.8,6885.71,5319.3,0,0,0,0,0,0,0
0,298.6,308.2,1390,51.4,168,9.6,7481.81,8635.2,0,0,0,0,0,0,0
1,301.2,310.7,1962,22.5,28,9.5,4622.85,630.0,0,0,0,0,0,0,0
0,300.6,311.8,1501,44.8,226,11.2,7041.86,10124.8,1,0,0,0,0,0,0
1,302.3,311.7,1685,30.8,130,9.4,5434.75,4004.0,0,0,0,0,0,0,0
0,301.0,311.2,1511,42.9,26,10.2,6788.13,1115.4,0,0,0,0,0,0,0
1,296.9,308.4,1450,46.9,186,11.5,7121.47,8723.4,0,0,0,0,0,0,0
0,298.5,309.7,1437,42.6,120,11.2,6410.55,5112.0,0,0,0,0,0,0,0
0,303.1,311.2,1435,40.1,219,8.1,6025.94,8781.9,1,0,0,0,0,0,0
0,298.9,310.1,1602,38.2,58,11.2,6408.47,2215.6,0,0,0,0,0,0,0
1,300.8,309.7,1751,27.9,183,8.9,5115.86,5105.7,0,0,0,0,0,0,0
0,298.5,309.5,1548,44.5,132,11.0,7213.73,5874.0,0,0,0,0,0,0,0
1,300.4,309.6,1675,35.5,164,9.2,6226.9,5822.0,0,0,0,0,0,0,0
0,301.7,311.1,1644,32.8,206,9.4,5646.82,6756.8,1,0,0,0,0,0,0
1,303.3,312.6,1397,47.1,137,9.3,6890.42,6452.7,0,0,0,0,0,0,0
0,303.4,311.9,1298,63.9,59,8.5,8685.69,3770.1,0,1,0,1,0,0,0
2,297.2,308.6,1486,46.6,98,11.4,7251.59,4566.8,0,0,0,0,0,0,0
1,302.6,310.4,1544,35.1,25,7.8,5675.22,877.5,0,0,0,0,0,0,0
1,302.0,310.4,1595,32.9,135,8.4,5495.22,4441.5,0,0,0,0,0,0,0
1,295.8,306.4,1335,51.7,69,10.6,7227.71,3567.3,0,0,0,0,0,0,0
2,297.6,308.6,1463,46.7,85,11.0,7154.67,3969.5,0,0,0,0,0,0,0
0,299.7,311.0,1983,21.0,201,11.3,4360.84,4221.0,1,0,0,0,0,0,0
1,300.6,311.4,1468,40.4,55,10.8,6210.64,2222.0,0,0,0,0,0,0,0
1,303.4,311.8,1391,42.7,197,8.4,6219.9,8411.9,0,0,0,0,0,0,0
1,302.6,310.5,1524,33.7,204,7.9,5378.28,6874.8,1,0,0,0,0,0,0
0,304.0,312.8,1542,42.7,198,8.8,6895.1,8454.6,0,0,0,0,0,0,0
0,295.6,306.2,1287,54.8,49,10.6,7385.63,2685.2,0,0,0,0,0,0,0
0,298.4,310.1,1533,35.2,92,11.7,5650.85,3238.4,0,0,0,0,0,0,0
2,302.8,312.5,1422,46.1,4,9.7,6864.82,184.4,0,0,0,0,0,0,0
0,298.2,309.4,1398,52.9,79,11.2,7744.47,4179.1,0,0,0,0,0,0,0
0,300.3,311.1,1676,28.6,158,10.8,5019.59,4518.8,0,0,0,0,0,0,0
0,298.1,310.0,1553,40.9,49,11.9,6651.56,2004.1,0,0,0,0,0,0,0
1,299.3,308.4,1542,37.5,203,9.1,6055.42,7612.5,1,1,1,0,0,0,0
0,298.0,308.8,1496,44.9,179,10.8,7034.07,8037.1,0,0,0,0,0,0,0
0,301.5,310.5,1396,44.5,117,9.0,6505.4,5206.5,0,0,0,0,0,0,0
0,299.8,310.5,1496,38.8,215,10.7,6078.44,8342.0,1,0,0,0,0,0,0
0,298.3,310.1,1523,45.9,99,11.8,7320.51,4544.1,0,0,0,0,0,0,0
0,298.2,308.8,1442,47.0,18,10.6,7097.28,846.0,0,0,0,0,0,0,0
1,301.4,311.2,1476,36.5,25,9.8,5641.67,912.5,0,0,0,0,0,0,0
1,297.2,308.3,1431,43.7,46,11.1,6548.62,2010.2,0,0,0,0,0,0,0
2,296.8,308.1,1492,43.7,222,11.3,6827.77,9701.4,1,0,0,0,0,0,0
1,303.5,312.5,1353,51.0,172,9.0,7225.98,8772.0,0,0,0,0,0,0,0
2,298.2,309.0,1524,39.1,100,10.8,6240.08,3910.0,0,0,0,0,0,0,0
1,299.5,311.0,1451,43.3,136,11.5,6579.36,5888.8,0,0,0,0,0,0,0
0,300.8,310.8,1486,45.7,146,10.0,7111.54,6672.2,0,0,0,0,0,0,0
0,297.9,309.0,1502,40.2,30,11.1,6323.02,1206.0,0,0,0,0,0,0,0
2,298.1,309.9,1686,29.1,60,11.8,5137.82,1746.0,0,0,0,0,0,0,0
0,299.2,309.1,1605,34.3,107,9.9,5764.98,3670.1,0,0,0,0,0,0,0
1,301.8,310.3,1465,46.5,60,8.5,7133.77,2790.0,0,0,0,0,0,0,0
1,297.4,308.8,1573,33.9,123,11.4,5584.15,4169.7,0,0,0,0,0,0,0
0,299.6,309.3,1558,34.8,115,9.7,5677.74,4002.0,0,0,0,0,0,0,0
1,300.7,309.5,1439,43.8,41,8.8,6600.3,1795.8,0,0,0,0,0,0,0
0,300.7,312.3,1420,53.8,67,11.6,8000.17,3604.6,0,0,0,0,0,0,0
2,300.5,311.6,1476,41.7,97,11.1,6445.42,4044.9,0,0,0,0,0,0,0
0,303.9,313.1,1310,62.9,130,9.2,8628.8,8177.0,0,0,0,0,0,0,0
0,303.5,312.9,1504,44.8,111,9.4,7055.93,4972.8,0,0,0,0,0,0,0
0,303.5,312.9,1501,44.0,128,9.4,6916.11,5632.0,0,0,0,0,0,0,0
2,299.8,310.2,1573,33.3,168,10.4,5485.32,5594.4,0,0,0,0,0,0,0
0,301.2,311.0,1573,32.8,57,9.8,5402.95,1869.6,0,0,0,0,0,0,0
1,296.4,307.5,1684,31.4,72,11.1,5537.33,2260.8,0,0,0,0,0,0,0
1,298.2,308.9,1326,54.4,75,10.7,7553.9,4080.0,0,0,0,0,0,0,0
0,297.7,308.7,1474,46.8,188,11.0,7223.9,8798.4,0,0,0,0,0,0,0
0,299.8,309.1,1612,35.4,205,9.3,5975.81,7257.0,1,0,0,0,0,0,0
2,301.1,310.0,1470,40.1,23,8.9,6172.92,922.3,0,0,0,0,0,0,0
1,298.5,309.5,1483,44.8,92,11.0,6957.41,4121.6,0,0,0,0,0,0,0
1,300.1,310.4,1480,37.1,77,10.3,5749.95,2856.7,0,0,0,0,0,0,0
0,297.3,308.5,1497,47.5,27,11.2,7446.36,1282.5,0,0,0,0,0,0,0
0,303.6,311.8,1736,32.9,99,8.2,5981.01,3257.1,0,0,0,0,0,0,0
1,298.9,309.8,1947,21.7,105,10.9,4424.4,2278.5,0,0,0,0,0,0,0
1,297.5,308.5,1612,30.0,163,11.0,5064.25,4890.0,0,0,0,0,0,0,0
0,302.3,311.5,1565,35.6,41,9.2,5834.36,1459.6,0,0,0,0,0,0,0
0,298.1,308.1,1616,32.8,65,10.0,5550.65,2132.0,0,0,0,0,0,0,0
0,299.7,309.2,1620,30.0,168,9.5,5089.38,5040.0,0,0,0,0,0,0,0
1,298.3,309.0,1505,41.3,93,10.7,6509.01,3840.9,0,0,0,0,0,0,0
0,301.3,310.1,1531,41.6,9,8.8,6669.56,374.4,0,0,0,0,0,0,0
0,300.1,311.6,1530,36.6,74,11.5,5864.1,2708.4,0,0,0,0,0,0,0
0,298.3,308.4,1593,37.0,174,10.1,6172.29,6438.0,0,0,0,0,0,0,0
2,303.9,313.0,1517,36.0,142,9.1,5718.96,5112.0,0,0,0,0,0,0,0
0,300.2,310.3,1514,38.7,48,10.1,6135.72,1857.6,0,0,0,0,0,0,0
0,299.3,308.5,1772,26.1,52,9.2,4843.2,1357.2,0,0,0,0,0,0,0
1,299.5,310.7,1488,39.5,95,11.2,6155.01,3752.5,0,0,0,0,0,0,0
0,300.7,311.3,1522,35.2,48,10.6,5610.3,1689.6,0,0,0,0,0,0,0
0,301.5,311.1,1459,45.1,97,9.6,6890.65,4374.7,0,0,0,0,0,0,0
2,300.8,310.5,1582,31.1,193,9.7,5152.23,6002.3,0,0,0,0,0,0,0
0,298.9,309.6,1589,34.2,197,10.7,5690.87,6737.4,0,0,0,0,0,0,0
0,300.4,310.2,1529,36.2,10,9.8,5796.22,362.0,0,0,0,0,0,0,0
0,298.5,309.5,1370,52.4,113,11.0,7517.62,5921.2,0,0,0,0,0,0,0
1,298.0,309.1,1574,34.8,40,11.1,5736.05,1392.0,0,0,0,0,0,0,0
0,298.0,309.2,1731,28.7,38,11.2,5202.45,1090.6,0,0,0,0,0,0,0
1,298.5,309.6,1441,48.2,107,11.1,7273.44,5157.4,0,0,0,0,0,0,0
1,299.8,309.7,1320,61.7,134,9.9,8528.8,8267.8,0,0,0,0,0,0,0
0,298.0,308.7,1771,26.2,206,10.7,4859.02,5397.2,1,0,0,0,0,0,0
1,297.4,308.6,1469,42.6,80,11.2,6553.3,3408.0,0,0,0,0,0,0,0
0,298.6,308.3,1422,40.4,179,9.7,6016.02,7231.6,0,0,0,0,0,0,0
0,301.0,310.5,1429,39.4,98,9.5,5895.99,3861.2,0,0,0,0,0,0,0
1,300.8,310.3,1868,24.5,95,9.5,4792.6,2327.5,0,0,0,0,0,0,0
0,301.2,310.3,1548,38.6,59,9.1,6257.3,2277.4,0,0,0,0,0,0,0
1,302.2,311.4,1626,31.6,62,9.2,5380.67,1959.2,0,0,0,0,0,0,0
0,296.9,307.6,1435,45.0,119,10.7,6762.28,5355.0,0,0,0,0,0,0,0
2,298.3,309.2,1486,42.4,16,10.9,6598.01,678.4,0,0,0,0,0,0,0
0,298.8,309.7,1740,28.5,152,10.9,5193.05,4332.0,0,0,0,0,0,0,0
2,298.9,309.7,1407,48.6,161,10.8,7160.76,7824.6,0,0,0,0,0,0,0
2,297.7,307.1,1855,22.5,7,9.4,4370.74,157.5,0,0,0,0,0,0,0
1,297.8,309.8,1798,25.5,203,12.0,4801.3,5176.5,1,0,0,0,0,0,0
1,298.2,308.0,1969,21.7,32,9.8,4474.39,694.4,0,0,0,0,0,0,0
1,299.3,308.4,1468,42.2,83,9.1,6487.35,3502.6,0,0,0,0,0,0,0
2,301.3,311.0,1580,36.6,184,9.7,6055.73,6734.4,0,0,0,0,0,0,0
1,298.9,308.6,1524,40.4,131,9.7,6447.55,5292.4,0,0,0,0,0,0,0
0,300.3,310.2,1369,48.8,36,9.9,6996.03,1756.8,0,0,0,0,0,0,0
0,299.8,309.3,1299,65.1,212,9.5,8855.62,13801.2,1,1,0,0,0,1,0
1,300.5,311.2,1551,36.6,205,10.7,5944.58,7503.0,1,0,0,0,0,0,0
0,303.0,312.3,1486,42.4,112,9.3,6598.01,4748.8,0,0,0,0,0,0,0
1,300.9,311.8,1843,24.5,25,10.9,4728.46,612.5,0,0,0,0,0,0,0
1,304.0,313.3,1844,27.1,88,9.3,5233.1,2384.8,0,0,0,0,0,0,0
0,300.7,312.0,1401,51.1,50,11.3,7497.0,2555.0,0,0,0,0,0,0,0
0,303.0,311.2,1735,26.1,194,8.2,4742.08,5063.4,0,0,0,0,0,0,0
0,300.6,311.5,1459,47.0,63,10.9,7180.95,2961.0,0,0,0,0,0,0,0
1,299.5,309.3,1506,41.5,77,9.8,6544.88,3195.5,0,0,0,0,0,0,0
0,301.8,310.6,2672,11.8,124,8.8,3301.77,1463.2,0,1,0,0,1,0,0
0,300.5,312.0,1478,39.0,153,11.5,6036.26,5967.0,0,0,0,0,0,0,0
1,301.3,311.0,1402,47.5,197,9.7,6973.81,9357.5,0,0,0,0,0,0,0
1,297.5,308.5,1401,50.5,6,11.0,7408.98,303.0,0,0,0,0,0,0,0
0,301.5,311.2,1700,28.8,39,9.7,5127.08,1123.2,0,0,0,0,0,0,0
1,300.7,311.1,1373,49.9,96,10.4,7174.63,4790.4,0,0,0,0,0,0,0
1,301.5,310.7,1460,38.6,14,9.2,5901.59,540.4,0,0,0,0,0,0,0
0,298.8,309.7,1751,29.6,160,10.9,5427.58,4736.0,0,0,0,0,0,0,0
0,297.8,308.7,1404,44.2,62,10.9,6498.57,2740.4,0,0,0,0,0,0,0
1,300.0,309.7,1652,28.6,112,9.7,4947.72,3203.2,0,0,0,0,0,0,0
1,300.4,310.0,1560,42.3,186,9.6,6910.25,7867.8,0,0,0,0,0,0,0
2,297.5,308.5,1557,39.1,47,11.0,6375.2,1837.7,0,0,0,0,0,0,0
0,300.5,310.2,1764,25.9,27,9.7,4784.39,699.3,0,0,0,0,0,0,0
0,303.4,311.5,1424,50.8,128,8.1,7575.34,6502.4,0,0,0,0,0,0,0
0,298.9,310.1,1580,37.3,100,11.2,6171.55,3730.0,0,0,0,0,0,0,0
0,302.4,310.1,1429,43.7,104,7.7,6539.47,4544.8,0,0,0,0,0,0,0
0,298.3,308.4,1484,43.4,172,10.1,6744.54,7464.8,0,0,0,0,0,0,0
1,302.4,311.8,1358,50.6,133,9.4,7195.8,6729.8,0,0,0,0,0,0,0
0,302.4,311.5,1590,39.9,58,9.1,6643.53,2314.2,0,0,0,0,0,0,0
1,303.1,311.1,1594,35.5,13,8.0,5925.78,461.5,0,0,0,0,0,0,0
2,297.4,307.9,1390,52.0,131,10.5,7569.14,6812.0,0,0,0,0,0,0,0
2,297.4,309.0,1468,41.4,156,11.6,6364.36,6458.4,0,0,0,0,0,0,0
1,300.0,309.6,1618,36.2,53,9.6,6133.6,1918.6,0,0,0,0,0,0,0
0,302.4,311.9,1671,29.9,204,9.5,5232.1,6099.6,1,0,0,0,0,0,0
0,303.9,313.0,1626,31.4,209,9.1,5346.61,6562.6,1,0,0,0,0,0,0
0,302.6,310.4,1514,42.7,75,7.8,6769.9,3202.5,0,0,0,0,0,0,0
2,300.4,311.2,1489,45.3,180,10.8,7063.53,8154.0,0,0,0,0,0,0,0
1,302.6,312.2,1353,56.5,168,9.6,8005.25,9492.0,0,0,0,0,0,0,0
2,298.7,308.4,1432,42.8,197,9.7,6418.23,8431.6,0,0,0,0,0,0,0
1,296.7,307.8,1258,69.0,105,11.1,9089.88,7245.0,0,1,0,0,1,0,0
2,299.0,308.8,1382,58.5,199,9.8,8466.28,11641.5,0,0,0,0,0,0,0
0,299.7,309.6,1359,50.7,161,9.9,7215.33,8162.7,0,0,0,0,0,0,0
1,299.6,310.1,1455,46.1,76,10.5,7024.13,3503.6,0,0,0,0,0,0,0
1,302.4,311.1,1887,22.4,197,8.7,4426.38,4412.8,0,0,0,0,0,0,0
1,299.2,310.4,1325,52.0,34,11.2,7215.19,1768.0,0,0,0,0,0,0,0
1,299.1,310.6,1449,43.2,80,11.5,6555.12,3456.0,0,0,0,0,0,0,0
0,302.9,312.2,1729,23.6,96,9.3,4273.03,2265.6,0,0,0,0,0,0,0
0,303.5,312.1,1674,30.8,0,8.6,5399.27,0.0,0,0,0,0,0,0,0
0,298.9,310.2,1362,53.0,185,11.3,7559.3,9805.0,0,0,0,0,0,0,0
0,300.3,309.2,1650,35.2,196,8.9,6082.12,6899.2,0,0,0,0,0,0,0
0,302.8,312.2,1509,36.5,52,9.4,5767.81,1898.0,0,0,0,0,0,0,1
0,299.2,308.5,1438,46.6,63,9.3,7017.35,2935.8,0,0,0,0,0,0,0
0,296.2,307.3,1881,24.3,40,11.1,4786.56,972.0,0,0,0,0,0,0,0
0,298.5,309.3,1623,33.1,109,10.8,5625.68,3607.9,0,0,0,0,0,0,0
1,303.8,312.4,1597,33.4,203,8.6,5585.73,6780.2,1,0,0,0,0,0,0
0,300.1,309.1,1400,46.7,77,9.0,6846.58,3595.9,0,0,0,0,0,0,0
0,297.5,308.2,1647,31.3,3,10.7,5398.42,93.9,0,0,0,0,0,0,0
0,295.5,306.0,1597,37.2,16,10.5,6221.23,595.2,0,0,0,0,0,0,0
0,299.5,308.8,1965,20.4,164,9.3,4197.8,3345.6,0,0,0,0,0,0,0
1,298.8,309.7,1589,35.3,149,10.9,5873.91,5259.7,0,0,0,0,0,0,0
0,297.9,308.4,1646,40.6,175,10.5,6998.17,7105.0,0,0,0,0,0,0,0
0,299.2,308.5,1821,26.1,69,9.3,4977.13,1800.9,0,0,0,0,0,0,0
0,302.8,310.9,1636,35.0,38,8.1,5996.25,1330.0,0,0,0,0,0,0,0
1,300.7,310.8,1469,46.4,75,10.1,7137.87,3480.0,0,0,0,0,0,0,0
2,302.7,312.0,1484,41.5,65,9.3,6449.27,2697.5,0,0,0,0,0,0,0
0,298.9,310.1,1361,51.7,192,11.2,7368.47,9926.4,0,0,0,0,0,0,0
0,304.0,313.2,1632,30.6,121,9.2,5229.62,3702.6,0,0,0,0,0,0,0
0,303.5,312.5,1457,46.4,168,9.0,7079.56,7795.2,0,0,0,0,0,0,0
2,300.3,309.7,1582,30.8,144,9.4,5102.53,4435.2,0,0,0,0,0,0,0
0,298.9,308.6,1771,24.1,213,9.7,4469.55,5133.3,1,0,0,0,0,0,0
0,297.2,308.4,1460,42.1,41,11.2,6436.7,1726.1,0,0,0,0,0,0,0
2,299.7,309.2,1302,55.5,87,9.5,7567.15,4828.5,0,0,0,0,0,0,0
0,301.3,310.9,1596,33.9,157,9.6,5665.8,5322.3,0,0,0,0,0,0,0
0,298.4,308.9,1706,29.5,107,10.5,5270.23,3156.5,0,0,0,0,0,0,0
1,301.5,311.1,1402,40.0,94,9.6,5872.68,3760.0,0,0,0,0,0,0,0
0,297.9,309.0,1382,43.9,116,11.1,6353.33,5092.4,0,0,0,0,0,0,0
1,297.2,308.5,1353,46.5,185,11.3,6588.39,8602.5,0,0,0,0,0,0,0
0,302.5,312.0,1411,44.2,177,9.5,6530.97,7823.4,0,0,0,0,0,0,0
2,298.2,308.8,1436,51.9,153,10.6,7804.6,7940.7,0,0,0,0,0,0,0
0,298.9,309.5,1645,31.1,169,10.6,5357.41,5255.9,0,0,0,0,0,0,0
1,303.2,311.2,1688,31.9,33,8.0,5638.87,1052.7,0,0,0,0,0,0,0
0,300.5,311.9,1431,49.4,37,11.4,7402.79,1827.8,0,0,0,0,0,0,0
0,297.9,307.8,1397,45.0,104,9.9,6583.21,4680.0,0,0,0,0,0,0,0
0,301.7,309.9,1317,49.0,187,8.2,6757.88,9163.0,0,1,0,1,0,0,0
0,299.1,310.5,1419,48.8,76,11.4,7251.55,3708.8,0,0,0,0,0,0,0
1,298.1,308.0,1924,20.8,29,9.9,4190.8,603.2,0,0,0,0,0,0,0
0,302.7,310.7,1398,57.7,19,8.0,8447.18,1096.3,0,0,0,0,0,0,0
0,303.7,313.1,1721,34.8,50,9.4,6271.75,1740.0,0,0,0,0,0,0,0
0,298.2,307.7,1503,38.3,87,9.5,6028.18,3332.1,0,0,0,0,0,0,0
0,301.0,311.2,1363,46.3,62,10.2,6608.54,2870.6,0,0,0,0,0,0,0
0,299.4,309.3,1544,36.0,197,9.9,5820.74,7092.0,0,0,0,0,0,0,0
0,302.5,311.5,1802,26.4,192,9.0,4981.81,5068.8,0,0,0,0,0,0,0
2,300.3,309.9,1677,30.1,130,9.6,5286.01,3913.0,0,0,0,0,0,0,0
0,301.3,310.5,1337,52.7,106,9.2,7378.54,5586.2,0,0,0,0,0,0,0
0,300.7,310.0,1672,29.7,176,9.3,5200.22,5227.2,0,0,0,0,0,0,0
0,297.8,307.5,1448,51.2,107,9.7,7763.67,5478.4,0,0,0,0,0,0,0
1,299.0,310.0,1667,30.0,53,11.0,5237.03,1590.0,0,0,0,0,0,0,0
1,298.7,309.9,1434,53.0,144,11.2,7958.91,7632.0,0,0,0,0,0,0,0
0,299.9,309.5,1349,51.3,176,9.6,7246.99,9028.8,0,0,0,0,0,0,0
0,301.7,310.6,1406,46.0,112,8.9,6772.85,5152.0,0,0,0,0,0,0,0
0,301.5,310.4,1488,41.1,151,8.9,6404.33,6206.1,0,0,0,0,0,0,0
0,302.6,312.0,1447,45.5,173,9.4,6894.59,7871.5,0,0,0,0,0,0,0
0,299.0,309.9,1411,44.7,94,10.9,6604.85,4201.8,0,0,0,0,0,0,0
0,303.4,312.2,1337,69.4,52,8.8,9716.72,3608.8,0,1,0,0,1,0,0
0,298.3,308.6,1499,38.3,142,10.3,6012.14,5438.6,0,0,0,0,0,0,0
1,297.9,307.8,1450,43.5,106,9.9,6605.2,4611.0,0,0,0,0,0,0,0
1,297.4,308.5,1566,31.4,76,11.1,5149.32,2386.4,0,0,0,0,0,0,0
2,299.2,308.9,1712,26.4,95,9.7,4733.0,2508.0,0,0,0,0,0,0,0
0,297.4,308.5,1475,47.2,69,11.1,7290.59,3256.8,0,0,0,0,0,0,0
0,298.8,308.2,1443,53.4,21,9.4,8069.31,1121.4,0,0,0,0,0,0,0
0,301.6,310.8,1564,34.1,150,9.2,5584.96,5115.0,0,0,0,0,0,0,0
0,301.2,310.3,1497,45.7,76,9.1,7164.18,3473.2,0,0,0,0,0,0,0
0,300.9,311.1,1417,40.7,24,10.2,6039.39,976.8,0,0,0,0,0,0,0
0,300.7,310.8,1597,30.5,38,10.1,5100.74,1159.0,0,0,0,0,0,0,0
1,302.2,310.1,1572,34.6,17,7.9,5695.83,588.2,0,0,0,0,0,0,0
0,300.5,310.3,1683,31.5,8,9.8,5551.67,252.0,0,0,0,0,0,0,0
0,298.2,308.7,1447,48.4,51,10.5,7334.03,2468.4,0,0,0,0,0,0,0
1,302.3,311.4,1500,40.2,30,9.1,6314.6,1206.0,0,0,0,0,0,0,0
1,297.9,309.8,1693,29.9,35,11.9,5300.99,1046.5,0,0,0,0,0,0,0
0,303.3,311.4,1732,25.6,232,8.1,4643.19,5939.2,1,0,0,0,0,0,0
0,301.8,310.3,1482,41.4,63,8.5,6425.06,2608.2,0,0,0,0,0,0,0
0,298.8,310.0,1528,36.7,147,11.2,5872.43,5394.9,0,0,0,0,0,0,0
0,297.3,308.3,1484,43.9,13,11.0,6822.24,570.7,0,0,0,0,0,0,0
1,302.9,312.6,1394,46.4,82,9.7,6773.44,3804.8,0,0,0,0,0,0,0
0,298.3,309.1,1386,45.3,212,10.8,6574.91,9603.6,1,0,0,0,0,0,0
0,298.9,310.0,1794,27.2,114,11.1,5109.99,3100.8,0,0,0,0,0,0,0
1,297.9,307.5,1647,30.8,212,9.6,5312.18,6529.6,1,0,0,0,0,0,0
0,299.5,308.7,1446,45.7,173,9.2,6920.11,7906.1,0,0,0,0,0,0,0
1,301.7,310.8,1954,21.6,198,9.1,4419.84,4276.8,0,0,0,0,0,0,0
0,296.9,308.3,1513,38.8,189,11.4,6147.51,7333.2,0,0,0,0,0,0,0
0,300.6,310.9,1471,37.9,86,10.3,5838.22,3259.4,0,0,0,0,0,0,0
0,301.0,310.1,1558,32.6,0,9.1,5318.8,0.0,0,0,0,0,0,0,0
0,298.2,307.9,1429,49.4,141,9.7,7392.44,6965.4,0,0,0,0,0,0,0
0,303.7,312.8,1523,40.7,59,9.1,6491.17,2401.3,0,0,0,0,0,0,0
0,303.9,313.3,1394,51.6,121,9.4,7532.53,6243.6,0,0,0,0,0,0,0
0,299.3,309.0,1516,38.7,64,9.7,6143.82,2476.8,0,0,0,0,0,0,0
0,302.9,312.4,1446,41.7,196,9.5,6314.41,8173.2,0,0,0,0,0,0,0
0,297.1,307.9,1496,44.7,88,10.8,7002.74,3933.6,0,0,0,0,0,0,0
0,297.5,309.3,1564,37.5,20,11.8,6141.81,750.0,0,0,0,0,0,0,0
0,299.3,308.6,1474,49.6,191,9.3,7656.1,9473.6,0,0,0,0,0,0,0
0,299.0,308.6,1466,46.4,112,9.6,7123.29,5196.8,0,0,0,0,0,0,0
1,301.2,311.1,1574,34.3,4,9.9,5653.63,137.2,0,0,0,0,0,0,0
1,298.1,307.9,1759,28.6,176,9.8,5268.18,5033.6,0,0,0,0,0,0,0
0,301.8,309.7,1442,45.3,233,7.9,6840.57,10554.9,1,1,1,0,0,0,0
1,301.4,310.8,1738,30.3,104,9.4,5514.69,3151.2,0,0,0,0,0,0,0
1,299.1,308.6,1499,45.1,185,9.5,7079.57,8343.5,0,0,0,0,0,0,0
0,298.9,308.6,1560,32.2,118,9.7,5260.28,3799.6,0,0,0,0,0,0,0
0,303.5,311.6,1361,46.5,62,8.1,6627.35,2883.0,0,1,0,1,0,0,0
0,299.8,311.1,1412,42.5,181,11.3,6284.23,7692.5,0,0,0,0,0,0,0
0,301.5,310.5,1380,48.7,160,9.0,7037.8,7792.0,0,0,0,0,0,0,0
1,301.1,311.2,1384,49.4,48,10.1,7159.65,2371.2,0,0,0,0,0,0,0
1,303.7,312.8,1558,37.7,206,9.1,6150.88,7766.2,1,0,0,0,0,0,0
1,298.5,309.3,1512,38.1,170,10.8,6032.61,6477.0,0,0,0,0,0,0,0
0,299.1,308.5,1455,39.8,145,9.4,6064.22,5771.0,0,0,0,0,0,0,0
1,298.3,308.9,1390,49.7,23,10.6,7234.35,1143.1,0,0,0,0,0,0,0
0,299.6,310.2,1469,47.0,15,10.6,7230.17,705.0,0,0,0,0,0,0,0
0,300.3,311.5,1634,31.9,36,11.2,5458.48,1148.4,0,0,0,0,0,0,0
1,298.1,308.8,1628,37.6,12,10.7,6410.19,451.2,0,0,0,0,0,0,0
0,302.4,311.5,1785,24.8,45,9.1,4635.73,1116.0,0,0,0,0,0,0,0
1,298.0,309.2,1558,41.7,35,11.2,6803.5,1459.5,0,0,0,0,0,0,0
1,303.9,313.0,1901,22.5,110,9.1,4479.13,2475.0,0,0,0,0,0,0,0
0,301.3,310.1,1558,36.3,184,8.8,5922.47,6679.2,0,0,0,0,0,0,0
1,300.5,310.0,1415,43.5,98,9.5,6445.76,4263.0,0,0,0,0,0,0,0
1,299.8,309.5,1453,43.2,153,9.7,6573.22,6609.6,0,0,0,0,0,0,0
0,297.5,308.1,1631,30.6,146,10.6,5226.42,4467.6,0,0,0,0,0,0,0
1,297.4,308.1,1734,27.7,70,10.7,5029.88,1939.0,0,0,0,0,0,0,0
0,298.1,308.1,1791,27.3,63,10.0,5120.2,1719.9,0,0,0,0,0,0,0
1,297.4,308.5,1600,42.1,190,11.1,7053.92,7999.0,0,0,0,0,0,0,0
0,300.4,311.2,1351,62.0,18,10.8,8771.54,1116.0,0,0,0,0,0,0,0
0,298.4,309.5,1545,36.6,117,11.1,5921.59,4282.2,0,0,0,0,0,0,0
0,298.7,309.9,1541,38.5,208,11.2,6212.87,8008.0,1,0,0,0,0,0,0
1,299.9,309.4,1889,26.0,6,9.5,5143.21,156.0,0,0,0,0,0,0,0
0,303.7,312.8,1364,46.3,44,9.1,6613.39,2037.2,0,0,0,0,0,0,0
0,298.4,310.0,1559,44.2,23,11.6,7216.01,1016.6,0,0,0,0,0,0,0
0,302.4,310.3,1374,51.2,163,7.9,7366.91,8345.6,0,1,0,1,0,0,0
0,300.0,309.3,1887,22.6,120,9.3,4465.9,2712.0,0,0,0,0,0,0,0
0,297.5,308.6,1596,37.1,30,11.1,6200.62,1113.0,0,0,0,0,0,0,0
0,301.5,310.5,1702,28.7,135,9.0,5115.29,3874.5,0,0,0,0,0,0,0
0,300.6,311.7,1553,39.8,0,11.1,6472.67,0.0,0,0,0,0,0,0,0
0,298.4,309.6,1479,37.8,144,11.2,5854.48,5443.2,0,0,0,0,0,0,0
0,301.4,310.4,1737,31.9,96,9.0,5802.55,3062.4,0,0,0,0,0,0,0
0,299.9,310.4,1497,47.0,150,10.5,7367.98,7050.0,0,0,0,0,0,0,0
0,299.0,309.4,1798,25.5,89,10.4,4801.3,2269.5,0,0,0,0,0,0,0
1,299.8,310.0,1397,48.1,164,10.2,7036.72,7888.4,0,0,0,0,0,0,0
1,299.4,308.7,1487,52.6,205,9.3,8190.78,10783.0,1,0,0,0,0,0,0
0,300.2,311.4,1463,37.5,145,11.2,5745.19,5437.5,0,0,0,0,0,0,0
0,298.1,307.8,1565,35.3,119,9.7,5785.19,4200.7,0,0,0,0,0,0,0
1,303.8,313.0,1514,45.0,113,9.2,7134.56,5085.0,0,0,0,0,0,0,0
0,301.4,311.0,1334,53.3,157,9.6,7445.8,8368.1,0,0,0,0,0,0,0
0,299.1,310.4,1519,45.3,92,11.3,7205.84,4167.6,0,0,0,0,0,0,0
0,301.4,310.7,1509,38.3,95,9.3,6052.25,3638.5,0,0,0,0,0,0,0
0,303.0,311.2,1601,32.9,69,8.2,5515.89,2270.1,0,0,0,0,0,0,0
1,301.5,310.4,1378,55.3,109,8.9,7980.0,6027.7,0,0,0,0,0,0,0
0,302.6,310.3,1647,34.2,14,7.7,5898.59,478.8,0,0,0,0,0,0,0
1,299.3,309.2,1334,46.3,31,9.9,6467.93,1435.3,0,0,0,0,0,0,0
2,301.1,310.8,1792,25.8,121,9.7,4841.57,3121.8,0,0,0,0,0,0,0
1,303.7,312.0,2663,11.4,71,8.3,3179.1,809.4,0,1,0,0,1,0,0
2,300.9,311.3,1668,28.9,183,10.4,5048.04,5288.7,0,0,0,0,0,0,0
2,303.7,312.6,1514,35.5,138,8.9,5628.37,4899.0,0,0,0,0,0,0,0
0,301.6,310.6,1321,60.8,73,9.0,8410.76,4438.4,0,0,0,0,0,0,0
0,297.4,309.0,1583,32.0,166,11.6,5304.68,5312.0,0,0,0,0,0,0,0
1,300.2,311.6,1513,40.8,157,11.4,6464.39,6405.6,0,0,0,0,0,0,0
1,298.6,308.3,1717,28.7,29,9.7,5160.37,832.3,0,0,0,0,0,0,0
1,302.0,310.8,1783,23.1,190,8.8,4313.12,4389.0,0,0,0,0,0,0,0
0,302.3,311.0,1412,47.0,164,8.7,6949.62,7708.0,0,0,0,0,0,0,0
0,300.1,311.3,1535,42.3,92,11.2,6799.51,3891.6,0,0,0,0,0,0,0
1,298.3,307.8,1330,55.4,114,9.5,7715.96,6315.6,0,0,0,0,0,0,0
1,296.8,307.9,1418,47.9,127,11.1,7112.8,6083.3,0,0,0,0,0,0,0
0,298.0,307.8,1839,22.7,79,9.8,4371.56,1793.3,0,0,0,0,0,0,0
0,302.3,311.8,1435,44.8,98,9.5,6732.22,4390.4,0,0,0,0,0,0,0
1,301.3,310.0,1696,32.4,202,8.7,5754.39,6544.8,1,0,0,0,0,0,0
2,298.0,308.0,1479,50.7,70,10.0,7852.44,3549.0,0,0,0,0,0,0,0
0,300.1,309.5,1660,32.7,57,9.4,5684.4,1863.9,0,0,0,0,0,0,0
0,296.8,308.0,1561,38.3,9,11.2,6260.81,344.7,0,0,0,0,0,0,0
0,299.2,308.5,1381,60.6,59,9.3,8763.85,3575.4,0,0,0,0,0,0,0
0,300.3,309.1,1368,46.0,171,8.8,6589.8,7866.0,0,0,0,0,0,0,0
2,302.2,311.7,1413,46.5,147,9.5,6880.56,6835.5,0,0,0,0,0,0,0
0,298.7,309.8,1695,29.0,145,11.1,5147.5,4205.0,0,0,0,0,0,0,0
0,300.2,311.3,1487,36.9,71,11.1,5746.0,2619.9,0,0,0,0,0,0,0
1,301.3,309.9,1565,36.0,213,8.6,5899.91,7668.0,1,0,0,0,0,0,0
1,297.9,308.5,1449,40.8,157,10.6,6190.95,6405.6,0,0,0,0,0,0,0
0,302.2,310.7,1769,24.9,91,8.5,4612.71,2265.9,0,0,0,0,0,0,0
1,300.9,312.1,1851,23.0,156,11.2,4458.23,3588.0,0,0,0,0,0,0,0
0,297.8,309.0,1456,41.2,0,11.2,6281.84,0.0,0,0,0,0,0,0,0
0,300.1,309.7,2151,17.5,173,9.6,3941.91,3027.5,0,0,0,0,0,0,0
2,298.8,310.2,1707,27.6,56,11.4,4933.68,1545.6,0,0,0,0,0,0,0
2,297.4,308.3,1771,27.4,100,10.9,5081.57,2740.0,0,0,0,0,0,0,0
1,301.8,310.3,1666,32.7,19,8.5,5704.94,621.3,0,0,0,0,0,0,0
0,297.9,307.3,1502,36.7,12,9.4,5772.51,440.4,0,0,0,0,0,0,0
1,298.1,308.0,1543,41.9,73,9.9,6770.31,3058.7,0,0,0,0,0,0,0
1,300.4,309.8,1725,30.4,195,9.4,5491.5,5928.0,0,0,0,0,0,0,0
0,300.7,311.9,1419,47.7,179,11.2,7088.09,8538.3,0,0,0,0,0,0,0
0,303.7,312.4,1718,26.5,130,8.7,4767.58,3445.0,0,0,0,0,0,0,0
0,302.1,311.3,1477,43.6,196,9.2,6743.66,8545.6,0,0,0,0,0,0,0
2,297.5,308.1,1548,38.2,117,10.6,6192.46,4469.4,0,0,0,0,0,0,0
2,302.0,310.5,1812,24.4,138,8.5,4629.95,3367.2,0,0,0,0,0,0,0
1,301.1,310.5,1603,32.6,121,9.4,5472.42,3944.6,0,0,0,0,0,0,0
2,300.6,311.5,1282,60.2,24,10.9,8081.89,1444.8,0,0,0,0,0,0,0
1,300.4,311.8,1362,47.6,188,11.4,6789.11,8948.8,0,0,0,0,0,0,0
0,297.9,307.6,1481,38.0,40,9.7,5893.42,1520.0,0,0,0,0,0,0,0
1,302.3,311.8,1879,23.0,124,9.5,4525.67,2852.0,0,0,0,0,0,0,0
0,297.7,308.9,1662,28.1,19,11.2,4890.64,533.9,0,0,0,0,0,0,0
1,298.0,307.5,1524,36.3,98,9.5,5793.22,3557.4,0,0,0,0,0,0,0
0,297.2,308.6,1489,40.2,214,11.4,6268.29,8602.8,1,0,0,0,0,0,0
0,302.3,310.8,1723,26.3,213,8.5,4745.37,5601.9,1,0,0,0,0,0,0
1,299.4,308.9,1457,41.5,201,9.5,6331.93,8341.5,1,0,0,0,0,0,0
1,300.3,309.2,1490,47.9,163,8.9,7473.95,7807.7,0,0,0,0,0,0,0
0,296.8,307.9,1489,33.4,123,11.1,5207.99,4108.2,0,0,0,0,0,0,0
0,300.6,311.7,1744,26.9,111,11.1,4912.78,2985.9,0,0,0,0,0,0,0
2,298.2,307.6,1318,55.7,0,9.4,7687.75,0.0,0,0,0,0,0,0,0
0,298.6,310.0,1517,41.2,64,11.4,6545.03,2636.8,0,0,0,0,0,0,0
0,297.4,308.5,1486,48.6,75,11.1,7562.82,3645.0,0,0,0,0,0,0,0
0,303.8,313.1,1256,58.7,213,9.3,7720.69,12503.1,1,1,0,0,0,1,0
0,299.4,310.8,1424,47.7,109,11.4,7113.07,5199.3,0,0,0,0,0,0,0
0,300.0,311.3,1493,41.4,28,11.3,6472.75,1159.2,0,0,0,0,0,0,0
0,301.7,310.2,1471,51.1,8,8.5,7871.59,408.8,0,0,0,0,0,0,0
2,299.7,309.2,1355,44.8,127,9.5,6356.91,5689.6,0,0,0,0,0,0,0
1,299.3,308.7,1289,51.5,185,9.4,6951.66,9527.5,0,0,0,0,0,0,0
0,301.6,310.8,1392,42.4,3,9.2,6180.64,127.2,0,0,0,0,0,0,0
0,301.5,310.7,1323,49.7,79,9.2,6885.65,3926.3,0,0,0,0,0,0,0
1,298.0,308.6,1254,55.8,65,10.6,7327.58,3627.0,0,0,0,0,0,0,0
0,297.1,308.2,1402,51.2,186,11.1,7517.04,9523.2,0,0,0,0,0,0,0
0,302.3,310.9,1720,28.1,178,8.6,5061.32,5001.8,0,0,0,0,0,0,0
0,299.5,309.3,1941,22.5,18,9.8,4573.37,405.0,0,0,0,0,0,0,0
0,297.1,307.8,1406,60.4,133,10.7,8893.05,8033.2,0,0,0,0,0,0,0
0,296.8,307.9,1420,45.4,70,11.1,6751.07,3178.0,0,0,0,0,0,0,0
1,302.7,311.7,1759,29.9,5,9.0,5507.64,149.5,0,0,0,0,0,0,0
0,297.5,309.3,1470,38.8,197,11.8,5972.8,7643.6,0,0,0,0,0,0,0
0,298.2,308.9,1737,25.5,26,10.7,4638.4,663.0,0,0,0,0,0,0,0
0,297.2,308.5,1446,43.7,171,11.3,6617.26,7472.7,0,0,0,0,0,0,0
0,295.8,306.6,1508,46.5,99,10.8,7343.16,4603.5,0,0,0,0,0,0,0
0,303.3,311.5,1412,55.6,67,8.2,8221.25,3725.2,0,0,0,0,0,0,0
0,298.3,309.1,1537,43.0,123,10.8,6921.03,5289.0,0,0,0,0,0,0,0
1,300.8,312.0,1274,67.3,159,11.2,8978.69,10700.7,0,0,0,0,0,0,0
1,298.1,308.5,1463,45.9,3,10.4,7032.11,137.7,0,0,0,0,0,0,0
0,303.6,312.5,1286,62.4,101,8.9,8403.38,6302.4,0,0,0,0,0,0,0
0,301.7,311.0,1527,42.2,144,9.3,6748.08,6076.8,0,0,0,0,0,0,0
2,299.8,310.2,1411,49.7,161,10.4,7343.65,8001.7,0,0,0,0,0,0,0
0,302.5,312.0,1673,29.9,42,9.5,5238.36,1255.8,0,0,0,0,0,0,0
0,303.7,312.3,1349,51.0,105,8.6,7204.61,5355.0,0,0,0,0,0,0,0
1,299.0,310.0,2049,19.5,111,11.0,4184.13,2164.5,0,0,0,0,0,0,0
0,298.3,309.5,1542,36.7,134,11.2,5926.24,4917.8,0,0,0,0,0,0,0
1,299.7,309.2,1685,28.9,179,9.5,5099.49,5173.1,0,1,0,0,0,0,0
0,296.8,307.8,1565,39.5,124,11.0,6473.51,4898.0,0,0,0,0,0,0,0
2,298.1,308.0,1570,35.3,159,9.9,5803.67,5612.7,0,0,0,0,0,0,0
0,300.4,310.4,1286,56.8,46,10.0,7649.23,2612.8,0,0,0,0,0,0,0
0,298.2,307.9,1399,54.9,139,9.7,8043.01,7631.1,0,0,0,0,0,0,0
0,299.7,310.2,1458,43.4,28,10.5,6626.37,1215.2,0,0,0,0,0,0,0
0,300.7,309.8,1330,54.4,171,9.1,7576.68,9302.4,0,0,0,0,0,0,0
1,302.0,310.6,1479,40.5,24,8.6,6272.66,972.0,0,0,0,0,0,0,0
2,302.2,311.3,1749,29.2,5,9.1,5348.12,146.0,0,0,0,0,0,0,0
2,299.7,309.3,1494,37.8,214,9.6,5913.86,8089.2,1,0,0,0,0,0,0
0,303.6,313.0,1575,38.3,54,9.4,6316.96,2068.2,0,0,0,0,0,0,0
2,298.6,309.6,1449,42.5,16,11.0,6448.9,680.0,0,0,0,0,0,0,0
0,303.3,311.8,1842,24.5,67,8.5,4725.9,1641.5,0,0,0,0,0,0,0
1,297.7,308.9,1573,35.1,9,11.2,5781.82,315.9,0,0,0,0,0,0,0
0,302.4,310.3,1479,36.2,115,7.9,5606.67,4163.0,0,0,0,0,0,0,0
1,298.6,309.5,1580,33.9,70,10.9,5609.0,2373.0,0,0,0,0,0,0,0
0,299.6,309.1,1641,35.8,81,9.5,6152.06,2899.8,0,0,0,0,0,0,0
0,298.5,309.3,1630,33.3,116,10.8,5684.08,3862.8,0,0,0,0,0,0,0
0,298.2,308.3,2057,18.0,168,10.1,3877.35,3024.0,0,0,0,0,0,0,0
1,302.5,311.8,2023,19.1,74,9.3,4046.3,1413.4,0,0,0,0,0,0,0
1,301.1,310.6,1429,52.7,35,9.5,7886.27,1844.5,0,0,0,0,0,0,0
0,303.4,311.9,1491,38.2,26,8.5,5964.44,993.2,0,0,0,0,0,0,0
0,301.8,310.1,1738,28.0,58,8.3,5096.08,1624.0,0,0,0,0,0,0,0
2,301.1,311.3,2207,16.6,43,10.2,3836.53,713.8,0,0,0,0,0,0,0
0,295.5,305.9,1542,36.2,12,10.4,5845.5,434.4,0,0,0,0,0,0,0
2,298.2,307.6,1460,48.6,204,9.4,7430.49,9914.4,1,0,0,0,0,0,0
0,302.4,311.1,1634,34.2,184,8.7,5852.03,6292.8,0,0,0,0,0,0,0
1,303.7,312.9,1444,52.7,46,9.2,7969.05,2424.2,0,0,0,0,0,0,0
0,298.2,309.0,1610,31.7,155,10.8,5344.58,4913.5,0,0,0,0,0,0,0
1,298.1,309.0,1533,36.1,189,10.9,5795.33,6822.9,0,0,0,0,0,0,0
1,300.4,311.2,1831,23.4,133,10.8,4486.76,3112.2,0,0,0,0,0,0,0
1,298.2,308.8,1456,41.2,150,10.6,6281.84,6180.0,0,0,0,0,0,0,0
0,301.9,310.8,1519,39.0,90,8.9,6203.7,3510.0,0,0,0,0,0,0,0
0,299.9,309.5,2008,20.4,165,9.6,4289.66,3366.0,0,0,0,0,0,0,0
0,302.1,311.2,1454,59.2,153,9.1,9013.94,9057.6,0,1,0,0,1,0,0
0,297.4,308.2,1297,52.1,211,10.8,7076.3,10993.1,1,0,0,0,0,0,0
1,300.2,309.6,1556,35.8,36,9.4,5833.39,1288.8,0,0,0,0,0,0,0
2,300.7,311.7,1864,23.6,47,11.0,4606.66,1109.2,0,0,0,0,0,0,0
0,296.3,307.1,1560,33.2,186,10.8,5423.65,6175.2,0,0,0,0,0,0,0
0,300.6,310.3,1414,50.6,25,9.7,7492.53,1265.0,0,0,0,0,0,0,0
2,297.7,308.8,1469,43.7,96,11.1,6722.52,4195.2,0,0,0,0,0,0,0
0,295.6,306.1,1474,41.2,156,10.5,6359.51,6427.2,0,0,0,0,0,0,0
2,298.3,309.1,1646,30.2,125,10.8,5205.54,3775.0,0,0,0,0,0,0,0
1,298.1,308.8,1394,47.9,70,10.7,6992.41,3353.0,0,0,0,0,0,0,0
1,298.1,308.1,1452,40.8,56,10.0,6203.77,2284.8,0,0,0,0,0,0,0
0,303.9,312.8,1419,47.9,196,8.9,7117.81,9388.4,0,0,0,0,0,0,0
1,301.4,310.6,1464,48.6,96,9.2,7450.85,4665.6,0,0,0,0,0,0,0
0,301.7,310.5,1523,34.7,181,8.8,5534.24,6280.7,0,0,0,0,0,0,0
1,302.4,310.2,1392,55.8,143,7.8,8133.96,7979.4,0,0,0,0,0,0,0
1,301.2,310.8,1396,47.4,5,9.6,6929.35,237.0,0,0,0,0,0,0,0
1,295.6,306.2,1584,33.6,81,10.6,5573.44,2721.6,0,0,0,0,0,0,0
2,297.7,307.6,1538,38.3,63,9.9,6168.56,2412.9,0,0,0,0,0,0,0
0,301.2,310.7,1551,41.2,82,9.5,6691.72,3378.4,0,0,0,0,0,0,0
0,301.7,310.6,1545,42.1,68,8.9,6811.44,2862.8,0,0,0,0,0,0,0
0,298.9,308.5,1387,57.3,154,9.6,8322.61,8824.2,0,0,0,0,0,0,0
2,297.1,307.9,1365,54.0,174,10.8,7718.89,9396.0,0,0,0,0,0,0,0
0,303.3,311.8,1692,30.6,18,8.5,5421.89,550.8,0,0,0,0,0,0,0
0,301.1,309.8,1493,38.9,149,8.7,6081.88,5796.1,0,0,0,0,0,0,0
0,301.7,310.2,1331,61.2,47,8.5,8530.18,2876.4,0,1,0,1,0,0,0
2,300.9,310.9,1474,35.7,175,10.0,5510.54,6247.5,0,0,0,0,0,0,0
0,300.1,311.1,1619,33.4,186,11.0,5662.68,6212.4,0,0,0,0,0,0,0
0,298.9,310.5,1717,26.9,17,11.6,4836.72,457.3,0,0,0,0,0,0,0
1,298.3,307.7,1520,41.4,10,9.4,6589.8,414.0,0,0,0,0,0,0,0
0,296.8,307.9,1718,25.2,148,11.1,4533.7,3729.6,0,0,0,0,0,0,0
0,302.4,310.2,1331,45.5,53,7.8,6341.88,2411.5,0,1,0,1,0,0,0
1,298.9,309.2,1581,36.7,101,10.3,6076.12,3706.7,0,0,0,0,0,0,0
1,301.4,310.9,1489,38.9,179,9.5,6065.59,6963.1,0,0,0,0,0,0,0
2,300.1,309.1,1560,35.4,14,9.0,5783.04,495.6,0,0,0,0,0,0,0
0,300.2,309.8,1481,41.9,106,9.6,6498.27,4441.4,0,0,0,0,0,0,0
0,299.1,308.5,1371,55.5,159,9.4,7968.18,8824.5,0,0,0,0,0,0,0
0,298.5,309.4,1560,37.9,37,10.9,6191.45,1402.3,0,0,0,0,0,0,0
0,298.2,309.4,1447,47.1,185,11.2,7137.04,8713.5,0,0,0,0,0,0,0
1,295.7,306.4,1387,40.1,81,10.7,5824.38,3248.1,0,0,0,0,0,0,0
0,300.2,309.8,1401,49.3,163,9.6,7232.92,8035.9,0,0,0,0,0,0,0
0,298.6,309.9,1564,37.1,30,11.3,6076.3,1113.0,0,0,0,0,0,0,0
0,297.1,308.1,1584,36.8,215,11.0,6104.24,7912.0,1,0,0,0,0,0,0
0,303.6,313.1,1405,38.3,58,9.5,5635.13,2221.4,0,0,0,0,0,0,0
1,302.8,312.2,1469,36.9,143,9.4,5676.45,5276.7,0,0,0,0,0,0,0
0,298.6,309.8,1332,46.4,76,11.2,6472.18,3526.4,0,0,0,0,0,0,0
2,297.9,307.6,1418,43.0,207,9.7,6385.18,8901.0,1,0,0,0,0,0,0
1,297.3,308.1,1731,27.7,42,10.8,5021.18,1163.4,0,0,0,0,0,0,0
0,301.5,310.5,1589,36.7,118,9.0,6106.87,4330.6,0,0,0,0,0,0,0
0,299.2,308.7,1492,37.8,91,9.5,5905.94,3439.8,0,0,0,0,0,0,0
1,301.9,310.6,1260,65.9,29,8.7,8695.3,1911.1,0,0,0,0,0,0,0
0,301.6,310.7,1679,29.5,10,9.1,5186.82,295.0,0,0,0,0,0,0,0
2,298.7,309.2,1449,42.3,182,10.5,6418.56,7698.6,0,0,0,0,0,0,0
0,300.4,311.6,1517,39.0,45,11.2,6195.53,1755.0,0,0,0,0,0,0,0
0,300.5,311.6,1525,37.6,191,11.1,6004.63,7181.6,0,0,0,0,0,0,0
1,303.0,311.1,1428,39.8,181,8.1,5951.68,7203.8,0,0,0,0,0,0,0
0,298.6,309.5,1450,44.2,63,10.9,6711.49,2784.6,0,0,0,0,0,0,0
0,301.2,310.3,1451,39.7,123,9.1,6032.35,4883.1,0,0,0,0,0,0,0
0,297.4,309.2,1274,54.3,121,11.8,7244.32,6570.3,0,0,0,0,0,0,0
0,298.1,307.6,1460,46.5,143,9.5,7109.42,6649.5,0,0,0,0,0,0,0
0,301.9,309.9,1374,48.5,180,8.0,6978.42,8730.0,0,1,0,1,0,0,0
2,302.2,311.5,1482,42.6,16,9.3,6611.29,681.6,0,0,0,0,0,0,0
0,300.5,311.4,1445,41.5,66,10.9,6279.78,2739.0,0,0,0,0,0,0,0
0,300.6,310.8,1375,53.2,179,10.2,7660.25,9522.8,0,0,0,0,0,0,0
0,300.6,311.7,1507,45.5,74,11.1,7180.48,3367.0,0,0,0,0,0,0,0
0,298.0,308.7,1619,40.1,45,10.7,6798.61,1804.5,0,0,0,0,0,0,0
1,298.9,310.2,1331,49.0,121,11.3,6829.72,5929.0,0,0,0,0,0,0,0
0,298.4,309.7,1518,39.8,165,11.3,6326.79,6567.0,0,0,0,0,0,0,0
1,301.2,310.7,1426,46.1,67,9.5,6884.13,3088.7,0,0,0,0,0,0,0
0,301.1,311.7,1816,24.5,7,10.6,4659.19,171.5,0,0,0,0,0,0,0
0,300.4,310.0,1423,44.2,189,9.6,6586.52,8353.8,0,0,0,0,0,0,0
0,297.6,308.4,1407,55.2,86,10.8,8133.21,4747.2,0,0,0,0,0,0,0
0,301.3,310.6,1426,40.7,54,9.3,6077.75,2197.8,0,0,0,0,0,0,0
0,298.9,310.5,1640,29.2,195,11.6,5014.82,5694.0,0,0,0,0,0,0,0
0,299.4,309.4,1701,31.2,199,10.0,5557.6,6208.8,0,0,0,0,0,0,0
0,301.3,310.1,1269,56.8,195,8.8,7548.12,11076.0,0,1,0,0,0,1,0
0,299.8,311.1,2144,17.7,190,11.3,3973.99,3363.0,0,0,0,0,0,0,0
0,304.5,313.7,1670,32.9,7,9.2,5753.62,230.3,0,0,0,0,0,0,0
2,299.0,310.0,1387,45.2,110,11.0,6565.13,4972.0,0,0,0,0,0,0,0
1,297.4,308.6,1901,22.1,81,11.2,4399.5,1790.1,0,0,0,0,0,0,0
0,300.0,309.7,1542,47.1,25,9.7,7605.61,1177.5,0,0,0,0,0,0,0
1,300.7,310.3,1471,40.2,59,9.6,6192.52,2371.8,0,0,0,0,0,0,0
0,302.0,310.6,1583,38.9,94,8.6,6448.51,3656.6,0,0,0,0,0,0,0
0,303.1,311.2,1626,32.3,21,8.1,5499.86,678.3,0,0,0,0,0,0,0
1,300.9,310.3,1416,50.9,152,9.4,7547.61,7736.8,0,0,0,0,0,0,0
1,295.7,306.2,1739,25.9,94,10.5,4716.59,2434.6,0,0,0,0,0,0,0
1,297.5,308.4,1505,37.2,215,10.9,5862.84,7998.0,1,0,0,0,0,0,0
0,300.8,311.6,1516,35.6,14,10.8,5651.68,498.4,0,0,0,0,0,0,0
2,298.3,309.1,1484,37.0,28,10.8,5749.95,1036.0,0,0,0,0,0,0,0
1,301.2,311.5,1498,49.5,3,10.3,7765.07,148.5,0,0,0,0,0,0,0
0,300.7,312.1,1512,36.9,153,11.4,5842.61,5645.7,0,0,0,0,0,0,0
1,302.2,310.8,1562,38.1,78,8.6,6232.1,2971.8,0,0,0,0,0,0,0
2,301.6,310.7,1414,51.7,197,9.1,7655.41,10184.9,0,0,0,0,0,0,0
0,301.1,311.1,1508,41.5,184,10.0,6553.57,7636.0,0,0,0,0,0,0,0
0,297.3,308.5,1398,60.4,12,11.2,8842.45,724.8,0,0,0,0,0,0,0
1,297.3,308.7,1577,35.6,133,11.4,5879.09,4734.8,0,0,0,0,0,0,0
0,298.9,308.7,1356,50.7,185,9.8,7199.4,9379.5,0,0,0,0,0,0,0
0,300.7,310.1,1598,32.8,79,9.4,5488.82,2591.2,0,0,0,0,0,0,0
0,297.2,308.7,1669,30.7,72,11.5,5365.66,2210.4,0,0,0,0,0,0,0
1,301.0,311.5,1550,34.9,162,10.5,5664.82,5653.8,0,0,0,0,0,0,0
0,299.8,309.5,1545,32.2,18,9.7,5209.7,579.6,0,0,0,0,0,0,0
0,300.2,311.4,1433,37.9,36,11.2,5687.4,1364.4,0,0,0,0,0,0,0
0,298.6,309.5,1687,29.3,47,10.9,5176.2,1377.1,0,0,0,0,0,0,0
0,302.3,311.6,1544,34.3,0,9.3,5545.87,0.0,0,0,0,0,0,0,0
1,301.0,310.9,1575,34.6,150,9.9,5706.7,5190.0,0,0,0,0,0,0,0
0,297.6,308.3,1424,53.9,132,10.7,8037.62,7114.8,0,0,0,0,0,0,0
2,302.2,311.9,1597,35.8,160,9.7,5987.1,5728.0,0,0,0,0,0,0,0
0,302.7,310.5,1263,67.8,197,7.8,8967.3,13356.6,0,1,0,1,0,1,0
0,299.7,309.6,1512,36.2,172,9.9,5731.77,6226.4,0,0,0,0,0,0,0
1,300.6,311.0,1401,54.6,94,10.4,8010.5,5132.4,0,0,0,0,0,0,0
0,300.1,311.3,1676,30.3,151,11.2,5317.96,4575.3,0,0,0,0,0,0,0
1,296.7,307.8,1537,36.3,233,11.1,5842.64,8457.9,1,0,0,0,0,0,0
0,302.5,310.5,1463,43.0,189,8.0,6587.82,8127.0,0,0,0,0,0,0,0
1,301.9,310.4,1373,48.0,73,8.5,6901.45,3504.0,0,1,0,1,0,0,0
0,297.5,308.5,1530,38.5,93,11.0,6168.52,3580.5,0,0,0,0,0,0,0
1,297.9,307.9,1540,39.8,38,10.0,6418.48,1512.4,0,0,0,0,0,0,0
0,296.8,307.6,1368,52.0,140,10.8,7449.34,7280.0,0,0,0,0,0,0,0
0,297.2,308.3,1569,31.2,63,11.1,5126.33,1965.6,0,0,0,0,0,0,0
1,297.6,308.2,1995,20.5,10,10.6,4282.78,205.0,0,0,0,0,0,0,0
1,297.5,308.6,1349,51.5,21,11.1,7275.25,1081.5,0,0,0,0,0,0,0
1,298.0,307.6,1301,58.5,155,9.6,7970.06,9067.5,0,0,0,0,0,0,0
0,300.2,309.8,1506,41.8,161,9.6,6592.19,6729.8,0,0,0,0,0,0,0
2,297.8,309.4,1445,48.2,10,11.6,7293.63,482.0,0,0,0,0,0,0,0
0,301.7,310.1,1402,50.1,3,8.4,7355.54,150.3,0,0,0,0,0,0,0
1,298.9,310.2,2099,20.0,98,11.3,4396.14,1960.0,0,0,0,0,0,0,0
1,298.3,309.4,1509,34.2,141,11.1,5404.36,4822.2,0,0,0,0,0,0,0
1,300.3,311.4,1554,34.3,99,11.1,5581.79,3395.7,0,0,0,0,0,0,0
1,297.6,308.3,1567,34.6,71,10.7,5677.72,2456.6,0,0,0,0,0,0,0
1,299.7,309.0,1645,31.9,155,9.3,5495.22,4944.5,0,0,0,0,0,0,0
0,301.7,310.1,1384,50.5,38,8.4,7319.07,1919.0,0,0,0,0,0,0,0
2,299.4,308.9,1762,29.3,91,9.5,5406.32,2666.3,0,0,0,0,0,0,0
0,303.5,311.6,1577,38.1,112,8.1,6291.95,4267.2,0,0,0,0,0,0,0
0,298.0,308.0,1615,29.5,15,10.0,4989.11,442.5,0,0,0,0,0,0,0
0,300.2,311.6,1606,31.0,199,11.4,5213.58,6169.0,0,0,0,0,0,0,0
0,302.8,312.3,1386,57.8,172,9.5,8389.18,9941.6,0,0,0,0,0,0,0
0,298.2,308.7,1428,54.9,45,10.5,8209.74,2470.5,0,0,0,0,0,0,0
0,302.6,312.1,1473,37.3,184,9.5,5753.61,6863.2,0,0,0,0,0,0,0
1,300.0,311.4,1466,39.0,125,11.4,5987.25,4875.0,0,0,0,0,0,0,0
0,299.9,311.3,1371,52.3,167,11.4,7508.75,8734.1,0,0,0,0,0,0,0
0,300.5,311.5,1661,35.9,110,11.0,6244.43,3949.0,0,0,0,0,0,0,0
1,300.9,310.7,1485,41.0,181,9.8,6375.86,7421.0,0,0,0,0,0,0,0
1,303.0,311.2,1460,43.9,103,8.2,6711.91,4521.7,0,0,0,0,0,0,0
1,298.7,309.5,1487,33.6,183,10.8,5232.13,6148.8,0,0,0,0,0,0,0
1,304.3,313.6,1585,32.1,202,9.3,5327.98,6484.2,1,0,0,0,0,0,0
1,300.7,309.6,1568,35.2,82,8.9,5779.86,2886.4,0,0,0,0,0,0,0
1,300.5,309.9,1466,53.2,172,9.4,8167.22,9150.4,0,0,0,0,0,0,0
0,296.7,307.9,1420,50.1,138,11.2,7449.97,6913.8,0,0,0,0,0,0,0
1,298.1,308.9,1459,50.3,115,10.8,7685.14,5784.5,0,0,0,0,0,0,0
2,298.3,309.5,1521,37.1,84,11.2,5909.24,3116.4,0,0,0,0,0,0,0
1,297.9,309.0,1530,40.9,42,11.1,6553.05,1717.8,0,0,0,0,0,0,0
1,298.7,310.0,1519,38.1,198,11.3,6060.54,7543.8,0,0,0,0,0,0,0
2,297.5,308.9,1419,50.7,7,11.4,7533.88,354.9,0,0,0,0,0,0,0
0,297.6,309.0,1822,25.4,202,11.4,4846.3,5130.8,1,0,0,0,0,0,0
1,300.3,309.8,1617,40.8,158,9.5,6908.74,6446.4,0,0,0,0,0,0,0
1,297.9,307.6,1202,67.0,129,9.7,8433.5,8643.0,0,0,0,0,0,0,0
1,298.4,309.2,1491,51.2,13,10.8,7994.22,665.6,0,0,0,0,0,0,0
1,298.9,308.6,1425,49.6,35,9.7,7401.59,1736.0,0,0,0,0,0,0,0
1,295.5,306.1,1822,24.3,164,10.6,4636.43,3985.2,0,0,0,0,0,0,0
0,298.6,309.7,1703,26.1,5,11.1,4654.62,130.5,0,0,0,0,0,0,0
0,302.4,311.9,1578,29.9,44,9.5,4940.91,1315.6,0,0,0,0,0,0,0
0,298.3,309.0,1519,36.9,41,10.7,5869.66,1512.9,0,0,0,0,0,0,0
0,302.1,311.2,1369,50.8,164,9.1,7282.76,8331.2,0,0,0,0,0,0,0
0,302.5,311.9,1553,40.1,187,9.4,6521.45,7498.7,0,0,0,0,0,0,0
0,298.0,308.7,1626,36.7,210,10.7,6249.07,7707.0,1,0,0,0,0,0,0
0,300.7,309.5,1578,35.4,34,8.8,5849.77,1203.6,0,0,0,0,0,0,0
0,298.6,309.8,1469,42.8,205,11.2,6584.07,8774.0,1,0,0,0,0,0,0
0,301.0,311.0,1399,58.0,190,10.0,8497.17,11020.0,0,1,0,0,0,1,0
0,300.2,311.0,1255,71.8,149,10.8,9436.19,10698.2,0,1,0,0,1,0,0
0,300.6,311.1,1471,40.7,26,10.5,6269.54,1058.2,0,0,0,0,0,0,0
0,296.2,307.1,1441,41.7,3,10.9,6292.58,125.1,0,0,0,0,0,0,0
0,299.1,308.8,1502,46.7,197,9.7,7345.4,9199.9,0,0,0,0,0,0,0
0,300.4,311.2,1471,46.5,164,10.8,7162.99,7626.0,0,0,0,0,0,0,0
2,298.5,308.4,1612,36.1,174,9.9,6093.98,6281.4,0,0,0,0,0,0,0
0,300.4,311.9,1868,21.3,92,11.5,4166.63,1959.6,0,0,0,0,0,0,0
0,298.3,307.8,1906,22.1,104,9.5,4411.07,2298.4,0,0,0,0,0,0,0
0,299.4,310.8,1391,48.9,139,11.4,7123.03,6797.1,0,0,0,0,0,0,0
1,298.1,308.2,1654,35.3,155,10.1,6114.19,5471.5,0,0,0,0,0,0,0
0,297.3,308.5,1504,42.0,142,11.2,6614.94,5964.0,0,0,0,0,0,0,0
0,302.0,310.1,1361,45.4,174,8.1,6470.57,7899.6,0,1,0,1,0,0,0
1,297.6,308.8,1453,39.7,69,11.2,6040.66,2739.3,0,0,0,0,0,0,0
1,297.9,309.0,1525,38.5,113,11.1,6148.36,4350.5,0,0,0,0,0,0,0
0,296.7,307.8,1453,46.0,33,11.1,6999.26,1518.0,0,0,0,0,0,0,0
1,297.5,308.6,1327,52.1,24,11.1,7239.98,1250.4,0,0,0,0,0,0,0
0,297.7,307.4,1764,29.0,139,9.7,5357.04,4031.0,0,0,0,0,0,0,0
2,300.5,310.7,1654,28.6,161,10.2,4953.71,4604.6,0,0,0,0,0,0,0
1,303.4,311.9,1419,50.9,39,8.5,7563.6,1985.1,0,0,0,0,0,0,0
0,303.9,313.2,1590,31.9,5,9.3,5311.49,159.5,0,0,0,0,0,0,0
0,301.7,311.2,1482,43.6,154,9.5,6766.49,6714.4,0,0,0,0,0,0,0
0,301.1,310.9,1282,67.9,10,9.8,9115.62,679.0,0,1,0,0,1,0,0
0,298.9,310.4,1546,37.7,159,11.5,6103.51,5994.3,0,0,0,0,0,0,0
0,297.9,307.4,1606,35.5,14,9.5,5970.39,497.0,0,0,0,0,0,0,0
2,297.0,308.1,1410,47.6,79,11.1,7028.37,3760.4,0,0,0,0,0,0,0
1,302.4,310.7,1521,40.4,152,8.3,6434.86,6140.8,0,0,0,0,0,0,0
0,298.2,308.4,1478,42.9,183,10.2,6639.88,7850.7,0,0,0,0,0,0,0
0,298.2,308.3,1304,49.8,45,10.1,6800.42,2241.0,0,0,0,0,0,0,0
1,300.5,309.9,1483,49.3,124,9.4,7656.26,6113.2,0,0,0,0,0,0,0
1,298.8,308.6,1707,28.1,103,9.8,5023.06,2894.3,0,0,0,0,0,0,0
1,300.5,312.0,1779,27.7,46,11.5,5160.41,1274.2,0,0,0,0,0,0,0
1,303.4,312.2,1561,38.2,45,8.8,6244.46,1719.0,0,0,0,0,0,0,0
1,303.7,312.7,1669,31.7,120,9.0,5540.44,3804.0,0,0,0,0,0,0,0
0,300.6,311.9,1413,41.3,43,11.3,6111.12,1775.9,0,0,0,0,0,0,0
0,296.9,307.8,1605,37.0,84,10.9,6218.78,3108.0,0,0,0,0,0,0,0
1,301.9,309.7,1568,37.5,135,7.8,6157.52,5062.5,0,0,0,0,0,0,0
0,301.8,310.6,1451,50.7,108,8.8,7703.78,5475.6,0,0,0,0,0,0,0
0,302.4,310.1,1906,21.2,110,7.7,4231.43,2332.0,0,0,0,0,0,0,0
0,301.4,310.4,1334,43.2,133,9.0,6034.87,5745.6,0,0,0,0,0,0,0
2,300.2,311.6,1547,37.7,217,11.4,6107.46,8180.9,1,0,0,0,0,0,0
0,302.0,309.9,1388,51.4,183,7.9,7471.04,9406.2,0,0,0,0,0,0,0
0,299.2,308.4,1350,51.3,96,9.2,7252.37,4924.8,0,0,0,0,0,0,0
0,297.4,309.0,1570,37.9,154,11.6,6231.14,5836.6,0,0,0,0,0,0,0
0,299.0,310.1,1375,48.9,59,11.1,7041.09,2885.1,0,0,0,0,0,0,0
0,298.3,308.6,1570,34.8,175,10.3,5721.47,6090.0,0,0,0,0,0,0,0
2,298.4,308.2,1987,19.8,198,9.8,4119.95,3920.4,0,0,0,0,0,0,0
2,295.6,306.1,1256,62.3,142,10.5,8194.2,8846.6,0,0,0,0,0,0,0
1,296.7,307.4,1533,32.5,182,10.7,5217.4,5915.0,0,0,0,0,0,0,0
0,302.3,310.9,1377,46.8,166,8.6,6748.52,7768.8,0,1,0,1,0,0,0
1,301.3,311.0,1463,50.2,214,9.7,7690.89,10742.8,1,0,0,0,0,0,0
1,298.3,308.5,1434,46.2,148,10.2,6937.77,6837.6,0,0,0,0,0,0,0
0,300.3,310.4,1336,54.4,52,10.1,7610.86,2828.8,0,0,0,0,0,0,0
1,298.1,308.1,1390,49.8,85,10.0,7248.91,4233.0,0,0,0,0,0,0,0
0,302.4,311.1,1880,24.5,156,8.7,4823.39,3822.0,0,0,0,0,0,0,0
0,300.3,309.8,1466,41.2,156,9.5,6324.99,6427.2,0,0,0,0,0,0,0
1,300.4,311.7,1478,39.9,185,11.3,6175.55,7381.5,0,0,0,0,0,0,0
2,297.2,308.1,1770,27.2,140,10.9,5041.63,3808.0,0,0,0,0,0,0,0
0,300.3,309.1,1699,30.3,178,8.8,5390.94,5393.4,0,0,0,0,0,0,0
0,298.0,308.6,1610,33.1,56,10.6,5580.62,1853.6,0,0,0,0,0,0,0
0,300.2,311.5,1549,37.2,67,11.3,6034.25,2492.4,0,0,0,0,0,0,0
0,301.0,310.9,1392,52.9,173,9.9,7711.23,9151.7,0,0,0,0,0,0,0
0,303.9,313.0,1433,48.4,178,9.1,7263.07,8615.2,0,0,0,0,0,0,0
1,302.2,311.6,1379,42.9,13,9.4,6195.13,557.7,0,0,0,0,0,0,0
0,302.4,311.0,1555,40.6,205,8.6,6611.27,8323.0,1,0,0,0,0,0,0
1,302.3,311.7,1442,41.7,127,9.4,6296.95,5295.9,0,0,0,0,0,0,0
0,302.1,311.4,1603,35.9,104,9.3,6026.38,3733.6,0,0,0,0,0,0,0
1,297.0,307.8,1579,34.1,94,10.8,5638.52,3205.4,0,0,0,0,0,0,0
0,302.3,311.3,1652,32.8,108,9.0,5674.3,3542.4,0,0,0,0,0,0,0
2,300.4,309.8,1409,47.5,138,9.4,7008.63,6555.0,0,0,0,0,0,0,0
1,298.8,309.8,1490,38.6,127,11.0,6022.85,4902.2,0,0,0,0,0,0,0
1,301.8,311.1,1597,29.8,177,9.3,4983.68,5274.6,0,0,0,0,0,0,0
0,300.9,312.1,1423,40.2,63,11.2,5990.45,2532.6,0,0,0,0,0,0,0
0,302.6,312.3,1534,34.3,31,9.7,5509.96,1063.3,0,0,0,0,0,0,0
1,300.2,310.1,1474,44.0,198,9.9,6791.7,8712.0,0,0,0,0,0,0,0
1,304.2,313.5,1739,28.1,80,9.3,5117.23,2248.0,0,0,0,0,0,0,0
0,298.2,307.8,2029,19.9,96,9.6,4228.28,1910.4,0,0,0,0,0,0,0
0,295.7,306.2,2270,14.6,149,10.5,3470.62,2175.4,0,1,0,0,1,0,0
1,302.1,311.5,1383,53.6,108,9.4,7762.75,5788.8,0,0,0,0,0,0,0
1,298.9,310.1,1469,53.2,189,11.2,8183.93,10054.8,0,0,0,0,0,0,0
1,301.5,310.4,1350,54.9,153,8.9,7761.3,8399.7,0,0,0,0,0,0,0
0,298.6,310.0,1522,40.3,32,11.4,6423.15,1289.6,0,0,0,0,0,0,0
1,301.0,310.9,1765,24.2,179,9.9,4472.89,4331.8,0,0,0,0,0,0,0
0,299.8,309.2,1504,38.7,212,9.4,6095.19,8204.4,1,0,0,0,0,0,0
1,300.7,310.8,1724,30.0,76,10.1,5416.11,2280.0,0,0,0,0,0,0,0
0,300.0,311.4,1484,37.0,183,11.4,5749.95,6771.0,0,0,0,0,0,0,0
0,300.9,310.1,2090,17.8,133,9.2,3895.78,2367.4,0,0,0,0,0,0,0
0,302.4,310.3,1900,24.4,113,7.9,4854.81,2757.2,0,0,0,0,0,0,0
1,301.2,312.4,1505,39.6,102,11.2,6241.09,4039.2,0,0,0,0,0,0,0
0,302.2,311.3,1378,55.5,35,9.1,8008.86,1942.5,0,0,0,0,0,0,0
0,303.5,313.0,1547,40.3,73,9.5,6528.66,2941.9,0,0,0,0,0,0,0
1,299.7,311.1,1649,32.7,185,11.4,5646.73,6049.5,0,0,0,0,0,0,0
0,301.9,311.3,1501,40.8,59,9.4,6413.12,2407.2,0,0,0,0,0,0,0
0,297.6,308.6,1326,62.4,173,11.0,8664.76,10795.2,0,0,0,0,0,0,0
0,302.9,310.8,1610,32.2,17,7.9,5428.88,547.4,0,0,0,0,0,0,0
0,300.7,310.9,1637,37.2,115,10.2,6377.06,4278.0,0,0,0,0,0,0,0
0,300.1,309.4,1694,27.4,44,9.3,4860.63,1205.6,0,0,0,0,0,0,0
1,301.6,310.4,1452,45.7,164,8.8,6948.83,7494.8,0,0,0,0,0,0,0
0,297.4,308.3,1284,60.3,50,10.9,8107.95,3015.0,0,0,0,0,0,0,0
2,298.2,308.3,1824,24.2,49,10.1,4622.41,1185.8,0,0,0,0,0,0,0
0,301.0,310.9,1570,34.0,192,9.9,5589.94,6528.0,0,0,0,0,0,0,0
0,295.6,306.3,1911,20.9,74,10.7,4182.5,1546.6,0,0,0,0,0,0,0
0,303.8,313.1,1394,45.4,36,9.3,6627.46,1634.4,0,0,0,0,0,0,0
0,299.5,309.4,1602,31.5,193,9.9,5284.47,6079.5,0,0,0,0,0,0,0
0,300.1,311.3,1305,64.7,66,11.2,8841.86,4270.2,0,0,0,0,0,0,0
2,300.9,310.7,1609,28.7,39,9.8,4835.78,1119.3,0,0,0,0,0,0,0
1,302.9,312.3,1426,44.7,157,9.4,6675.07,7017.9,0,0,0,0,0,0,0
1,298.0,307.7,1621,34.9,194,9.7,5924.3,6770.6,0,0,0,0,0,0,0
0,301.4,310.6,1578,33.0,181,9.2,5453.18,5973.0,0,0,0,0,0,0,0
0,299.1,310.3,1411,42.1,74,11.2,6220.68,3115.4,0,0,0,0,0,0,0
0,299.0,308.7,2248,16.8,204,9.7,3954.89,3427.2,1,0,0,0,0,0,0
0,301.9,311.0,1541,38.9,193,9.1,6277.42,7507.7,0,0,0,0,0,0,0
0,298.5,309.9,1482,42.1,15,11.4,6533.7,631.5,0,0,0,0,0,0,0
0,301.8,310.3,1341,50.5,64,8.5,7091.67,3232.0,0,1,0,1,0,0,0
1,298.9,310.0,1323,52.9,106,11.1,7328.99,5607.4,0,0,0,0,0,0,0
0,300.7,310.1,1542,35.5,191,9.4,5732.46,6780.5,0,0,0,0,0,0,0
2,297.2,308.5,1482,39.3,187,11.3,6099.15,7349.1,0,0,0,0,0,0,0
2,304.0,313.2,1612,31.7,206,9.2,5351.22,6530.2,1,0,0,0,0,0,0
0,300.1,311.5,1454,52.4,90,11.4,7978.56,4716.0,0,0,0,0,0,0,0
0,298.4,308.1,1279,53.1,9,9.7,7112.03,477.9,0,0,0,0,0,0,0
0,297.3,308.5,1503,43.3,90,11.2,6815.15,3897.0,0,0,0,0,0,0,0
0,303.7,312.8,1832,23.6,35,9.1,4527.58,826.0,0,0,0,0,0,0,0
0,300.1,310.1,1306,64.7,57,10.0,8848.63,3687.9,0,0,0,0,0,0,0
0,299.4,310.4,1582,31.7,181,11.0,5251.63,5737.7,0,0,0,0,0,0,0
1,298.6,309.6,1397,54.1,47,11.0,7914.48,2542.7,0,0,0,0,0,0,0
0,299.2,308.5,1370,52.4,61,9.3,7517.62,3196.4,0,0,0,0,0,0,0
1,301.5,310.6,1382,58.1,67,9.1,8408.39,3892.7,0,0,0,0,0,0,0
0,299.0,308.7,1706,28.6,206,9.7,5109.44,5891.6,1,0,0,0,0,0,0
1,300.7,311.0,1418,49.3,106,10.3,7320.69,5225.8,0,0,0,0,0,0,0
1,299.1,308.3,1506,38.0,125,9.2,5992.9,4750.0,0,0,0,0,0,0,0
0,297.5,309.0,1470,43.5,191,11.5,6696.3,8308.5,0,0,0,0,0,0,0
2,300.9,312.0,1720,27.9,202,11.1,5025.29,5635.8,1,0,0,0,0,0,0
0,297.4,308.7,1468,46.6,94,11.3,7163.75,4380.4,0,0,0,0,0,0,0
0,302.7,310.6,1686,26.3,9,7.9,4643.46,236.7,0,0,0,0,0,0,0
0,304.0,313.0,1350,61.1,88,9.0,8637.81,5376.8,0,0,0,0,0,0,0
1,301.9,309.6,1385,45.8,217,7.7,6642.69,9938.6,1,0,0,0,0,0,0
2,299.1,308.3,1521,36.5,40,9.2,5813.67,1460.0,0,0,0,0,0,0,0
0,297.3,308.3,1504,36.3,45,11.0,5717.2,1633.5,0,0,0,0,0,0,0
1,298.8,309.9,1495,35.2,214,11.1,5510.77,7532.8,1,0,0,0,0,0,0
0,300.7,310.6,1540,52.7,85,9.9,8498.85,4479.5,0,0,0,0,0,0,0
1,300.8,310.1,1686,26.9,128,9.3,4749.4,3443.2,0,0,0,0,0,0,0
0,297.5,308.8,1477,39.0,127,11.3,6032.17,4953.0,0,0,0,0,0,0,0
1,297.2,308.6,1498,44.4,9,11.4,6965.04,399.6,0,0,0,0,0,0,0
0,300.2,309.5,1356,51.1,133,9.3,7256.2,6796.3,0,0,0,0,0,0,0
0,300.6,312.0,1430,42.7,130,11.4,6394.29,5551.0,0,0,0,0,0,0,0
0,296.3,307.1,1654,29.6,188,10.8,5126.91,5564.8,0,0,0,0,0,0,0
0,297.3,308.0,1527,35.1,165,10.7,5612.74,5791.5,0,0,0,0,0,0,0
1,301.6,310.4,1455,39.0,118,8.8,5942.32,4602.0,0,0,0,0,0,0,0
0,302.5,310.3,1405,57.4,152,7.8,8445.33,8724.8,0,0,0,0,0,0,0
2,299.3,308.6,1520,41.4,67,9.3,6589.8,2773.8,0,0,0,0,0,0,0
0,298.9,310.3,1496,36.3,161,11.4,5686.79,5844.3,0,0,0,0,0,0,0
0,297.5,308.6,1437,43.3,34,11.1,6515.88,1472.2,0,0,0,0,0,0,0
0,300.4,311.7,1460,39.6,162,11.3,6054.48,6415.2,0,0,0,0,0,0,0
0,302.1,311.5,1477,45.4,111,9.4,7022.07,5039.4,0,0,0,0,0,0,0
1,299.2,308.3,1582,45.5,107,9.1,7537.83,4868.5,0,0,0,0,0,0,0
0,302.1,310.7,1314,52.8,8,8.6,7265.37,422.4,0,1,0,1,0,0,0
0,300.9,310.5,1894,21.9,188,9.6,4343.63,4117.2,0,0,0,0,0,0,0
0,299.7,310.6,1479,38.0,137,10.9,5885.46,5206.0,0,0,0,0,0,0,0
0,298.0,308.6,1626,33.3,50,10.6,5670.13,1665.0,0,0,0,0,0,0,0
0,301.1,309.6,1502,48.9,160,8.5,7691.44,7824.0,0,0,0,0,0,0,0
0,302.2,310.9,1531,37.5,60,8.7,6012.22,2250.0,0,0,0,0,0,0,0
0,297.9,309.5,1390,47.9,127,11.6,6972.35,6083.3,0,0,0,0,0,0,0
2,299.6,311.0,1714,30.2,128,11.4,5420.59,3865.6,0,0,0,0,0,0,0
0,297.8,307.5,1372,54.1,157,9.7,7772.84,8493.7,0,0,0,0,0,0,0
0,299.1,308.5,1689,32.1,192,9.4,5677.58,6163.2,0,0,0,0,0,0,0
1,298.5,309.5,1315,48.9,127,11.0,6733.85,6210.3,0,0,0,0,0,0,0
0,298.3,310.1,1545,36.3,90,11.8,5873.05,3267.0,0,0,0,0,0,0,0
0,303.4,312.2,1580,35.8,90,8.8,5923.37,3222.0,0,0,0,0,0,0,0
2,301.5,310.5,1453,48.0,124,9.0,7303.57,5952.0,0,0,0,0,0,0,0
0,300.4,311.2,1530,32.0,169,10.8,5127.08,5408.0,0,0,0,0,0,0,0
1,298.1,308.6,1551,42.8,0,10.5,6951.59,0.0,0,0,0,0,0,0,0
0,297.8,308.9,1506,33.5,26,11.1,5283.22,871.0,0,0,0,0,0,0,0
1,297.4,309.1,1582,35.9,180,11.7,5947.43,6462.0,0,0,0,0,0,0,0
0,300.2,309.6,1430,52.7,47,9.4,7891.79,2476.9,0,0,0,0,0,0,0
2,300.3,311.6,1463,41.6,102,11.3,6373.33,4243.2,0,0,0,0,0,0,0
0,302.0,310.8,1445,49.1,2,8.8,7429.81,98.2,0,0,0,0,0,0,0
1,302.6,312.2,1458,38.8,34,9.6,5924.04,1319.2,0,0,0,0,0,0,0
2,297.2,308.4,2182,17.3,119,11.2,3953.02,2058.7,0,0,0,0,0,0,0
1,300.4,311.7,1508,45.4,164,11.3,7169.45,7445.6,0,0,0,0,0,0,0
1,300.1,310.2,1429,42.0,206,10.1,6285.07,8652.0,1,0,0,0,0,0,0
0,301.4,310.4,1388,45.3,188,9.0,6584.4,8516.4,0,0,0,0,0,0,0
1,302.6,312.4,1410,50.3,33,9.8,7427.04,1659.9,0,0,0,0,0,0,0
0,300.7,309.5,1685,31.1,27,8.8,5487.68,839.7,0,0,0,0,0,0,0
0,301.6,310.8,1418,44.7,46,9.2,6637.62,2056.2,0,0,0,0,0,0,0
0,299.9,311.3,1802,24.4,151,11.4,4604.4,3684.4,0,0,0,0,0,0,0
2,298.5,309.4,1414,46.7,102,10.9,6915.04,4763.4,0,0,0,0,0,0,0
2,300.8,310.8,1466,45.2,188,10.0,6939.07,8497.6,0,0,0,0,0,0,0
0,301.2,310.8,1479,41.2,155,9.6,6381.08,6386.0,0,0,0,0,0,0,0
0,303.6,313.0,1534,39.7,115,9.4,6377.41,4565.5,0,0,0,0,0,0,0
0,302.3,311.7,1465,43.5,117,9.4,6673.53,5089.5,0,0,0,0,0,0,0
1,300.2,311.6,1751,28.0,162,11.4,5134.2,4536.0,0,0,0,0,0,0,0
0,303.4,311.8,2268,15.8,20,8.4,3752.57,316.0,0,0,0,0,0,0,0
0,302.2,311.7,1471,45.6,140,9.5,7024.35,6384.0,0,0,0,0,0,0,0
1,300.5,309.3,1589,34.9,91,8.8,5807.35,3175.9,0,0,0,0,0,0,0
0,297.4,308.8,1651,34.1,163,11.4,5895.63,5558.3,0,0,0,0,0,0,0
0,296.8,308.0,1497,41.7,231,11.2,6537.12,9632.7,1,0,0,0,0,0,0
0,297.3,308.3,2188,17.0,32,11.0,3895.16,544.0,0,0,0,0,0,0,0
1,300.7,310.6,1505,35.6,105,9.9,5610.68,3738.0,0,0,0,0,0,0,0
0,298.0,307.6,1694,29.1,169,9.6,5162.2,4917.9,0,0,0,0,0,0,0
0,299.3,308.8,1550,45.8,170,9.5,7434.06,7786.0,0,0,0,0,0,0,0
0,300.3,311.7,1707,33.6,158,11.4,6006.22,5308.8,0,0,0,0,0,0,0
0,301.2,310.3,1499,38.1,61,9.1,5980.74,2324.1,0,0,0,0,0,0,0
0,302.2,310.4,1743,28.1,170,8.2,5129.0,4777.0,0,0,0,0,0,0,0
0,301.2,310.6,1389,45.3,64,9.4,6589.15,2899.2,0,0,0,0,0,0,0
0,298.8,308.7,1591,31.1,68,9.9,5181.54,2114.8,0,0,0,0,0,0,0
0,298.8,308.8,1555,40.6,61,10.0,6611.27,2476.6,0,0,0,0,0,0,0
0,297.3,308.6,1511,35.7,120,11.3,5648.87,4284.0,0,0,0,0,0,0,0
1,304.2,313.4,1713,23.5,50,9.2,4215.55,1175.0,0,0,0,0,0,0,0
0,302.4,310.9,1560,31.8,172,8.5,5194.94,5469.6,0,0,0,0,0,0,0
2,297.0,307.7,1834,23.8,195,10.7,4570.93,4641.0,0,0,0,0,0,0,0
0,300.7,311.8,1564,36.8,11,11.1,6027.17,404.8,0,0,0,0,0,0,0
0,298.1,308.7,1341,55.7,30,10.6,7821.91,1671.0,0,0,0,0,0,0,0
0,301.3,311.1,1647,28.2,140,9.8,4863.75,3948.0,0,0,0,0,0,0,0
0,297.4,308.5,1369,53.2,43,11.1,7626.82,2287.6,0,0,0,0,0,0,0
0,300.8,309.6,1680,28.7,22,8.8,5049.17,631.4,0,0,0,0,0,0,0
0,300.6,310.0,1658,34.7,88,9.4,6024.8,3053.6,0,0,0,0,0,0,0
2,300.5,309.8,1324,72.8,159,9.3,10093.64,11575.2,0,1,0,0,1,0,0
1,296.2,307.2,1389,48.6,7,11.0,7069.15,340.2,0,0,0,0,0,0,0
0,303.4,312.0,1521,35.9,215,8.6,5718.11,7718.5,1,1,1,0,0,0,0
0,297.0,307.9,1493,46.1,173,10.9,7207.58,7975.3,0,0,0,0,0,0,0
0,298.6,309.9,1393,45.5,38,11.3,6637.3,1729.0,0,0,0,0,0,0,0
0,302.3,311.7,1400,41.6,136,9.4,6098.88,5657.6,0,0,0,0,0,0,0
0,298.2,307.9,1847,23.6,69,9.7,4564.65,1628.4,0,0,0,0,0,0,0
1,301.6,310.7,1813,24.6,210,9.1,4670.48,5166.0,1,0,0,0,0,0,0
0,300.5,309.3,1475,46.8,94,8.8,7228.8,4399.2,0,0,0,0,0,0,0
1,300.7,309.7,1523,38.2,73,9.0,6092.45,2788.6,0,0,0,0,0,0,0
0,303.4,311.8,1366,50.9,200,8.4,7281.1,10180.0,1,1,0,1,0,0,0
2,298.2,308.4,1678,34.6,81,10.2,6079.9,2802.6,0,0,0,0,0,0,0
0,301.0,311.9,1454,41.9,33,10.9,6379.8,1382.7,0,0,0,0,0,0,0
0,300.0,311.1,1425,47.8,179,11.1,7132.99,8556.2,0,0,0,0,0,0,0
0,297.0,307.8,1583,37.2,189,10.8,6166.7,7030.8,0,0,0,0,0,0,0
0,299.2,310.5,1384,48.7,93,11.3,7058.2,4529.1,0,0,0,0,0,0,0
1,302.9,312.3,1339,52.1,145,9.4,7305.45,7554.5,0,0,0,0,0,0,0
1,299.1,308.6,2329,14.6,95,9.5,3560.83,1387.0,0,0,0,0,0,0,0
0,301.4,310.7,1280,61.0,106,9.3,8176.52,6466.0,0,0,0,0,0,0,0
0,297.9,307.8,1451,38.2,80,9.9,5804.43,3056.0,0,0,0,0,0,0,0
0,300.7,309.8,1363,53.1,183,9.1,7579.12,9717.3,0,0,0,0,0,0,0
2,298.9,310.1,1491,45.3,133,11.2,7073.01,6024.9,0,0,0,0,0,0,0
2,302.2,311.6,1534,37.2,41,9.4,5975.81,1525.2,0,0,0,0,0,0,0
0,303.6,311.8,1567,31.7,97,8.2,5201.84,3074.9,0,0,0,0,0,0,0
0,301.5,310.5,1479,34.2,147,9.0,5296.91,5027.4,0,0,0,0,0,0,0
0,303.7,312.3,1922,23.1,193,8.6,4649.37,4458.3,0,0,0,0,0,0,0
1,298.8,310.0,1486,38.5,55,11.2,5991.12,2117.5,0,0,0,0,0,0,0
1,301.2,310.8,1734,31.3,64,9.6,5683.58,2003.2,0,0,0,0,0,0,0
0,300.7,311.1,1478,46.8,165,10.4,7243.51,7722.0,0,0,0,0,0,0,0
1,297.8,307.4,1330,51.7,183,9.6,7200.64,9461.1,0,0,0,0,0,0,0
0,301.4,310.7,1786,26.1,123,9.3,4881.47,3210.3,0,0,0,0,0,0,0
0,303.7,312.7,1426,45.5,192,9.0,6794.53,8736.0,0,0,0,0,0,0,0
0,300.5,309.3,1417,51.5,231,8.8,7641.98,11896.5,1,1,0,0,0,1,0
1,298.2,308.0,1577,35.9,151,9.8,5928.64,5420.9,0,0,0,0,0,0,0
0,298.2,309.2,1922,22.6,132,11.0,4548.73,2983.2,0,0,0,0,0,0,0
0,299.3,309.2,1541,37.2,118,9.9,6003.08,4389.6,0,0,0,0,0,0,0
0,300.5,311.6,1425,42.4,102,11.1,6327.17,4324.8,0,0,0,0,0,0,0
0,299.0,310.2,1477,37.9,60,11.2,5862.03,2274.0,0,0,0,0,0,0,0
1,300.5,309.4,1877,23.8,31,8.9,4678.1,737.8,0,0,0,0,0,0,0
0,301.7,310.6,1471,43.8,80,8.9,6747.07,3504.0,0,0,0,0,0,0,0
0,299.4,309.1,1207,66.5,66,9.7,8405.38,4389.0,0,0,0,0,0,0,0
0,302.4,310.1,1426,46.8,95,7.7,6988.66,4446.0,0,0,0,0,0,0,0
0,300.6,310.6,1497,38.2,83,10.0,5988.44,3170.6,0,0,0,0,0,0,0
1,297.5,308.4,1350,52.2,157,10.9,7379.6,8195.4,0,0,0,0,0,0,0
0,299.6,310.9,1448,46.3,196,11.3,7020.66,9074.8,0,0,0,0,0,0,0
0,298.9,309.0,1601,32.3,202,10.1,5415.3,6524.6,1,0,0,0,0,0,0
0,296.3,307.2,1637,31.6,27,10.9,5417.07,853.2,0,0,0,0,0,0,0
0,302.6,312.1,1519,38.1,178,9.5,6060.54,6781.8,0,0,0,0,0,0,0
0,300.7,310.8,1653,31.6,111,10.1,5470.02,3507.6,0,0,0,0,0,0,0
0,300.6,311.7,1556,34.9,76,11.1,5686.74,2652.4,0,0,0,0,0,0,0
1,298.8,309.1,1472,47.5,125,10.3,7322.01,5937.5,0,0,0,0,0,0,0
0,297.4,308.3,1465,42.0,13,10.9,6443.41,546.0,0,0,0,0,0,0,0
2,296.1,306.8,1645,31.0,41,10.7,5340.18,1271.0,0,0,0,0,0,0,0
1,301.1,310.7,1583,40.7,2,9.6,6746.89,81.4,0,0,0,0,0,0,0
2,300.7,310.5,1567,38.7,129,9.8,6350.51,4992.3,0,0,0,0,0,0,0
0,301.5,310.8,1413,44.6,166,9.3,6599.42,7403.6,0,0,0,0,0,0,0
0,299.1,308.9,1617,32.3,223,9.8,5469.42,7202.9,1,0,0,0,0,0,0
0,297.9,307.6,1612,30.7,134,9.7,5182.41,4113.8,0,0,0,0,0,0,0
0,303.5,312.9,1544,36.9,87,9.4,5966.26,3210.3,0,0,0,0,0,0,0
2,301.4,310.7,1329,52.0,160,9.3,7236.97,8320.0,0,0,0,0,0,0,0
1,298.2,307.9,1462,38.8,124,9.7,5940.29,4811.2,0,0,0,0,0,0,0
0,300.7,310.7,1425,45.3,48,10.0,6759.92,2174.4,0,0,0,0,0,0,0
1,300.1,309.0,1612,33.0,34,8.9,5570.67,1122.0,0,0,0,0,0,0,0
0,301.7,310.3,1397,44.6,57,8.6,6524.69,2542.2,0,0,0,0,0,0,0
1,299.5,309.1,1420,49.5,5,9.6,7360.75,247.5,0,0,0,0,0,0,0
0,298.8,308.6,1584,34.4,42,9.8,5706.14,1444.8,0,0,0,0,0,0,0
0,300.8,312.0,1374,50.2,154,11.2,7223.02,7730.8,0,0,0,0,0,0,0
2,301.9,310.3,1653,32.4,100,8.4,5608.5,3240.0,0,0,0,0,0,0,0
1,302.4,311.4,1508,41.2,60,9.0,6506.2,2472.0,0,0,0,0,0,0,0
0,298.3,310.1,1408,45.3,78,11.8,6679.28,3533.4,0,0,0,0,0,0,0
0,303.4,311.8,1438,58.9,22,8.4,8869.57,1295.8,0,0,0,0,0,0,0
1,301.5,310.4,1276,55.6,158,8.9,7429.41,8784.8,0,0,0,0,0,0,0
0,296.5,307.6,1607,33.5,104,11.1,5637.54,3484.0,0,0,0,0,0,0,0
0,300.9,310.0,2595,13.7,207,9.1,3722.94,2835.9,1,0,0,0,0,0,0
0,300.8,310.9,1398,38.2,50,10.1,5592.41,1910.0,0,0,0,0,0,0,0
0,301.8,310.8,1383,46.4,37,9.0,6719.99,1716.8,0,0,0,0,0,0,0
1,300.5,311.6,1246,52.9,165,11.1,6902.44,8728.5,0,0,0,0,0,0,0
1,297.3,308.8,1548,41.3,140,11.5,6694.99,5782.0,0,0,0,0,0,0,0
0,298.8,308.4,1369,53.0,138,9.6,7598.15,7314.0,0,0,0,0,0,0,0
0,297.3,308.2,1553,33.5,2,10.9,5448.1,67.0,0,0,0,0,0,0,0
2,300.7,310.2,1877,24.8,64,9.5,4874.66,1587.2,0,0,0,0,0,0,0
0,300.2,311.6,1500,39.0,174,11.4,6126.11,6786.0,0,0,0,0,0,0,0
0,302.4,311.0,1486,40.4,192,8.6,6286.79,7756.8,0,0,0,0,0,0,0
0,298.3,309.3,1401,51.9,14,11.0,7614.37,726.6,0,0,0,0,0,0,0
0,298.1,308.0,1638,35.1,38,9.9,6020.74,1333.8,0,0,0,0,0,0,0
0,299.8,311.1,1300,64.2,165,11.3,8739.91,10593.0,0,0,0,0,0,0,0
0,296.8,308.2,1361,53.8,193,11.4,7667.77,10383.4,0,0,0,0,0,0,0
0,297.6,308.3,1410,47.0,191,10.7,6939.78,8977.0,0,0,0,0,0,0,0
0,299.0,310.4,1981,21.2,125,11.4,4397.94,2650.0,0,0,0,0,0,0,0
0,297.7,308.1,1697,29.1,179,10.4,5171.34,5208.9,0,0,0,0,0,0,0
0,302.1,310.9,1666,30.7,203,8.8,5356.02,6232.1,1,0,0,0,0,0,0
0,300.2,310.5,1416,46.7,90,10.3,6924.82,4203.0,0,0,0,0,0,0,0
0,300.6,310.7,1438,48.5,78,10.1,7303.47,3783.0,0,1,0,0,0,0,0
0,300.6,311.7,1432,39.2,2,11.1,5878.38,78.4,0,0,0,0,0,0,0
1,298.4,309.4,1429,41.8,203,11.0,6255.14,8485.4,1,0,0,0,0,0,0
1,297.8,309.1,1424,45.5,2,11.3,6785.0,91.0,0,0,0,0,0,0,0
0,297.4,309.4,1466,45.5,53,12.0,6985.12,2411.5,0,0,0,0,0,0,0
0,300.3,309.6,1597,31.8,73,9.3,5318.15,2321.4,0,0,0,0,0,0,0
0,299.8,309.4,1510,42.5,146,9.6,6720.39,6205.0,0,0,0,0,0,0,0
1,302.2,311.3,1521,40.6,52,9.1,6466.72,2111.2,0,0,0,0,0,0,0
1,301.2,310.1,2280,15.7,11,8.9,3748.55,172.7,0,0,0,0,0,0,0
1,299.4,309.0,1939,19.8,204,9.6,4020.42,4039.2,1,0,0,0,0,0,0
0,297.2,308.8,1451,43.1,68,11.6,6548.97,2930.8,0,0,0,0,0,0,0
1,302.3,311.7,1368,53.6,165,9.4,7678.56,8844.0,0,0,0,0,0,0,0
0,302.0,310.5,1567,36.1,124,8.5,5923.86,4476.4,0,0,0,0,0,0,0
1,297.5,308.8,1455,46.1,147,11.3,7024.13,6776.7,0,0,0,0,0,0,0
0,301.3,311.0,1554,47.7,84,9.7,7762.44,4006.8,0,0,0,0,0,0,0
0,300.5,311.1,1547,37.2,7,10.6,6026.45,260.4,0,0,0,0,0,0,0
0,296.8,308.1,1289,62.0,199,11.3,8368.99,12338.0,0,1,0,0,0,1,0
1,300.2,311.7,1397,50.2,71,11.5,7343.93,3564.2,0,0,0,0,0,0,0
1,299.2,308.4,1476,32.7,101,9.2,5054.32,3302.7,0,0,0,0,0,0,0
0,299.1,310.4,1594,33.3,147,11.3,5558.55,4895.1,0,0,0,0,0,0,0
0,301.5,310.6,1522,36.6,202,9.1,5833.43,7393.2,1,0,0,0,0,0,0
0,303.8,312.6,1735,25.9,154,8.8,4705.74,3988.6,0,0,0,0,0,0,0
1,301.1,310.2,1850,27.7,44,9.1,5366.36,1218.8,0,0,0,0,0,0,0
0,296.9,307.9,1423,43.9,149,11.0,6541.81,6541.1,0,0,0,0,0,0,0
1,304.1,313.5,1470,45.8,85,9.4,7050.36,3893.0,0,0,0,0,0,0,0
1,297.5,308.4,1403,44.3,25,10.9,6508.64,1107.5,0,0,0,0,0,0,0
1,299.3,310.5,1462,40.5,24,11.2,6200.56,972.0,0,0,0,0,0,0,0
2,298.9,309.6,1600,33.5,175,10.7,5612.98,5862.5,0,0,0,0,0,0,0
0,300.6,309.3,1601,40.2,69,8.7,6739.78,2773.8,0,0,0,0,0,0,0
1,297.6,308.5,1443,38.2,85,10.9,5772.43,3247.0,0,0,0,0,0,0,0
0,300.3,309.4,1705,29.4,190,9.1,5249.29,5586.0,0,0,0,0,0,0,0
0,299.6,309.0,1378,51.9,162,9.4,7489.37,8407.8,0,0,0,0,0,0,0
0,297.3,308.4,1430,45.7,15,11.1,6843.54,685.5,0,0,0,0,0,0,0
0,298.7,309.9,1446,43.3,46,11.2,6556.69,1991.8,0,0,0,0,0,0,0
0,299.2,310.7,1477,44.0,19,11.5,6805.53,836.0,0,0,0,0,0,0,0
0,300.6,309.4,1369,51.6,71,8.8,7397.45,3663.6,0,0,0,0,0,0,0
0,301.1,311.1,1429,42.5,123,10.0,6359.89,5227.5,0,0,0,0,0,0,0
0,297.5,308.6,1388,48.2,203,11.1,7005.92,9784.6,1,0,0,0,0,0,0
1,303.5,312.3,1532,41.7,32,8.8,6689.96,1334.4,0,0,0,0,0,0,0
0,300.0,311.5,1349,48.6,113,11.5,6865.57,5491.8,0,0,0,0,0,0,0
0,300.2,311.5,1639,31.1,31,11.3,5337.87,964.1,0,0,0,0,0,0,0
0,299.8,309.4,1633,27.5,29,9.6,4702.7,797.5,0,0,0,0,0,0,0
1,299.0,310.0,1338,56.4,29,11.0,7902.49,1635.6,0,0,0,0,0,0,0
0,298.3,308.0,1442,47.3,65,9.7,7142.58,3074.5,0,0,0,0,0,0,0
1,300.6,311.7,1424,50.8,182,11.1,7575.34,9245.6,0,0,0,0,0,0,0
0,300.5,312.0,1415,44.6,23,11.5,6608.76,1025.8,0,0,0,0,0,0,0
0,297.3,308.4,1339,52.1,36,11.1,7305.45,1875.6,0,0,0,0,0,0,0
1,298.8,309.6,1384,48.2,39,10.8,6985.73,1879.8,0,0,0,0,0,0,0
0,298.4,309.5,1692,28.3,136,11.1,5014.36,3848.8,0,0,0,0,0,0,0
0,297.5,308.6,1793,26.7,70,11.1,5013.26,1869.0,0,0,0,0,0,0,0
1,303.1,312.5,1667,30.0,160,9.4,5237.03,4800.0,0,0,0,0,0,0,0
0,300.5,311.5,1302,49.6,80,11.0,6762.72,3968.0,0,0,0,0,0,0,0
1,301.6,310.6,1309,65.8,75,9.0,9019.74,4935.0,0,1,0,0,1,0,0
0,298.2,308.1,1462,50.8,27,9.9,7777.49,1371.6,0,0,0,0,0,0,0
0,301.3,311.0,1856,21.9,189,9.7,4256.48,4139.1,0,0,0,0,0,0,0
2,296.9,308.3,1474,39.2,177,11.4,6050.79,6938.4,0,0,0,0,0,0,0
0,300.3,309.9,1377,55.3,4,9.6,7974.21,221.2,0,0,0,0,0,0,0
1,301.9,311.3,1522,35.6,63,9.4,5674.05,2242.8,0,0,0,0,0,0,0
0,300.7,312.3,1715,26.8,146,11.6,4813.13,3912.8,0,0,0,0,0,0,0
1,298.3,309.4,1595,29.0,103,11.1,4843.81,2987.0,0,0,0,0,0,0,0
0,303.3,311.6,1301,45.1,219,8.3,6144.44,9876.9,1,1,0,1,0,0,0
1,301.7,310.1,1644,34.6,5,8.4,5956.71,173.0,0,0,0,0,0,0,0
1,300.4,310.6,1448,44.9,21,10.2,6808.38,942.9,0,0,0,0,0,0,0
1,300.4,309.6,1521,35.0,119,9.2,5574.76,4165.0,0,0,0,0,0,0,0
0,302.2,310.6,1348,48.4,161,8.4,6832.25,7792.4,0,1,0,1,0,0,0
0,300.0,311.2,1504,37.9,58,11.2,5969.19,2198.2,0,0,0,0,0,0,0
0,300.4,311.7,1314,59.5,160,11.3,8187.3,9520.0,0,0,0,0,0,0,0
0,300.5,310.3,1435,43.3,31,9.8,6506.81,1342.3,0,0,0,0,0,0,0
0,297.9,309.0,1456,46.5,52,11.1,7089.95,2418.0,0,0,0,0,0,0,0
1,300.1,311.7,1400,48.5,205,11.6,7110.47,9942.5,1,0,0,0,0,0,0
0,300.0,309.4,1460,43.5,102,9.4,6650.75,4437.0,0,0,0,0,0,0,0
0,298.0,309.6,1403,51.3,122,11.6,7537.09,6258.6,0,0,0,0,0,0,0
0,300.5,311.4,1432,47.5,51,10.9,7123.04,2422.5,0,0,0,0,0,0,0
1,302.2,311.7,1393,42.5,53,9.5,6199.67,2252.5,0,0,0,0,0,0,0
0,297.3,308.7,1556,36.7,114,11.4,5980.04,4183.8,0,0,0,0,0,0,0
0,299.4,308.9,1451,40.5,168,9.5,6153.91,6804.0,0,0,0,0,0,0,0
0,298.9,308.9,1753,25.8,33,10.0,4736.2,851.4,0,0,0,0,0,0,0
0,300.3,311.9,1692,31.5,187,11.6,5581.35,5890.5,0,0,0,0,0,0,0
0,299.9,309.3,1620,31.1,196,9.4,5275.99,6095.6,0,0,0,0,0,0,0
0,300.2,310.0,1486,40.1,182,9.8,6240.1,7298.2,0,0,0,0,0,0,0
0,302.9,312.2,1469,42.0,214,9.3,6461.0,8988.0,1,0,0,0,0,0,0
0,298.9,310.0,1776,25.7,51,11.1,4779.74,1310.7,0,0,0,0,0,0,0
2,300.2,311.5,1454,42.8,88,11.3,6516.84,3766.4,0,0,0,0,0,0,0
0,300.5,311.1,1491,42.6,11,10.6,6651.44,468.6,0,0,0,0,0,0,0
0,300.8,310.8,1460,53.8,41,10.0,8225.53,2205.8,0,0,0,0,0,0,0
0,302.3,311.8,1433,50.3,183,9.5,7548.19,9204.9,0,0,0,0,0,0,0
0,301.9,310.8,1735,31.5,66,8.9,5723.2,2079.0,0,0,0,0,0,0,0
0,303.4,311.5,1414,44.8,71,8.1,6633.7,3180.8,0,0,0,0,0,0,0
0,303.5,311.9,1344,49.3,93,8.4,6938.65,4584.9,0,1,0,1,0,0,0
1,299.1,310.4,1422,49.3,69,11.3,7341.34,3401.7,0,0,0,0,0,0,0
1,298.0,309.4,1276,65.9,50,11.4,8805.72,3295.0,0,0,0,0,0,0,0
0,300.1,309.6,1546,36.7,77,9.5,5941.61,2825.9,0,0,0,0,0,0,0
0,299.6,309.1,2266,15.3,79,9.5,3630.61,1208.7,0,0,0,0,0,0,0
0,298.2,308.4,1497,37.7,207,10.2,5910.06,7803.9,1,0,0,0,0,0,0
0,297.0,307.8,1774,28.0,188,10.8,5201.64,5264.0,0,0,0,0,0,0,0
0,297.4,308.8,1620,33.4,186,11.4,5666.18,6212.4,0,0,0,0,0,0,0
1,295.3,305.7,1473,38.5,189,10.4,5938.71,7276.5,0,0,0,0,0,0,0
0,298.8,308.5,1450,50.8,57,9.7,7713.66,2895.6,0,0,0,0,0,0,0
0,301.3,310.6,1966,22.6,161,9.3,4652.87,3638.6,0,0,0,0,0,0,0
0,300.1,309.3,1570,36.8,189,9.2,6050.29,6955.2,0,0,0,0,0,0,0
1,300.9,309.5,1758,26.8,116,8.6,4933.81,3108.8,0,0,0,0,0,0,0
2,303.2,311.2,1475,43.1,20,8.0,6657.3,862.0,0,0,0,0,0,0,0
1,301.5,311.1,1396,43.5,112,9.6,6359.21,4872.0,0,0,0,0,0,0,0
1,297.4,309.1,1463,35.0,183,11.7,5362.18,6405.0,0,0,0,0,0,0,0
0,298.0,308.3,1473,42.6,107,10.3,6571.14,4558.2,0,0,0,0,0,0,0
0,300.4,309.5,1525,51.3,4,9.1,8192.49,205.2,0,0,0,0,0,0,0
0,298.1,308.9,1351,52.4,102,10.8,7413.36,5344.8,0,0,0,0,0,0,0
0,298.0,308.7,1506,47.0,208,10.7,7412.27,9776.0,1,0,0,0,0,0,0
0,302.3,311.8,1281,51.7,61,9.5,6935.35,3153.7,0,0,0,0,0,0,0
0,298.4,309.7,1457,44.2,175,11.3,6743.89,7735.0,0,0,0,0,0,0,0
0,299.2,308.5,1488,40.3,148,9.3,6279.67,5964.4,0,0,0,0,0,0,0
1,303.8,312.7,1374,53.6,136,8.9,7712.23,7289.6,0,0,0,0,0,0,0
0,302.9,312.2,1605,33.9,86,9.3,5697.75,2915.4,0,0,0,0,0,0,0
0,298.8,309.6,1890,24.0,173,10.8,4750.09,4152.0,0,0,0,0,0,0,0
0,303.6,312.0,1391,50.3,101,8.4,7326.96,5080.3,0,0,0,0,0,0,0
0,298.6,309.8,1597,35.9,213,11.2,6003.82,7646.7,1,0,0,0,0,0,0
0,297.9,307.8,1365,46.9,73,9.9,6704.0,3423.7,0,0,0,0,0,0,0
0,301.2,310.7,1517,39.4,107,9.5,6259.08,4215.8,0,0,0,0,0,0,0
2,298.1,308.3,1530,42.0,184,10.2,6729.29,7728.0,0,0,0,0,0,0,0
0,301.0,311.3,1342,50.9,60,10.3,7153.18,3054.0,0,0,0,0,0,0,0
0,297.7,308.2,2007,19.3,181,10.5,4056.33,3493.3,0,0,0,0,0,0,0
0,303.2,311.4,1324,54.2,228,8.2,7514.77,12357.6,1,1,0,1,0,1,0
1,297.4,308.7,1582,31.9,161,11.3,5284.77,5135.9,0,0,0,0,0,0,0
0,297.4,308.4,1664,28.1,67,11.0,4896.53,1882.7,0,0,0,0,0,0,0
0,298.6,309.4,1471,48.0,141,10.8,7394.05,6768.0,0,0,0,0,0,0,0
0,302.9,312.3,1435,47.7,173,9.4,7168.01,8252.1,0,0,0,0,0,0,0
2,298.0,308.6,1526,41.8,160,10.6,6679.74,6688.0,0,0,0,0,0,0,0
0,300.7,310.5,1561,33.2,48,9.8,5427.12,1593.6,0,0,0,0,0,0,0
1,300.6,309.9,1449,42.4,169,9.3,6433.73,7165.6,0,0,0,0,0,0,0
0,301.7,311.0,1548,40.3,21,9.3,6532.88,846.3,0,0,0,0,0,0,0
0,302.0,310.9,1539,34.2,13,8.9,5511.8,444.6,0,0,0,0,0,0,0
0,302.6,311.0,1424,38.0,144,8.4,5666.6,5472.0,0,0,0,0,0,0,0
0,299.0,310.4,1483,41.5,96,11.4,6444.92,3984.0,0,0,0,0,0,0,0
2,297.5,308.5,1393,46.6,56,11.0,6797.76,2609.6,0,0,0,0,0,0,0
0,298.1,309.0,1559,34.0,54,10.9,5550.78,1836.0,0,0,0,0,0,0,0
0,298.9,308.6,1539,45.4,4,9.7,7316.83,181.6,0,0,0,0,0,0,0
1,303.7,312.7,1316,51.8,197,9.0,7138.62,10204.6,0,0,0,0,0,0,0
2,298.4,308.4,1479,39.2,58,10.0,6071.32,2273.6,0,0,0,0,0,0,0
1,301.0,309.8,1594,31.1,143,8.8,5191.31,4447.3,0,0,0,0,0,0,0
0,302.3,311.2,1401,49.7,118,8.9,7291.61,5864.6,0,0,0,0,0,0,0
0,298.1,308.5,1676,30.5,22,10.4,5353.06,671.0,0,0,0,0,0,0,0
1,299.6,309.1,1435,48.4,143,9.5,7273.21,6921.2,0,0,0,0,0,0,0
0,298.4,307.9,1743,27.3,134,9.5,4982.97,3658.2,0,0,0,0,0,0,0
1,299.0,310.1,1705,30.1,84,11.1,5374.27,2528.4,0,0,0,0,0,0,0
0,296.7,307.8,1605,31.3,128,11.1,5260.75,4006.4,0,0,0,0,0,0,0
0,298.8,309.8,1485,42.4,74,11.0,6593.57,3137.6,0,0,0,0,0,0,0
0,301.6,310.1,1362,55.8,70,8.5,7958.66,3906.0,0,1,0,1,0,0,0
0,299.1,310.4,1450,40.9,85,11.3,6210.41,3476.5,0,0,0,0,0,0,0
0,302.5,311.1,1493,39.0,137,8.6,6097.52,5343.0,0,0,0,0,0,0,0
1,297.5,308.6,1486,45.9,78,11.1,7142.66,3580.2,0,0,0,0,0,0,0
0,297.3,308.1,1468,49.8,0,10.8,7655.68,0.0,0,0,0,0,0,0,0
1,296.5,307.4,1565,43.5,194,10.9,7129.06,8439.0,0,0,0,0,0,0,0
1,298.1,309.0,1976,19.3,158,10.9,3993.68,3049.4,0,0,0,0,0,0,0
0,300.7,311.9,1335,57.1,194,11.2,7982.63,11077.4,0,1,0,0,0,1,0
1,300.2,309.7,1183,61.4,170,9.5,7606.45,10438.0,0,0,0,0,0,0,0
0,300.8,312.5,1517,39.2,107,11.7,6227.31,4194.4,0,0,0,0,0,0,0
0,298.7,309.9,1371,51.3,201,11.2,7365.18,10311.3,1,0,0,0,0,0,0
0,301.3,310.7,1536,39.3,31,9.4,6321.39,1218.3,0,0,0,0,0,0,0
0,300.8,312.6,1376,53.6,119,11.8,7723.46,6378.4,0,0,0,0,0,0,0
1,298.4,309.7,1679,33.3,167,11.3,5854.95,5561.1,0,0,0,0,0,0,0
0,301.8,310.7,1461,44.2,49,8.9,6762.4,2165.8,0,0,0,0,0,0,0
0,300.7,312.3,1418,49.0,69,11.6,7276.14,3381.0,0,0,0,0,0,0,0
1,297.5,308.3,1476,45.6,31,10.8,7048.23,1413.6,0,0,0,0,0,0,0
0,299.2,308.5,1487,41.2,140,9.3,6415.59,5768.0,0,0,0,0,0,0,0
0,299.3,309.0,1491,38.4,115,9.7,5995.67,4416.0,0,0,0,0,0,0,0
1,297.6,308.6,1482,38.3,39,11.0,5943.96,1493.7,0,0,0,0,0,0,0
0,300.9,309.7,1460,42.1,181,8.8,6436.7,7620.1,0,0,0,0,0,0,0
2,297.7,309.4,1608,30.2,135,11.7,5085.36,4077.0,0,0,0,0,0,0,0
0,298.4,309.2,1610,32.4,194,10.8,5462.6,6285.6,0,0,0,0,0,0,0
0,301.4,310.4,1430,50.9,178,9.0,7622.24,9060.2,0,0,0,0,0,0,0
1,299.3,310.5,1563,42.1,19,11.2,6890.8,799.9,0,0,0,0,0,0,0
1,301.6,310.7,1421,44.4,94,9.1,6607.02,4173.6,0,0,0,0,0,0,0
1,298.3,308.0,1766,26.0,96,9.7,4808.31,2496.0,0,0,0,0,0,0,0
2,297.3,308.1,1477,52.3,2,10.8,8089.3,104.6,0,0,0,0,0,0,0
1,297.9,309.1,1614,38.1,62,11.2,6439.57,2362.2,0,0,0,0,0,0,0
0,297.4,308.8,1447,58.1,129,11.4,8803.86,7494.9,0,0,0,0,0,0,0
0,297.7,308.4,1740,27.1,136,10.7,4937.96,3685.6,0,0,0,0,0,0,0
0,298.5,309.4,1578,36.3,71,10.9,5998.49,2577.3,0,0,0,0,0,0,0
0,297.7,308.9,1458,41.1,14,11.2,6275.21,575.4,0,0,0,0,0,0,0
1,298.3,308.8,1349,52.1,104,10.5,7360.01,5418.4,0,0,0,0,0,0,0
0,296.8,307.9,1706,30.8,111,11.1,5502.48,3418.8,0,0,0,0,0,0,0
0,301.3,311.2,1675,32.1,12,9.9,5630.52,385.2,0,0,0,0,0,0,0
0,300.6,310.6,2127,18.7,53,10.0,4165.22,991.1,0,0,0,0,0,0,0
0,298.5,308.3,1504,38.0,20,9.8,5984.94,760.0,0,0,0,0,0,0,0
1,298.0,308.1,1587,32.3,30,10.1,5367.95,969.0,0,0,0,0,0,0,0
1,300.7,310.6,1778,27.1,215,9.9,5045.8,5826.5,1,0,0,0,0,0,0
0,300.9,312.1,1359,51.7,146,11.2,7357.64,7548.2,0,0,0,0,0,0,0
0,303.6,312.3,1451,43.4,119,8.7,6594.56,5164.6,0,0,0,0,0,0,0
0,297.4,308.2,1386,41.0,35,10.8,5950.8,1435.0,0,0,0,0,0,0,0
1,304.1,313.2,1586,41.1,129,9.1,6826.12,5301.9,0,0,0,0,0,0,0
1,298.6,309.5,1404,43.3,33,10.9,6366.25,1428.9,0,0,0,0,0,0,0
1,302.5,311.1,1638,32.0,198,8.6,5488.99,6336.0,0,0,0,0,0,0,0
0,299.0,309.9,1373,55.7,201,10.9,8008.56,11195.7,1,1,0,0,0,1,0
1,302.4,310.3,1375,52.5,161,7.9,7559.46,8452.5,0,1,0,1,0,0,0
0,304.1,313.0,1566,37.2,7,8.9,6100.47,260.4,0,0,0,0,0,0,0
0,302.3,311.4,1476,37.3,20,9.1,5765.33,746.0,0,0,0,0,0,0,0
0,300.6,309.4,1410,40.6,99,8.8,5994.79,4019.4,0,0,0,0,0,0,0
0,297.5,309.3,1623,33.4,74,11.8,5676.67,2471.6,0,0,0,0,0,0,0
0,298.3,308.1,1412,52.3,218,9.8,7733.3,11401.4,1,1,0,0,0,1,0
1,296.2,307.2,1168,63.4,172,11.0,7754.62,10904.8,0,0,0,0,0,0,0
0,300.3,309.2,1532,40.2,194,8.9,6449.31,7798.8,0,0,0,0,0,0,0
1,299.4,308.6,1541,39.1,109,9.2,6309.69,4261.9,0,0,0,0,0,0,0
0,299.8,309.6,1598,31.0,139,9.8,5187.61,4309.0,0,0,0,0,0,0,0
1,300.5,311.3,1468,41.1,34,10.8,6318.25,1397.4,0,0,0,0,0,0,0
0,303.1,312.9,1511,40.1,107,9.8,6345.09,4290.7,0,0,0,0,0,0,0
2,297.2,308.3,1453,45.8,105,11.1,6968.83,4809.0,0,0,0,0,0,0,0
0,299.5,309.0,1498,44.6,101,9.5,6996.41,4504.6,0,0,0,0,0,0,0
1,298.7,309.4,1375,48.3,157,10.7,6954.7,7583.1,0,0,0,0,0,0,0
1,302.5,311.9,1298,57.5,57,9.4,7815.76,3277.5,0,0,0,0,0,0,0
0,298.2,308.3,1688,32.0,202,10.1,5656.54,6464.0,1,0,0,0,0,0,0
1,298.5,308.7,1367,47.3,47,10.2,6771.09,2223.1,0,0,0,0,0,0,0
1,296.3,307.3,1498,41.6,15,11.0,6525.8,624.0,0,0,0,0,0,0,0
2,302.8,312.3,1336,57.5,187,9.5,8044.57,10752.5,0,0,0,0,0,0,0
0,299.0,309.4,1419,48.3,91,10.4,7177.25,4395.3,0,0,0,0,0,0,0
1,300.1,310.3,1345,57.1,71,10.2,8042.42,4054.1,0,0,0,0,0,0,0
0,299.0,310.3,1483,39.2,153,11.3,6087.74,5997.6,0,0,0,0,0,0,0
1,296.9,307.8,1544,37.6,109,10.9,6079.44,4098.4,0,0,0,0,0,0,0
0,298.9,308.8,1530,38.3,23,9.9,6136.47,880.9,0,0,0,0,0,0,0
1,299.9,310.4,1576,34.3,188,10.5,5660.81,6448.4,0,0,0,0,0,0,0
0,302.0,310.6,1467,44.9,86,8.6,6897.71,3861.4,0,0,0,0,0,0,0
0,298.7,308.4,1694,28.7,195,9.7,5091.24,5596.5,0,0,0,0,0,0,0
0,300.1,310.5,1356,45.8,126,10.4,6503.6,5770.8,0,0,0,0,0,0,0
1,300.9,311.5,1704,31.3,159,10.6,5585.25,4976.7,0,0,0,0,0,0,0
0,299.4,309.0,1800,24.3,128,9.6,4580.44,3110.4,0,0,0,0,0,0,0
1,302.5,312.0,1521,40.2,174,9.5,6403.01,6994.8,0,0,0,0,0,0,0
0,301.1,311.0,1565,52.3,183,9.9,8571.26,9570.9,0,0,0,0,0,0,0
0,297.6,308.0,1258,57.4,139,10.4,7561.73,7978.6,0,0,0,0,0,0,0
0,296.9,308.1,1741,28.8,60,11.2,5250.73,1728.0,0,0,0,0,0,0,0
1,302.6,312.0,1496,45.0,79,9.4,7049.73,3555.0,0,0,0,0,0,0,0
0,297.4,308.3,1412,42.0,111,10.9,6210.3,4662.0,0,0,0,0,0,0,0
1,297.4,308.4,1517,41.0,18,11.0,6513.25,738.0,0,0,0,0,0,0,0
1,298.4,309.0,1507,36.1,191,10.6,5697.04,6895.1,0,0,0,0,0,0,0
1,298.5,309.7,1557,37.7,86,11.2,6146.93,3242.2,0,0,0,0,0,0,0
1,302.3,311.7,1504,37.3,107,9.4,5874.69,3991.1,0,0,0,0,0,0,0
0,297.5,308.5,1597,36.4,112,11.0,6087.44,4076.8,0,0,0,0,0,0,0
2,300.7,309.6,1403,51.3,174,8.9,7537.09,8926.2,0,0,0,0,0,0,0
1,299.0,310.2,1598,33.4,44,11.2,5589.23,1469.6,0,0,0,0,0,0,0
1,299.3,308.7,1390,49.3,215,9.4,7176.13,10599.5,1,0,0,0,0,0,0
2,300.2,309.7,1483,43.8,108,9.5,6802.11,4730.4,0,0,0,0,0,0,0
2,297.8,308.4,1512,35.1,138,10.6,5557.6,4843.8,0,0,0,0,0,0,0
0,298.4,309.2,1335,53.5,168,10.8,7479.35,8988.0,0,0,0,0,0,0,0
1,297.6,308.5,1490,43.4,154,10.9,6771.81,6683.6,0,0,0,0,0,0,0
1,298.9,309.0,1812,25.9,174,10.1,4914.58,4506.6,0,0,0,0,0,0,0
0,301.4,310.4,1433,43.4,86,9.0,6512.75,3732.4,0,0,0,0,0,0,0
1,300.6,310.5,1462,41.3,68,9.9,6323.04,2808.4,0,0,0,0,0,0,0
0,297.7,308.2,1446,43.9,172,10.5,6647.55,7550.8,0,0,0,0,0,0,0
0,301.0,311.3,1472,35.3,73,10.3,5441.41,2576.9,0,0,0,0,0,0,0
0,298.9,309.9,1309,56.2,119,11.0,7703.79,6687.8,0,0,0,0,0,0,0
1,301.0,310.9,1515,41.8,170,9.9,6631.59,7106.0,0,0,0,0,0,0,0
0,300.4,311.8,1589,42.0,201,11.4,6988.79,8442.0,1,0,0,0,0,0,0
2,297.2,308.5,2440,14.0,166,11.3,3577.23,2324.0,0,0,0,0,0,0,0
2,296.5,307.4,1432,49.2,64,10.9,7377.97,3148.8,0,0,0,0,0,0,0
0,300.3,311.7,1406,47.5,14,11.4,6993.71,665.0,0,0,0,0,0,0,0
0,302.6,311.9,1448,49.5,72,9.3,7505.89,3564.0,0,0,0,0,0,0,0
0,298.0,308.2,1620,35.8,5,10.2,6073.33,179.0,0,0,0,0,0,0,0
0,301.5,310.4,1474,39.9,53,8.9,6158.84,2114.7,0,0,0,0,0,0,0
2,299.8,309.0,1467,37.3,193,9.2,5730.17,7198.9,0,0,0,0,0,0,0
0,300.5,311.4,1466,41.8,112,10.9,6417.1,4681.6,0,0,0,0,0,0,0
0,298.6,308.2,1361,68.2,172,9.6,9720.11,11730.4,0,1,0,0,1,1,0
0,301.9,310.9,1542,36.7,101,9.0,5926.24,3706.7,0,0,0,0,0,0,0
0,302.5,312.0,1456,46.3,208,9.5,7059.45,9630.4,1,0,0,0,0,0,0
0,300.2,311.7,1640,30.8,191,11.5,5289.6,5882.8,0,0,0,0,0,0,0
1,295.5,305.9,1453,47.3,9,10.4,7197.06,425.7,0,0,0,0,0,0,0
0,297.5,308.9,1729,28.1,189,11.4,5087.8,5310.9,0,0,0,0,0,0,0
1,298.0,309.9,1445,45.2,55,11.9,6839.67,2486.0,0,0,0,0,0,0,0
0,304.2,313.4,1475,40.2,98,9.2,6209.36,3939.6,0,0,0,0,0,0,0
1,298.9,308.9,1679,28.7,181,10.0,5046.16,5194.7,0,0,0,0,0,0,0
0,300.2,310.0,1389,53.6,184,9.8,7796.43,9862.4,0,0,0,0,0,0,0
0,300.9,310.3,1440,47.6,140,9.4,7177.91,6664.0,0,0,0,0,0,0,0
1,302.3,311.1,1435,43.1,149,8.8,6476.76,6421.9,0,0,0,0,0,0,0
0,302.9,312.5,1629,30.4,74,9.6,5185.89,2249.6,0,0,0,0,0,0,0
0,297.0,308.1,1489,44.1,96,11.1,6876.41,4233.6,0,0,0,0,0,0,0
1,297.4,308.1,1620,31.2,143,10.7,5292.96,4461.6,0,0,0,0,0,0,0
1,302.4,311.1,1432,44.5,195,8.7,6673.16,8677.5,0,0,0,0,0,0,0
2,298.4,308.3,1458,42.9,15,9.9,6550.03,643.5,0,0,0,0,0,0,0
0,298.2,308.7,2186,17.8,31,10.5,4074.73,551.8,0,0,0,0,0,0,0
1,298.2,308.3,1560,33.0,181,10.1,5390.97,5973.0,0,0,0,0,0,0,0
0,298.6,309.8,1544,30.2,113,11.2,4882.96,3412.6,0,0,0,0,0,0,0
0,300.3,309.9,1570,34.0,31,9.6,5589.94,1054.0,0,0,0,0,0,0,0
0,299.5,309.3,1442,46.2,5,9.8,6976.47,231.0,0,0,0,0,0,0,0
1,302.3,310.9,1558,31.9,207,8.6,5204.59,6603.3,1,0,0,0,0,0,0
1,299.7,309.1,1576,36.4,149,9.4,6007.4,5423.6,0,0,0,0,0,0,0
1,302.1,311.3,1497,38.4,28,9.2,6019.79,1075.2,0,0,0,0,0,0,0
0,297.1,307.8,1584,42.3,135,10.7,7016.56,5710.5,0,0,0,0,0,0,0
1,300.9,310.7,1268,56.3,161,9.8,7475.78,9064.3,0,0,0,0,0,0,0
2,299.1,308.8,1553,32.6,90,9.7,5301.73,2934.0,0,0,0,0,0,0,0
1,298.2,308.5,2678,10.7,86,10.3,3000.7,920.2,0,1,0,0,1,0,0
0,297.9,309.8,1336,71.6,31,11.9,10017.24,2219.6,0,1,0,0,1,0,0
0,301.6,310.6,1613,42.5,97,9.0,7178.8,4122.5,0,0,0,0,0,0,0
0,297.9,307.8,1286,59.5,55,9.9,8012.84,3272.5,0,0,0,0,0,0,0
0,297.4,307.9,1557,35.5,174,10.5,5788.23,6177.0,0,0,0,0,0,0,0
0,300.7,311.0,1318,48.2,128,10.3,6652.59,6169.6,0,0,0,0,0,0,0
0,302.4,311.1,1446,42.9,5,8.7,6496.12,214.5,0,0,0,0,0,0,0
1,298.5,308.6,1344,53.0,114,10.1,7459.4,6042.0,0,0,0,0,0,0,0
1,301.8,310.8,1618,37.8,59,9.0,6404.7,2230.2,0,0,0,0,0,0,0
0,300.1,311.4,1356,45.7,149,11.3,6489.4,6809.3,0,0,0,0,0,0,0
0,302.8,312.3,1494,37.5,198,9.5,5866.92,7425.0,0,0,0,0,0,0,0
0,302.6,310.5,1511,37.2,197,7.9,5886.21,7328.4,0,0,0,0,0,0,0
0,300.9,312.4,1372,51.0,142,11.5,7327.45,7242.0,0,0,0,0,0,0,0
1,296.7,307.5,1515,42.1,55,10.8,6679.18,2315.5,0,0,0,0,0,0,0
0,299.1,310.5,1496,35.2,60,11.4,5514.46,2112.0,0,0,0,0,0,0,0
0,298.8,309.8,1490,40.6,124,11.0,6334.92,5034.4,0,0,0,0,0,0,0
1,304.0,313.0,1377,56.0,61,9.0,8075.15,3416.0,0,0,0,0,0,0,0
0,301.5,310.8,1367,49.0,193,9.3,7014.44,9457.0,0,0,0,0,0,0,0
0,303.9,313.2,1481,44.1,197,9.3,6839.47,8687.7,0,0,0,0,0,0,0
0,301.8,310.7,1751,29.3,133,8.9,5372.57,3896.9,0,0,0,0,0,0,0
1,300.1,309.2,1418,39.8,221,9.1,5910.01,8795.8,1,0,0,0,0,0,0
0,302.0,311.0,1566,37.8,218,9.0,6198.86,8240.4,1,0,0,0,0,0,0
0,302.8,310.6,1617,37.9,207,7.8,6417.68,7845.3,1,0,0,0,0,0,0
1,297.6,309.0,1815,25.3,66,11.4,4808.68,1669.8,0,0,0,0,0,0,0
0,298.4,308.6,1609,35.0,103,10.2,5897.29,3605.0,0,0,0,0,0,0,0
1,300.0,309.6,1423,48.7,67,9.6,7257.09,3262.9,0,0,0,0,0,0,0
0,297.9,308.5,1305,47.2,155,10.6,6450.32,7316.0,0,0,0,0,0,0,0
0,298.1,307.9,1614,35.8,196,9.8,6050.83,7016.8,0,0,0,0,0,0,0
0,299.5,309.3,1462,46.7,7,9.8,7149.78,326.9,0,0,0,0,0,0,0
0,303.5,312.3,1404,48.6,193,8.8,7145.49,9379.8,0,0,0,0,0,0,0
0,300.9,310.6,1504,46.4,129,9.7,7307.93,5985.6,0,0,0,0,0,0,0
0,299.9,310.1,1681,29.1,197,10.2,5122.59,5732.7,0,0,0,0,0,0,0
0,301.2,310.7,1568,38.3,49,9.5,6288.88,1876.7,0,0,0,0,0,0,0
1,299.2,308.8,1523,38.9,112,9.6,6204.09,4356.8,0,0,0,0,0,0,0
0,302.3,310.1,1321,52.7,134,7.8,7290.24,7061.8,0,1,0,1,0,0,0
0,297.3,308.7,1551,40.0,125,11.4,6496.81,5000.0,0,0,0,0,0,0,0
1,300.6,309.4,1367,63.2,45,8.8,9047.2,2844.0,0,1,0,0,1,0,0
0,299.1,310.1,1486,40.7,39,11.0,6333.47,1587.3,0,0,0,0,0,0,0
1,298.2,307.7,1681,31.0,84,9.5,5457.05,2604.0,0,0,0,0,0,0,0
1,299.2,310.4,1504,43.3,37,11.2,6819.69,1602.1,0,0,0,0,0,0,0
0,304.0,313.1,1404,47.1,90,9.1,6924.95,4239.0,0,0,0,0,0,0,0
1,297.3,308.2,1677,34.9,21,10.9,6128.96,732.9,0,0,0,0,0,0,0
2,302.1,311.6,1701,26.2,46,9.5,4666.96,1205.2,0,0,0,0,0,0,0
1,303.5,312.7,1402,47.0,23,9.2,6900.4,1081.0,0,0,0,0,0,0,0
0,301.9,310.7,1717,26.8,27,8.8,4818.74,723.6,0,0,0,0,0,0,0
1,299.2,310.0,1349,50.4,226,10.8,7119.85,11390.4,1,0,0,0,0,0,0
1,298.0,307.5,1784,27.8,163,9.5,5193.6,4531.4,0,0,0,0,0,0,0
1,303.4,311.4,1307,54.0,44,8.0,7390.91,2376.0,0,1,0,1,0,0,0
0,300.3,311.7,1821,26.3,202,11.4,5015.27,5312.6,1,0,0,0,0,0,0
0,298.9,308.5,1742,34.5,117,9.6,6293.55,4036.5,0,0,0,0,0,0,0
0,297.5,308.4,1633,33.3,213,10.9,5694.55,7092.9,1,0,0,0,0,0,0
0,301.3,310.7,1516,46.0,119,9.4,7302.74,5474.0,0,0,0,0,0,0,0
0,298.5,308.2,1654,27.1,13,9.7,4693.9,352.3,0,0,0,0,0,0,0
0,298.3,307.9,1703,28.9,147,9.6,5153.96,4248.3,0,0,0,0,0,0,0
1,298.6,309.5,1684,27.8,44,10.9,4902.48,1223.2,0,0,0,0,0,0,0
1,298.2,307.8,1411,53.4,110,9.6,7890.36,5874.0,0,0,0,0,0,0,0
1,298.2,308.9,1585,34.3,33,10.7,5693.14,1131.9,0,0,0,0,0,0,0
0,300.7,309.9,1412,45.3,155,9.2,6698.25,7021.5,0,0,0,0,0,0,0
0,298.3,308.4,1585,30.6,127,10.1,5079.01,3886.2,0,0,0,0,0,0,0
0,297.4,308.3,1493,41.2,43,10.9,6441.48,1771.6,0,0,0,0,0,0,0
2,300.4,309.9,2563,12.8,81,9.5,3435.48,1036.8,0,1,0,0,1,0,0
1,302.1,310.1,1379,48.2,166,8.0,6960.49,8001.2,0,1,0,1,0,0,0
0,298.5,309.5,1428,43.5,87,11.0,6504.98,3784.5,0,0,0,0,0,0,0
2,303.8,312.9,1570,35.8,147,9.1,5885.88,5262.6,0,0,0,0,0,0,0
0,300.7,309.6,1541,34.6,131,8.9,5583.51,4532.6,0,0,0,0,0,0,0
2,297.6,309.6,1278,50.4,2,12.0,6745.13,100.8,0,0,0,0,0,0,0
0,300.1,309.3,1712,28.5,141,9.2,5109.49,4018.5,0,0,0,0,0,0,0
1,301.3,310.5,1481,39.7,85,9.2,6157.07,3374.5,0,0,0,0,0,0,0
0,298.0,309.6,1536,37.3,120,11.6,5999.69,4476.0,0,0,0,0,0,0,0
0,300.4,309.9,1496,31.8,154,9.5,4981.81,4897.2,0,0,0,0,0,0,0
0,296.9,307.7,1464,41.4,6,10.8,6347.02,248.4,0,0,0,0,0,0,0
0,299.3,309.1,1634,36.8,62,9.8,6296.92,2281.6,0,0,0,0,0,0,0
1,298.8,310.2,1583,35.7,116,11.4,5918.04,4141.2,0,0,0,0,0,0,0
0,303.8,312.9,1442,48.3,52,9.1,7293.58,2511.6,0,0,0,0,0,0,0
1,298.7,309.8,1528,36.7,197,11.1,5872.43,7229.9,0,0,0,0,0,0,0
0,300.7,312.1,1395,41.9,157,11.4,6120.92,6578.3,0,0,0,0,0,0,0
0,299.2,308.5,1867,27.0,138,9.3,5278.82,3726.0,0,0,0,0,0,0,0
0,298.5,309.7,2617,12.1,102,11.2,3316.02,1234.2,0,1,0,0,1,0,0
1,300.5,309.8,1508,37.8,150,9.3,5969.28,5670.0,0,0,0,0,0,0,0
1,300.3,309.1,1458,44.3,175,8.8,6763.79,7752.5,0,0,0,0,0,0,0
2,302.4,312.0,1457,43.4,23,9.6,6621.83,998.2,0,0,0,0,0,0,0
0,299.3,309.1,1293,53.7,189,9.8,7271.12,10149.3,0,0,0,0,0,0,0
1,300.3,311.1,1350,58.7,130,10.8,8298.52,7631.0,0,0,0,0,0,0,0
0,303.1,312.7,1353,51.8,97,9.6,7339.33,5024.6,0,0,0,0,0,0,0
0,300.5,312.0,1646,29.5,106,11.5,5084.88,3127.0,0,0,0,0,0,0,0
0,297.1,307.8,1477,36.6,177,10.7,5660.96,6478.2,0,0,0,0,0,0,0
0,298.9,310.2,1971,23.2,155,11.3,4788.54,3596.0,0,0,0,0,0,0,0
0,299.1,308.3,1325,46.9,28,9.2,6507.55,1313.2,0,0,0,0,0,0,0
0,297.7,308.7,1479,45.7,93,11.0,7078.04,4250.1,0,0,0,0,0,0,0
0,304.0,313.1,1720,28.7,106,9.1,5169.39,3042.2,0,0,0,0,0,0,0
0,302.8,312.2,1515,36.8,162,9.4,5838.34,5961.6,0,0,0,0,0,0,0
0,299.0,310.1,1580,41.9,55,11.1,6932.66,2304.5,0,0,0,0,0,0,0
1,303.9,313.1,1668,34.4,137,9.2,6008.74,4712.8,0,0,0,0,0,0,0
2,297.7,309.7,1616,31.1,20,12.0,5262.96,622.0,0,0,0,0,0,0,0
0,299.0,310.4,1382,53.0,89,11.4,7670.3,4717.0,0,0,0,0,0,0,0
0,301.9,310.7,1947,25.0,137,8.8,5097.23,3425.0,0,0,0,0,0,0,0
1,297.1,307.8,1538,34.3,181,10.7,5524.32,6208.3,0,0,0,0,0,0,0
0,299.0,310.1,1444,47.7,161,11.1,7212.97,7679.7,0,0,0,0,0,0,0
0,300.2,311.7,1286,55.1,42,11.5,7420.3,2314.2,0,0,0,0,0,0,0
1,298.4,308.2,1499,40.0,211,9.8,6279.0,8440.0,1,0,0,0,0,0,0
0,299.3,309.0,1447,50.4,140,9.7,7637.09,7056.0,0,0,0,0,0,0,1
2,301.6,310.8,1435,47.2,152,9.2,7092.88,7174.4,0,0,0,0,0,0,0
0,299.0,310.3,1472,36.1,97,11.3,5564.72,3501.7,0,0,0,0,0,0,0
1,302.2,311.4,1398,47.2,202,9.2,6910.0,9534.4,1,0,0,0,0,0,0
1,298.9,310.1,1555,40.6,176,11.2,6611.27,7145.6,0,0,0,0,0,0,0
1,302.2,311.2,1873,24.0,99,9.0,4707.36,2376.0,0,0,0,0,0,0,0
0,300.7,310.7,1431,39.3,22,10.0,5889.26,864.6,0,0,0,0,0,0,0
1,300.7,311.7,1499,38.9,3,11.0,6106.32,116.7,0,0,0,0,0,0,0
0,297.8,308.5,1699,27.8,199,10.7,4946.14,5532.2,0,0,0,0,0,0,0
0,302.7,310.6,1501,48.7,4,7.9,7654.88,194.8,0,0,0,0,0,0,0
0,301.0,310.9,1578,38.4,49,9.9,6345.51,1881.6,0,0,0,0,0,0,0
0,298.7,309.9,1753,26.8,40,11.2,4919.78,1072.0,0,0,0,0,0,0,0
0,300.1,310.1,1380,52.6,59,10.0,7601.4,3103.4,0,0,0,0,0,0,0
0,297.3,308.7,1619,31.6,129,11.4,5357.5,4076.4,0,0,0,0,0,0,0
1,299.0,310.3,1558,35.4,223,11.3,5775.63,7894.2,1,0,0,0,0,0,0
0,302.7,312.2,1336,46.8,179,9.5,6547.58,8377.2,0,0,0,0,0,0,0
0,298.8,309.1,1513,40.3,160,10.3,6385.17,6448.0,0,0,0,0,0,0,0
1,298.8,308.5,1425,47.4,90,9.7,7073.3,4266.0,0,0,0,0,0,0,0
1,301.3,310.7,1819,25.5,46,9.4,4857.37,1173.0,0,0,0,0,0,0,0
0,302.4,311.0,1462,48.5,81,8.6,7425.36,3928.5,0,0,0,0,0,0,0
2,302.5,311.5,1655,32.3,142,9.0,5597.95,4586.6,0,0,0,0,0,0,0
2,301.1,310.6,1407,43.9,111,9.5,6468.26,4872.9,0,0,0,0,0,0,0
2,301.8,311.2,1451,39.4,70,9.4,5986.77,2758.0,0,0,0,0,0,0,0
0,299.7,309.3,1574,35.8,6,9.6,5900.87,214.8,0,0,0,0,0,0,0
0,300.1,310.2,1475,54.2,53,10.1,8371.82,2872.6,0,0,0,0,0,0,0
0,299.0,310.1,1699,32.9,87,11.1,5853.53,2862.3,0,0,0,0,0,0,0
0,298.8,308.6,1501,35.0,55,9.8,5501.45,1925.0,0,0,0,0,0,0,0
0,300.1,309.2,1599,30.1,216,9.1,5040.15,6501.6,1,0,0,0,0,0,0
0,301.1,311.6,1432,48.1,202,10.5,7213.01,9716.2,1,0,0,0,0,0,0
2,303.1,312.6,1404,40.6,152,9.5,5969.28,6171.2,0,0,0,0,0,0,0
1,301.2,312.3,1548,38.3,87,11.1,6208.67,3332.1,0,0,0,0,0,0,0
1,300.8,310.3,1526,36.3,205,9.5,5800.83,7441.5,1,0,0,0,0,0,0
0,298.3,309.1,1417,60.5,143,10.8,8977.47,8651.5,0,0,0,0,0,0,0
1,301.9,310.7,1405,47.9,80,8.8,7047.59,3832.0,0,0,0,0,0,0,0
0,303.9,313.0,1483,45.0,78,9.1,6988.47,3510.0,0,0,0,0,0,0,0
0,298.8,309.5,1374,48.1,159,10.7,6920.87,7647.9,0,0,0,0,0,0,0
1,298.1,307.6,1565,36.3,140,9.5,5949.08,5082.0,0,0,0,0,0,0,0
0,298.3,309.2,1456,45.5,75,10.9,6937.47,3412.5,0,0,0,0,0,0,0
0,299.8,309.5,1542,40.3,141,9.7,6507.56,5682.3,0,0,0,0,0,0,0
1,297.3,308.6,1456,42.9,122,11.3,6541.05,5233.8,0,0,0,0,0,0,0
0,302.4,311.8,1673,30.1,210,9.4,5273.4,6321.0,1,0,0,0,0,0,0
0,300.5,309.8,1550,37.4,148,9.3,6070.6,5535.2,0,0,0,0,0,0,0
1,297.6,308.6,1389,49.0,34,11.0,7127.33,1666.0,0,0,0,0,0,0,0
0,302.4,310.8,1686,28.8,150,8.4,5084.86,4320.0,0,0,0,0,0,0,0
0,295.8,306.5,1534,37.9,88,10.7,6088.26,3335.2,0,0,0,0,0,0,0
0,300.3,311.6,1709,29.5,27,11.3,5279.5,796.5,0,0,0,0,0,0,0
0,297.7,307.2,1444,40.0,17,9.5,6048.61,680.0,0,0,0,0,0,0,0
2,297.6,308.3,1640,30.9,79,10.7,5306.78,2441.1,0,0,0,0,0,0,0
0,298.1,309.9,1629,32.5,45,11.8,5544.13,1462.5,0,0,0,0,0,0,0
0,303.6,313.0,1522,35.8,133,9.4,5705.93,4761.4,0,0,0,0,0,0,0
0,301.6,310.9,1632,31.6,189,9.3,5400.52,5972.4,0,0,0,0,0,0,0
1,298.8,310.1,1243,74.5,194,11.3,9697.42,14453.0,0,1,0,0,1,1,0
0,295.9,306.6,1557,41.1,113,10.7,6701.3,4644.3,0,0,0,0,0,0,0
0,298.4,309.5,1397,50.3,110,11.1,7358.56,5533.0,0,0,0,0,0,0,0
0,297.5,308.9,1459,48.5,193,11.4,7410.13,9360.5,0,0,0,0,0,0,0
0,297.3,308.7,1352,53.8,91,11.4,7617.06,4895.8,0,0,0,0,0,0,0
0,302.5,311.2,1545,40.1,165,8.7,6487.86,6616.5,0,0,0,0,0,0,0
0,301.1,312.3,1486,34.9,122,11.2,5430.91,4257.8,0,0,0,0,0,0,0
2,302.5,311.9,1595,34.6,112,9.4,5779.17,3875.2,0,0,0,0,0,0,0
0,299.6,309.4,1643,32.9,145,9.8,5660.59,4770.5,0,0,0,0,0,0,0
0,300.7,310.9,1535,37.1,113,10.2,5963.63,4192.3,0,0,0,0,0,0,0
0,298.4,308.2,1364,45.9,63,9.8,6556.25,2891.7,0,0,0,0,0,0,0
1,296.7,307.7,1597,32.1,114,11.0,5368.32,3659.4,0,0,0,0,0,0,0
1,302.0,310.5,1381,58.4,201,8.5,8445.69,11738.4,1,0,0,0,0,0,0
1,302.3,311.8,1355,50.1,104,9.5,7108.95,5210.4,0,0,0,0,0,0,0
0,303.7,313.0,1811,24.3,209,9.3,4608.43,5078.7,1,0,0,0,0,0,0
0,300.5,311.9,1330,59.5,33,11.4,8287.0,1963.5,0,0,0,0,0,0,0
0,297.6,308.8,1539,40.2,72,11.2,6478.78,2894.4,0,0,0,0,0,0,0
0,300.4,311.7,1459,45.6,3,11.3,6967.05,136.8,0,0,0,0,0,0,0
0,298.8,310.0,1487,41.4,152,11.2,6446.74,6292.8,0,0,0,0,0,0,0
1,302.8,312.2,1615,32.9,159,9.4,5564.13,5231.1,0,0,0,0,0,0,0
0,303.5,313.0,1393,51.6,80,9.5,7527.13,4128.0,0,0,0,0,0,0,0
2,300.6,310.4,1510,42.8,124,9.8,6767.83,5307.2,0,0,0,0,0,0,0
0,300.5,309.5,1777,23.6,0,9.0,4391.65,0.0,0,0,0,0,0,0,0
1,300.9,310.7,1452,47.3,25,9.8,7192.11,1182.5,0,0,0,0,0,0,0
2,297.5,309.3,1563,36.1,100,11.8,5908.74,3610.0,0,0,0,0,0,0,0
1,298.1,307.8,1525,35.9,132,9.7,5733.14,4738.8,0,0,0,0,0,0,0
2,300.0,310.4,1881,21.9,102,10.4,4313.82,2233.8,0,0,0,0,0,0,0
0,300.4,311.0,1802,26.0,197,10.6,4906.33,5122.0,0,0,0,0,0,0,0
0,300.1,309.4,1560,47.7,26,9.3,7792.41,1240.2,0,0,0,0,0,0,0
0,299.2,308.4,1434,46.8,2,9.2,7027.87,93.6,0,0,0,0,0,0,0
1,300.5,309.8,1555,38.9,166,9.3,6334.45,6457.4,0,0,0,0,0,0,0
0,297.7,308.9,1838,27.3,99,11.2,5254.57,2702.7,0,0,0,0,0,0,0
2,298.4,308.1,1891,24.7,158,9.7,4891.22,3902.6,0,0,0,0,0,0,0
1,302.2,311.5,1562,38.0,162,9.3,6215.75,6156.0,0,0,0,0,0,0,0
0,299.6,309.4,1677,31.1,191,9.8,5461.63,5940.1,0,0,0,0,0,0,0
1,298.9,309.9,1404,41.4,20,11.0,6086.9,828.0,0,0,0,0,0,0,0
0,300.7,310.1,1261,56.6,98,9.4,7474.12,5546.8,0,0,0,0,0,0,0
0,301.7,310.5,1377,43.1,183,8.8,6214.98,7887.3,0,0,0,0,0,0,0
0,302.5,310.9,1477,39.2,144,8.4,6063.11,5644.8,0,0,0,0,0,0,0
1,303.8,313.2,1710,26.5,190,9.4,4745.38,5035.0,0,0,0,0,0,0,0
1,301.3,310.0,2068,17.8,176,8.7,3854.78,3132.8,0,0,0,0,0,0,0
0,298.8,310.0,1403,45.6,185,11.2,6699.63,8436.0,0,0,0,0,0,0,0
1,302.4,312.1,1492,47.7,7,9.7,7452.74,333.9,0,0,0,0,0,0,0
1,300.5,311.8,1331,55.3,167,11.3,7707.82,9235.1,0,0,0,0,0,0,0
0,299.4,308.7,1446,62.9,134,9.3,9524.62,8428.6,0,1,0,0,1,0,0
1,303.3,311.4,1395,59.1,4,8.1,8633.57,236.4,0,0,0,0,0,0,0
0,301.0,310.9,1473,44.2,116,9.9,6817.95,5127.2,0,0,0,0,0,0,0
1,303.4,311.7,1690,34.9,189,8.3,6176.48,6596.1,0,0,0,0,0,0,0
0,297.6,308.5,1678,34.2,114,10.9,6009.62,3898.8,0,0,0,0,0,0,0
1,300.4,310.2,1613,36.9,231,9.8,6232.89,8523.9,1,0,0,0,0,0,0
2,297.5,308.8,1430,49.4,2,11.3,7397.61,98.8,0,0,0,0,0,0,0
0,297.3,308.6,1486,42.6,105,11.3,6629.14,4473.0,0,0,0,0,0,0,0
0,301.3,310.8,1381,47.9,33,9.5,6927.2,1580.7,0,0,0,0,0,0,0
0,301.5,310.6,1394,46.5,206,9.1,6788.04,9579.0,1,0,0,0,0,0,0
0,301.7,311.0,1441,44.3,208,9.3,6684.92,9214.4,1,1,1,0,0,0,0
0,300.3,309.6,1624,32.6,175,9.3,5544.12,5705.0,0,0,0,0,0,0,0
0,297.2,308.1,1689,31.2,145,10.9,5518.4,4524.0,0,0,0,0,0,0,0
0,297.6,308.3,1816,28.8,106,10.7,5476.93,3052.8,0,0,0,0,0,0,0
1,299.3,308.5,1496,39.4,80,9.2,6172.43,3152.0,0,0,0,0,0,0,0
0,299.5,310.0,1388,52.4,94,10.5,7616.39,4925.6,0,0,0,0,0,0,0
0,300.8,312.4,1767,25.6,105,11.6,4737.02,2688.0,0,0,0,0,0,0,0
0,301.3,310.4,1504,47.2,193,9.1,7433.93,9109.6,0,0,0,0,0,0,0
1,297.6,308.9,1479,38.1,182,11.3,5900.95,6934.2,0,0,0,0,0,0,0
0,300.5,309.6,1465,41.6,217,9.1,6382.04,9027.2,1,0,0,0,0,0,0
0,300.7,310.1,1721,32.3,170,9.4,5821.19,5491.0,0,0,0,0,0,0,0
1,302.6,312.1,1611,39.9,210,9.5,6731.27,8379.0,1,0,0,0,0,0,0
0,302.5,310.2,1307,54.0,86,7.7,7390.91,4644.0,0,1,0,1,0,0,0
0,297.4,308.3,1366,45.5,11,10.9,6508.65,500.5,0,0,0,0,0,0,0
0,301.7,310.7,1493,51.1,87,9.0,7989.31,4445.7,0,0,0,0,0,0,0
0,299.8,310.8,1376,48.6,159,11.0,7002.99,7727.4,0,0,0,0,0,0,0
0,300.7,310.8,2113,18.5,95,10.1,4093.55,1757.5,0,0,0,0,0,0,0
0,300.2,311.5,1685,31.0,193,11.3,5470.04,5983.0,0,0,0,0,0,0,0
0,299.0,308.7,1583,32.5,25,9.7,5387.57,812.5,0,0,0,0,0,0,0
0,302.2,310.8,1827,23.8,9,8.6,4553.49,214.2,0,0,0,0,0,0,0
0,299.8,310.3,1524,34.2,196,10.5,5458.08,6703.2,0,0,0,0,0,0,0
0,298.2,308.4,1310,61.0,189,10.2,8368.16,11529.0,0,1,0,0,0,1,0
0,303.7,312.4,1512,39.2,184,8.7,6206.78,7212.8,0,0,0,0,0,0,0
1,297.4,308.3,1483,41.9,47,10.9,6507.04,1969.3,0,0,0,0,0,0,0
1,301.6,310.9,1510,40.9,152,9.3,6467.39,6216.8,0,0,0,0,0,0,0
0,300.5,311.8,1368,57.9,191,11.3,8294.56,11058.9,0,1,0,0,0,1,0
1,300.1,311.5,1343,46.2,28,11.4,6497.5,1293.6,0,0,0,0,0,0,0
0,303.1,311.3,1403,55.6,150,8.2,8168.85,8340.0,0,0,0,0,0,0,0
1,301.1,310.5,1547,35.8,81,9.4,5799.65,2899.8,0,0,0,0,0,0,0
1,301.1,310.7,2219,16.7,79,9.6,3880.63,1319.3,0,0,0,0,0,0,0
0,303.4,311.6,1497,42.8,58,8.2,6709.56,2482.4,0,0,0,0,0,0,0
0,297.6,308.6,1393,40.4,127,11.0,5893.33,5130.8,0,0,0,0,0,0,0
0,296.8,308.0,1536,40.4,217,11.2,6498.32,8766.8,1,0,0,0,0,0,0
0,299.4,309.2,1427,41.5,29,9.8,6201.56,1203.5,0,0,0,0,0,0,0
0,303.8,312.5,1619,30.9,142,8.7,5238.83,4387.8,0,0,0,0,0,0,0
1,298.4,309.0,1544,38.8,97,10.6,6273.47,3763.6,0,0,0,0,0,0,0
0,298.0,307.7,1430,47.3,49,9.7,7083.14,2317.7,0,0,0,0,0,0,0
1,300.3,311.5,1540,41.5,151,11.2,6692.64,6266.5,0,0,0,0,0,0,0
1,303.2,311.5,1336,58.2,2,8.3,8142.51,116.4,0,1,0,1,0,0,0
0,303.7,312.7,1359,56.8,194,9.0,8083.44,11019.2,0,1,0,0,0,1,0
0,303.6,312.5,1345,54.1,126,8.9,7619.88,6816.6,0,0,0,0,0,0,0
2,298.5,309.4,1573,36.0,97,10.9,5930.07,3492.0,0,0,0,0,0,0,0
0,298.0,308.8,1489,36.5,109,10.8,5691.36,3978.5,0,0,0,0,0,0,0
0,298.9,310.2,1654,31.1,158,11.3,5386.72,4913.8,0,0,0,0,0,0,0
1,303.4,312.9,1422,39.9,63,9.5,5941.57,2513.7,0,0,0,0,0,0,0
1,300.3,309.6,1398,53.7,82,9.3,7861.58,4403.4,0,0,0,0,0,0,0
0,298.8,308.6,1331,62.8,81,9.8,8753.19,5086.8,0,0,0,0,0,0,0
0,300.9,311.0,1499,38.0,111,10.1,5965.05,4218.0,0,0,0,0,0,0,0
0,301.0,312.2,1264,59.0,57,11.2,7809.58,3363.0,0,0,0,0,0,0,0
0,296.4,307.4,2833,5.6,213,11.0,1661.36,1192.8,1,1,0,0,1,0,0
1,296.3,307.2,1454,42.5,35,10.9,6471.16,1487.5,0,0,0,0,0,0,0
1,301.5,310.8,1452,44.1,157,9.3,6705.54,6923.7,0,0,0,0,0,0,0
1,300.3,309.8,1444,42.0,3,9.5,6351.04,126.0,0,0,0,0,0,0,0
0,296.6,307.4,1521,38.6,173,10.8,6148.16,6677.8,0,0,0,0,0,0,0
0,298.6,308.4,1485,42.9,38,9.8,6671.33,1630.2,0,0,0,0,0,0,0
1,299.0,310.4,1625,37.1,131,11.4,6313.29,4860.1,0,0,0,0,0,0,0
0,303.7,313.1,1423,41.2,124,9.4,6139.47,5108.8,0,0,0,0,0,0,0
0,303.9,312.7,1800,24.3,158,8.8,4580.44,3839.4,0,0,0,0,0,0,0
0,299.4,309.1,1432,45.4,137,9.7,6808.12,6219.8,0,0,0,0,0,0,0
0,297.0,307.9,1455,49.0,204,10.9,7465.99,9996.0,1,0,0,0,0,0,0
1,302.6,311.0,1591,33.9,119,8.4,5648.05,4034.1,0,0,0,0,0,0,0
1,301.3,310.4,1635,32.5,110,9.1,5564.55,3575.0,0,0,0,0,0,0,0
0,298.0,309.2,1527,32.4,99,11.2,5180.99,3207.6,0,0,0,0,0,0,0
1,298.8,308.7,1446,45.5,49,9.9,6889.83,2229.5,0,0,0,0,0,0,0
0,302.3,310.7,1499,37.8,137,8.4,5933.65,5178.6,0,0,0,0,0,0,0
0,300.1,311.3,2579,12.5,64,11.2,3375.9,800.0,0,1,0,0,1,0,0
2,299.0,308.5,1623,33.5,154,9.5,5693.67,5159.0,0,0,0,0,0,0,0
0,303.5,312.8,1607,38.4,92,9.3,6462.13,3532.8,0,0,0,0,0,0,0
2,300.2,311.6,1662,28.8,162,11.4,5012.47,4665.6,0,0,0,0,0,0,0
0,303.9,312.9,1526,42.5,194,9.0,6791.6,8245.0,0,0,0,0,0,0,0
0,302.0,310.9,1495,38.6,52,8.9,6043.06,2007.2,0,0,0,0,0,0,0
0,302.7,312.0,1828,24.0,63,9.3,4594.27,1512.0,0,0,0,0,0,0,0
0,300.6,309.5,1437,40.0,55,8.9,6019.29,2200.0,0,0,0,0,0,0,0
2,301.6,310.6,1555,40.4,139,9.0,6578.7,5615.6,0,0,0,0,0,0,0
0,303.4,312.7,1363,45.5,26,9.3,6494.35,1183.0,0,0,0,0,0,0,0
0,300.1,310.5,1492,50.9,111,10.4,7952.71,5649.9,0,0,0,0,0,0,0
0,299.0,309.0,1469,40.1,13,10.0,6168.72,521.3,0,0,0,0,0,0,0
0,296.5,307.6,1415,44.2,106,11.1,6549.49,4685.2,0,0,0,0,0,0,0
2,297.4,309.3,1516,43.0,83,11.9,6826.47,3569.0,0,0,0,0,0,0,0
0,300.2,311.8,1798,23.2,210,11.6,4368.24,4872.0,1,0,0,0,0,0,0
1,299.8,311.1,1498,38.1,176,11.3,5976.75,6705.6,0,0,0,0,0,0,0
0,296.6,307.4,1465,47.8,187,10.8,7333.21,8938.6,0,0,0,0,0,0,0
0,298.2,309.0,1596,37.2,87,10.8,6217.34,3236.4,0,0,0,0,0,0,0
0,303.6,312.9,1873,23.5,7,9.3,4609.29,164.5,0,0,0,0,0,0,0
1,299.8,310.6,1694,31.3,121,10.8,5552.47,3787.3,0,0,0,0,0,0,0
0,297.5,308.3,1596,36.8,77,10.8,6150.48,2833.6,0,0,0,0,0,0,0
1,298.1,309.1,1572,37.5,126,11.0,6173.23,4725.0,0,0,0,0,0,0,0
0,301.9,311.0,2691,12.1,31,9.1,3409.79,375.1,0,1,0,0,1,0,0
1,296.2,307.3,1477,35.2,53,11.1,5444.42,1865.6,0,0,0,0,0,0,0
0,300.9,310.3,1321,48.8,150,9.4,6750.74,7320.0,0,0,0,0,0,0,0
0,302.4,311.0,1573,36.5,193,8.6,6012.43,7044.5,0,0,0,0,0,0,0
0,298.0,308.9,1578,35.6,153,10.9,5882.82,5446.8,0,0,0,0,0,0,0
1,298.8,310.1,1501,48.7,192,11.3,7654.88,9350.4,0,0,0,0,0,0,0
1,297.6,308.8,1416,45.9,101,11.2,6806.2,4635.9,0,0,0,0,0,0,0
1,298.2,309.2,1524,34.6,161,11.0,5521.91,5570.6,0,0,0,0,0,0,0
0,297.4,308.7,1510,36.2,92,11.3,5724.19,3330.4,0,0,0,0,0,0,0
0,301.0,310.9,1568,38.2,172,9.9,6272.46,6570.4,0,0,0,0,0,0,0
1,297.3,308.7,1451,43.8,24,11.4,6655.34,1051.2,0,0,0,0,0,0,0
0,302.8,312.1,1520,39.9,48,9.3,6351.04,1915.2,0,0,0,0,0,0,0
0,301.4,310.3,1492,41.4,195,8.9,6468.41,8073.0,0,0,0,0,0,0,0
0,301.8,309.7,1598,30.4,124,7.9,5087.2,3769.6,0,0,0,0,0,0,0
0,304.2,313.4,1568,37.6,25,9.2,6173.94,940.0,0,0,0,0,0,0,0
0,299.0,308.6,1434,45.9,108,9.6,6892.72,4957.2,0,0,0,0,0,0,0
1,301.8,310.6,1459,40.2,128,8.8,6142.0,5145.6,0,0,0,0,0,0,0
0,302.2,311.3,1570,36.1,0,9.1,5935.2,0.0,0,0,0,0,0,0,0
0,300.5,309.9,1503,37.4,175,9.4,5886.53,6545.0,0,0,0,0,0,0,0
0,300.7,310.7,1450,43.4,80,10.0,6590.01,3472.0,0,0,0,0,0,0,0
1,298.3,308.5,1629,37.1,170,10.2,6328.83,6307.0,0,0,0,0,0,0,0
2,298.9,308.4,1632,31.8,17,9.5,5434.7,540.6,0,0,0,0,0,0,0
0,300.8,310.7,1358,48.1,198,9.9,6840.27,9523.8,0,0,0,0,0,0,0
1,301.8,309.8,1546,39.8,121,8.0,6443.49,4815.8,0,0,0,0,0,0,0
0,300.2,309.2,1667,29.9,75,9.0,5219.58,2242.5,0,0,0,0,0,0,0
0,303.4,312.3,1287,54.8,54,8.9,7385.63,2959.2,0,0,0,0,0,0,0
1,301.7,310.1,1743,27.3,210,8.4,4982.97,5733.0,1,0,0,0,0,0,0
2,300.6,310.0,1483,44.0,97,9.4,6833.17,4268.0,0,0,0,0,0,0,0
2,300.2,310.3,1408,42.5,0,10.1,6266.43,0.0,0,0,0,0,0,0,0
0,298.4,308.3,1473,39.9,184,9.9,6154.66,7341.6,0,0,0,0,0,0,0
1,299.1,310.3,1838,24.0,235,11.2,4619.4,5640.0,1,0,0,0,0,0,0
0,299.0,309.9,1630,34.0,92,10.9,5803.57,3128.0,0,0,0,0,0,0,0
0,299.7,309.3,1779,25.5,129,9.6,4750.56,3289.5,0,0,0,0,0,0,0
0,297.3,308.3,1410,48.1,23,11.0,7102.2,1106.3,0,0,0,0,0,0,0
1,303.5,312.9,1618,30.4,130,9.4,5150.87,3952.0,0,0,0,0,0,0,0
2,303.8,312.5,1447,46.6,198,8.7,7061.27,9226.8,0,0,0,0,0,0,0
1,300.7,311.2,1769,26.5,63,10.5,4909.11,1669.5,0,0,0,0,0,0,0
0,298.1,308.0,1704,30.9,61,9.9,5513.87,1884.9,0,0,0,0,0,0,0
1,298.1,308.6,1415,46.3,27,10.5,6860.66,1250.1,0,0,0,0,0,0,0
1,300.9,310.8,1599,33.0,7,9.9,5525.75,231.0,0,0,0,0,0,0,0
0,300.1,309.8,1430,56.7,44,9.7,8490.78,2494.8,0,0,0,0,0,0,0
1,302.6,311.7,1430,51.7,32,9.1,7742.04,1654.4,0,0,0,0,0,0,0
0,300.7,310.0,1395,48.0,85,9.3,7012.03,4080.0,0,0,0,0,0,0,0
1,300.3,311.7,1646,28.9,198,11.4,4981.46,5722.2,0,0,0,0,0,0,0
1,301.5,310.7,1416,53.2,69,9.2,7888.66,3670.8,0,0,0,0,0,0,0
0,302.9,312.4,1550,36.9,194,9.5,5989.45,7158.6,0,0,0,0,0,0,0
1,302.7,311.6,2709,9.7,2,8.9,2751.75,19.4,0,1,0,0,1,0,0
0,302.6,310.3,1479,40.4,105,7.7,6257.17,4242.0,0,0,0,0,0,0,0
0,300.2,309.9,1566,36.4,170,9.7,5969.28,6188.0,0,0,0,0,0,0,0
0,302.4,311.8,1543,31.1,96,9.4,5025.22,2985.6,0,0,0,0,0,0,0
0,298.3,307.7,1576,33.8,171,9.4,5578.3,5779.8,0,0,0,0,0,0,0
0,297.1,308.3,1496,45.8,190,11.2,7175.06,8702.0,0,0,0,0,0,0,0
0,298.2,309.0,2449,13.8,45,10.8,3539.13,621.0,0,0,0,0,0,0,0
0,300.5,310.5,1373,47.4,56,10.0,6815.18,2654.4,0,0,0,0,0,0,0
1,300.3,309.5,1405,49.4,77,9.2,7268.28,3803.8,0,0,0,0,0,0,0
0,302.4,311.0,1423,46.2,186,8.6,6884.55,8593.2,0,0,0,0,0,0,0
0,298.1,307.6,1950,20.3,202,9.5,4145.33,4100.6,1,0,0,0,0,0,0
0,301.0,310.9,1428,45.3,47,9.9,6774.15,2129.1,0,0,0,0,0,0,0
0,299.1,310.5,1485,37.8,46,11.4,5878.23,1738.8,0,0,0,0,0,0,0
1,303.6,311.8,1421,44.8,101,8.2,6666.54,4524.8,0,1,0,0,0,0,0
0,296.2,307.2,1515,36.5,38,11.0,5790.74,1387.0,0,0,0,0,0,0,0
0,301.3,311.0,1542,33.6,80,9.7,5425.66,2688.0,0,0,0,0,0,0,0
0,297.7,307.6,1921,22.9,68,9.9,4606.72,1557.2,0,0,0,0,0,0,0
0,299.7,311.1,1439,44.9,174,11.4,6766.06,7812.6,0,0,0,0,0,0,0
0,299.0,310.3,1428,46.3,175,11.3,6923.69,8102.5,0,0,0,0,0,0,0
1,301.4,311.0,1234,55.8,152,9.6,7210.71,8481.6,0,0,0,0,0,0,0
1,304.2,313.8,1481,44.9,136,9.6,6963.54,6106.4,0,0,0,0,0,0,0
0,301.0,312.3,1550,34.9,111,11.3,5664.82,3873.9,0,0,0,0,0,0,0
0,296.8,307.9,1271,61.4,125,11.1,8172.27,7675.0,0,0,0,0,0,0,0
0,302.3,310.9,2034,19.7,190,8.6,4196.1,3743.0,0,0,0,0,0,0,0
2,298.8,309.0,1497,43.8,147,10.2,6866.33,6438.6,0,0,0,0,0,0,0
0,297.9,309.8,2000,21.3,29,11.9,4461.06,617.7,0,0,0,0,0,0,0
0,298.9,308.5,1429,55.1,140,9.6,8245.41,7714.0,0,0,0,0,0,0,0
0,302.5,310.3,1523,36.0,72,7.8,5741.57,2592.0,0,0,0,0,0,0,0
1,299.2,308.4,1396,48.5,5,9.2,7090.16,242.5,0,0,0,0,0,0,0
0,304.2,313.4,1735,28.9,192,9.2,5250.81,5548.8,0,0,0,0,0,0,0
0,302.9,312.1,1334,54.7,88,9.2,7641.38,4813.6,0,0,0,0,0,0,0
1,297.3,308.0,1403,45.0,77,10.7,6611.48,3465.0,0,0,0,0,0,0,0
1,297.8,309.1,1432,42.6,17,11.3,6388.24,724.2,0,0,0,0,0,0,0
0,302.2,311.6,1872,20.4,202,9.4,3999.12,4120.8,1,0,0,0,0,0,0
0,303.8,313.2,1531,39.4,159,9.4,6316.84,6264.6,0,0,0,0,0,0,0
0,301.4,310.4,1559,36.0,196,9.0,5877.29,7056.0,0,0,0,0,0,0,0
1,298.0,308.7,1430,51.9,47,10.7,7771.99,2439.3,0,0,0,0,0,0,0
1,300.4,309.3,1411,41.6,160,8.9,6146.8,6656.0,0,0,0,0,0,0,0
1,302.1,310.8,1504,37.5,42,8.7,5906.19,1575.0,0,0,0,0,0,0,0
0,298.7,309.8,1402,54.3,128,11.1,7972.17,6950.4,0,0,0,0,0,0,0
1,298.4,309.7,1870,22.5,170,11.3,4406.08,3825.0,0,0,0,0,0,0,0
0,300.5,309.5,1255,62.1,138,9.0,8161.39,8569.8,0,0,0,0,0,0,0
0,297.9,309.0,1583,36.7,104,11.1,6083.81,3816.8,0,0,0,0,0,0,0
1,299.1,310.8,1517,38.4,185,11.7,6100.22,7104.0,0,0,0,0,0,0,0
0,298.9,308.7,1389,44.9,69,9.8,6530.96,3098.1,0,0,0,0,0,0,0
1,298.1,307.7,1633,30.7,145,9.6,5249.93,4451.5,0,0,0,0,0,0,0
0,296.6,307.6,1459,40.2,96,11.0,6142.0,3859.2,0,0,0,0,0,0,0
0,300.5,311.5,1316,49.7,55,11.0,6849.22,2733.5,0,0,0,0,0,0,0
1,303.4,312.2,1615,35.7,56,8.8,6037.67,1999.2,0,0,0,0,0,0,0
0,298.2,307.8,1804,25.1,108,9.6,4741.75,2710.8,0,0,0,0,0,0,0
0,298.0,307.6,1654,28.9,123,9.6,5005.67,3554.7,0,0,0,0,0,0,0
2,303.8,313.2,1506,46.9,154,9.4,7396.5,7222.6,0,0,0,0,0,0,0
1,304.0,313.3,1415,52.8,82,9.3,7823.82,4329.6,0,0,0,0,0,0,0
0,299.0,310.3,1437,47.8,99,11.3,7193.05,4732.2,0,0,0,0,0,0,0
2,300.4,311.9,1438,46.7,41,11.5,7032.41,1914.7,0,0,0,0,0,0,1
1,301.7,311.0,1537,33.5,146,9.3,5391.97,4891.0,0,0,0,0,0,0,0
0,299.3,310.5,1505,38.8,30,11.2,6115.01,1164.0,0,0,0,0,0,0,0
1,301.2,310.1,1295,56.6,39,8.9,7675.64,2207.4,0,0,0,0,0,0,0
0,302.5,312.2,1738,25.3,14,9.7,4604.67,354.2,0,0,0,0,0,0,0
0,299.4,308.7,1381,56.7,102,9.3,8199.84,5783.4,0,0,0,0,0,0,0
0,297.9,309.1,1619,34.7,33,11.2,5883.08,1145.1,0,0,0,0,0,0,0
0,299.0,310.0,1582,31.9,51,11.0,5284.77,1626.9,0,0,0,0,0,0,0
1,302.0,310.9,1558,45.3,193,8.9,7390.85,8742.9,0,0,0,0,0,0,0
1,301.9,310.6,1412,46.5,89,8.7,6875.69,4138.5,0,0,0,0,0,0,0
1,297.1,308.5,1515,42.1,81,11.4,6679.18,3410.1,0,0,0,0,0,0,0
0,295.8,306.3,1337,54.6,87,10.5,7644.56,4750.2,0,0,0,0,0,0,0
1,299.8,309.4,1401,48.1,143,9.6,7056.87,6878.3,0,0,0,0,0,0,0
0,301.5,310.5,1528,35.7,198,9.0,5712.42,7068.6,0,0,0,0,0,0,0
2,300.7,311.9,1329,59.2,121,11.2,8239.02,7163.2,0,0,0,0,0,0,0
0,302.2,310.6,1346,47.5,109,8.4,6695.26,5177.5,0,1,0,1,0,0,0
1,297.0,307.9,1569,33.3,141,10.9,5471.37,4695.3,0,0,0,0,0,0,0
1,301.2,310.0,1445,45.6,18,8.8,6900.19,820.8,0,0,0,0,0,0,0
2,300.7,312.3,1446,45.4,86,11.6,6874.68,3904.4,0,0,0,0,0,0,0
0,300.2,311.6,1356,53.5,132,11.4,7597.0,7062.0,0,0,0,0,0,0,0
0,300.6,311.0,1543,34.7,89,10.4,5606.92,3088.3,0,0,0,0,0,0,0
0,300.7,310.1,1376,50.8,75,9.4,7319.99,3810.0,0,0,0,0,0,0,0
0,301.4,310.4,1689,30.6,110,9.0,5412.27,3366.0,0,0,0,0,0,0,0
0,298.4,309.2,1583,35.4,112,10.8,5868.31,3964.8,0,0,0,0,0,0,0
0,300.0,310.4,1333,49.1,131,10.4,6853.94,6432.1,0,0,0,0,0,0,0
1,302.3,310.9,1762,24.5,73,8.6,4520.65,1788.5,0,0,0,0,0,0,0
1,300.3,310.2,1429,44.7,203,9.9,6689.11,9074.1,1,0,0,0,0,0,0
0,297.5,309.3,1404,43.5,195,11.8,6395.65,8482.5,0,0,0,0,0,0,0
2,300.0,310.5,1558,36.7,137,10.5,5987.73,5027.9,0,0,0,0,0,0,0
2,298.4,307.7,1626,31.1,166,9.3,5295.53,5162.6,0,0,0,0,0,0,1
1,298.3,309.1,1296,58.7,201,10.8,7966.58,11798.7,1,0,0,0,0,0,0
1,300.9,310.5,1702,29.3,32,9.6,5222.23,937.6,0,0,0,0,0,0,0
0,297.3,308.3,1550,37.0,54,11.0,6005.68,1998.0,0,0,0,0,0,0,0
2,303.4,311.9,1402,50.0,54,8.5,7340.85,2700.0,0,0,0,0,0,0,0
0,303.6,313.1,1395,44.1,120,9.5,6442.31,5292.0,0,0,0,0,0,0,0
0,302.1,311.0,1351,49.5,196,8.9,7003.08,9702.0,0,0,0,0,0,0,0
2,300.0,309.5,1735,28.9,82,9.5,5250.81,2369.8,0,0,0,0,0,0,0
0,297.2,308.6,1562,33.0,84,11.4,5397.88,2772.0,0,0,0,0,0,0,0
1,300.7,311.7,2097,18.9,232,11.0,4150.39,4384.8,1,1,1,0,0,0,0
1,298.5,309.3,1488,43.7,189,10.8,6809.46,8259.3,0,0,0,0,0,0,0
0,302.1,310.6,1439,40.0,7,8.5,6027.67,280.0,0,0,0,0,0,0,0
0,299.8,310.1,1553,42.0,177,10.3,6830.45,7434.0,0,0,0,0,0,0,0
0,300.7,309.3,1425,45.3,100,8.6,6759.92,4530.0,0,0,0,0,0,0,0
0,297.9,307.6,1298,52.7,132,9.7,7163.31,6956.4,0,0,0,0,0,0,0
1,298.8,308.4,1604,29.5,14,9.6,4955.13,413.0,0,0,0,0,0,0,0
0,300.2,309.5,1495,32.6,49,9.3,5103.73,1597.4,0,0,0,0,0,0,0
0,299.5,309.1,1863,22.5,79,9.6,4389.59,1777.5,0,0,0,0,0,0,0
1,300.5,309.4,2179,16.3,59,8.9,3719.4,961.7,0,0,0,0,0,0,0
2,298.0,307.4,1606,35.2,195,9.4,5919.93,6864.0,0,0,0,0,0,0,0
0,298.0,308.2,1514,37.9,9,10.2,6008.88,341.1,0,0,0,0,0,0,0
0,302.9,312.4,1923,23.9,244,9.5,4812.89,5831.6,1,0,0,0,0,0,0
0,298.7,308.4,1750,25.8,72,9.7,4728.1,1857.6,0,0,0,0,0,0,0
0,296.9,307.9,1435,41.6,139,11.0,6251.35,5782.4,0,0,0,0,0,0,0
0,299.4,309.2,1564,39.0,26,9.8,6387.49,1014.0,0,0,0,0,0,0,0
0,300.3,311.7,1317,56.5,7,11.4,7792.25,395.5,0,0,0,0,0,0,0
2,298.9,308.4,1449,42.4,149,9.5,6433.73,6317.6,0,0,0,0,0,0,0
0,298.0,308.6,1532,42.6,54,10.6,6834.35,2300.4,0,0,0,0,0,0,0
2,296.2,307.0,1542,40.6,28,10.8,6556.0,1136.8,0,0,0,0,0,0,0
1,299.4,309.1,1352,44.7,172,9.7,6328.68,7688.4,0,0,0,0,0,0,0
0,298.8,309.8,1563,33.7,143,11.0,5515.91,4819.1,0,0,0,0,0,0,0
0,298.3,308.9,1379,54.7,91,10.6,7899.15,4977.7,0,0,0,0,0,0,0
0,301.7,310.1,1424,50.2,54,8.4,7485.87,2710.8,0,0,0,0,0,0,0
0,298.7,310.1,1676,33.5,70,11.4,5879.6,2345.0,0,0,0,0,0,0,0
1,302.5,310.5,1527,38.8,136,8.0,6204.39,5276.8,0,0,0,0,0,0,0
0,299.6,310.1,1384,49.8,11,10.5,7217.62,547.8,0,0,0,0,0,0,0
0,300.3,311.8,1451,41.0,55,11.5,6229.88,2255.0,0,0,0,0,0,0,0
0,300.3,309.3,1612,36.0,158,9.0,6077.1,5688.0,0,0,0,0,0,0,0
0,301.0,309.5,1430,48.5,122,8.5,7262.84,5917.0,0,0,0,0,0,0,0
0,300.9,310.5,1616,33.5,25,9.6,5669.11,837.5,0,0,0,0,0,0,0
0,300.6,310.9,1433,42.6,101,10.3,6392.7,4302.6,0,0,0,0,0,0,0
2,301.3,310.1,1469,39.7,179,8.8,6107.18,7106.3,0,0,0,0,0,0,0
0,297.7,307.4,1643,36.5,55,9.7,6279.99,2007.5,0,0,0,0,0,0,0
0,297.1,308.4,1468,44.4,197,11.3,6825.55,8746.8,0,0,0,0,0,0,0
0,300.0,311.4,1604,38.7,185,11.4,6500.46,7159.5,0,0,0,0,0,0,0
1,298.9,308.6,1574,33.5,128,9.7,5521.77,4288.0,0,0,0,0,0,0,0
1,299.7,308.9,1478,41.0,87,9.2,6345.81,3567.0,0,0,0,0,0,0,0
0,300.7,310.5,1445,41.1,201,9.8,6219.25,8261.1,1,0,0,0,0,0,0
0,298.9,310.2,1623,37.2,177,11.3,6322.52,6584.4,0,0,0,0,0,0,0
0,298.1,308.1,1410,45.8,71,10.0,6762.59,3251.8,0,0,0,0,0,0,0
0,300.1,309.3,1654,31.0,201,9.2,5369.4,6231.0,1,0,0,0,0,0,0
0,301.8,310.0,1393,44.9,208,8.2,6549.77,9339.2,1,0,0,0,0,0,0
1,301.5,310.7,1510,36.0,64,9.2,5692.57,2304.0,0,0,0,0,0,0,0
1,297.6,308.7,1408,54.8,147,11.1,8080.01,8055.6,0,0,0,0,0,0,0
0,299.8,309.4,1436,51.6,158,9.6,7759.48,8152.8,0,0,0,0,0,0,0
2,300.3,309.9,1405,52.1,205,9.6,7665.54,10680.5,1,0,0,0,0,0,0
1,297.3,308.9,1799,24.5,137,11.6,4615.58,3356.5,0,0,0,0,0,0,0
0,301.3,310.6,1481,40.9,57,9.3,6343.18,2331.3,0,0,0,0,0,0,0
2,298.7,309.6,1755,26.9,73,10.9,4943.77,1963.7,0,0,0,0,0,0,0
2,299.9,311.4,1497,37.0,162,11.5,5800.32,5994.0,0,0,0,0,0,0,0
0,300.5,310.3,1336,57.1,29,9.8,7988.61,1655.9,0,0,0,0,0,0,0
0,302.0,310.8,1767,27.4,11,8.8,5070.09,301.4,0,0,0,0,0,0,0
0,299.4,310.7,1551,41.2,3,11.3,6691.72,123.6,0,0,0,0,0,0,0
0,301.8,310.2,1457,40.4,213,8.4,6164.1,8605.2,1,0,0,0,0,0,0
0,297.3,308.5,1764,30.8,148,11.2,5689.55,4558.4,0,0,0,0,0,0,0
1,298.9,309.6,1434,43.8,180,10.7,6577.36,7884.0,0,0,0,0,0,0,0
0,301.2,309.9,1643,32.9,171,8.7,5660.59,5625.9,0,0,0,0,0,0,0
1,295.8,306.3,1444,45.5,76,10.5,6880.3,3458.0,0,0,0,0,0,0,0
0,296.9,307.7,1424,43.3,120,10.8,6456.94,5196.0,0,0,0,0,0,0,0
0,298.2,309.0,1413,55.0,145,10.8,8138.3,7975.0,0,0,0,0,0,0,0
1,302.0,310.4,1828,26.3,82,8.4,5034.55,2156.6,0,0,0,0,0,0,0
1,300.5,310.0,1406,50.2,119,9.5,7391.25,5973.8,0,0,0,0,0,0,0
0,300.4,309.6,1432,44.7,192,9.2,6703.15,8582.4,0,0,0,0,0,0,0
0,299.9,309.5,1779,26.1,169,9.6,4862.34,4410.9,0,0,0,0,0,0,0
1,297.2,307.9,1541,35.7,169,10.7,5761.02,6033.3,0,0,0,0,0,0,0
0,297.1,308.2,1427,45.2,136,11.1,6754.47,6147.2,0,0,0,0,0,0,0
1,298.2,307.9,1403,45.1,193,9.7,6626.17,8704.3,0,0,0,0,0,0,0
0,302.9,312.2,1510,41.4,94,9.3,6546.45,3891.6,0,0,0,0,0,0,0
1,302.9,312.4,1659,33.1,152,9.5,5750.47,5031.2,0,0,0,0,0,0,0
1,297.9,307.3,1420,47.8,171,9.4,7107.96,8173.8,0,0,0,0,0,0,0
2,302.3,310.1,1688,30.4,115,7.8,5373.72,3496.0,0,0,0,0,0,0,0
0,300.0,311.4,1508,38.2,18,11.4,6032.44,687.6,0,0,0,0,0,0,0
2,301.6,310.5,1602,32.3,2,8.9,5418.68,64.6,0,0,0,0,0,0,1
0,298.0,308.2,1611,30.6,195,10.2,5162.33,5967.0,0,0,0,0,0,0,0
0,298.9,309.7,1449,48.8,147,10.8,7404.86,7173.6,0,0,0,0,0,0,0
0,297.4,308.8,1462,49.7,132,11.4,7609.08,6560.4,0,0,0,0,0,0,0
0,300.5,311.4,1442,47.0,53,10.9,7097.28,2491.0,0,0,0,0,0,0,0
0,302.7,311.2,1545,35.1,128,8.5,5678.9,4492.8,0,0,0,0,0,0,0
0,300.0,309.7,1586,37.8,103,9.7,6278.03,3893.4,0,0,0,0,0,0,0
0,297.2,307.9,1441,40.0,195,10.7,6036.05,7800.0,0,0,0,0,0,0,0
0,302.8,312.2,1458,51.0,42,9.4,7786.75,2142.0,0,0,0,0,0,0,0
0,302.5,310.3,1592,32.6,174,7.8,5434.87,5672.4,0,0,0,0,0,0,0
0,298.9,310.0,1482,41.1,82,11.1,6378.5,3370.2,0,0,0,0,0,0,0
0,302.4,310.2,2224,16.0,154,7.8,3726.35,2464.0,0,0,0,0,0,0,0
0,304.1,313.3,1438,45.5,188,9.2,6851.71,8554.0,0,0,0,0,0,0,0
0,300.7,312.3,1577,33.2,100,11.6,5482.75,3320.0,0,0,0,0,0,0,0
0,301.9,310.5,1477,42.4,128,8.6,6558.05,5427.2,0,0,0,0,0,0,0
0,302.5,311.5,1521,44.1,37,9.0,7024.19,1631.7,0,0,0,0,0,0,0
0,302.4,311.1,1652,33.9,139,8.7,5864.6,4712.1,0,0,0,0,0,0,0
0,298.6,309.7,1294,59.4,104,11.1,8049.14,6177.6,0,0,0,0,0,0,0
2,301.5,310.8,1591,29.6,33,9.3,4931.63,976.8,0,0,0,0,0,0,0
1,299.1,309.5,1339,48.2,86,10.4,6758.59,4145.2,0,0,0,0,0,0,0
0,295.8,306.6,1621,31.6,95,10.8,5364.12,3002.0,0,0,0,0,0,0,0
1,304.0,312.7,1456,51.2,160,8.7,7806.56,8192.0,0,0,0,0,0,0,0
2,302.7,310.5,1568,36.9,28,7.8,6059.0,1033.2,0,0,0,0,0,0,0
1,304.1,313.6,1441,43.7,131,9.5,6594.38,5724.7,0,0,0,0,0,0,0
0,298.1,309.9,1642,30.4,58,11.8,5227.28,1763.2,0,0,0,0,0,0,0
1,298.0,308.7,1479,58.5,176,10.7,9060.51,10296.0,0,1,0,0,1,0,0
0,302.4,311.8,1493,38.4,132,9.4,6003.71,5068.8,0,0,0,0,0,0,0
2,303.6,311.9,1544,37.1,88,8.3,5998.6,3264.8,0,0,0,0,0,0,0
1,301.9,311.0,1638,35.4,116,9.1,6072.2,4106.4,0,0,0,0,0,0,0
0,298.4,309.6,1477,35.6,101,11.2,5506.29,3595.6,0,0,0,0,0,0,0
0,298.3,309.1,1437,38.0,93,10.8,5718.33,3534.0,0,0,0,0,0,0,0
0,297.5,309.1,1611,30.2,211,11.6,5094.85,6372.2,1,0,0,0,0,0,0
2,298.0,307.8,1588,35.4,114,9.8,5886.84,4035.6,0,0,0,0,0,0,0
1,298.8,309.8,1377,49.6,27,11.0,7152.28,1339.2,0,0,0,0,0,0,0
0,298.7,308.5,1480,42.2,58,9.8,6540.38,2447.6,0,0,0,0,0,0,0
2,298.7,309.7,1565,39.3,94,11.0,6440.74,3694.2,0,0,0,0,0,0,0
0,298.8,308.3,1634,27.9,12,9.5,4774.03,334.8,0,0,0,0,0,0,0
1,302.7,310.8,1555,36.1,35,8.1,5878.5,1263.5,0,0,0,0,0,0,0
1,297.3,308.5,1520,42.4,171,11.2,6748.98,7250.4,0,0,0,0,0,0,0
0,298.8,308.9,1398,51.5,0,10.1,7539.51,0.0,0,0,0,0,0,0,0
1,300.8,311.2,1365,51.7,111,10.4,7390.13,5738.7,0,0,0,0,0,0,0
0,302.0,310.9,1446,44.0,64,8.9,6662.69,2816.0,0,0,0,0,0,0,0
1,301.1,310.6,1479,41.1,72,9.5,6365.59,2959.2,0,0,0,0,0,0,0
1,300.7,310.8,1465,45.2,92,10.1,6934.33,4158.4,0,0,0,0,0,0,0
0,304.1,313.3,1732,28.5,132,9.2,5169.18,3762.0,0,0,0,0,0,0,0
2,297.7,308.4,1288,49.5,91,10.7,6676.51,4504.5,0,0,0,0,0,0,0
2,299.2,310.6,1704,30.6,160,11.4,5460.34,4896.0,0,0,0,0,0,0,0
2,302.1,311.0,1729,26.1,210,8.9,4725.68,5481.0,1,0,0,0,0,0,0
0,299.6,309.2,1602,37.3,31,9.6,6257.49,1156.3,0,0,0,0,0,0,0
0,299.3,308.5,1510,45.4,72,9.2,7178.96,3268.8,0,0,0,0,0,0,0
0,300.9,311.3,1613,32.7,170,10.4,5523.45,5559.0,0,0,0,0,0,0,0
1,299.5,309.1,1422,45.3,103,9.6,6745.69,4665.9,0,0,0,0,0,0,0
0,297.4,309.2,1420,45.6,193,11.8,6780.81,8800.8,0,0,0,0,0,0,0
1,297.7,308.9,1531,48.3,84,11.2,7743.74,4057.2,0,0,0,0,0,0,0
1,297.8,309.4,1495,36.5,132,11.6,5714.3,4818.0,0,0,0,0,0,0,0
0,300.8,311.7,1681,31.3,221,10.9,5509.86,6917.3,1,0,0,0,0,0,0
1,300.0,310.4,1385,52.1,128,10.4,7556.42,6668.8,0,0,0,0,0,0,0
1,297.1,308.6,1717,31.3,61,11.5,5627.86,1909.3,0,0,0,0,0,0,0
0,296.2,306.9,1526,34.9,140,10.7,5577.1,4886.0,0,0,0,0,0,0,0
0,302.2,311.4,1390,48.1,40,9.2,7001.46,1924.0,0,0,0,0,0,0,0
0,297.4,308.0,1383,46.2,188,10.6,6691.03,8685.6,0,0,0,0,0,0,0
2,302.4,311.9,1366,47.3,162,9.5,6766.13,7662.6,0,0,0,0,0,0,0
0,297.3,308.3,1309,61.5,56,11.0,8430.31,3444.0,0,0,0,0,0,0,0
1,301.7,310.6,1380,45.8,70,8.9,6618.71,3206.0,0,0,0,0,0,0,0
0,303.2,311.4,1514,41.2,230,8.2,6532.08,9476.0,1,0,0,0,0,0,0
0,299.5,309.1,1357,47.3,106,9.6,6721.55,5013.8,0,0,0,0,0,0,0
0,300.7,310.7,1507,46.1,209,10.0,7275.16,9634.9,1,0,0,0,0,0,0
1,299.2,310.4,1395,55.4,76,11.2,8093.06,4210.4,0,0,0,0,0,0,0
0,300.2,309.2,1431,51.3,57,9.0,7687.51,2924.1,0,0,0,0,0,0,0
1,298.7,308.6,1722,24.7,64,9.9,4454.09,1580.8,0,0,0,0,0,0,0
0,299.3,308.6,1482,37.6,132,9.3,5835.32,4963.2,0,0,0,0,0,0,0
0,298.7,309.9,1465,39.7,72,11.2,6090.55,2858.4,0,0,0,0,0,0,0
2,297.4,308.2,1585,46.2,37,10.8,7668.31,1709.4,0,0,0,0,0,0,0
0,302.8,312.2,1481,40.2,230,9.4,6234.62,9246.0,1,0,0,0,0,0,0
0,301.0,309.6,1724,28.1,133,8.6,5073.09,3737.3,0,0,0,0,0,0,0
1,303.4,311.8,2133,18.3,207,8.4,4087.62,3788.1,1,0,0,0,0,0,0
0,299.4,308.8,1390,57.0,92,9.4,8296.95,5244.0,0,0,0,0,0,0,0
0,299.0,310.3,1475,42.4,93,11.3,6549.17,3943.2,0,0,0,0,0,0,0
0,301.6,310.5,1593,34.5,102,8.9,5755.24,3519.0,0,0,0,0,0,0,0
0,301.6,310.7,1380,51.8,216,9.1,7485.79,11188.8,1,1,0,0,0,1,0
0,300.2,311.4,1568,41.0,32,11.2,6732.22,1312.0,0,0,0,0,0,0,0
0,297.4,308.3,1483,38.8,23,10.9,6025.62,892.4,0,0,0,0,0,0,0
0,298.5,309.5,1569,41.0,153,11.0,6736.52,6273.0,0,0,0,0,0,0,0
1,302.0,310.4,1212,55.6,79,8.4,7056.77,4392.4,0,1,0,1,0,0,0
0,301.6,311.0,1485,40.1,142,9.4,6235.9,5694.2,0,0,0,0,0,0,0
0,297.5,308.9,1390,44.6,140,11.4,6492.0,6244.0,0,0,0,0,0,0,0
0,299.3,308.8,1341,47.7,199,9.5,6698.47,9492.3,0,0,0,0,0,0,0
1,303.1,312.3,1623,31.6,101,9.2,5370.74,3191.6,0,0,0,0,0,0,0
0,299.1,310.2,1352,52.8,41,11.1,7475.48,2164.8,0,0,0,0,0,0,0
2,296.7,307.9,1579,33.4,50,11.2,5522.77,1670.0,0,0,0,0,0,0,0
0,299.2,310.6,1498,41.1,88,11.4,6447.36,3616.8,0,0,0,0,0,0,0
1,296.3,307.4,1958,19.1,67,11.1,3916.29,1279.7,0,0,0,0,0,0,0
0,303.7,313.0,1456,45.5,51,9.3,6937.47,2320.5,0,0,0,0,0,0,0
1,297.4,308.3,1535,34.6,51,10.9,5561.77,1764.6,0,0,0,0,0,0,0
0,300.0,309.1,1431,45.4,90,9.1,6803.37,4086.0,0,0,0,0,0,0,0
0,301.9,310.7,1405,48.8,78,8.8,7180.01,3806.4,0,0,0,0,0,0,0
1,300.6,310.0,1542,33.9,100,9.4,5474.1,3390.0,0,0,0,0,0,0,0
1,302.3,311.4,1909,23.2,25,9.1,4637.91,580.0,0,0,0,0,0,0,0
1,298.0,308.7,1436,48.2,201,10.7,7248.2,9688.2,1,0,0,0,0,0,0
1,298.8,309.3,1618,35.1,173,10.5,5947.22,6072.3,0,0,0,0,0,0,0
0,297.8,307.7,1505,39.7,25,9.9,6256.85,992.5,0,0,0,0,0,0,0
0,300.7,310.4,1416,61.8,209,9.7,9163.9,12916.2,1,1,0,0,1,1,0
1,296.6,307.7,1474,52.6,101,11.1,8119.17,5312.6,0,0,0,0,0,0,0
1,300.4,309.7,1367,51.2,143,9.3,7329.38,7321.6,0,0,0,0,0,0,0
0,299.5,308.6,1672,30.5,177,9.1,5340.29,5398.5,0,0,0,0,0,0,0
0,301.6,310.8,1961,21.8,148,9.2,4476.75,3226.4,0,0,0,0,0,0,0
0,299.2,308.5,1544,41.6,146,9.3,6726.19,6073.6,0,0,0,0,0,0,0
0,300.7,311.2,1452,44.4,33,10.5,6751.16,1465.2,0,0,0,0,0,0,0
0,299.3,308.6,1371,50.5,136,9.3,7250.32,6868.0,0,0,0,0,0,0,0
0,297.2,308.6,1500,37.1,161,11.4,5827.65,5973.1,0,0,0,0,0,0,0
1,302.3,311.2,1454,43.8,112,8.9,6669.1,4905.6,0,0,0,0,0,0,0
1,299.5,309.0,1602,31.3,210,9.5,5250.92,6573.0,1,0,0,0,0,0,0
0,299.1,309.5,1512,39.0,75,10.4,6175.11,2925.0,0,0,0,0,0,0,0
0,298.9,309.9,1592,32.0,60,11.0,5334.84,1920.0,0,0,0,0,0,0,0
0,299.6,310.9,1533,31.8,91,11.3,5105.03,2893.8,0,0,0,0,0,0,0
0,298.8,310.1,1653,30.3,119,11.3,5244.98,3605.7,0,0,0,0,0,0,0
0,297.8,307.5,1581,33.1,116,9.7,5480.1,3839.6,0,0,0,0,0,0,0
0,297.7,307.2,1668,37.8,5,9.5,6602.62,189.0,0,0,0,0,0,0,0
1,298.9,309.2,1412,44.1,140,10.3,6520.82,6174.0,0,0,0,0,0,0,0
0,299.7,309.1,1473,39.4,125,9.4,6077.54,4925.0,0,0,0,0,0,0,0
0,299.1,310.6,1326,49.7,78,11.5,6901.26,3876.6,0,0,0,0,0,0,0
1,302.3,311.8,1443,43.4,175,9.5,6558.2,7595.0,0,0,0,0,0,0,0
1,300.1,309.6,1625,38.0,46,9.5,6466.44,1748.0,0,0,0,0,0,0,0
0,298.2,307.6,1368,51.8,5,9.4,7420.69,259.0,0,0,0,0,0,0,0
2,301.4,310.5,1421,43.8,182,9.1,6517.74,7971.6,0,0,0,0,0,0,0
1,297.2,308.5,1487,46.9,173,11.3,7303.19,8113.7,0,0,0,0,0,0,0
0,299.2,310.6,1534,39.7,83,11.4,6377.41,3295.1,0,0,0,0,0,0,0
0,301.4,310.7,1590,36.3,43,9.3,6044.11,1560.9,0,0,0,0,0,0,0
1,302.3,311.3,1339,50.8,123,9.0,7123.16,6248.4,0,0,0,0,0,0,0
1,298.8,308.6,1571,33.7,61,9.8,5544.15,2055.7,0,0,0,0,0,0,0
0,299.1,310.6,1380,44.7,170,11.5,6459.74,7599.0,0,0,0,0,0,0,0
1,300.9,310.4,1576,40.4,92,9.5,6667.55,3716.8,0,0,0,0,0,0,0
1,297.0,307.9,1422,53.0,115,10.9,7892.31,6095.0,0,0,0,0,0,0,0
0,302.4,310.7,1362,54.8,155,8.3,7816.03,8494.0,0,1,0,1,0,0,0
1,300.2,309.8,1394,47.4,21,9.6,6919.42,995.4,0,0,0,0,0,0,0
0,304.1,313.2,1366,46.6,35,9.1,6666.0,1631.0,0,0,0,0,0,0,0
1,300.7,310.5,1594,31.0,196,9.8,5174.62,6076.0,0,0,0,0,0,0,0
0,303.8,312.6,1565,36.0,179,8.8,5899.91,6444.0,0,0,0,0,0,0,0
0,298.1,308.8,1432,43.4,68,10.7,6508.21,2951.2,0,0,0,0,0,0,0
0,302.0,310.9,1564,39.0,15,8.9,6387.49,585.0,0,0,0,0,0,0,0
0,300.9,310.7,1740,25.3,164,9.8,4609.97,4149.2,0,0,0,0,0,0,0
1,301.5,310.5,1612,29.8,148,9.0,5030.49,4410.4,0,0,0,0,0,0,0
1,301.9,310.9,1419,47.7,20,9.0,7088.09,954.0,0,1,0,0,0,0,0
0,298.4,308.9,1501,50.0,203,10.5,7859.22,10150.0,1,0,0,0,0,0,0
0,301.8,311.0,1322,53.0,166,9.2,7337.29,8798.0,0,0,0,0,0,0,0
0,296.8,308.0,1371,54.5,86,11.2,7824.61,4687.0,0,0,0,0,0,0,0
0,297.4,308.3,1472,45.5,2,10.9,7013.71,91.0,0,0,0,0,0,0,0
0,302.4,311.2,1448,50.5,53,8.8,7657.53,2676.5,0,0,0,0,0,0,0
0,298.6,309.9,1356,59.5,34,11.3,8449.0,2023.0,0,0,0,0,0,0,0
1,300.2,310.3,1593,36.1,36,10.1,6022.15,1299.6,0,0,0,0,0,0,0
1,300.8,310.8,1461,41.3,53,10.0,6318.72,2188.9,0,0,0,0,0,0,0
0,299.2,308.4,1711,28.9,197,9.2,5178.17,5693.3,0,0,0,0,0,0,0
0,302.2,310.7,1567,36.4,100,8.5,5973.09,3640.0,0,0,0,0,0,0,0
0,301.4,310.6,2137,18.0,99,9.2,4028.15,1782.0,0,0,0,0,0,0,0
2,300.7,310.2,1479,52.3,9,9.5,8100.25,470.7,0,0,0,0,0,0,0
0,300.5,310.8,1509,33.0,153,10.3,5214.73,5049.0,0,0,0,0,0,0,0
0,299.4,308.7,1512,37.2,126,9.3,5890.11,4687.2,0,0,0,0,0,0,0
0,301.6,310.9,1538,40.4,13,9.3,6506.78,525.2,0,0,0,0,0,0,0
0,302.4,311.8,1476,46.6,110,9.4,7202.79,5126.0,0,0,0,0,0,0,0
2,302.2,310.8,1397,47.6,11,8.6,6963.57,523.6,0,0,0,0,0,0,0
1,300.4,309.7,1547,38.0,181,9.3,6156.06,6878.0,0,0,0,0,0,0,0
2,298.4,308.9,1577,37.1,0,10.5,6126.81,0.0,0,0,0,0,0,0,0
2,299.2,309.1,1410,47.1,9,9.9,6954.54,423.9,0,0,0,0,0,0,0
0,300.8,310.3,1383,46.6,19,9.5,6748.96,885.4,0,0,0,0,0,0,0
2,300.4,309.6,1571,33.6,126,9.2,5527.7,4233.6,0,0,0,0,0,0,0
0,297.6,308.3,1523,39.5,137,10.7,6299.78,5411.5,0,0,0,0,0,0,0
0,298.8,309.7,1374,58.6,123,10.9,8431.66,7207.8,0,0,0,0,0,0,0
0,300.9,309.6,1384,42.4,131,8.7,6145.12,5554.4,0,0,0,0,0,0,0
2,302.3,310.2,1506,33.8,43,7.9,5330.53,1453.4,0,0,0,0,0,0,0
0,301.9,310.6,1573,36.6,15,8.7,6028.9,549.0,0,0,0,0,0,0,0
2,300.2,311.5,1426,44.3,73,11.3,6615.34,3233.9,0,0,0,0,0,0,0
0,298.4,308.0,1571,37.4,50,9.6,6152.85,1870.0,0,0,0,0,0,0,0
1,297.5,308.8,1471,52.3,152,11.3,8056.44,7949.6,0,0,0,0,0,0,0
0,299.7,309.2,1401,54.1,118,9.5,7937.14,6383.8,0,0,0,0,0,0,0
0,298.2,308.7,1605,29.4,47,10.5,4941.41,1381.8,0,0,0,0,0,0,0
0,301.8,310.7,1680,32.4,76,8.9,5700.11,2462.4,0,0,0,0,0,0,0
0,299.6,309.1,1407,50.6,85,9.5,7455.44,4301.0,0,0,0,0,0,0,0
0,299.1,310.6,1818,24.1,173,11.5,4588.17,4169.3,0,0,0,0,0,0,0
1,303.4,312.7,1594,32.8,79,9.3,5475.08,2591.2,0,0,0,0,0,0,0
0,303.4,312.3,1663,33.9,78,8.9,5903.65,2644.2,0,0,0,0,0,0,0
0,303.5,311.8,1927,21.9,195,8.3,4419.31,4270.5,0,0,0,0,0,0,0
0,303.0,312.3,1480,41.4,125,9.3,6416.39,5175.0,0,0,0,0,0,0,0
0,300.7,309.6,1733,24.8,85,8.9,4500.69,2108.0,0,0,0,0,0,0,0
0,297.7,309.1,1435,38.8,165,11.4,5830.59,6402.0,0,0,0,0,0,0,0
1,301.2,310.1,1666,34.9,37,8.9,6088.76,1291.3,0,0,0,0,0,0,0
1,299.3,308.5,1422,45.4,37,9.2,6760.58,1679.8,0,0,0,0,0,0,0
0,298.1,309.3,1443,45.3,70,11.2,6845.31,3171.0,0,0,0,0,0,0,0
0,300.9,310.7,1392,44.2,97,9.8,6443.03,4287.4,0,0,0,0,0,0,0
0,298.8,308.5,1527,36.2,3,9.7,5788.64,108.6,0,0,0,0,0,0,0
1,302.3,311.0,1521,34.8,72,8.7,5542.9,2505.6,0,0,0,0,0,0,0
0,300.7,309.9,1775,26.6,149,9.2,4944.34,3963.4,0,0,0,0,0,0,0
1,301.8,310.9,1299,60.4,48,9.1,8216.27,2899.2,0,0,0,0,0,0,0
0,301.0,311.4,1481,37.5,193,10.4,5815.87,7237.5,0,0,0,0,0,0,0
1,297.5,308.6,1347,57.0,132,11.1,8040.28,7524.0,0,0,0,0,0,0,0
1,298.8,310.2,1527,31.2,102,11.4,4989.1,3182.4,0,0,0,0,0,0,0
1,298.4,309.1,1525,39.3,86,10.7,6276.12,3379.8,0,0,0,0,0,0,0
2,302.7,312.1,1478,36.0,191,9.4,5571.93,6876.0,0,0,0,0,0,0,0
1,300.8,310.7,1483,40.8,28,9.9,6336.22,1142.4,0,0,0,0,0,0,0
0,300.5,309.7,1384,48.6,141,9.2,7043.7,6852.6,0,0,0,0,0,0,0
1,301.9,310.9,1441,43.7,0,9.0,6594.38,0.0,0,0,0,0,0,0,0
0,301.5,310.9,1469,44.7,164,9.4,6876.35,7330.8,0,0,0,0,0,0,0
0,298.9,308.6,2069,18.7,27,9.7,4051.64,504.9,0,0,0,0,0,0,0
0,301.0,312.2,1372,47.0,59,11.2,6752.75,2773.0,0,0,0,0,0,0,0
0,297.6,308.4,1626,32.4,130,10.8,5516.89,4212.0,0,0,0,0,0,0,0
0,300.3,309.6,1326,52.4,57,9.3,7276.18,2986.8,0,0,0,0,0,0,0
1,300.3,311.4,1371,50.2,109,11.1,7207.25,5471.8,0,0,0,0,0,0,0
1,298.1,307.8,1636,36.7,51,9.7,6287.5,1871.7,0,0,0,0,0,0,0
1,300.7,309.5,1445,46.4,24,8.8,7021.25,1113.6,0,0,0,0,0,0,0
0,297.5,308.6,1546,33.8,139,11.1,5472.11,4698.2,0,0,0,0,0,0,0
0,301.4,311.1,1469,36.9,133,9.7,5676.45,4907.7,0,0,0,0,0,0,0
0,300.5,311.4,1611,32.7,44,10.9,5516.61,1438.8,0,0,0,0,0,0,0
0,301.0,310.0,1480,43.5,21,9.0,6741.86,913.5,0,0,0,0,0,0,0
1,300.3,310.0,1537,37.5,6,9.7,6035.78,225.0,0,0,0,0,0,0,0
0,301.5,310.4,1629,34.1,151,8.9,5817.07,5149.1,0,0,0,0,0,0,0
1,303.6,311.8,1432,42.5,150,8.2,6373.24,6375.0,0,0,0,0,0,0,0
1,303.6,312.4,1504,49.5,109,8.8,7796.18,5395.5,0,0,0,0,0,0,0
0,299.5,309.2,1690,29.2,108,9.7,5167.71,3153.6,0,0,0,0,0,0,0
0,302.8,311.1,1721,30.0,87,8.3,5406.68,2610.0,0,0,0,0,0,0,0
0,301.2,311.0,1670,33.0,200,9.8,5771.11,6600.0,1,0,0,0,0,0,0
0,299.1,310.1,1894,20.1,106,11.0,3986.62,2130.6,0,0,0,0,0,0,0
0,298.5,308.3,1334,49.8,186,9.8,6956.87,9262.8,0,0,0,0,0,0,0
1,301.8,311.1,1395,44.6,171,9.3,6515.35,7626.6,0,0,0,0,0,0,0
0,302.7,310.9,1395,48.3,80,8.2,7055.86,3864.0,0,0,0,0,0,0,0
0,301.9,310.8,1567,39.3,9,8.9,6448.97,353.7,0,0,0,0,0,0,0
0,301.6,310.6,1478,36.6,218,9.0,5664.79,7978.8,1,0,0,0,0,0,0
1,303.9,313.2,1624,39.8,107,9.3,6768.58,4258.6,0,0,0,0,0,0,0
0,298.5,309.2,1983,20.2,114,10.7,4194.72,2302.8,0,0,0,0,0,0,0
0,301.5,310.5,1372,44.0,203,9.0,6321.72,8932.0,1,0,0,0,0,0,0
0,300.1,309.7,1351,58.2,155,9.6,8233.93,9021.0,0,0,0,0,0,0,0
1,302.5,310.5,1507,40.2,201,8.0,6344.07,8080.2,1,0,0,0,0,0,0
1,300.8,309.7,1258,54.9,168,8.9,7232.39,9223.2,0,0,0,0,0,0,0
0,299.6,309.0,1525,42.8,160,9.4,6835.06,6848.0,0,0,0,0,0,0,0
0,297.1,307.8,1428,43.7,179,10.7,6534.89,7822.3,0,0,0,0,0,0,0
0,296.8,307.4,1549,48.3,105,10.6,7834.79,5071.5,0,0,0,0,0,0,0
0,298.9,310.6,1363,52.6,190,11.7,7507.76,9994.0,0,0,0,0,0,0,0
0,296.9,308.4,1390,41.8,184,11.5,6084.43,7691.2,0,0,0,0,0,0,0
1,300.5,309.9,1343,63.7,124,9.4,8958.68,7898.8,0,0,0,0,0,0,0
2,300.8,311.1,1698,24.8,156,10.3,4409.79,3868.8,0,0,0,0,0,0,0
0,303.8,312.9,1367,49.9,192,9.1,7143.28,9580.8,0,0,0,0,0,0,0
0,298.4,308.2,1528,36.2,196,9.8,5792.43,7095.2,0,0,0,0,0,0,0
1,298.9,310.1,1549,40.2,65,11.2,6520.88,2613.0,0,0,0,0,0,0,0
2,301.6,310.9,1419,50.2,51,9.3,7459.59,2560.2,0,0,0,0,0,0,0
0,298.8,309.7,1424,49.6,129,10.9,7396.4,6398.4,0,0,0,0,0,0,0
0,298.9,310.2,1491,45.1,101,11.3,7041.79,4555.1,0,0,0,0,0,0,0
0,301.4,310.5,1647,33.3,85,9.1,5743.37,2830.5,0,0,0,0,0,0,0
0,300.1,310.6,1374,45.4,119,10.5,6532.38,5402.6,0,0,0,0,0,0,0
1,303.6,312.8,1825,25.2,29,9.2,4816.06,730.8,0,0,0,0,0,0,0
0,301.5,310.9,1400,50.8,2,9.4,7447.67,101.6,0,0,0,0,0,0,0
0,295.8,306.5,1358,49.2,63,10.7,6996.7,3099.6,0,0,0,0,0,0,0
1,302.9,312.2,1292,54.4,136,9.3,7360.21,7398.4,0,0,0,0,0,0,0
1,301.9,309.6,1551,34.6,211,7.7,5619.74,7300.6,1,0,0,0,0,0,0
2,300.9,310.8,1477,38.4,31,9.9,5939.37,1190.4,0,0,0,0,0,0,0
2,300.6,310.7,1501,45.3,175,10.1,7120.45,7927.5,0,0,0,0,0,0,0
2,302.2,311.6,1594,36.8,82,9.4,6142.78,3017.6,0,0,0,0,0,0,0
1,298.9,310.1,1655,31.5,172,11.2,5459.3,5418.0,0,0,0,0,0,0,0
1,297.4,308.3,1405,51.7,108,10.9,7606.69,5583.6,0,0,0,0,0,0,0
0,300.8,310.9,1311,55.8,118,10.1,7660.65,6584.4,0,0,0,0,0,0,0
0,299.2,308.4,1841,22.8,40,9.2,4395.59,912.0,0,0,0,0,0,0,0
2,297.5,308.6,1481,38.8,14,11.1,6017.49,543.2,0,0,0,0,0,0,0
0,301.2,311.6,1461,52.9,208,10.4,8093.47,11003.2,1,1,0,0,0,1,0
2,301.0,310.1,1756,30.7,2,9.1,5645.36,61.4,0,0,0,0,0,0,0
1,301.2,310.7,1543,32.9,40,9.5,5316.07,1316.0,0,0,0,0,0,0,0
0,298.2,308.9,1683,31.7,74,10.7,5586.91,2345.8,0,0,0,0,0,0,0
1,300.7,311.5,1569,36.4,20,10.8,5980.71,728.0,0,0,0,0,0,0,0
1,300.4,309.7,1539,37.7,156,9.3,6075.87,5881.2,0,0,0,0,0,0,0
0,301.9,311.0,1455,46.0,29,9.1,7008.89,1334.0,0,0,0,0,0,0,0
0,299.4,309.1,1304,50.5,153,9.7,6896.01,7726.5,0,0,0,0,0,0,0
0,303.6,312.8,1701,30.8,12,9.2,5486.35,369.6,0,0,0,0,0,0,0
0,303.2,311.4,1351,53.8,8,8.2,7611.43,430.4,0,1,0,1,0,0,0
0,299.0,308.7,1507,37.5,134,9.7,5917.98,5025.0,0,0,0,0,0,0,0
0,297.5,308.6,1514,36.9,134,11.1,5850.34,4944.6,0,0,0,0,0,0,0
0,299.4,308.6,1746,26.8,107,9.2,4900.13,2867.6,0,0,0,0,0,0,0
1,297.8,307.4,1902,24.3,129,9.6,4840.0,3134.7,0,0,0,0,0,0,0
0,298.9,308.3,1432,48.9,38,9.4,7332.98,1858.2,0,0,0,0,0,0,0
2,298.8,310.1,1483,45.4,192,11.3,7050.59,8716.8,0,0,0,0,0,0,0
1,299.7,311.0,1448,49.8,80,11.3,7551.38,3984.0,0,0,0,0,0,0,0
0,299.5,310.8,1447,41.0,93,11.3,6212.71,3813.0,0,0,0,0,0,0,0
0,298.7,310.2,1363,45.5,28,11.5,6494.35,1274.0,0,0,0,0,0,0,0
0,296.7,307.6,1516,37.4,146,10.9,5937.44,5460.4,0,0,0,0,0,0,0
1,300.5,309.7,1347,54.3,136,9.2,7659.42,7384.8,0,0,0,0,0,0,0
0,301.1,311.0,1677,29.1,188,9.9,5110.4,5470.8,0,0,0,0,0,0,0
0,301.7,310.9,1405,46.4,207,9.2,6826.89,9604.8,1,1,1,0,0,0,1
0,302.0,311.0,1550,35.2,184,9.0,5713.51,6476.8,0,0,0,0,0,0,0
2,296.3,307.1,1774,25.9,154,10.8,4811.52,3988.6,0,0,0,0,0,0,0
0,299.0,310.4,1606,31.1,134,11.4,5230.4,4167.4,0,0,0,0,0,0,0
0,298.0,309.2,1378,49.7,94,11.2,7171.9,4671.8,0,0,0,0,0,0,0
0,303.5,313.0,1322,59.5,71,9.5,8237.15,4224.5,0,0,0,0,0,0,0
2,298.6,309.4,1439,47.1,149,10.8,7097.58,7017.9,0,0,0,0,0,0,0
0,296.9,307.5,2721,9.3,18,10.6,2649.96,167.4,0,1,0,0,1,0,0
1,299.0,309.0,1419,45.2,27,10.0,6716.6,1220.4,0,0,0,0,0,0,0
0,303.8,312.8,1428,53.3,152,9.0,7970.47,8101.6,0,0,0,0,0,0,0
0,302.2,311.4,1510,44.9,33,9.2,7099.89,1481.7,0,0,0,0,0,0,0
0,304.0,313.2,1481,42.6,213,9.2,6606.83,9073.8,1,0,0,0,0,0,0
0,300.8,312.5,1423,47.3,123,11.7,7048.47,5817.9,0,0,0,0,0,0,0
0,297.8,307.4,1355,45.8,60,9.6,6498.8,2748.0,0,0,0,0,0,0,0
1,300.5,311.9,1676,35.2,97,11.4,6177.96,3414.4,0,0,0,0,0,0,0
0,298.6,309.5,1547,44.8,36,10.9,7257.67,1612.8,0,0,0,0,0,0,0
0,303.7,312.4,1525,43.9,188,8.7,7010.73,8253.2,0,0,0,0,0,0,0
0,301.8,309.5,1525,39.6,227,7.7,6324.03,8989.2,1,0,0,0,0,0,0
0,299.1,310.3,1727,28.7,43,11.2,5190.42,1234.1,0,0,0,0,0,0,0
0,298.9,310.6,1406,43.8,12,11.7,6448.94,525.6,0,0,0,0,0,0,0
0,296.8,308.2,1643,34.7,191,11.4,5970.29,6627.7,0,0,0,0,0,0,0
0,299.2,308.5,1442,46.5,11,9.3,7021.77,511.5,0,0,0,0,0,0,0
0,300.0,311.4,1374,41.9,96,11.4,6028.78,4022.4,0,0,0,0,0,0,0
1,297.6,308.5,1431,52.6,26,10.9,7882.32,1367.6,0,0,0,0,0,0,0
1,296.7,307.8,1375,51.4,108,11.1,7401.07,5551.2,0,0,0,0,0,0,0
0,298.7,309.8,1469,38.4,62,11.1,5907.2,2380.8,0,0,0,0,0,0,0
0,304.4,313.7,1509,35.0,205,9.3,5530.77,7175.0,1,1,1,0,0,0,0
1,298.5,309.5,1366,61.9,130,11.0,8854.62,8047.0,0,0,0,0,0,0,0
1,299.0,310.3,1494,46.6,144,11.3,7290.63,6710.4,0,0,0,0,0,0,0
1,300.2,309.0,1642,31.2,37,8.8,5364.83,1154.4,0,0,0,0,0,0,0
2,303.8,313.2,1379,50.2,178,9.4,7249.31,8935.6,0,0,0,0,0,0,0
1,302.5,310.3,1447,39.2,172,7.8,5939.96,6742.4,0,0,0,0,0,0,0
0,301.0,311.6,1470,43.4,133,10.6,6680.91,5772.2,0,0,0,0,0,0,0
0,295.6,306.0,1363,50.0,14,10.4,7136.65,700.0,0,0,0,0,0,0,0
1,299.0,310.1,1487,47.5,123,11.1,7396.62,5842.5,0,0,0,0,0,0,0
0,302.5,311.9,1354,49.4,117,9.4,7004.45,5779.8,0,0,0,0,0,0,0
0,298.4,309.4,1392,50.1,117,11.0,7303.07,5861.7,0,0,0,0,0,0,0
1,298.0,308.7,2101,17.4,198,10.7,3828.28,3445.2,0,0,0,0,0,0,0
0,300.0,309.1,1631,28.3,110,9.1,4833.58,3113.0,0,0,0,0,0,0,0
0,300.1,311.4,1467,35.7,45,11.3,5484.37,1606.5,0,0,0,0,0,0,0
0,298.2,308.7,1436,49.1,26,10.5,7383.54,1276.6,0,0,0,0,0,0,0
0,299.8,309.7,1483,39.6,87,9.9,6149.86,3445.2,0,0,0,0,0,0,0
0,301.1,312.3,1534,39.0,129,11.2,6264.96,5031.0,0,0,0,0,0,0,0
0,301.8,310.6,1295,62.3,91,8.8,8448.63,5669.3,0,0,0,0,0,0,0
0,302.7,311.7,1480,45.2,8,9.0,7005.33,361.6,0,0,0,0,0,0,0
1,299.8,309.1,1496,44.4,155,9.3,6955.74,6882.0,0,0,0,0,0,0,0
0,298.4,308.2,1282,60.7,216,9.8,8149.02,13111.2,1,1,0,0,0,1,0
1,296.0,306.7,2044,22.3,48,10.7,4773.25,1070.4,0,0,0,0,0,0,0
0,303.0,312.5,1626,30.5,87,9.5,5193.37,2653.5,0,0,0,0,0,0,0
0,298.8,308.9,1852,25.0,57,10.1,4848.52,1425.0,0,0,0,0,0,0,0
0,299.2,308.4,1877,23.9,4,9.2,4697.76,95.6,0,0,0,0,0,0,0
0,299.9,310.4,1470,50.0,148,10.5,7696.9,7400.0,0,0,0,0,0,0,0
0,298.3,308.2,1472,44.3,71,9.9,6828.73,3145.3,0,0,0,0,0,0,0
1,296.3,307.1,1534,33.8,151,10.8,5429.64,5103.8,0,0,0,0,0,0,0
1,302.0,310.5,1573,32.1,143,8.5,5287.65,4590.3,0,0,0,0,0,0,0
0,300.4,311.1,1589,35.5,191,10.7,5907.19,6780.5,0,0,0,0,0,0,0
1,298.9,308.5,1534,42.9,121,9.6,6891.46,5190.9,0,0,0,0,0,0,0
1,302.2,311.3,1577,29.8,112,9.1,4921.26,3337.6,0,0,0,0,0,0,0
0,302.5,311.6,1419,43.7,39,9.1,6493.7,1704.3,0,0,0,0,0,0,0
1,297.2,308.1,1340,61.3,207,10.9,8601.89,12689.1,1,1,0,0,0,1,0
2,303.8,312.5,1525,38.0,209,8.7,6068.51,7942.0,1,0,0,0,0,0,0
0,302.0,310.8,2143,17.3,227,8.8,3882.37,3927.1,1,0,0,0,0,0,0
1,300.7,311.7,1504,36.9,229,11.0,5811.7,8450.1,1,0,0,0,0,0,0
0,303.2,311.2,1404,50.9,31,8.0,7483.65,1577.9,0,0,0,0,0,0,0
0,298.0,307.8,1266,60.5,81,9.8,8020.8,4900.5,0,0,0,0,0,0,0
0,301.8,310.6,1372,54.7,95,8.8,7859.05,5196.5,0,0,0,0,0,0,0
0,297.4,308.4,1392,49.7,174,11.0,7244.76,8647.8,0,0,0,0,0,0,0
0,298.4,309.3,1504,39.3,192,10.9,6189.69,7545.6,0,0,0,0,0,0,0
0,298.8,310.2,1461,46.7,105,11.4,7144.89,4903.5,0,0,0,0,0,0,0
0,299.8,311.1,1452,47.3,188,11.3,7192.11,8892.4,0,0,0,0,0,0,0
2,298.6,309.5,1584,31.8,27,10.9,5274.86,858.6,0,0,0,0,0,0,0
0,300.7,310.6,1720,30.3,96,9.9,5457.57,2908.8,0,0,0,0,0,0,0
1,300.4,311.6,1359,55.4,160,11.2,7884.2,8864.0,0,0,0,0,0,0,0
0,299.2,310.4,1570,37.3,37,11.2,6132.49,1380.1,0,0,0,0,0,0,0
0,303.9,313.0,1403,48.3,10,9.1,7096.32,483.0,0,0,0,0,0,0,0
2,300.9,310.5,1512,41.2,49,9.6,6523.45,2018.8,0,0,0,0,0,0,0
0,303.7,312.2,1487,34.0,94,8.5,5294.42,3196.0,0,0,0,0,0,0,0
0,302.4,312.0,1562,37.9,10,9.6,6199.39,379.0,0,0,0,0,0,0,0
0,301.5,310.8,1350,58.5,13,9.3,8270.24,760.5,0,0,0,0,0,0,0
0,299.9,309.2,1436,52.0,107,9.3,7819.63,5564.0,0,0,0,0,0,0,0
0,302.5,310.3,1539,39.0,119,7.8,6285.38,4641.0,0,0,0,0,0,0,0
0,303.7,313.1,1496,47.4,48,9.4,7425.72,2275.2,0,0,0,0,0,0,0
0,300.2,310.3,1331,52.1,30,10.1,7261.8,1563.0,0,0,0,0,0,0,0
1,297.4,308.3,1335,57.9,113,10.9,8094.47,6542.7,0,0,0,0,0,0,0
0,299.8,309.2,1591,37.5,109,9.4,6247.84,4087.5,0,0,0,0,0,0,0
0,297.5,308.9,1554,34.8,204,11.4,5663.16,7099.2,1,0,0,0,0,0,0
0,304.1,313.2,1452,48.0,126,9.1,7298.55,6048.0,0,0,0,0,0,0,0
1,298.8,309.7,1439,45.8,81,10.9,6901.68,3709.8,0,0,0,0,0,0,0
0,302.4,312.0,1508,36.9,5,9.6,5827.15,184.5,0,0,0,0,0,0,0
0,298.9,310.1,1341,54.5,51,11.2,7653.39,2779.5,0,0,0,0,0,0,0
1,300.6,311.7,1389,52.1,210,11.1,7578.24,10941.0,1,0,0,0,0,0,0
0,301.6,310.0,1869,22.9,18,8.4,4482.02,412.2,0,0,0,0,0,0,0
0,300.7,311.1,1324,52.2,85,10.4,7237.48,4437.0,0,0,0,0,0,0,0
1,300.9,312.1,1617,31.0,148,11.2,5249.29,4588.0,0,0,0,0,0,0,0
2,297.9,308.5,2129,18.7,126,10.6,4169.13,2356.2,0,0,0,0,0,0,0
0,297.4,309.4,1401,45.9,49,12.0,6734.1,2249.1,0,0,0,0,0,0,0
0,295.6,306.1,1383,48.7,147,10.5,7053.1,7158.9,0,0,0,0,0,0,0
0,297.6,308.6,1522,37.0,106,11.0,5897.19,3922.0,0,0,0,0,0,0,0
1,298.0,307.6,1844,23.8,44,9.6,4595.86,1047.2,0,0,0,0,0,0,0
0,300.1,309.2,1533,37.0,101,9.1,5939.81,3737.0,0,0,0,0,0,0,0
0,300.7,310.8,1772,27.3,69,10.1,5065.88,1883.7,0,0,0,0,0,0,0
0,296.8,307.8,1394,47.7,155,11.0,6963.21,7393.5,0,0,0,0,0,0,0
0,301.0,310.5,1379,57.3,204,9.5,8274.61,11689.2,1,1,0,0,0,1,0
2,300.7,311.9,1389,46.5,186,11.2,6763.69,8649.0,0,0,0,0,0,0,0
0,300.6,309.4,1425,40.3,103,8.8,6013.79,4150.9,0,0,0,0,0,0,0
2,304.1,313.3,1397,49.6,34,9.2,7256.16,1686.4,0,0,0,0,0,0,0
0,301.4,310.3,1639,32.7,171,8.9,5612.49,5591.7,0,0,0,0,0,0,0
0,302.0,310.6,1583,35.2,171,8.6,5835.15,6019.2,0,0,0,0,0,0,0
0,303.5,312.5,1418,42.2,170,9.0,6266.39,7174.0,0,0,0,0,0,0,0
0,296.7,307.9,1743,27.9,55,11.2,5092.49,1534.5,0,0,0,0,0,0,0
1,295.5,305.9,1380,52.4,202,10.4,7572.49,10584.8,1,0,0,0,0,0,0
2,300.4,309.9,1513,38.7,76,9.5,6131.67,2941.2,0,0,0,0,0,0,0
0,303.6,313.0,1617,30.9,122,9.4,5232.35,3769.8,0,0,0,0,0,0,0
2,301.4,310.1,1623,32.3,39,8.7,5489.71,1259.7,0,0,0,0,0,0,0
1,297.6,309.6,1330,53.1,7,12.0,7395.62,371.7,0,0,0,0,0,0,0
0,303.5,313.1,1897,23.6,75,9.6,4688.22,1770.0,0,0,0,0,0,0,0
1,302.4,311.4,1475,45.2,46,9.0,6981.67,2079.2,0,0,0,0,0,0,0
1,302.8,310.8,1451,44.7,32,8.0,6792.09,1430.4,0,0,0,0,0,0,0
1,300.7,309.7,1397,51.3,155,9.0,7504.86,7951.5,0,0,0,0,0,0,0
1,300.7,309.5,1633,31.3,90,8.8,5352.53,2817.0,0,0,0,0,0,0,0
1,297.8,309.0,1675,30.0,110,11.2,5262.17,3300.0,0,0,0,0,0,0,0
0,299.3,310.3,1396,47.4,14,11.0,6929.35,663.6,0,0,0,0,0,0,0
2,299.4,309.1,1547,40.9,50,9.7,6625.86,2045.0,0,0,0,0,0,0,0
1,298.1,307.7,1445,48.0,73,9.6,7263.36,3504.0,0,0,0,0,0,0,0
0,296.7,307.6,1540,38.6,53,10.9,6224.96,2045.8,0,0,0,0,0,0,0
0,301.9,309.7,1424,42.8,140,7.8,6382.38,5992.0,0,0,0,0,0,0,0
0,299.0,310.3,1501,43.0,91,11.3,6758.93,3913.0,0,0,0,0,0,0,0
0,303.7,312.5,1632,36.6,186,8.8,6255.04,6807.6,0,0,0,0,0,0,0
0,303.5,311.6,2183,17.0,110,8.1,3886.25,1870.0,0,0,0,0,0,0,0
0,297.8,308.9,1518,40.4,2,11.1,6422.17,80.8,0,0,0,0,0,0,0
0,300.3,309.8,1450,55.0,135,9.5,8351.4,7425.0,0,0,0,0,0,0,0
1,301.1,311.1,2089,19.8,162,10.0,4331.44,3207.6,0,0,0,0,0,0,0
2,300.2,309.6,1442,49.2,61,9.4,7429.49,3001.2,0,0,0,0,0,0,0
0,302.3,311.6,1488,41.8,75,9.3,6513.4,3135.0,0,0,0,0,0,0,0
1,300.1,311.2,1452,42.4,190,11.1,6447.05,8056.0,0,0,0,0,0,0,0
0,302.6,312.3,1660,30.3,36,9.7,5267.19,1090.8,0,0,0,0,0,0,0
0,299.3,310.8,1426,42.4,0,11.5,6331.61,0.0,0,0,0,0,0,0,0
0,302.7,310.5,1511,37.7,60,7.8,5965.33,2262.0,0,0,0,0,0,0,0
0,302.8,311.1,1563,32.2,78,8.3,5270.4,2511.6,0,0,0,0,0,0,0
0,301.4,310.5,1432,54.3,81,9.1,8142.76,4398.3,0,0,0,0,0,0,0
0,301.4,310.7,1657,28.7,108,9.3,4980.04,3099.6,0,0,0,0,0,0,0
1,302.2,310.5,1507,40.4,111,8.3,6375.63,4484.4,0,0,0,0,0,0,0
0,298.0,309.2,1665,36.6,22,11.2,6381.52,805.2,0,0,0,0,0,0,0
0,298.8,309.7,1953,20.6,25,10.9,4213.06,515.0,0,0,0,0,0,0,0
1,298.6,309.7,1422,49.7,139,11.1,7400.9,6908.3,0,0,0,0,0,0,0
2,298.2,307.9,1462,45.5,171,9.7,6966.06,7780.5,0,0,0,0,0,0,0
1,304.1,313.2,1510,46.9,152,9.1,7416.15,7128.8,0,0,0,0,0,0,0
0,300.2,309.8,1398,54.8,39,9.6,8022.62,2137.2,0,0,0,0,0,0,0
0,302.4,310.2,1633,28.0,164,7.8,4788.21,4592.0,0,0,0,0,0,0,0
0,301.3,310.4,1538,38.4,195,9.1,6184.66,7488.0,0,0,0,0,0,0,0
1,302.2,311.2,1360,52.8,176,9.0,7519.72,9292.8,0,0,0,0,0,0,0
0,300.9,310.6,1552,34.9,95,9.7,5672.12,3315.5,0,0,0,0,0,0,0
0,301.3,310.6,1576,30.4,92,9.3,5017.17,2796.8,0,0,0,0,0,0,0
0,299.7,309.5,1352,49.7,184,9.8,7036.58,9144.8,0,0,0,0,0,0,0
0,298.4,308.9,1391,48.4,100,10.5,7050.19,4840.0,0,0,0,0,0,0,0
0,302.6,311.9,1354,48.0,67,9.3,6805.95,3216.0,0,0,0,0,0,0,0
2,300.3,311.7,1432,47.7,61,11.4,7153.03,2909.7,0,0,0,0,0,0,0
0,298.3,309.0,1339,58.8,35,10.7,8244.92,2058.0,0,0,0,0,0,0,0
1,298.3,309.0,1526,36.9,20,10.7,5896.71,738.0,0,0,0,0,0,0,0
2,299.0,309.0,1436,43.9,20,10.0,6601.58,878.0,0,0,0,0,0,0,0
0,303.7,312.8,1627,31.7,40,9.1,5401.02,1268.0,0,0,0,0,0,0,0
1,301.7,310.9,1644,32.5,201,9.2,5595.18,6532.5,1,0,0,0,0,0,0
2,297.7,309.7,1570,35.8,160,12.0,5885.88,5728.0,0,0,0,0,0,0,0
0,298.5,308.0,1624,29.8,160,9.5,5067.93,4768.0,0,0,0,0,0,0,0
1,300.9,312.6,1555,40.6,109,11.7,6611.27,4425.4,0,0,0,0,0,0,0
0,298.1,307.7,1289,48.3,42,9.6,6519.72,2028.6,0,0,0,0,0,0,0
0,299.3,308.6,1520,33.7,76,9.3,5364.16,2561.2,0,0,0,0,0,0,0
0,298.9,310.1,1356,47.8,116,11.2,6787.6,5544.8,0,0,0,0,0,0,0
1,299.9,310.4,1367,53.3,201,10.5,7630.0,10713.3,1,0,0,0,0,0,0
1,299.0,308.2,1358,42.7,50,9.2,6072.34,2135.0,0,0,0,0,0,0,0
0,299.9,309.4,1363,60.9,57,9.5,8692.44,3471.3,0,0,0,0,0,0,0
0,301.7,310.6,1447,56.9,47,8.9,8622.03,2674.3,0,0,0,0,0,0,0
0,301.8,310.7,1551,37.7,64,8.9,6123.25,2412.8,0,0,0,0,0,0,0
0,304.2,313.4,1482,41.4,32,9.2,6425.06,1324.8,0,0,0,0,0,0,0
2,299.9,310.5,1549,42.8,208,10.6,6942.63,8902.4,1,0,0,0,0,0,0
0,302.3,311.7,1701,27.5,145,9.4,4898.53,3987.5,0,0,0,0,0,0,0
0,300.3,309.6,1537,37.1,187,9.3,5971.4,6937.7,0,0,0,0,0,0,0
2,299.2,308.6,1462,55.0,163,9.4,8420.52,8965.0,0,0,0,0,0,0,0
2,296.6,307.7,1386,62.3,100,11.1,9042.32,6230.0,0,1,0,0,1,0,0
0,302.2,311.6,1383,44.3,72,9.4,6415.85,3189.6,0,0,0,0,0,0,0
0,300.1,311.2,1489,39.1,188,11.1,6096.77,7350.8,0,0,0,0,0,0,0
2,302.4,312.0,1477,39.7,18,9.6,6140.44,714.6,0,0,0,0,0,0,0
1,299.8,309.4,1423,42.9,124,9.6,6392.8,5319.6,0,0,0,0,0,0,0
0,300.7,311.0,1969,20.7,109,10.3,4268.2,2256.3,0,0,0,0,0,0,0
0,297.4,308.7,1584,38.2,154,11.3,6336.47,5882.8,0,0,0,0,0,0,0
2,298.4,309.3,1694,30.9,111,10.9,5481.51,3429.9,0,0,0,0,0,0,0
0,298.6,309.4,1316,51.4,52,10.8,7083.5,2672.8,0,0,0,0,0,0,0
0,300.5,311.6,1497,40.5,180,11.1,6349.0,7290.0,0,0,0,0,0,0,0
2,302.5,311.3,1393,47.5,130,8.8,6929.04,6175.0,0,0,0,0,0,0,0
0,301.0,310.6,1588,33.7,114,9.6,5604.14,3841.8,0,0,0,0,0,0,0
0,300.3,309.6,1404,44.6,87,9.3,6557.38,3880.2,0,0,0,0,0,0,0
2,298.0,308.8,1411,53.8,73,10.8,7949.47,3927.4,0,0,0,0,0,0,0
0,297.1,307.9,1342,49.1,179,10.8,6900.22,8788.9,0,0,0,0,0,0,0
2,302.3,310.6,1525,48.7,114,8.3,7777.27,5551.8,0,0,0,0,0,0,0
0,298.8,309.9,1428,42.4,132,11.1,6340.49,5596.8,0,0,0,0,0,0,0
1,297.2,308.6,1284,51.3,32,11.4,6897.81,1641.6,0,0,0,0,0,0,0
2,302.2,310.7,1413,48.9,114,8.5,7235.68,5574.6,0,0,0,0,0,0,0
0,300.3,311.6,1607,33.5,109,11.3,5637.54,3651.5,0,0,0,0,0,0,0
2,300.3,311.6,1801,23.6,97,11.3,4450.97,2289.2,0,0,0,0,0,0,0
2,300.1,311.4,1485,40.4,75,11.3,6282.56,3030.0,0,0,0,0,0,0,0
1,300.7,310.9,1369,51.2,63,10.2,7340.1,3225.6,0,0,0,0,0,0,0
0,302.7,310.6,1690,26.7,4,7.9,4725.27,106.8,0,0,0,0,0,0,0
1,302.3,311.7,1483,40.5,8,9.4,6289.63,324.0,0,0,0,0,0,0,0
0,302.3,311.3,1457,44.5,83,9.0,6789.66,3693.5,0,0,0,0,0,0,0
0,299.3,309.0,1415,47.6,156,9.7,7053.29,7425.6,0,0,0,0,0,0,0
0,299.8,309.7,1707,29.1,94,9.9,5201.82,2735.4,0,0,0,0,0,0,0
1,302.2,311.2,1544,43.6,63,9.0,7049.57,2746.8,0,0,0,0,0,0,0
1,302.5,310.3,1411,49.5,110,7.8,7314.1,5445.0,0,0,0,0,0,0,0
0,296.5,307.6,1541,38.5,98,11.1,6212.87,3773.0,0,0,0,0,0,0,0
0,297.7,308.7,1449,40.2,95,11.0,6099.9,3819.0,0,0,0,0,0,0,0
2,299.0,309.9,1884,25.6,100,10.9,5050.68,2560.0,0,0,0,0,0,0,0
1,299.7,309.1,1508,41.2,152,9.4,6506.2,6262.4,0,0,0,0,0,0,0
1,295.6,306.1,1490,42.7,171,10.5,6662.58,7301.7,0,0,0,0,0,0,0
0,301.5,310.9,1365,46.5,172,9.4,6646.82,7998.0,0,0,0,0,0,0,0
0,298.0,307.6,1683,32.8,122,9.6,5780.78,4001.6,0,0,0,0,0,0,0
1,300.1,309.7,1420,48.4,36,9.6,7197.18,1742.4,0,0,0,0,0,0,0
2,300.1,309.4,1329,55.2,143,9.3,7682.33,7893.6,0,0,0,0,0,0,0
2,300.8,311.2,2237,17.0,95,10.4,3982.39,1615.0,0,0,0,0,0,0,0
0,298.4,309.2,1345,52.7,196,10.8,7422.69,10329.2,0,0,0,0,0,0,0
0,297.9,307.8,1459,46.9,85,9.9,7165.67,3986.5,0,0,0,0,0,0,0
0,300.5,309.8,1663,29.1,145,9.3,5067.73,4219.5,0,1,0,0,0,0,0
2,300.7,310.8,1346,52.0,193,10.1,7329.55,10036.0,0,0,0,0,0,0,0
0,299.3,308.4,1406,47.4,3,9.1,6978.99,142.2,0,0,0,0,0,0,0
2,298.7,309.6,1654,34.3,136,10.9,5940.98,4664.8,0,0,0,0,0,0,0
0,304.1,313.6,1556,37.4,129,9.5,6094.1,4824.6,0,0,0,0,0,0,0
0,296.2,307.3,1475,37.0,44,11.1,5715.08,1628.0,0,0,0,0,0,0,0
0,297.4,308.8,1529,41.3,165,11.4,6612.81,6814.5,0,0,0,0,0,0,0
0,300.2,309.6,1359,51.5,66,9.4,7329.18,3399.0,0,0,0,0,0,0,0
0,297.6,308.4,1517,34.2,66,10.8,5433.01,2257.2,0,0,0,0,0,0,0
0,297.5,308.5,1722,30.4,178,11.0,5481.95,5411.2,0,0,0,0,0,0,0
0,303.5,311.5,1535,33.3,120,8.0,5352.8,3996.0,0,0,0,0,0,0,0
0,295.5,306.0,1546,35.9,169,10.5,5812.09,6067.1,0,0,0,0,0,0,0
0,298.7,308.5,1469,39.9,67,9.8,6137.95,2673.3,0,0,0,0,0,0,0
0,301.6,310.9,1385,50.7,195,9.3,7353.37,9886.5,0,0,0,0,0,0,0
0,300.6,309.9,1428,48.8,109,9.3,7297.54,5319.2,0,0,0,0,0,0,0
0,300.5,309.8,1379,54.2,207,9.3,7826.94,11219.4,1,1,0,0,0,1,0
2,297.4,308.8,1324,53.5,169,11.4,7417.72,9041.5,0,0,0,0,0,0,0
0,300.6,310.7,1750,30.6,171,10.1,5607.74,5232.6,0,0,0,0,0,0,0
1,295.5,306.0,1326,50.8,18,10.5,7054.01,914.4,0,0,0,0,0,0,0
0,299.6,309.2,1540,36.7,221,9.6,5918.55,8110.7,1,0,0,0,0,0,0
0,300.9,310.7,1479,43.3,201,9.8,6706.33,8703.3,1,0,0,0,0,0,0
2,300.3,309.7,1452,41.5,139,9.4,6310.2,5768.5,0,0,0,0,0,0,0
0,300.9,310.9,1370,52.5,107,10.0,7531.97,5617.5,0,0,0,0,0,0,0
2,302.9,312.5,1357,55.0,12,9.6,7815.76,660.0,0,0,0,0,0,0,1
2,298.8,308.9,1466,44.1,184,10.1,6770.2,8114.4,0,0,0,0,0,0,0
1,301.8,311.1,1663,31.6,199,9.3,5503.11,6288.4,0,0,0,0,0,0,0
1,301.3,310.6,1499,36.1,163,9.3,5666.79,5884.3,0,0,0,0,0,0,0
0,301.4,310.1,1937,21.8,205,8.7,4421.96,4469.0,1,0,0,0,0,0,0
0,299.1,310.2,1598,33.4,20,11.1,5589.23,668.0,0,0,0,0,0,0,0
0,301.9,311.2,1369,49.8,66,9.3,7139.39,3286.8,0,0,0,0,0,0,0
0,301.2,312.3,1528,38.4,85,11.1,6144.45,3264.0,0,0,0,0,0,0,0
0,298.3,308.8,1767,27.3,168,10.5,5051.59,4586.4,0,0,0,0,0,0,0
0,298.0,308.2,1489,40.4,11,10.2,6299.48,444.4,0,0,0,0,0,0,0
0,302.3,311.4,1333,66.7,205,9.1,9310.75,13673.5,1,1,0,0,1,1,0
1,300.5,312.0,1867,23.0,103,11.5,4496.77,2369.0,0,0,0,0,0,0,0
1,298.5,308.3,1381,50.5,22,9.8,7303.21,1111.0,0,0,0,0,0,0,0
0,297.4,308.3,1347,45.8,43,10.9,6460.43,1969.4,0,0,0,0,0,0,0
1,299.3,310.5,1404,47.5,12,11.2,6983.76,570.0,0,0,0,0,0,0,0
0,299.2,309.0,1408,47.2,0,9.8,6959.42,0.0,0,0,0,0,0,0,0
1,301.5,311.0,1504,42.6,109,9.5,6709.44,4643.4,0,0,0,0,0,0,0
0,300.2,309.5,1436,48.8,135,9.3,7338.43,6588.0,0,0,0,0,0,0,0
1,298.4,309.4,1666,24.3,68,11.0,4239.45,1652.4,0,0,0,0,0,0,0
2,301.6,310.4,1330,49.5,30,8.8,6894.23,1485.0,0,0,0,0,0,0,0
1,301.2,310.7,1615,34.9,95,9.5,5902.37,3315.5,0,0,0,0,0,0,0
0,298.2,309.0,1418,44.2,87,10.8,6563.37,3845.4,0,0,0,0,0,0,0
0,300.9,310.7,1658,28.5,18,9.8,4948.32,513.0,0,0,0,0,0,0,0
0,300.8,310.6,1360,48.8,91,9.8,6950.04,4440.8,0,0,0,0,0,0,0
1,302.3,311.4,1484,39.5,22,9.1,6138.46,869.0,0,0,0,0,0,0,0
0,301.7,310.6,1303,59.7,42,8.9,8146.06,2507.4,0,0,0,0,0,0,0
0,302.2,310.8,2203,16.6,47,8.6,3829.58,780.2,0,0,0,0,0,0,0
0,298.2,309.0,1651,31.5,197,10.8,5446.11,6205.5,0,0,0,0,0,0,0
0,303.0,311.3,1793,29.3,157,8.3,5501.44,4600.1,0,0,0,0,0,0,0
2,297.1,308.4,1359,46.6,176,11.3,6631.84,8201.6,0,0,0,0,0,0,0
0,298.3,308.6,1584,29.3,162,10.3,4860.17,4746.6,0,0,0,0,0,0,0
0,298.0,308.5,1429,37.7,220,10.5,5641.6,8294.0,1,1,1,0,0,0,0
0,300.1,309.2,1326,55.9,55,9.1,7762.18,3074.5,0,0,0,0,0,0,0
1,300.1,309.6,1584,36.7,165,9.5,6087.65,6055.5,0,0,0,0,0,0,0
2,298.8,310.2,1663,30.4,209,11.4,5294.13,6353.6,1,0,0,0,0,0,0
1,298.8,308.6,1598,35.1,52,9.8,5873.71,1825.2,0,0,0,0,0,0,0
1,298.5,309.5,1501,40.2,114,11.0,6318.81,4582.8,0,0,0,0,0,0,0
1,297.3,308.4,1449,44.4,34,11.1,6737.21,1509.6,0,0,0,0,0,0,0
0,298.6,309.4,1698,33.2,147,10.8,5903.43,4880.4,0,0,0,0,0,0,0
0,298.0,307.8,1386,57.3,147,9.8,8316.61,8423.1,0,0,0,0,0,0,0
0,297.2,308.4,1833,25.2,117,11.2,4837.17,2948.4,0,0,0,0,0,0,0
0,300.8,311.7,1479,39.4,18,10.9,6102.29,709.2,0,0,0,0,0,0,0
0,299.1,308.2,1348,56.1,110,9.1,7919.2,6171.0,0,0,0,0,0,0,0
0,300.2,309.5,1539,35.3,80,9.3,5689.08,2824.0,0,0,0,0,0,0,0
0,298.3,308.4,1408,43.1,177,10.1,6354.9,7628.7,0,0,0,0,0,0,0
1,299.0,309.7,1489,40.7,212,10.7,6346.26,8628.4,1,0,0,0,0,0,0
0,301.5,310.6,1381,50.7,206,9.1,7332.13,10444.2,1,0,0,0,0,0,0
1,301.7,310.7,1442,41.1,89,9.0,6206.34,3657.9,0,0,0,0,0,0,0
0,300.0,309.5,1869,22.7,49,9.5,4442.87,1112.3,0,0,0,0,0,0,0
0,301.5,310.8,1417,49.7,5,9.3,7374.88,248.5,0,0,0,0,0,0,0
0,301.4,311.0,1634,32.6,155,9.6,5578.25,5053.0,0,0,0,0,0,0,0
0,299.4,309.1,1957,22.1,55,9.7,4529.1,1215.5,0,0,0,0,0,0,0
1,302.2,310.8,1422,47.0,3,8.6,6998.84,141.0,0,0,0,0,0,0,0
0,300.3,311.8,1360,48.0,119,11.5,6836.11,5712.0,0,0,0,0,0,0,0
0,300.2,311.6,1540,37.7,71,11.4,6079.82,2676.7,0,0,0,0,0,0,0
1,300.7,310.6,1407,42.4,218,9.9,6247.25,9243.2,1,0,0,0,0,0,0
1,300.8,310.9,1514,38.7,66,10.1,6135.72,2554.2,0,0,0,0,0,0,0
0,301.5,310.7,1424,51.1,22,9.2,7620.08,1124.2,0,0,0,0,0,0,0
1,299.6,309.4,1642,30.3,80,9.8,5210.08,2424.0,0,0,0,0,0,0,0
0,297.6,308.7,1460,46.7,150,11.1,7140.0,7005.0,0,0,0,0,0,0,0
0,301.4,310.9,1414,38.8,162,9.5,5745.26,6285.6,0,0,0,0,0,0,0
0,301.3,310.8,1428,55.2,88,9.5,8254.6,4857.6,0,0,0,0,0,0,0
0,301.3,310.4,1414,51.4,199,9.1,7610.99,10228.6,0,0,0,0,0,0,0
2,301.8,310.5,1478,38.6,141,8.7,5974.35,5442.6,0,0,0,0,0,0,0
0,303.0,312.7,1361,48.8,120,9.7,6955.15,5856.0,0,0,0,0,0,0,0
1,297.6,308.6,1509,39.7,166,11.0,6273.48,6590.2,0,0,0,0,0,0,0
1,300.3,311.2,1783,25.6,139,10.9,4779.91,3558.4,0,0,0,0,0,0,0
0,298.1,307.7,1650,34.1,138,9.6,5892.06,4705.8,0,0,0,0,0,0,0
0,297.2,308.0,1474,43.7,162,10.8,6745.4,7079.4,0,0,0,0,0,0,0
1,302.6,312.0,1363,45.7,91,9.4,6522.9,4158.7,0,0,0,0,0,0,0
0,300.2,310.1,1392,47.9,201,9.9,6982.38,9627.9,1,0,0,0,0,0,0
0,299.5,309.4,1563,41.5,183,9.9,6792.59,7594.5,0,0,0,0,0,0,0
1,300.1,311.4,1524,40.6,98,11.3,6479.47,3978.8,0,0,0,0,0,0,0
0,301.1,310.7,1436,45.3,8,9.6,6812.1,362.4,0,0,0,0,0,0,0
0,301.1,312.3,1464,35.3,65,11.2,5411.83,2294.5,0,0,0,0,0,0,0
1,297.6,308.6,1444,48.2,46,11.0,7288.58,2217.2,0,0,0,0,0,0,0
0,300.3,309.2,1587,31.4,43,8.9,5218.37,1350.2,0,0,0,0,0,0,0
0,298.8,308.6,1431,45.7,97,9.8,6848.33,4432.9,0,0,0,0,0,0,0
0,301.4,311.3,1674,33.3,46,9.9,5837.52,1531.8,0,0,0,0,0,0,0
0,297.7,309.6,1480,47.9,18,11.9,7423.79,862.2,0,0,0,0,0,0,0
0,301.5,310.5,1535,39.0,204,9.0,6269.05,7956.0,1,0,0,0,0,0,0
0,300.7,311.8,1603,34.1,17,11.1,5724.22,579.7,0,0,0,0,0,0,0
0,301.1,310.5,1324,52.4,171,9.4,7265.21,8960.4,0,0,0,0,0,0,0
2,298.1,307.6,1542,37.1,84,9.5,5990.83,3116.4,0,0,0,0,0,0,0
0,299.5,310.7,1438,45.7,106,11.2,6881.83,4844.2,0,0,0,0,0,0,0
2,299.2,308.8,1440,39.1,188,9.6,5896.14,7350.8,0,0,0,0,0,0,0
2,301.1,311.6,1417,53.4,0,10.5,7923.91,0.0,0,0,0,0,0,0,0
0,297.6,308.5,1452,42.6,116,10.9,6477.46,4941.6,0,0,0,0,0,0,0
0,298.8,309.1,1378,54.4,165,10.3,7850.13,8976.0,0,0,0,0,0,0,0
0,297.1,307.9,1492,39.4,171,10.8,6155.93,6737.4,0,0,0,0,0,0,0
1,299.4,309.1,1417,47.3,59,9.7,7018.75,2790.7,0,0,0,0,0,0,0
0,299.0,309.0,1544,31.8,25,10.0,5141.66,795.0,0,0,0,0,0,0,0
0,299.2,308.4,1667,29.0,199,9.2,5062.47,5771.0,0,0,0,0,0,0,0
0,298.3,309.0,1408,45.4,98,10.7,6694.02,4449.2,0,0,0,0,0,0,0
0,299.9,309.2,1333,50.8,61,9.3,7091.24,3098.8,0,0,0,0,0,0,0
0,300.1,309.4,1568,39.7,42,9.3,6518.76,1667.4,0,0,0,0,0,0,0
0,298.4,309.0,1474,52.7,95,10.6,8134.61,5006.5,0,0,0,0,0,0,0
1,298.0,309.2,1438,42.9,101,11.2,6460.18,4332.9,0,0,0,0,0,0,0
0,304.1,313.4,1399,43.7,111,9.3,6402.18,4850.7,0,0,0,0,0,0,0
0,298.0,309.1,1822,23.5,122,11.1,4483.79,2867.0,0,0,0,0,0,0,0
0,301.8,310.6,1650,31.9,126,8.8,5511.92,4019.4,0,0,0,0,0,0,0
2,297.1,308.2,1790,30.3,128,11.1,5679.69,3878.4,0,0,0,0,0,0,0
0,299.8,309.1,1578,42.1,191,9.3,6956.93,8041.1,0,0,0,0,0,0,0
0,300.0,311.4,1590,33.6,5,11.4,5594.55,168.0,0,0,0,0,0,0,0
0,300.5,310.6,1368,49.6,10,10.1,7105.53,496.0,0,0,0,0,0,0,0
1,298.3,308.9,1646,25.4,46,10.6,4378.17,1168.4,0,0,0,0,0,0,0
1,302.3,311.4,1418,41.3,62,9.1,6132.74,2560.6,0,0,0,0,0,0,0
0,297.9,307.8,1538,38.5,123,9.9,6200.77,4735.5,0,0,0,0,0,0,0
0,298.2,308.7,1991,20.5,36,10.5,4274.19,738.0,0,0,0,0,0,0,0
1,297.2,308.1,1554,41.3,147,10.9,6720.93,6071.1,0,0,0,0,0,0,0
0,297.4,308.4,1603,34.6,65,11.0,5808.16,2249.0,0,0,0,0,0,0,0
0,296.8,308.3,1506,45.9,182,11.5,7238.79,8353.8,0,0,0,0,0,0,0
0,298.2,308.3,1475,49.9,47,10.1,7707.64,2345.3,0,0,0,0,0,0,0
0,298.0,308.7,1629,34.3,191,10.7,5851.18,6551.3,0,0,0,0,0,0,0
2,299.6,309.1,1630,32.3,194,9.5,5513.39,6266.2,0,0,0,0,0,0,0
1,295.7,306.3,1462,44.3,37,10.6,6782.34,1639.1,0,0,0,0,0,0,0
2,299.8,310.2,1537,36.6,191,10.4,5890.93,6990.6,0,0,0,0,0,0,0
0,301.0,310.9,1809,25.7,192,9.9,4868.56,4934.4,0,0,0,0,0,0,0
0,300.5,310.0,1413,44.5,152,9.5,6584.62,6764.0,0,0,0,0,0,0,0
1,302.1,311.0,1351,60.3,207,8.9,8531.03,12482.1,1,1,0,0,0,1,0
1,298.7,310.1,1368,56.8,72,11.4,8136.98,4089.6,0,0,0,0,0,0,0
1,300.7,309.8,1490,38.8,173,9.1,6054.06,6712.4,0,0,0,0,0,0,0
0,300.7,311.7,1460,46.1,15,11.0,7048.27,691.5,0,0,0,0,0,0,0
2,297.7,307.3,1514,38.6,19,9.6,6119.86,733.4,0,0,0,0,0,0,0
0,303.3,311.2,1763,27.3,27,7.9,5040.15,737.1,0,0,0,0,0,0,0
0,300.6,310.2,1555,41.9,19,9.6,6822.96,796.1,0,0,0,0,0,0,0
0,297.8,308.9,1282,58.1,108,11.1,7799.97,6274.8,0,0,0,0,0,0,0
0,296.7,307.8,1505,39.4,236,11.1,6209.57,9298.4,1,0,0,0,0,0,0
0,301.6,310.9,1532,43.6,15,9.3,6994.78,654.0,0,0,0,0,0,0,0
0,302.6,311.0,1284,68.0,114,8.4,9143.29,7752.0,0,1,0,1,1,0,0
1,296.3,307.2,1319,68.3,24,10.9,9433.96,1639.2,0,1,0,0,1,0,0
0,298.5,308.0,1384,59.5,27,9.5,8623.46,1606.5,0,0,0,0,0,0,0
1,303.0,312.3,1674,29.5,109,9.3,5171.38,3215.5,0,0,0,0,0,0,0
1,302.6,310.5,1965,20.2,40,7.9,4156.64,808.0,0,0,0,0,0,0,0
0,302.5,312.0,1383,51.3,190,9.5,7429.65,9747.0,0,0,0,0,0,0,0
1,301.7,310.8,1671,31.6,137,9.1,5529.58,4329.2,0,0,0,0,0,0,0
0,297.8,307.8,1412,48.3,27,10.0,7141.85,1304.1,0,0,0,0,0,0,0
0,302.4,311.1,1448,44.8,195,8.7,6793.21,8736.0,0,0,0,0,0,0,0
1,297.2,308.5,1425,45.8,109,11.3,6834.53,4992.2,0,0,0,0,0,0,0
0,296.9,308.3,1555,38.2,175,11.4,6220.46,6685.0,0,0,0,0,0,0,0
0,297.3,308.5,1545,34.3,74,11.2,5549.47,2538.2,0,0,0,0,0,0,0
1,297.9,308.9,1547,44.0,72,11.0,7128.06,3168.0,0,0,0,0,0,0,0
1,297.9,308.8,1469,49.0,51,10.9,7537.83,2499.0,0,0,0,0,0,0,0
0,300.4,309.2,1752,29.0,52,8.8,5320.6,1508.0,0,0,0,0,0,0,0
0,300.3,311.6,1515,44.9,69,11.3,7123.4,3098.1,0,0,0,0,0,0,0
1,301.2,310.7,1394,42.8,168,9.5,6247.92,7190.4,0,0,0,0,0,0,0
1,303.0,312.3,1483,38.8,114,9.3,6025.62,4423.2,0,0,0,0,0,0,0
1,302.4,310.9,1469,41.6,124,8.5,6399.47,5158.4,0,0,0,0,0,0,0
0,298.8,309.1,1439,39.2,104,10.3,5907.12,4076.8,0,0,0,0,0,0,0
1,301.5,310.6,1573,37.4,37,9.1,6160.68,1383.8,0,0,0,0,0,0,0
1,297.2,307.9,1687,30.4,82,10.7,5370.53,2492.8,0,0,0,0,0,0,0
0,299.1,308.2,1493,34.9,119,9.1,5456.5,4153.1,0,0,0,0,0,0,0
1,297.7,309.7,1680,30.2,168,12.0,5313.06,5073.6,0,0,0,0,0,0,0
0,298.9,310.2,1696,30.2,214,11.3,5363.66,6462.8,1,0,0,0,0,0,0
0,299.3,309.1,1795,24.7,187,9.8,4642.91,4618.9,0,0,0,0,0,0,0
0,301.4,310.4,1543,40.9,190,9.0,6608.73,7771.0,0,0,0,0,0,0,0
1,295.7,306.2,1423,42.5,121,10.5,6333.19,5142.5,0,0,0,0,0,0,0
0,300.3,311.4,1526,38.5,101,11.1,6152.39,3888.5,0,0,0,0,0,0,0
2,297.7,308.5,1720,29.9,210,10.8,5385.53,6279.0,1,0,0,0,0,0,0
0,303.0,311.2,1641,32.6,63,8.2,5602.15,2053.8,0,0,0,0,0,0,0
1,298.0,307.6,1581,43.4,113,9.6,7185.39,4904.2,0,0,0,0,0,0,0
0,298.7,309.0,1691,30.1,154,10.3,5330.14,4635.4,0,0,0,0,0,0,0
0,300.2,309.8,1418,49.3,16,9.6,7320.69,788.8,0,0,0,0,0,0,0
0,299.5,309.2,1393,47.3,20,9.7,6899.87,946.0,0,0,0,0,0,0,0
1,300.7,310.1,1367,52.6,167,9.4,7529.79,8784.2,0,0,0,0,0,0,0
0,301.1,311.1,1387,53.1,188,10.0,7712.58,9982.8,0,0,0,0,0,0,0
1,298.4,310.2,1725,32.0,80,11.8,5780.53,2560.0,0,0,0,0,0,0,0
1,301.5,310.4,1593,36.8,50,8.9,6138.92,1840.0,0,0,0,0,0,0,0
0,300.5,311.9,1887,21.7,56,11.4,4288.05,1215.2,0,0,0,0,0,0,0
0,295.7,306.5,1737,26.2,97,10.8,4765.73,2541.4,0,0,0,0,0,0,0
1,300.1,311.3,1650,33.8,38,11.2,5840.22,1284.4,0,0,0,0,0,0,0
1,302.6,311.1,1520,43.0,88,8.5,6844.48,3784.0,0,0,0,0,0,0,0
0,300.4,309.4,1412,51.6,153,9.0,7629.8,7894.8,0,0,0,0,0,0,0
1,297.7,308.2,1720,25.6,174,10.5,4611.02,4454.4,0,0,0,0,0,0,0
0,300.2,311.6,1671,28.8,149,11.4,5039.62,4291.2,0,0,0,0,0,0,0
2,302.9,311.0,1452,58.3,123,8.1,8864.69,7170.9,0,0,0,0,0,0,0
1,300.3,311.8,1592,32.1,11,11.5,5351.51,353.1,0,0,0,0,0,0,0
0,302.3,311.8,1565,37.8,59,9.5,6194.91,2230.2,0,0,0,0,0,0,0
2,298.9,308.6,1623,31.0,180,9.7,5268.77,5580.0,0,0,0,0,0,0,0
2,301.8,310.8,1470,37.6,204,9.0,5788.07,7670.4,1,0,0,0,0,0,0
1,297.4,308.4,1789,25.0,210,11.0,4683.59,5250.0,1,0,0,0,0,0,0
1,298.1,308.3,1680,33.7,185,10.2,5928.81,6234.5,0,0,0,0,0,0,0
0,301.5,310.5,2297,15.8,191,9.0,3800.55,3017.8,0,0,0,0,0,0,0
1,298.0,307.6,1459,44.4,163,9.6,6783.7,7237.2,0,0,0,0,0,0,0
0,302.5,311.0,1548,38.4,188,8.5,6224.88,7219.2,0,0,0,0,0,0,0
1,300.7,310.8,1506,44.0,97,10.1,6939.15,4268.0,0,0,0,0,0,0,0
1,297.4,308.6,1528,29.1,163,11.2,4656.34,4743.3,0,0,0,0,0,0,0
1,303.9,313.1,1483,47.2,71,9.2,7330.13,3351.2,0,0,0,0,0,0,0
2,302.3,310.9,1366,48.4,130,8.6,6923.48,6292.0,0,1,0,1,0,0,0
2,303.8,312.5,1655,28.0,170,8.7,4852.71,4760.0,0,0,0,0,0,0,0
0,297.6,309.4,1491,40.2,231,11.8,6276.71,9286.2,1,0,0,0,0,0,0
0,297.3,308.3,1411,43.2,63,11.0,6383.21,2721.6,0,0,0,0,0,0,0
1,299.6,310.1,1646,29.6,73,10.5,5102.11,2160.8,0,0,0,0,0,0,0
1,299.8,311.3,1517,41.2,105,11.5,6545.03,4326.0,0,0,0,0,0,0,0
2,301.3,310.4,1538,38.4,65,9.1,6184.66,2496.0,0,0,0,0,0,0,0
1,299.7,310.3,1429,47.7,35,10.6,7138.04,1669.5,0,0,0,0,0,0,0
2,303.0,312.5,1698,30.0,89,9.5,5334.42,2670.0,0,0,0,0,0,0,0
0,302.3,311.6,1398,49.1,119,9.3,7188.15,5842.9,0,0,0,0,0,0,0
2,300.9,310.7,1403,40.6,207,9.8,5965.03,8404.2,1,0,0,0,0,0,0
0,303.7,312.6,1621,38.8,182,8.9,6586.33,7061.6,0,0,0,0,0,0,0
0,301.9,310.9,1379,54.8,99,9.0,7913.59,5425.2,0,0,0,0,0,0,0
0,300.6,309.4,1556,36.0,98,8.8,5865.98,3528.0,0,0,0,0,0,0,0
1,300.7,310.6,1349,54.5,19,9.9,7699.05,1035.5,0,0,0,0,0,0,0
1,303.0,311.1,1490,43.0,108,8.1,6709.39,4644.0,0,0,0,0,0,0,0
0,303.9,313.2,1393,46.5,9,9.3,6783.17,418.5,0,0,0,0,0,0,0
0,300.0,310.1,1465,40.9,60,10.1,6274.65,2454.0,0,0,0,0,0,0,0
0,298.1,308.7,1683,29.1,161,10.6,5128.68,4685.1,0,0,0,0,0,0,0
0,298.3,308.3,1444,43.8,176,10.0,6623.23,7708.8,0,0,0,0,0,0,0
0,301.0,312.2,1601,33.0,109,11.2,5532.66,3597.0,0,0,0,0,0,0,0
0,300.9,311.0,1382,51.2,136,10.1,7409.8,6963.2,0,0,0,0,0,0,0
2,297.3,308.2,1653,31.4,9,10.9,5435.4,282.6,0,0,0,0,0,0,0
0,299.4,310.9,1751,27.8,10,11.5,5097.53,278.0,0,0,0,0,0,0,0
0,298.0,308.5,1664,28.3,196,10.5,4931.38,5546.8,0,0,0,0,0,0,0
2,303.4,311.9,1534,33.2,210,8.5,5333.25,6972.0,1,0,0,0,0,0,0
0,299.2,310.1,1534,37.7,10,10.9,6056.13,377.0,0,0,0,0,0,0,0
0,297.2,307.9,1989,20.3,186,10.7,4228.24,3775.8,0,0,0,0,0,0,0
0,302.2,311.5,1548,32.4,81,9.3,5252.24,2624.4,0,0,0,0,0,0,0
1,300.1,308.9,1548,38.4,31,8.8,6224.88,1190.4,0,0,0,0,0,0,0
0,298.5,309.6,1421,53.6,122,11.1,7976.04,6539.2,0,0,0,0,0,0,0
0,299.3,308.9,1376,60.3,163,9.6,8688.89,9828.9,0,0,0,0,0,0,0
0,298.3,308.0,1578,37.8,101,9.7,6246.37,3817.8,0,0,0,0,0,0,0
2,298.8,308.6,1449,49.4,150,9.8,7495.9,7410.0,0,0,0,0,0,0,0
1,302.0,311.2,1625,30.7,189,9.2,5224.21,5802.3,0,0,0,0,0,0,0
0,301.4,310.5,1489,43.5,98,9.1,6782.86,4263.0,0,0,0,0,0,0,0
0,300.5,310.7,1606,33.5,121,10.2,5634.03,4053.5,0,0,0,0,0,0,0
1,300.0,311.4,1384,46.1,7,11.4,6681.37,322.7,0,0,0,0,0,0,0
1,297.6,308.6,1390,53.4,175,11.0,7772.93,9345.0,0,0,0,0,0,0,0
0,300.6,309.5,1867,23.0,242,8.9,4496.77,5566.0,1,0,0,0,0,0,0
0,299.2,308.9,1430,39.1,117,9.7,5855.2,4574.7,0,0,0,0,0,0,0
0,296.8,307.9,1372,49.0,140,11.1,7040.1,6860.0,0,0,0,0,0,0,0
0,302.5,312.2,1574,38.7,30,9.7,6378.88,1161.0,0,0,0,0,0,0,0
0,299.6,310.2,1333,51.2,40,10.6,7147.08,2048.0,0,0,0,0,0,0,0
0,298.2,309.0,1643,34.1,91,10.8,5867.06,3103.1,0,0,0,0,0,0,0
0,302.6,311.6,1576,34.7,182,9.0,5726.83,6315.4,0,0,0,0,0,0,0
0,299.6,309.2,1425,45.9,133,9.6,6849.46,6104.7,0,0,0,0,0,0,0
1,300.8,311.9,1356,44.3,214,11.1,6290.6,9480.2,1,0,0,0,0,0,0
1,297.3,308.8,1469,44.1,150,11.5,6784.05,6615.0,0,0,0,0,0,0,0
1,297.4,308.3,1444,44.0,18,10.9,6653.47,792.0,0,0,0,0,0,0,0
1,297.6,308.7,1408,51.5,4,11.1,7593.44,206.0,0,0,0,0,0,0,0
0,302.7,310.4,1489,42.7,33,7.7,6658.11,1409.1,0,0,0,0,0,0,0
0,297.5,309.2,1715,28.0,30,11.7,5028.64,840.0,0,0,0,0,0,0,0
1,303.0,312.6,1392,42.9,94,9.6,6253.53,4032.6,0,0,0,0,0,0,0
2,302.2,310.9,1522,35.9,61,8.7,5721.87,2189.9,0,0,0,0,0,0,0
0,298.0,308.3,1662,32.7,0,10.3,5691.25,0.0,0,0,0,0,0,0,0
1,300.4,309.8,1430,43.4,198,9.4,6499.12,8593.2,0,0,0,0,0,0,0
2,299.2,308.5,1342,47.5,147,9.3,6675.36,6982.5,0,0,0,0,0,0,0
1,300.2,311.6,1415,55.8,82,11.4,8268.36,4575.6,0,0,0,0,0,0,0
1,300.1,311.3,1748,26.6,42,11.2,4869.13,1117.2,0,0,0,0,0,0,0
0,302.3,312.0,1354,52.2,165,9.7,7401.47,8613.0,0,0,0,0,0,0,0
0,302.2,311.5,1588,30.6,39,9.3,5088.63,1193.4,0,0,0,0,0,0,0
0,295.9,306.6,1412,41.0,109,10.7,6062.44,4469.0,0,0,0,0,0,0,0
0,301.9,310.6,1462,38.8,22,8.7,5940.29,853.6,0,0,0,0,0,0,0
1,302.0,310.8,1445,46.3,17,8.8,7006.12,787.1,0,0,0,0,0,0,0
1,302.5,310.2,1751,30.5,90,7.7,5592.61,2745.0,0,0,0,0,0,0,0
2,298.9,308.5,1415,54.0,6,9.6,8001.64,324.0,0,0,0,0,0,0,0
0,298.5,308.4,1733,26.0,8,9.9,4718.46,208.0,0,0,0,0,0,0,0
0,297.3,308.2,1490,41.0,16,10.9,6397.33,656.0,0,0,0,0,0,0,0
0,301.4,310.7,1706,27.9,170,9.3,4984.39,4743.0,0,0,0,0,0,0,0
0,297.7,309.1,1562,36.8,172,11.4,6019.46,6329.6,0,0,0,0,0,0,0
0,304.1,313.1,1550,30.9,9,9.0,5015.55,278.1,0,0,0,0,0,0,0
0,300.1,309.0,1314,58.2,114,8.9,8008.42,6634.8,0,0,0,0,0,0,0
0,300.1,309.4,1559,39.7,24,9.3,6481.35,952.8,0,0,0,0,0,0,0
1,303.4,311.5,1560,36.4,114,8.1,5946.41,4149.6,0,0,0,0,0,0,0
0,302.6,311.0,1369,60.0,93,8.4,8601.68,5580.0,0,1,0,1,0,0,0
1,300.0,309.9,1651,28.1,114,9.9,4858.27,3203.4,0,0,0,0,0,0,0
0,300.5,309.8,1441,48.8,200,9.3,7363.98,9760.0,1,0,0,0,0,0,0
0,297.6,308.4,1460,40.3,195,10.8,6161.5,7858.5,0,0,0,0,0,0,0
0,300.4,311.8,1636,32.3,7,11.4,5533.69,226.1,0,0,0,0,0,0,0
0,301.6,310.5,1397,49.4,104,8.9,7226.9,5137.6,0,0,0,0,0,0,0
0,300.0,309.4,2010,20.0,55,9.4,4209.73,1100.0,0,0,0,0,0,0,0
0,302.2,311.7,1488,44.6,178,9.5,6949.71,7938.8,0,0,0,0,0,0,0
1,300.4,311.2,1366,56.1,177,10.8,8024.95,9929.7,0,0,0,0,0,0,0
0,300.4,312.0,1631,34.9,115,11.6,5960.85,4013.5,0,0,0,0,0,0,0
2,297.5,309.4,1368,45.3,129,11.9,6489.53,5843.7,0,0,0,0,0,0,0
0,300.2,311.7,1603,30.5,176,11.5,5119.91,5368.0,0,0,0,0,0,0,0
0,296.8,307.8,1480,39.4,122,11.0,6106.42,4806.8,0,0,0,0,0,0,0
0,299.5,310.8,1571,38.2,74,11.3,6284.46,2826.8,0,0,0,0,0,0,0
1,302.2,311.5,1449,44.5,113,9.3,6752.38,5028.5,0,0,0,0,0,0,0
1,299.0,310.2,1657,32.3,64,11.2,5604.72,2067.2,0,0,0,0,0,0,0
1,301.4,311.0,1486,36.5,91,9.6,5679.89,3321.5,0,0,0,0,0,0,0
1,299.5,310.7,1364,49.5,0,11.2,7070.47,0.0,0,0,0,0,0,0,0
0,302.9,312.4,1424,49.5,155,9.5,7381.49,7672.5,0,0,0,0,0,0,0
0,301.1,311.0,1378,51.1,190,9.9,7373.93,9709.0,0,0,0,0,0,0,0
1,300.5,309.8,1416,48.5,110,9.3,7191.73,5335.0,0,0,0,0,0,0,0
0,302.2,311.4,1754,26.9,33,9.2,4940.95,887.7,0,0,0,0,0,0,0
0,297.8,308.3,1498,47.3,160,10.5,7419.96,7568.0,0,0,0,0,0,0,0
0,298.9,310.0,1633,31.2,76,11.1,5335.43,2371.2,0,0,0,0,0,0,0
0,297.4,308.6,1820,24.6,79,11.2,4688.51,1943.4,0,0,0,0,0,0,0
1,299.7,310.9,1620,37.2,203,11.2,6310.83,7551.6,1,0,0,0,0,0,0
1,297.5,309.2,1530,40.0,206,11.7,6408.85,8240.0,1,0,0,0,0,0,0
0,302.2,311.1,1394,53.7,140,8.9,7839.09,7518.0,0,0,0,0,0,0,0
0,301.1,310.5,1529,38.7,91,9.4,6196.51,3521.7,0,0,0,0,0,0,0
0,300.5,310.6,1950,20.3,208,10.1,4145.33,4222.4,1,0,0,0,0,0,0
0,302.3,311.8,1605,35.2,152,9.5,5916.25,5350.4,0,0,0,0,0,0,0
1,298.3,309.2,1783,28.3,130,10.9,5284.04,3679.0,0,0,0,0,0,0,0
1,299.2,310.5,1548,33.5,35,11.3,5430.56,1172.5,0,0,0,0,0,0,0
1,298.4,308.7,1421,60.7,119,10.3,9032.57,7223.3,0,1,0,0,1,0,0
0,302.4,311.0,1317,59.4,179,8.6,8192.21,10632.6,0,0,0,0,0,0,0
1,300.7,309.4,1589,35.0,52,8.7,5823.99,1820.0,0,0,0,0,0,0,0
0,301.0,310.5,1601,33.2,77,9.5,5566.19,2556.4,0,0,0,0,0,0,0
1,299.0,310.3,1827,28.0,178,11.3,5357.04,4984.0,0,0,0,0,0,0,0
0,302.4,310.2,1346,62.4,106,7.8,8795.45,6614.4,0,1,0,1,0,0,0
1,301.0,311.6,1301,55.0,9,10.6,7493.22,495.0,0,0,0,0,0,0,0
1,297.4,308.9,1348,59.1,201,11.5,8342.69,11879.1,1,0,0,0,0,0,0
0,298.0,307.8,1414,51.7,140,9.8,7655.41,7238.0,0,0,0,0,0,0,0
0,301.3,310.4,1346,46.7,90,9.1,6582.5,4203.0,0,0,0,0,0,0,0
1,304.1,313.4,1518,42.4,105,9.3,6740.1,4452.0,0,0,0,0,0,0,0
0,300.7,310.2,1348,54.8,50,9.5,7735.69,2740.0,0,0,0,0,0,0,0
1,297.3,308.3,1697,27.4,121,11.0,4869.24,3315.4,0,0,0,0,0,0,0
0,296.8,307.6,1547,36.5,179,10.8,5913.05,6533.5,0,0,0,0,0,0,0
0,299.1,309.4,1439,44.2,82,10.3,6660.57,3624.4,0,0,0,0,0,0,0
1,301.1,310.9,1396,45.1,12,9.8,6593.11,541.2,0,0,0,0,0,0,0
1,303.3,311.8,1441,44.9,61,8.5,6775.46,2738.9,0,0,0,0,0,0,0
2,300.2,311.0,1777,27.5,151,10.8,5117.39,4152.5,0,0,0,0,0,0,0
0,300.0,311.4,1383,49.6,101,11.4,7183.44,5009.6,0,0,0,0,0,0,0
0,299.0,310.4,1504,34.3,48,11.4,5402.2,1646.4,0,0,0,0,0,0,0
2,298.8,309.8,1563,38.8,65,11.0,6350.67,2522.0,0,0,0,0,0,0,0
0,298.3,308.9,1695,30.7,174,10.6,5449.25,5341.8,0,0,0,0,0,0,0
1,301.4,310.7,1617,34.3,101,9.3,5808.08,3464.3,0,0,0,0,0,0,0
1,302.5,312.0,1826,25.3,203,9.5,4837.82,5135.9,1,0,0,0,0,0,0
0,296.1,307.2,1615,30.8,18,11.1,5208.97,554.4,0,0,0,0,0,0,0
1,300.6,312.0,1490,39.8,94,11.4,6210.09,3741.2,0,0,0,0,0,0,0
1,303.5,313.0,1492,46.1,89,9.5,7202.75,4102.9,0,0,0,0,0,0,0
0,301.3,311.3,1434,49.8,16,10.0,7478.37,796.8,0,0,0,0,0,0,0
2,304.0,313.2,1271,68.6,161,9.2,9130.58,11044.6,0,1,0,0,1,0,0
2,298.0,307.5,1683,27.8,26,9.5,4899.57,722.8,0,0,0,0,0,0,0
0,298.0,308.9,1607,37.7,49,10.9,6344.33,1847.3,0,0,0,0,0,0,0
0,299.9,310.3,1638,29.1,152,10.4,4991.55,4423.2,0,0,0,0,0,0,0
0,297.5,308.9,1466,43.0,15,11.4,6601.32,645.0,0,0,0,0,0,0,0
0,298.6,309.8,1842,20.1,142,11.2,3877.17,2854.2,0,0,0,0,0,0,0
0,300.9,310.5,1570,40.1,79,9.6,6592.84,3167.9,0,0,0,0,0,0,0
1,300.5,311.8,1636,34.4,2,11.3,5893.46,68.8,0,0,0,0,0,0,0
0,302.5,310.4,1415,48.2,117,7.9,7142.2,5639.4,0,0,0,0,0,0,0
0,299.0,310.2,1682,28.8,49,11.2,5072.79,1411.2,0,0,0,0,0,0,0
0,297.2,307.9,1337,58.1,184,10.7,8134.6,10690.4,0,0,0,0,0,0,0
0,302.7,310.6,1564,34.3,0,7.9,5617.71,0.0,0,0,0,0,0,0,0
0,298.4,308.2,1471,47.0,214,9.8,7240.01,10058.0,1,0,0,0,0,0,0
2,297.2,307.9,1450,37.2,151,10.7,5648.58,5617.2,0,0,0,0,0,0,0
0,301.3,310.4,1440,41.5,197,9.1,6258.05,8175.5,0,0,0,0,0,0,0
1,299.0,308.3,1377,47.2,35,9.3,6806.2,1652.0,0,0,0,0,0,0,0
0,303.0,311.2,1409,41.9,98,8.2,6182.35,4106.2,0,0,0,0,0,0,0
0,298.8,309.1,1362,45.4,113,10.3,6475.33,5130.2,0,0,0,0,0,0,0
0,299.3,309.1,1399,52.1,27,9.8,7632.8,1406.7,0,0,0,0,0,0,0
0,301.2,310.7,1676,32.4,98,9.5,5686.53,3175.2,0,0,0,0,0,0,0
1,298.8,309.7,1448,44.8,31,10.9,6793.21,1388.8,0,0,0,0,0,0,0
0,299.5,309.9,1402,51.7,58,10.4,7590.44,2998.6,0,0,0,0,0,0,0
0,302.3,311.7,1611,38.6,143,9.4,6511.96,5519.8,0,0,0,0,0,0,0
0,297.9,309.0,1629,29.0,26,11.1,4947.07,754.0,0,0,0,0,0,0,0
1,302.2,311.3,1931,21.9,101,9.1,4428.48,2211.9,0,0,0,0,0,0,0
1,301.5,310.7,1359,47.1,115,9.2,6703.0,5416.5,0,0,0,0,0,0,0
1,297.4,308.3,1774,28.9,166,10.9,5368.84,4797.4,0,0,0,0,0,0,0
1,299.4,310.9,1473,40.1,7,11.5,6185.51,280.7,0,0,0,0,0,0,0
0,298.7,309.8,1589,31.8,217,11.1,5291.51,6900.6,1,0,0,0,0,0,0
2,299.7,310.3,1462,40.4,19,10.6,6185.25,767.6,0,0,0,0,0,0,0
0,300.0,309.7,1326,61.9,80,9.7,8595.33,4952.0,0,0,0,0,0,0,0
2,298.1,309.3,1332,51.0,72,11.2,7113.82,3672.0,0,0,0,0,0,0,0
1,303.6,312.3,1915,22.3,116,8.7,4472.0,2586.8,0,0,0,0,0,0,0
1,301.3,310.7,1532,40.7,178,9.4,6529.53,7244.6,0,0,0,0,0,0,0
2,297.6,308.6,1480,39.8,19,11.0,6168.41,756.2,0,0,0,0,0,0,0
0,298.4,309.0,2304,15.1,89,10.6,3643.24,1343.9,0,0,0,0,0,0,0
0,297.9,307.7,1308,55.2,87,9.8,7560.93,4802.4,0,0,0,0,0,0,0
0,300.3,311.3,1332,60.5,112,11.0,8438.95,6776.0,0,0,0,0,0,0,0
0,297.5,308.2,1610,33.6,115,10.7,5664.92,3864.0,0,0,0,0,0,0,0
1,298.1,308.7,1362,49.6,158,10.6,7074.36,7836.8,0,0,0,0,0,0,0
1,301.5,310.7,1871,21.3,152,9.2,4173.32,3237.6,0,0,0,0,0,0,0
1,297.4,308.6,1452,41.2,197,11.2,6264.59,8116.4,0,0,0,0,0,0,0
0,300.5,310.7,1488,39.4,159,10.2,6139.43,6264.6,0,0,0,0,0,0,0
0,297.1,308.2,1399,42.6,194,11.1,6241.03,8264.4,0,0,0,0,0,0,0
0,301.7,311.0,1503,44.8,134,9.3,7051.24,6003.2,0,0,0,0,0,0,0
2,302.7,312.1,1603,32.5,148,9.4,5455.64,4810.0,0,0,0,0,0,0,0
0,303.6,312.9,1381,57.8,27,9.3,8358.92,1560.6,0,0,0,0,0,0,0
0,300.7,311.1,1440,43.0,148,10.4,6484.25,6364.0,0,0,0,0,0,0,0
1,301.8,310.7,1420,52.0,88,8.9,7732.51,4576.0,0,0,0,0,0,0,0
0,299.4,309.1,1670,35.9,68,9.7,6278.26,2441.2,0,0,0,0,0,0,0
1,300.0,311.4,1864,23.3,2,11.4,4548.1,46.6,0,0,0,0,0,0,0
0,303.8,312.8,1416,58.7,156,9.0,8704.22,9157.2,0,0,0,0,0,0,0
2,298.6,309.8,1279,55.9,152,11.2,7487.05,8496.8,0,0,0,0,0,0,0
0,299.3,308.7,1484,40.5,213,9.4,6293.87,8626.5,1,0,0,0,0,0,0
0,297.8,307.5,1388,40.0,159,9.7,5814.04,6360.0,0,0,0,0,0,0,0
1,299.7,311.2,1560,43.9,126,11.5,7171.63,5531.4,0,0,0,0,0,0,0
0,299.7,309.3,1546,37.2,4,9.6,6022.56,148.8,0,0,0,0,0,0,0
0,297.9,307.7,1567,34.7,74,9.8,5694.13,2567.8,0,0,0,0,0,0,0
1,297.2,308.3,1794,27.5,38,11.1,5166.35,1045.0,0,0,0,0,0,0,0
0,297.0,307.9,1479,39.2,151,10.9,6071.32,5919.2,0,0,0,0,0,0,0
0,301.6,310.1,1326,48.2,77,8.5,6692.97,3711.4,0,1,0,1,0,0,0
1,301.1,311.1,1384,42.5,185,10.0,6159.62,7862.5,0,0,0,0,0,0,0
0,300.0,311.4,1487,41.2,22,11.4,6415.59,906.4,0,0,0,0,0,0,0
0,301.6,310.9,1623,34.1,56,9.3,5795.64,1909.6,0,0,0,0,0,0,0
2,296.8,307.8,1627,30.5,117,11.0,5196.56,3568.5,0,0,0,0,0,0,0
0,300.1,309.0,1404,54.8,29,8.9,8057.05,1589.2,0,0,0,0,0,0,0
0,302.3,310.1,1653,29.7,34,7.8,5141.12,1009.8,0,0,0,0,0,0,0
0,297.4,308.3,1431,43.0,113,10.9,6443.72,4859.0,0,0,0,0,0,0,0
0,301.3,310.6,1529,41.8,176,9.3,6692.87,7356.8,0,0,0,0,0,0,0
0,299.2,308.5,1490,43.2,158,9.3,6740.6,6825.6,0,0,0,0,0,0,0
1,300.4,309.7,1488,42.2,133,9.3,6575.73,5612.6,0,0,0,0,0,0,0
1,297.9,308.8,1602,32.1,59,10.9,5385.13,1893.9,0,0,0,0,0,0,0
1,300.1,311.4,1390,52.1,94,11.3,7583.7,4897.4,0,0,0,0,0,0,0
2,297.6,309.0,1885,25.2,24,11.4,4974.4,604.8,0,0,0,0,0,0,0
0,297.7,308.9,1742,26.3,24,11.2,4797.69,631.2,0,0,0,0,0,0,0
0,297.8,307.3,1859,24.0,178,9.5,4672.18,4272.0,0,0,0,0,0,0,0
0,300.0,311.5,1812,28.3,94,11.5,5369.99,2660.2,0,0,0,0,0,0,0
1,298.4,308.2,1584,41.0,191,9.8,6800.92,7831.0,0,0,0,0,0,0,0
0,303.8,312.8,1646,35.8,143,9.0,6170.8,5119.4,0,0,0,0,0,0,0
0,300.7,311.0,1496,38.3,99,10.3,6000.11,3791.7,0,0,0,0,0,0,0
0,295.6,306.2,1424,42.5,58,10.6,6337.64,2465.0,0,0,0,0,0,0,0
0,298.8,308.7,1635,35.2,47,9.9,6026.83,1654.4,0,0,0,0,0,0,0
0,301.6,309.9,1397,43.7,102,8.3,6393.03,4457.4,0,0,0,0,0,0,0
1,298.8,308.5,1711,28.5,140,9.7,5106.5,3990.0,0,0,0,0,0,0,0
0,300.4,310.4,1486,46.3,48,10.0,7204.91,2222.4,0,0,0,0,0,0,0
0,303.2,311.5,1513,37.9,0,8.3,6004.91,0.0,0,0,0,0,0,0,0
1,301.4,310.4,1553,44.7,173,9.0,7269.55,7733.1,0,0,0,0,0,0,0
0,301.0,310.9,1822,21.6,168,9.9,4121.27,3628.8,0,0,0,0,0,0,0
1,297.3,308.5,1524,49.3,176,11.2,7867.93,8676.8,0,0,0,0,0,0,0
0,297.4,308.5,1462,42.8,68,11.1,6552.69,2910.4,0,0,0,0,0,0,0
2,302.3,311.8,1804,25.0,43,9.5,4722.86,1075.0,0,0,0,0,0,0,0
0,299.4,309.0,1613,32.2,178,9.6,5439.0,5731.6,0,0,0,0,0,0,0
0,303.4,312.8,1360,50.8,94,9.4,7234.88,4775.2,0,0,0,0,0,0,0
0,297.2,308.5,1574,35.8,95,11.3,5900.87,3401.0,0,0,0,0,0,0,0
1,298.3,309.5,1560,36.9,131,11.2,6028.09,4833.9,0,0,0,0,0,0,0
1,302.4,311.8,1453,42.1,105,9.4,6405.84,4420.5,0,0,0,0,0,0,0
0,300.5,310.8,1728,26.3,125,10.3,4759.14,3287.5,0,0,0,0,0,0,0
0,303.3,311.3,1393,47.4,18,8.0,6914.46,853.2,0,0,0,0,0,0,0
0,303.5,313.0,1465,41.0,56,9.5,6289.99,2296.0,0,0,0,0,0,0,0
0,300.6,310.2,1622,34.1,3,9.6,5792.07,102.3,0,0,0,0,0,0,0
0,298.3,307.9,1435,39.9,143,9.6,5995.89,5705.7,0,0,0,0,0,0,0
0,301.9,310.5,1892,21.8,177,8.6,4319.23,3858.6,0,0,0,0,0,0,0
0,304.3,313.3,1775,24.9,39,9.0,4628.35,971.1,0,0,0,0,0,0,0
1,301.1,310.5,1646,30.7,76,9.4,5291.72,2333.2,0,0,0,0,0,0,0
2,296.7,308.1,1528,46.3,203,11.4,7408.55,9398.9,1,0,0,0,0,0,0
1,302.3,311.7,1453,42.5,56,9.4,6466.71,2380.0,0,0,0,0,0,0,0
0,298.7,308.5,1375,46.4,48,9.8,6681.12,2227.2,0,0,0,0,0,0,0
0,302.1,311.2,1417,48.0,13,9.1,7122.62,624.0,0,0,0,0,0,0,0
2,297.4,308.4,1487,46.2,150,11.0,7194.18,6930.0,0,0,0,0,0,0,0
0,303.6,311.9,1473,50.1,84,8.3,7728.04,4208.4,0,0,0,0,0,0,0
0,299.4,310.6,1418,53.1,10,11.2,7884.96,531.0,0,0,0,0,0,0,0
0,303.6,312.0,1827,23.3,103,8.4,4457.83,2399.9,0,0,0,0,0,0,0
2,298.3,309.0,1823,25.9,181,10.7,4944.42,4687.9,0,0,0,0,0,0,0
0,298.1,307.8,1606,33.0,130,9.7,5549.94,4290.0,0,0,0,0,0,0,0
0,302.3,311.2,1386,53.5,59,8.9,7765.07,3156.5,0,0,0,0,0,0,0
0,302.4,310.1,1418,52.3,141,7.7,7766.16,7374.3,0,0,0,0,0,0,0
0,302.0,309.9,1308,57.6,197,7.9,7889.67,11347.2,0,1,0,1,0,1,0
0,302.2,310.8,1350,56.6,76,8.6,8001.64,4301.6,0,0,0,0,0,0,0
1,297.4,308.6,1643,31.0,89,11.2,5333.69,2759.0,0,0,0,0,0,0,0
2,298.9,310.1,1458,44.3,156,11.2,6763.79,6910.8,0,0,0,0,0,0,0
0,301.8,310.8,1576,38.6,38,9.0,6370.48,1466.8,0,0,0,0,0,0,0
0,298.8,308.6,1593,35.5,175,9.8,5922.06,6212.5,0,0,0,0,0,0,0
0,300.6,311.9,1463,38.2,41,11.3,5852.43,1566.2,0,0,0,0,0,0,0
0,299.0,310.3,1929,24.4,180,11.3,4928.91,4392.0,0,0,0,0,0,0,0
1,300.6,310.7,1339,52.9,0,10.1,7417.62,0.0,0,0,0,0,0,0,0
0,302.2,311.0,1832,23.2,70,8.8,4450.84,1624.0,0,0,0,0,0,0,0
0,303.4,312.8,1376,53.4,98,9.4,7694.64,5233.2,0,0,0,0,0,0,0
0,300.4,311.5,1704,29.7,103,11.1,5299.74,3059.1,0,0,0,0,0,0,0
1,302.6,311.6,1518,39.0,184,9.0,6199.62,7176.0,0,0,0,0,0,0,0
1,303.4,312.7,1357,55.3,31,9.3,7858.39,1714.3,0,0,0,0,0,0,0
0,300.6,310.1,1297,50.0,130,9.5,6791.08,6500.0,0,0,0,0,0,0,0
1,297.2,308.3,1578,37.8,3,11.1,6246.37,113.4,0,0,0,0,0,0,0
1,300.8,310.7,1371,44.7,205,9.9,6417.61,9163.5,1,0,0,0,0,0,0
1,302.2,311.1,1434,58.6,102,8.9,8799.85,5977.2,0,0,0,0,0,0,0
0,301.9,311.0,1289,54.9,128,9.1,7410.61,7027.2,0,0,0,0,0,0,0
1,301.1,310.9,1552,37.9,126,9.8,6159.7,4775.4,0,0,0,0,0,0,0
0,303.7,312.4,1316,59.3,137,8.7,8172.2,8124.1,0,0,0,0,0,0,0
1,303.5,312.7,1420,49.1,42,9.2,7301.27,2062.2,0,0,0,0,0,0,0
1,300.6,310.2,1233,52.3,23,9.6,6752.95,1202.9,0,0,0,0,0,0,0
0,300.2,310.3,1202,59.5,40,10.1,7489.45,2380.0,0,0,0,0,0,0,0
0,296.9,308.0,1521,34.5,84,11.1,5495.12,2898.0,0,0,0,0,0,0,0
0,298.0,308.0,1524,37.0,49,10.0,5904.94,1813.0,0,0,0,0,0,0,0
0,297.4,308.3,1723,28.8,33,10.9,5196.45,950.4,0,0,0,0,0,0,0
1,302.4,311.8,1539,39.9,101,9.4,6430.43,4029.9,0,0,0,0,0,0,0
1,303.5,312.9,1883,23.3,100,9.4,4594.46,2330.0,0,0,0,0,0,0,0
0,298.9,308.9,1450,47.5,9,10.0,7212.57,427.5,0,0,0,0,0,0,0
1,300.2,309.5,1434,51.5,189,9.3,7733.66,9733.5,0,0,0,0,0,0,0
0,299.2,308.8,1605,31.1,181,9.6,5227.14,5629.1,0,0,0,0,0,0,0
0,302.5,310.8,1577,36.9,158,8.3,6093.78,5830.2,0,0,0,0,0,0,0
0,301.9,310.4,1518,34.1,155,8.5,5420.69,5285.5,0,0,0,0,0,0,0
2,300.4,311.5,1662,29.0,137,11.1,5047.28,3973.0,0,0,0,0,0,0,0
0,304.1,313.1,1556,36.3,86,9.0,5914.86,3121.8,0,0,0,0,0,0,0
0,300.3,311.8,2004,19.6,12,11.5,4113.22,235.2,0,0,0,0,0,0,0
0,303.7,312.4,1535,38.6,107,8.7,6204.75,4130.2,0,0,0,0,0,0,0
1,298.1,309.2,1460,45.8,80,11.1,7002.4,3664.0,0,0,0,0,0,0,0
0,301.9,311.2,1657,29.1,23,9.3,5049.45,669.3,0,0,0,0,0,0,0
2,302.2,311.4,1625,35.4,70,9.2,6024.0,2478.0,0,0,0,0,0,0,0
0,303.9,313.2,1499,37.4,7,9.3,5870.86,261.8,0,0,0,0,0,0,0
0,297.8,307.3,1438,44.5,3,9.5,6701.12,133.5,0,0,0,0,0,0,0
2,301.1,312.2,1491,42.6,52,11.1,6651.44,2215.2,0,0,0,0,0,0,0
0,298.9,308.9,1422,47.6,15,10.0,7088.19,714.0,0,0,0,0,0,0,0
0,298.8,308.7,1490,33.6,71,9.9,5242.69,2385.6,0,0,0,0,0,0,0
0,299.2,310.3,1463,38.9,160,11.1,5959.67,6224.0,0,0,0,0,0,0,0
1,298.1,307.8,1316,57.2,191,9.7,7882.8,10925.2,0,0,0,0,0,0,0
2,299.2,310.6,1434,48.4,153,11.4,7268.14,7405.2,0,0,0,0,0,0,0
1,301.6,310.7,2012,20.7,178,9.1,4361.41,3684.6,0,0,0,0,0,0,0
0,297.5,308.6,1260,53.6,137,11.1,7072.35,7343.2,0,0,0,0,0,0,0
0,299.9,309.2,1658,34.8,16,9.3,6042.16,556.8,0,0,0,0,0,0,0
0,298.5,308.3,1811,24.7,27,9.8,4684.29,666.9,0,0,0,0,0,0,0
1,297.5,308.1,1469,44.8,5,10.6,6891.73,224.0,0,0,0,0,0,0,0
0,300.4,309.6,1523,38.5,124,9.2,6140.3,4774.0,0,0,0,0,0,0,0
1,301.0,311.0,1508,46.9,113,10.0,7406.33,5299.7,0,0,0,0,0,0,0
1,302.2,311.1,1640,32.8,77,8.9,5633.09,2525.6,0,0,0,0,0,0,0
1,298.4,309.3,1390,53.6,5,10.9,7802.04,268.0,0,0,0,0,0,0,0
1,301.4,310.6,1464,37.4,74,9.2,5733.78,2767.6,0,0,0,0,0,0,0
2,303.5,312.0,1397,52.9,80,8.5,7738.93,4232.0,0,0,0,0,0,0,0
0,300.2,310.1,1440,51.1,41,9.9,7705.7,2095.1,0,0,0,0,0,0,0
0,298.1,307.7,1664,27.6,145,9.6,4809.4,4002.0,0,0,0,0,0,0,0
0,299.0,310.1,2033,19.3,15,11.1,4108.88,289.5,0,0,0,0,0,0,0
0,302.3,311.0,1657,31.1,3,8.7,5396.49,93.3,0,0,0,0,0,0,0
0,303.5,312.6,1496,39.0,21,9.1,6109.77,819.0,0,0,0,0,0,0,0
0,299.7,309.2,1346,57.4,138,9.5,8090.69,7921.2,0,0,0,0,0,0,0
0,298.3,308.3,1452,45.5,63,10.0,6918.42,2866.5,0,0,0,0,0,0,0
1,298.2,308.4,1510,39.9,134,10.2,6309.26,5346.6,0,0,0,0,0,0,0
2,298.8,309.9,1466,44.6,66,11.1,6846.95,2943.6,0,0,0,0,0,0,0
1,300.6,310.6,1427,52.8,75,10.0,7890.17,3960.0,0,0,0,0,0,0,0
0,299.1,308.9,1680,27.2,110,9.8,4785.27,2992.0,0,0,0,0,0,0,0
0,301.3,310.3,1419,55.7,125,9.0,8276.87,6962.5,0,0,0,0,0,0,0
0,297.5,309.4,1809,24.3,110,11.9,4603.34,2673.0,0,0,0,0,0,0,0
1,301.7,310.5,1625,35.9,121,8.8,6109.09,4343.9,0,0,0,0,0,0,0
1,298.7,309.7,1362,50.5,34,11.0,7202.73,1717.0,0,0,0,0,0,0,0
2,303.5,311.6,1466,47.0,80,8.1,7215.4,3760.0,0,0,0,0,0,0,0
1,300.8,310.8,1549,35.5,79,10.0,5758.49,2804.5,0,0,0,0,0,0,0
0,297.8,308.8,1421,49.6,101,11.0,7380.82,5009.6,0,0,0,0,0,0,0
0,298.5,309.0,1458,44.8,217,10.5,6840.13,9721.6,1,0,0,0,0,0,0
1,299.1,310.2,1456,48.4,101,11.1,7379.64,4888.4,0,0,0,0,0,0,0
0,300.4,311.8,1689,30.8,196,11.4,5447.65,6036.8,0,0,0,0,0,0,0
0,302.1,311.3,1758,24.4,200,9.2,4491.97,4880.0,1,0,0,0,0,0,0
2,304.0,313.0,1701,30.4,171,9.0,5415.1,5198.4,0,0,0,0,0,0,0
1,300.8,310.9,1678,28.1,63,10.1,4937.72,1770.3,0,0,0,0,0,0,0
2,301.0,310.6,1366,50.6,106,9.6,7238.19,5363.6,0,0,0,0,0,0,0
0,299.4,309.3,1596,31.8,40,9.9,5314.82,1272.0,0,0,0,0,0,0,0
0,300.7,312.1,1498,44.0,155,11.4,6902.29,6820.0,0,0,0,0,0,0,0
1,300.8,312.0,1450,45.0,183,11.2,6832.96,8235.0,0,0,0,0,0,0,0
0,296.7,307.8,1646,34.6,238,11.1,5963.96,8234.8,1,0,0,0,0,0,0
0,299.6,310.9,1229,65.2,209,11.3,8391.28,13626.8,1,1,0,0,0,1,0
2,298.9,310.6,1615,33.0,221,11.7,5581.04,7293.0,1,0,0,0,0,0,0
0,302.0,310.4,1611,35.6,117,8.4,6005.85,4165.2,0,0,0,0,0,0,0
0,300.9,310.8,1482,37.0,5,9.9,5742.2,185.0,0,0,0,0,0,0,0
1,300.5,309.8,1473,42.3,121,9.3,6524.87,5118.3,0,0,0,0,0,0,0
2,298.0,308.7,1503,36.3,5,10.7,5713.39,181.5,0,0,0,0,0,0,0
0,298.0,308.7,1443,49.3,52,10.7,7449.75,2563.6,0,0,0,0,0,0,0
0,300.2,309.8,1650,29.6,13,9.6,5114.51,384.8,0,0,0,0,0,0,0
0,302.6,311.7,1773,27.1,30,9.1,5031.61,813.0,0,0,0,0,0,0,0
1,297.6,307.1,1526,39.1,39,9.5,6248.27,1524.9,0,0,0,0,0,0,0
0,300.3,310.6,1806,24.4,88,10.3,4614.62,2147.2,0,0,0,0,0,0,0
1,301.9,311.5,1492,40.8,150,9.6,6374.67,6120.0,0,0,0,0,0,0,0
0,300.6,310.4,1401,42.6,114,9.8,6249.95,4856.4,0,0,0,0,0,0,0
2,299.1,310.6,1791,28.0,168,11.5,5251.49,4704.0,0,0,0,0,0,0,0
1,300.8,311.2,1634,31.9,178,10.4,5458.48,5678.2,0,0,0,0,0,0,0
1,299.2,308.8,1314,52.5,193,9.6,7224.09,10132.5,0,0,0,0,0,0,0
0,298.7,309.8,1530,35.5,0,11.1,5687.85,0.0,0,0,0,0,0,0,0
0,297.5,308.8,1417,49.8,177,11.3,7389.72,8814.6,0,0,0,0,0,0,0
0,299.2,308.5,1445,45.2,222,9.3,6839.67,10034.4,1,0,0,0,0,0,0
0,300.4,311.1,1405,54.1,193,10.7,7959.8,10441.3,0,0,0,0,0,0,0
1,297.5,308.3,1521,38.2,74,10.8,6084.45,2826.8,0,0,0,0,0,0,0
0,302.2,311.5,1489,38.3,35,9.3,5972.03,1340.5,0,0,0,0,0,0,0
0,300.3,310.3,1483,51.6,50,10.0,8013.45,2580.0,0,0,0,0,0,0,0
1,300.2,309.4,1752,27.8,208,9.2,5100.44,5782.4,1,0,0,0,0,0,0
1,303.4,312.7,1576,49.9,28,9.3,8235.41,1397.2,0,0,0,0,0,0,0
0,300.3,311.7,1365,53.3,113,11.4,7618.83,6022.9,0,0,0,0,0,0,0
0,304.2,313.4,1490,44.0,41,9.2,6865.43,1804.0,0,0,0,0,0,0,0
0,298.9,310.3,1364,54.0,95,11.4,7713.24,5130.0,0,0,0,0,0,0,0
0,300.9,310.6,1598,35.4,186,9.7,5923.91,6584.4,0,0,0,0,0,0,0
0,298.8,308.4,1401,47.3,10,9.6,6939.5,473.0,0,0,0,0,0,0,0
0,300.1,309.7,1601,35.8,160,9.6,6002.1,5728.0,0,0,0,0,0,0,0
1,299.3,308.4,1438,42.3,0,9.1,6369.83,0.0,0,0,0,0,0,0,0
0,298.8,309.9,1486,40.3,126,11.1,6271.23,5077.8,0,0,0,0,0,0,0
0,301.5,310.7,1466,47.3,77,9.2,7261.46,3642.1,0,0,0,0,0,0,0
0,302.5,311.9,1265,59.8,119,9.4,7921.74,7116.2,0,0,0,0,0,0,0
1,301.8,310.7,1465,35.8,82,8.9,5492.24,2935.6,0,0,0,0,0,0,0
0,300.9,310.7,1412,57.5,16,9.8,8502.2,920.0,0,0,0,0,0,0,1
0,300.3,310.4,1493,37.5,219,10.1,5863.0,8212.5,1,0,0,0,0,0,0
0,300.7,311.1,2478,13.4,170,10.4,3477.24,2278.0,0,1,0,0,1,0,0
1,297.0,308.2,1702,30.7,124,11.2,5471.75,3806.8,0,0,0,0,0,0,0
1,301.8,311.5,1416,49.0,136,9.7,7265.88,6664.0,0,0,0,0,0,0,0
0,303.0,311.1,1525,40.7,179,8.1,6499.69,7285.3,0,0,0,0,0,0,0
0,303.1,311.3,1336,52.6,172,8.2,7359.03,9047.2,0,1,0,1,0,0,0
0,297.9,307.6,1504,42.4,180,9.7,6677.94,7632.0,0,0,0,0,0,0,0
1,303.0,312.7,1426,46.8,99,9.7,6988.66,4633.2,0,0,0,0,0,0,0
0,297.1,308.0,1467,42.8,169,10.9,6575.1,7233.2,0,0,0,0,0,0,0
0,302.1,311.2,1447,50.3,11,9.1,7621.93,553.3,0,0,0,0,0,0,0
0,300.8,311.7,1397,43.5,227,10.9,6363.77,9874.5,1,0,0,0,0,0,0
1,300.6,309.6,1365,50.0,70,9.0,7147.12,3500.0,0,0,0,0,0,0,0
2,298.1,307.7,1376,56.2,113,9.6,8098.1,6350.6,0,0,0,0,0,0,0
1,298.2,309.1,1411,45.8,157,10.9,6767.39,7190.6,0,0,0,0,0,0,0
1,301.1,311.2,1591,35.0,208,10.1,5831.32,7280.0,1,0,0,0,0,0,0
1,301.4,310.7,1470,46.5,101,9.3,7158.12,4696.5,0,0,0,0,0,0,0
0,299.5,310.8,1356,54.9,72,11.3,7795.8,3952.8,0,0,0,0,0,0,0
0,302.6,310.2,1923,21.5,18,7.6,4329.59,387.0,0,0,0,0,0,0,0
1,300.1,309.7,1348,57.3,48,9.6,8088.6,2750.4,0,0,0,0,0,0,0
0,298.6,310.0,1517,39.0,4,11.4,6195.53,156.0,0,0,0,0,0,0,0
0,299.8,309.4,1480,40.9,2,9.6,6338.9,81.8,0,0,0,0,0,0,0
0,301.0,310.6,1641,33.4,12,9.6,5739.63,400.8,0,0,0,0,0,0,0
1,299.1,308.5,1587,35.6,2,9.4,5916.37,71.2,0,0,0,0,0,0,0
1,303.3,311.5,1569,36.6,47,8.2,6013.57,1720.2,0,0,0,0,0,0,0
0,302.2,310.6,1386,50.0,132,8.4,7257.08,6600.0,0,0,0,0,0,0,0
1,300.3,309.9,1611,29.0,177,9.6,4892.4,5133.0,0,0,0,0,0,0,0
1,302.6,311.0,1589,39.0,122,8.4,6489.59,4758.0,0,0,0,0,0,0,0
1,298.7,309.6,1455,46.8,162,10.9,7130.79,7581.6,0,0,0,0,0,0,0
0,300.7,310.3,1592,36.0,14,9.6,6001.7,504.0,0,0,0,0,0,0,0
2,300.6,309.8,1913,22.5,157,9.2,4507.4,3532.5,0,0,0,0,0,0,0
1,298.5,307.9,1640,33.1,146,9.4,5684.61,4832.6,0,0,0,0,0,0,0
1,297.5,308.4,1369,54.8,145,10.9,7856.2,7946.0,0,0,0,0,0,0,0
0,300.5,309.7,1841,24.6,143,9.2,4742.61,3517.8,0,0,0,0,0,0,0
0,299.8,311.1,1603,35.1,179,11.3,5892.09,6282.9,0,0,0,0,0,0,0
0,299.7,309.3,1420,44.1,60,9.6,6557.76,2646.0,0,0,0,0,0,0,0
1,299.2,308.4,1381,42.5,54,9.2,6146.26,2295.0,0,0,0,0,0,0,0
0,301.7,310.1,2695,12.6,10,8.4,3555.97,126.0,0,0,0,0,0,0,0
0,301.6,310.1,1694,26.3,14,8.5,4665.5,368.2,0,0,0,0,0,0,0
0,297.0,308.3,1399,59.0,135,11.3,8643.67,7965.0,0,0,0,0,0,0,0
1,297.1,308.2,1529,37.9,183,11.1,6068.42,6935.7,0,0,0,0,0,0,0
0,298.2,309.0,1491,38.3,121,10.8,5980.05,4634.3,0,0,0,0,0,0,0
2,297.6,309.0,1735,26.4,41,11.4,4796.58,1082.4,0,0,0,0,0,0,0
1,301.7,310.6,1492,42.2,85,8.9,6593.41,3587.0,0,0,0,0,0,0,0
0,302.3,311.8,1574,42.8,215,9.5,7054.68,9202.0,1,0,0,0,0,0,0
0,301.0,310.8,1549,41.4,121,9.8,6715.53,5009.4,0,0,0,0,0,0,0
2,302.0,310.5,1459,43.2,148,8.5,6600.36,6393.6,0,0,0,0,0,0,0
2,300.6,309.4,1463,49.2,235,8.8,7537.69,11562.0,1,0,0,0,0,0,0
0,299.0,310.1,1362,59.5,46,11.1,8486.38,2737.0,0,0,0,0,0,0,0
0,297.8,309.2,1683,30.9,163,11.4,5445.92,5036.7,0,0,0,0,0,0,0
2,300.6,310.0,1419,42.4,90,9.4,6300.53,3816.0,0,0,0,0,0,0,0
0,297.4,309.0,1568,33.7,175,11.6,5533.56,5897.5,0,0,0,0,0,0,0
1,298.4,308.5,1636,35.7,107,10.1,6116.18,3819.9,0,0,0,0,0,0,0
0,300.7,311.8,1336,58.4,189,11.1,8170.49,11037.6,0,1,0,0,0,1,0
0,300.3,310.2,1471,45.2,48,9.9,6962.73,2169.6,0,0,0,0,0,0,0
2,296.1,306.9,1541,32.6,33,10.8,5260.76,1075.8,0,0,0,0,0,0,0
1,300.5,311.4,1312,51.4,60,10.9,7061.97,3084.0,0,0,0,0,0,0,0
0,303.4,311.7,1793,25.8,161,8.3,4844.27,4153.8,0,0,0,0,0,0,0
0,298.3,309.9,1507,41.6,112,11.6,6565.01,4659.2,0,0,0,0,0,0,0
0,301.5,310.5,1636,28.7,106,9.0,4916.93,3042.2,0,0,0,0,0,0,0
1,301.1,311.2,1407,53.0,165,10.1,7809.06,8745.0,0,0,0,0,0,0,0
1,298.3,307.8,1485,42.0,13,9.5,6531.37,546.0,0,0,0,0,0,0,0
1,300.3,309.5,1448,42.4,145,9.2,6429.29,6148.0,0,0,0,0,0,0,0
1,298.8,308.8,1441,40.5,63,10.0,6111.5,2551.5,0,0,0,0,0,0,0
1,299.3,309.0,1496,43.4,67,9.7,6799.08,2907.8,0,0,0,0,0,0,0
0,298.1,307.7,1414,48.7,159,9.6,7211.19,7743.3,0,0,0,0,0,0,0
0,297.7,307.7,1581,34.9,31,10.0,5778.11,1081.9,0,0,0,0,0,0,0
0,297.3,308.5,1456,54.2,179,11.2,8263.98,9701.8,0,0,0,0,0,0,0
0,297.3,308.6,1385,55.2,156,11.3,8006.03,8611.2,0,0,0,0,0,0,0
0,302.5,310.2,1547,36.9,103,7.7,5977.85,3800.7,0,0,0,0,0,0,0
0,297.3,308.1,1762,26.1,154,10.8,4815.87,4019.4,0,0,0,0,0,0,0
0,299.6,309.1,1574,39.2,83,9.5,6461.29,3253.6,0,0,0,0,0,0,0
0,301.1,312.4,1430,37.9,124,11.3,5675.5,4699.6,0,0,0,0,0,0,0
2,299.7,311.1,1353,47.1,143,11.4,6673.4,6735.3,0,0,0,0,0,0,0
0,299.1,308.4,1426,47.9,67,9.3,7152.92,3209.3,0,0,0,0,0,0,0
2,300.1,311.6,1589,37.9,37,11.5,6306.55,1402.3,0,0,0,0,0,0,0
0,302.7,310.7,1369,47.5,11,8.0,6809.66,522.5,0,1,0,1,0,0,0
0,300.6,309.7,1593,32.4,76,9.1,5404.92,2462.4,0,0,0,0,0,0,0
0,297.4,308.5,1495,37.8,211,11.1,5917.82,7975.8,1,0,0,0,0,0,0
2,296.4,307.5,1556,38.0,62,11.1,6191.87,2356.0,0,0,0,0,0,0,0
0,298.8,309.7,1450,43.1,63,10.9,6544.46,2715.3,0,0,0,0,0,0,0
0,303.7,312.9,1502,40.5,0,9.2,6370.21,0.0,0,0,0,0,0,0,0
0,299.9,309.0,1553,40.0,88,9.1,6505.19,3520.0,0,0,0,0,0,0,0
1,302.6,312.1,1445,42.0,181,9.5,6355.44,7602.0,0,0,0,0,0,0,0
1,302.3,311.8,1463,35.7,197,9.5,5469.42,7032.9,0,0,0,0,0,0,0
0,302.3,311.0,1446,37.6,75,8.7,5693.57,2820.0,0,0,0,0,0,0,0
0,299.3,309.0,1734,30.6,154,9.7,5556.47,4712.4,0,0,0,0,0,0,0
0,303.7,313.0,1457,44.1,40,9.3,6728.63,1764.0,0,0,0,0,0,0,0
2,300.4,311.4,1445,52.4,105,11.0,7929.17,5502.0,0,0,0,0,0,0,0
0,297.4,307.9,1606,33.4,176,10.5,5617.21,5878.4,0,0,0,0,0,0,0
0,298.1,308.7,1642,30.3,3,10.6,5210.08,90.9,0,0,0,0,0,0,0
1,297.8,307.9,1802,25.8,43,10.1,4868.59,1109.4,0,0,0,0,0,0,0
0,301.0,309.9,1507,41.8,19,8.9,6596.57,794.2,0,0,0,0,0,0,0
0,299.0,310.4,1452,46.2,168,11.4,7024.85,7761.6,0,0,0,0,0,0,0
0,301.2,311.2,1635,29.6,211,10.0,5068.02,6245.6,1,0,0,0,0,0,0
1,299.5,309.2,1495,41.6,17,9.7,6512.73,707.2,0,0,0,0,0,0,0
0,298.3,308.5,1538,32.2,173,10.2,5186.1,5570.6,0,0,0,0,0,0,0
0,297.9,309.0,1528,37.5,54,11.1,6000.44,2025.0,0,0,0,0,0,0,0
1,298.7,309.6,1738,27.3,79,10.9,4968.68,2156.7,0,0,0,0,0,0,0
1,299.0,308.4,1535,47.5,163,9.4,7635.38,7742.5,0,0,0,0,0,0,0
1,300.7,310.2,1373,44.1,28,9.5,6340.71,1234.8,0,0,0,0,0,0,0
0,298.7,310.2,1525,43.7,34,11.5,6978.79,1485.8,0,0,0,0,0,0,0
0,297.9,308.5,1472,45.1,70,10.6,6952.05,3157.0,0,0,0,0,0,0,0
1,303.0,311.2,1387,41.4,100,8.2,6013.2,4140.0,0,0,0,0,0,0,0
0,297.4,308.5,2100,16.9,176,11.1,3716.5,2974.4,0,0,0,0,0,0,0
0,300.9,312.1,1462,46.0,166,11.2,7042.61,7636.0,0,0,0,0,0,0,0
0,301.9,310.4,1370,51.7,153,8.5,7417.2,7910.1,0,1,0,1,0,0,0
1,300.0,309.1,1463,45.7,11,9.1,7001.47,502.7,0,0,0,0,0,0,0
1,299.9,310.1,1362,56.3,179,10.2,8029.97,10077.7,0,0,0,0,0,0,0
0,300.5,309.8,1507,42.5,117,9.3,6707.04,4972.5,0,0,0,0,0,0,0
0,299.6,310.2,1512,44.0,79,10.6,6966.8,3476.0,0,0,0,0,0,0,0
0,302.3,310.1,1487,46.0,184,7.8,7163.04,8464.0,0,0,0,0,0,0,0
0,300.3,309.6,1568,39.6,85,9.3,6502.34,3366.0,0,0,0,0,0,0,0
2,299.0,310.2,1744,31.5,0,11.2,5752.88,0.0,0,0,0,0,0,0,0
0,300.8,310.6,1384,52.9,165,9.8,7666.91,8728.5,0,0,0,0,0,0,0
0,299.3,310.9,1669,32.4,5,11.6,5662.78,162.0,0,0,0,0,0,0,0
0,299.2,310.3,1352,48.9,238,11.1,6923.32,11638.2,1,1,0,0,0,1,0
0,302.9,312.4,1698,33.8,202,9.5,6010.12,6827.6,1,0,0,0,0,0,0
0,301.7,310.5,2465,13.7,149,8.8,3536.44,2041.3,0,0,0,0,0,0,0
0,299.0,308.7,1892,22.8,96,9.7,4517.36,2188.8,0,0,0,0,0,0,0
0,297.2,308.6,1437,52.4,37,11.4,7885.27,1938.8,0,0,0,0,0,0,0
0,298.1,307.9,1578,35.6,55,9.8,5882.82,1958.0,0,0,0,0,0,0,0
0,297.2,308.6,1864,23.6,103,11.4,4606.66,2430.8,0,0,0,0,0,0,0
0,299.0,310.1,1463,37.4,56,11.1,5729.87,2094.4,0,0,0,0,0,0,0
0,300.9,310.9,1749,26.4,40,10.0,4835.29,1056.0,0,0,0,0,0,0,0
0,299.7,311.1,1603,31.4,141,11.4,5270.99,4427.4,0,0,0,0,0,0,0
0,299.2,308.5,1378,53.4,100,9.3,7705.82,5340.0,0,0,0,0,0,0,0
2,302.6,311.0,1438,51.0,106,8.4,7679.94,5406.0,0,0,0,0,0,0,0
1,300.5,309.8,1370,55.9,143,9.3,8019.75,7993.7,0,0,0,0,0,0,0
1,301.5,310.5,1308,60.5,139,9.0,8286.89,8409.5,0,0,0,0,0,0,0
0,300.8,309.7,1997,20.7,5,8.9,4328.89,103.5,0,0,0,0,0,0,0
0,295.7,306.2,1397,52.0,101,10.5,7607.26,5252.0,0,0,0,0,0,0,0
1,298.0,307.5,1427,43.6,101,9.5,6515.37,4403.6,0,0,0,0,0,0,0
0,299.0,308.4,1356,52.6,188,9.4,7469.2,9888.8,0,0,0,0,0,0,0
0,301.2,311.1,1550,39.7,20,9.9,6443.93,794.0,0,0,0,0,0,0,0
2,299.3,308.8,1397,45.4,191,9.5,6641.72,8671.4,0,0,0,0,0,0,0
0,299.5,310.9,1496,38.5,162,11.4,6031.44,6237.0,0,0,0,0,0,0,0
1,297.1,308.4,1880,23.5,155,11.3,4626.52,3642.5,0,0,0,0,0,0,0
2,300.1,309.3,1448,45.8,163,9.2,6944.85,7465.4,0,0,0,0,0,0,0
0,302.2,311.0,1555,34.2,185,8.8,5569.1,6327.0,0,0,0,0,0,0,0
2,301.9,311.0,1336,63.6,111,9.1,8898.0,7059.6,0,0,0,0,0,0,0
0,296.8,307.6,1588,37.6,126,10.8,6252.69,4737.6,0,0,0,0,0,0,0
2,299.0,310.0,1458,44.9,221,11.0,6855.39,9922.9,1,0,0,0,0,0,0
0,301.3,310.0,1344,54.8,186,8.7,7712.74,10192.8,0,0,0,0,0,0,0
0,303.6,312.5,1710,31.4,180,8.9,5622.82,5652.0,0,0,0,0,0,0,0
1,298.5,309.7,1354,60.8,96,11.2,8620.87,5836.8,0,0,0,0,0,0,0
0,299.9,311.0,1747,27.6,177,11.1,5049.29,4885.2,0,0,0,0,0,0,0
0,300.8,311.9,1414,41.1,171,11.1,6085.83,7028.1,0,0,0,0,0,0,0
2,299.2,310.7,1636,29.4,23,11.5,5036.85,676.2,0,0,0,0,0,0,0
0,298.7,309.7,1293,59.1,125,11.0,8002.3,7387.5,0,0,0,0,0,0,0
1,297.4,308.2,1401,51.9,117,10.8,7614.37,6072.3,0,0,0,0,0,0,0
1,297.8,309.2,1295,61.2,12,11.4,8299.46,734.4,0,0,0,0,0,0,0
1,299.8,309.4,1439,47.4,57,9.6,7142.79,2701.8,0,0,0,0,0,0,0
0,300.2,311.6,1827,27.0,22,11.4,5165.72,594.0,0,0,0,0,0,0,0
0,297.8,307.8,1563,34.3,53,10.0,5614.12,1817.9,0,0,0,0,0,0,0
1,300.7,311.0,1334,53.9,150,10.3,7529.62,8085.0,0,0,0,0,0,0,0
2,298.2,308.4,1398,51.8,76,10.2,7583.43,3936.8,0,0,0,0,0,0,0
1,299.7,310.4,1410,44.5,105,10.7,6570.64,4672.5,0,0,0,0,0,0,0
2,298.3,308.1,2636,12.8,84,9.8,3533.33,1075.2,0,0,0,0,0,0,0
0,297.8,309.0,1403,64.2,0,11.2,9432.38,0.0,0,1,0,0,1,0,0
0,299.6,310.9,1853,26.3,166,11.3,5103.4,4365.8,0,0,0,0,0,0,0
2,302.2,311.1,1426,50.6,101,8.9,7556.12,5110.6,0,0,0,0,0,0,0
0,301.7,311.3,1421,45.9,85,9.6,6830.23,3901.5,0,0,0,0,0,0,0
0,301.5,310.9,1580,32.3,11,9.4,5344.27,355.3,0,0,0,0,0,0,0
2,299.3,308.8,1636,35.5,180,9.5,6081.91,6390.0,0,0,0,0,0,0,0
2,300.7,310.5,1476,43.1,134,9.8,6661.81,5775.4,0,0,0,0,0,0,0
0,300.6,309.6,1290,57.4,119,9.0,7754.08,6830.6,0,0,0,0,0,0,0
2,303.1,312.8,1435,41.9,115,9.7,6296.43,4818.5,0,0,0,0,0,0,0
0,298.7,309.8,1539,33.4,2,11.1,5382.87,66.8,0,0,0,0,0,0,0
1,302.2,311.2,1627,33.2,74,9.0,5656.58,2456.8,0,0,0,0,0,0,0
0,297.1,308.4,1583,31.9,2,11.3,5288.11,63.8,0,0,0,0,0,0,0
0,299.8,311.2,1369,46.2,146,11.4,6623.29,6745.2,0,0,0,0,0,0,0
0,301.4,310.8,1490,38.0,168,9.4,5929.23,6384.0,0,0,0,0,0,0,0
0,300.0,311.0,1637,33.6,181,11.0,5759.92,6081.6,0,0,0,0,0,0,0
0,298.9,309.9,1365,46.5,75,11.0,6646.82,3487.5,0,0,0,0,0,0,0
1,300.6,310.0,1397,55.2,90,9.4,8075.4,4968.0,0,0,0,0,0,0,0
0,301.6,310.7,1638,33.8,196,9.1,5797.75,6624.8,0,0,0,0,0,0,0
1,300.6,310.2,1532,38.7,16,9.6,6208.67,619.2,0,0,0,0,0,0,0
0,302.7,311.0,1694,29.8,150,8.3,5286.38,4470.0,0,0,0,0,0,0,0
2,303.6,312.6,1436,42.0,110,9.0,6315.86,4620.0,0,0,0,0,0,0,0
0,300.5,311.8,1524,38.9,214,11.3,6208.16,8324.6,1,1,1,0,0,0,0
1,297.1,308.4,1432,53.4,199,11.3,8007.79,10626.6,0,0,0,0,0,0,0
2,299.9,309.5,1547,38.5,148,9.6,6237.06,5698.0,0,0,0,0,0,0,0
2,300.7,312.3,1670,27.3,81,11.6,4774.28,2211.3,0,0,0,0,0,0,0
1,300.7,309.7,1435,44.7,76,9.0,6717.2,3397.2,0,0,0,0,0,0,0
0,301.4,310.7,1616,36.5,121,9.3,6176.79,4416.5,0,0,0,0,0,0,0
0,301.9,310.3,1398,44.0,65,8.4,6441.52,2860.0,0,0,0,0,0,0,0
1,299.2,308.4,1538,38.0,98,9.2,6120.24,3724.0,0,0,0,0,0,0,0
1,303.6,312.8,1400,43.2,23,9.2,6333.45,993.6,0,0,0,0,0,0,0
0,300.3,309.9,1601,31.7,180,9.6,5314.71,5706.0,0,0,0,0,0,0,0
0,299.8,310.8,1409,51.9,154,11.0,7657.85,7992.6,0,0,0,0,0,0,0
0,302.7,312.1,1597,39.8,153,9.4,6656.05,6089.4,0,0,0,0,0,0,0
0,301.4,311.1,1952,22.7,131,9.7,4640.17,2973.7,0,0,0,0,0,0,0
1,296.7,307.6,1547,34.7,150,10.9,5621.45,5205.0,0,0,0,0,0,0,0
1,302.6,310.2,1631,31.0,100,7.6,5294.74,3100.0,0,0,0,0,0,0,0
1,302.4,311.1,1480,45.7,200,8.7,7082.83,9140.0,1,0,0,0,0,0,0
0,299.5,310.0,1481,43.1,90,10.5,6684.38,3879.0,0,0,0,0,0,0,0
0,301.3,311.1,1413,42.0,221,9.8,6214.7,9282.0,1,0,0,0,0,0,0
0,298.8,308.7,1445,48.5,70,9.9,7339.02,3395.0,0,0,0,0,0,0,0
0,297.4,308.5,1643,33.8,132,11.1,5815.44,4461.6,0,0,0,0,0,0,0
1,297.8,308.5,1466,44.7,88,10.7,6862.31,3933.6,0,0,0,0,0,0,0
1,304.3,313.5,1525,42.0,2,9.2,6707.3,84.0,0,0,0,0,0,0,0
1,299.9,309.3,1389,52.8,0,9.4,7680.06,0.0,0,0,0,0,0,0,0
0,302.4,311.0,1610,33.1,161,8.6,5580.62,5329.1,0,0,0,0,0,0,0
0,296.6,307.7,1556,37.7,110,11.1,6142.99,4147.0,0,0,0,0,0,0,0
1,300.4,309.3,1467,40.3,166,8.9,6191.04,6689.8,0,0,0,0,0,0,0
0,300.3,311.4,1471,37.0,114,11.1,5699.58,4218.0,0,0,0,0,0,0,0
0,297.9,308.8,1681,31.7,94,10.9,5580.27,2979.8,0,0,0,0,0,0,0
0,302.6,312.4,1628,33.0,15,9.8,5625.96,495.0,0,0,0,0,0,0,0
0,301.2,310.5,1546,40.0,55,9.3,6475.87,2200.0,0,0,0,0,0,0,0
1,298.7,310.1,1693,31.9,51,11.4,5655.57,1626.9,0,0,0,0,0,0,0
0,299.3,309.1,1496,37.2,149,9.8,5827.78,5542.8,0,0,0,0,0,0,0
0,301.3,310.6,1387,53.6,94,9.3,7785.2,5038.4,0,0,0,0,0,0,0
1,301.7,310.9,1300,62.7,36,9.2,8535.71,2257.2,0,0,0,0,0,0,0
0,303.6,312.9,1450,45.3,29,9.3,6878.52,1313.7,0,0,0,0,0,0,0
0,302.8,312.1,1441,52.1,79,9.3,7861.95,4115.9,0,0,0,0,0,0,0
1,297.5,308.2,2448,13.8,29,10.7,3537.68,400.2,0,0,0,0,0,0,0
1,300.7,310.7,1377,46.7,36,10.0,6734.1,1681.2,0,0,0,0,0,0,0
0,298.4,308.0,1380,47.6,130,9.6,6878.83,6188.0,0,0,0,0,0,0,0
2,299.4,308.6,1542,41.8,166,9.2,6749.77,6938.8,0,0,0,0,0,0,0
0,297.7,309.7,1498,41.0,176,12.0,6431.68,7216.0,0,0,0,0,0,0,0
0,296.9,308.1,1422,48.7,215,11.2,7251.99,10470.5,1,0,0,0,0,0,0
0,301.2,311.0,1544,39.3,217,9.8,6354.31,8528.1,1,0,0,0,0,0,0
1,303.6,312.0,1435,37.9,98,8.4,5695.34,3714.2,0,0,0,0,0,0,0
2,300.4,311.8,2496,13.5,5,11.4,3528.64,67.5,0,0,0,0,0,0,0
0,297.4,309.3,1759,24.8,81,11.9,4568.21,2008.8,0,0,0,0,0,0,0
1,298.3,310.1,1389,49.6,75,11.8,7214.6,3720.0,0,0,0,0,0,0,0
0,301.3,310.6,1458,48.0,104,9.3,7328.71,4992.0,0,0,0,0,0,0,0
0,302.4,311.9,1541,37.9,192,9.5,6116.04,7276.8,0,0,0,0,0,0,0
0,300.0,311.4,1476,39.0,92,11.4,6028.09,3588.0,0,0,0,0,0,0,0
2,301.7,311.0,2016,19.3,180,9.3,4074.52,3474.0,0,0,0,0,0,0,0
0,299.1,310.4,1505,46.1,176,11.3,7265.51,8113.6,0,0,0,0,0,0,0
1,296.8,307.5,1443,39.2,13,10.7,5923.54,509.6,0,0,0,0,0,0,0
0,300.4,310.8,1520,37.6,151,10.4,5984.94,5677.6,0,0,0,0,0,0,0
1,300.5,309.3,1578,30.5,34,8.8,5040.06,1037.0,0,0,0,0,0,0,0
1,303.5,312.3,1543,33.3,71,8.8,5380.7,2364.3,0,0,0,0,0,0,0
2,299.3,310.4,1393,44.9,162,11.1,6549.77,7273.8,0,0,0,0,0,0,0
2,302.3,311.5,1526,38.2,47,9.2,6104.45,1795.4,0,0,0,0,0,0,0
0,299.7,309.2,1631,35.1,177,9.5,5995.01,6212.7,0,0,0,0,0,0,0
0,298.5,309.5,1579,38.6,126,11.0,6382.61,4863.6,0,0,0,0,0,0,0
0,301.4,310.0,1776,25.6,30,8.6,4761.15,768.0,0,0,0,0,0,0,0
0,300.7,309.7,1507,52.4,163,9.0,8269.38,8541.2,0,0,0,0,0,0,0
0,301.9,310.9,1567,39.0,214,9.0,6399.74,8346.0,1,1,1,0,0,0,0
1,301.0,310.4,1517,46.1,145,9.4,7323.44,6684.5,0,0,0,0,0,0,0
2,297.2,308.5,1653,33.3,207,11.3,5764.29,6893.1,1,0,0,0,0,0,0
1,303.4,312.0,1748,28.4,200,8.6,5198.62,5680.0,1,0,0,0,0,0,0
0,301.1,310.1,1457,39.6,215,9.0,6042.04,8514.0,1,0,0,0,0,0,0
0,303.3,312.7,1262,63.8,100,9.4,8431.57,6380.0,0,0,0,0,0,0,0
0,300.0,309.4,1395,44.5,181,9.4,6500.74,8054.5,0,0,0,0,0,0,0
1,299.5,309.2,1590,35.9,22,9.7,5977.51,789.8,0,0,0,0,0,0,0
1,300.5,311.8,1591,42.0,182,11.3,6997.58,7644.0,0,0,0,0,0,0,0
0,297.2,308.3,1796,23.8,61,11.1,4476.22,1451.8,0,0,0,0,0,0,0
1,301.1,311.3,1654,30.7,28,10.2,5317.44,859.6,0,0,0,0,0,0,0
0,302.4,312.0,1621,32.5,169,9.6,5516.9,5492.5,0,0,0,0,0,0,0
0,300.4,311.6,1815,23.5,49,11.2,4466.56,1151.5,0,0,0,0,0,0,0
0,297.1,307.8,1454,50.6,94,10.7,7704.48,4756.4,0,0,0,0,0,0,0
1,300.5,309.9,1735,27.0,107,9.4,4905.6,2889.0,0,0,0,0,0,0,0
1,298.8,308.5,1577,33.2,0,9.7,5482.75,0.0,0,0,0,0,0,0,0
0,300.0,309.6,1514,44.6,98,9.6,7071.14,4370.8,0,0,0,0,0,0,0
0,298.0,309.2,1458,39.8,87,11.2,6076.72,3462.6,0,0,0,0,0,0,0
2,298.0,309.1,1557,36.4,65,11.1,5934.97,2366.0,0,0,0,0,0,0,0
2,299.0,310.0,1569,34.3,132,11.0,5635.67,4527.6,0,0,0,0,0,0,0
0,298.2,308.1,1379,62.3,149,9.9,8996.65,9282.7,0,0,0,0,0,0,0
1,299.9,309.2,1353,49.8,182,9.3,7055.95,9063.6,0,0,0,0,0,0,0
0,303.3,311.5,1601,35.2,10,8.2,5901.5,352.0,0,0,0,0,0,0,0
1,300.8,310.5,1511,35.8,54,9.7,5664.69,1933.2,0,0,0,0,0,0,0
0,300.9,311.1,1471,39.3,91,10.2,6053.88,3576.3,0,0,0,0,0,0,0
0,302.7,310.7,1433,43.7,13,8.0,6557.77,568.1,0,0,0,0,0,0,0
1,302.5,312.0,1642,29.1,46,9.5,5003.74,1338.6,0,0,0,0,0,0,0
0,302.8,312.1,1418,51.4,54,9.3,7632.52,2775.6,0,0,0,0,0,0,0
2,300.1,309.3,1520,38.2,158,9.2,6080.45,6035.6,0,0,0,0,0,0,0
0,298.2,307.9,1313,67.3,67,9.7,9253.55,4509.1,0,1,0,0,1,0,0
2,300.6,310.6,1830,26.2,78,10.0,5020.89,2043.6,0,0,0,0,0,0,0
1,297.4,308.4,1340,52.6,15,11.0,7381.07,789.0,0,0,0,0,0,0,0
0,302.5,311.5,1700,29.5,133,9.0,5251.7,3923.5,0,0,0,0,0,0,0
0,301.2,312.4,1378,59.0,95,11.2,8513.93,5605.0,0,0,0,0,0,0,0
1,303.7,313.1,2130,18.1,185,9.4,4037.26,3348.5,0,0,0,0,0,0,0
1,297.0,308.1,1573,34.9,93,11.1,5748.87,3245.7,0,0,0,0,0,0,0
2,298.3,307.9,1420,39.2,176,9.6,5829.12,6899.2,0,0,0,0,0,0,0
0,300.3,311.5,1667,28.8,56,11.2,5027.55,1612.8,0,0,0,0,0,0,0
0,303.0,311.1,1980,20.2,137,8.1,4188.37,2767.4,0,0,0,0,0,0,0
0,298.4,308.3,1318,59.1,22,9.9,8157.02,1300.2,0,0,0,0,0,0,0
0,303.4,311.7,1673,32.2,166,8.3,5641.32,5345.2,0,0,0,0,0,0,0
1,298.6,308.4,1778,28.2,161,9.8,5250.61,4540.2,0,0,0,0,0,0,0
0,298.4,308.1,1395,44.0,92,9.7,6427.7,4048.0,0,0,0,0,0,0,0
0,298.6,309.4,1525,37.8,54,10.8,6036.57,2041.2,0,0,0,0,0,0,0
1,297.0,307.9,1882,24.2,97,10.9,4769.4,2347.4,0,0,0,0,0,0,0
0,300.0,309.1,1791,28.2,108,9.1,5289.0,3045.6,0,0,0,0,0,0,0
1,302.2,311.2,1377,43.0,91,9.0,6200.56,3913.0,0,0,0,0,0,0,0
0,297.4,308.9,1708,28.8,174,11.5,5151.21,5011.2,0,0,0,0,0,0,0
0,302.6,311.0,1506,37.2,95,8.4,5866.74,3534.0,0,0,0,0,0,0,0
1,300.7,311.6,1348,62.5,36,10.9,8822.64,2250.0,0,0,0,0,0,0,0
0,298.9,308.9,1830,24.9,35,10.0,4771.77,871.5,0,0,0,0,0,0,0
0,298.8,308.9,1379,46.7,204,10.1,6743.88,9526.8,1,0,0,0,0,0,0
0,300.5,310.0,1521,45.1,86,9.5,7183.47,3878.6,0,0,0,0,0,0,0
0,296.7,308.0,1580,32.2,39,11.3,5327.72,1255.8,0,0,0,0,0,0,0
0,298.0,308.8,1581,36.1,73,10.8,5976.79,2635.3,0,0,0,0,0,0,0
1,296.1,307.1,1350,53.3,22,11.0,7535.11,1172.6,0,0,0,0,0,0,0
2,299.6,309.1,1588,41.3,0,9.5,6867.98,0.0,0,0,0,0,0,0,0
2,297.3,308.8,1419,42.4,139,11.5,6300.53,5893.6,0,0,0,0,0,0,0
0,298.9,309.8,1390,49.9,21,10.9,7263.47,1047.9,0,0,0,0,0,0,0
2,300.6,310.6,1419,39.6,3,10.0,5884.45,118.8,0,0,0,0,0,0,0
0,301.8,310.5,1548,34.1,93,8.7,5527.82,3171.3,0,0,0,0,0,0,0
0,298.5,308.9,1781,27.8,113,10.4,5184.86,3141.4,0,0,0,0,0,0,0
2,300.7,310.8,1518,40.1,142,10.1,6374.48,5694.2,0,0,0,0,0,0,0
1,301.3,311.1,1438,43.0,137,9.8,6475.24,5891.0,0,0,0,0,0,0,0
0,300.8,311.1,1480,41.1,176,10.3,6369.89,7233.6,0,0,0,0,0,0,0
0,303.8,313.0,1365,59.9,205,9.2,8562.25,12279.5,1,1,0,0,0,1,0
0,298.6,309.8,1561,32.6,201,11.2,5329.04,6552.6,1,0,0,0,0,0,0
0,298.0,308.0,1401,54.7,65,10.0,8025.17,3555.5,0,0,0,0,0,0,0
0,300.4,309.6,1319,48.1,26,9.2,6643.83,1250.6,0,0,0,0,0,0,0
1,302.3,310.8,1721,28.4,215,8.5,5118.32,6106.0,1,0,0,0,0,0,0
1,301.1,310.7,2636,12.2,100,9.6,3367.7,1220.0,0,1,0,0,1,0,0
1,300.3,309.5,1665,31.4,32,9.2,5474.85,1004.8,0,0,0,0,0,0,0
0,301.6,311.1,1325,49.2,104,9.5,6826.68,5116.8,0,0,0,0,0,0,0
1,298.5,308.7,1615,33.3,41,10.2,5631.78,1365.3,0,0,0,0,0,0,0
0,303.4,311.8,1306,61.0,215,8.4,8342.6,13115.0,1,1,0,1,0,1,0
0,297.2,307.9,1825,24.6,142,10.7,4701.39,3493.2,0,0,0,0,0,0,0
1,297.0,308.1,1363,45.3,196,11.1,6465.81,8878.8,0,0,0,0,0,0,0
0,301.1,310.4,1312,73.6,49,9.3,10112.07,3606.4,0,1,0,0,1,0,0
0,298.5,309.6,1861,26.9,130,11.1,5242.37,3497.0,0,0,0,0,0,0,0
0,301.4,310.8,1477,50.4,90,9.4,7795.42,4536.0,0,0,0,0,0,0,0
1,297.6,308.4,1507,46.0,51,10.8,7259.38,2346.0,0,0,0,0,0,0,0
1,302.9,312.4,1421,46.0,206,9.5,6845.11,9476.0,1,0,0,0,0,0,0
2,297.9,307.6,1493,36.0,161,9.7,5628.48,5796.0,0,0,0,0,0,0,0
0,301.4,310.9,1440,45.4,177,9.5,6846.16,8035.8,0,0,0,0,0,0,0
0,301.0,310.9,1515,37.3,6,9.9,5917.66,223.8,0,0,0,0,0,0,0
1,301.0,310.9,2047,17.9,178,9.9,3837.07,3186.2,0,0,0,0,0,0,0
0,300.4,311.7,1444,51.2,174,11.3,7742.22,8908.8,0,0,0,0,0,0,0
2,297.7,309.6,1697,32.2,210,11.9,5722.24,6762.0,1,0,0,0,0,0,0
0,300.7,310.9,1723,31.0,73,10.2,5593.4,2263.0,0,0,0,0,0,0,0
1,297.6,309.3,1415,41.3,17,11.7,6119.77,702.1,0,0,0,0,0,0,0
0,300.6,310.1,1337,45.8,62,9.5,6412.47,2839.6,0,0,0,0,0,0,0
0,298.8,308.6,1535,41.2,40,9.8,6622.69,1648.0,0,0,0,0,0,0,0
0,304.2,313.4,1434,42.5,175,9.2,6382.15,7437.5,0,0,0,0,0,0,0
0,298.9,310.2,1304,57.2,183,11.3,7810.92,10467.6,0,0,0,0,0,0,0
0,301.2,311.7,1463,48.3,204,10.5,7399.8,9853.2,1,0,0,0,0,0,0
0,297.9,307.6,1515,40.5,118,9.7,6425.34,4779.0,0,0,0,0,0,0,0
0,300.8,310.8,1634,29.2,149,10.0,4996.47,4350.8,0,0,0,0,0,0,0
1,301.4,310.7,1459,37.7,40,9.3,5760.04,1508.0,0,0,0,0,0,0,0
0,298.5,309.2,1504,33.7,182,10.7,5307.7,6133.4,0,0,0,0,0,0,0
1,301.0,309.6,1588,32.7,138,8.6,5437.85,4512.6,0,0,0,0,0,0,0
0,301.6,310.8,1535,35.4,148,9.2,5690.37,5239.2,0,0,0,0,0,0,0
0,303.0,311.3,2194,16.5,148,8.3,3790.96,2442.0,0,0,0,0,0,0,0
0,300.9,310.5,2288,16.1,85,9.6,3857.54,1368.5,0,0,0,0,0,0,0
0,297.0,307.6,1575,37.4,98,10.6,6168.52,3665.2,0,0,0,0,0,0,0
0,300.7,311.9,1485,38.8,9,11.2,6033.74,349.2,0,0,0,0,0,0,0
1,302.7,312.0,1652,31.0,81,9.3,5362.91,2511.0,0,0,0,0,0,0,0
0,300.0,309.6,1496,38.8,27,9.6,6078.44,1047.6,0,0,0,0,0,0,0
0,298.0,307.6,1509,41.6,33,9.6,6573.72,1372.8,0,0,0,0,0,0,0
1,298.6,308.4,1391,42.4,169,9.8,6176.2,7165.6,0,0,0,0,0,0,0
0,301.2,309.9,1515,40.9,21,8.7,6488.8,858.9,0,0,0,0,0,0,0
2,297.3,308.6,1499,37.6,147,11.3,5902.26,5527.2,0,0,0,0,0,0,0
1,300.3,311.7,1723,28.3,193,11.4,5106.23,5461.9,0,0,0,0,0,0,0
1,301.7,310.6,1417,45.2,185,8.9,6707.13,8362.0,0,0,0,0,0,0,0
0,301.7,310.7,1605,33.3,220,9.0,5596.9,7326.0,1,0,0,0,0,0,0
0,298.9,310.2,1533,42.8,138,11.3,6870.91,5906.4,0,0,0,0,0,0,0
0,298.5,309.4,1364,44.5,162,10.9,6356.28,7209.0,0,0,0,0,0,0,0
0,300.4,311.6,1200,76.6,3,11.2,9625.84,229.8,0,1,0,0,1,0,0
1,297.0,307.9,1493,34.7,57,10.9,5425.23,1977.9,0,0,0,0,0,0,0
0,300.4,311.4,1728,31.7,133,11.0,5736.3,4216.1,0,0,0,0,0,0,0
0,301.5,310.6,1405,42.3,83,9.1,6223.65,3510.9,0,0,0,0,0,0,0
1,300.9,310.8,1790,26.2,191,9.9,4911.15,5004.2,0,0,0,0,0,0,0
0,302.3,311.0,1609,31.0,190,8.7,5223.32,5890.0,0,0,0,0,0,0,0
0,299.5,309.2,1499,41.5,175,9.7,6514.46,7262.5,0,0,0,0,0,0,0
0,300.8,310.7,1586,33.4,142,9.9,5547.26,4742.8,0,0,0,0,0,0,0
0,297.6,308.7,1552,42.3,27,11.1,6874.81,1142.1,0,0,0,0,0,0,0
0,298.6,310.1,1533,33.9,24,11.5,5442.15,813.6,0,0,0,0,0,0,0
1,300.6,309.4,1312,45.2,73,8.8,6210.13,3299.6,0,0,0,0,0,0,0
1,302.5,310.3,1488,41.8,160,7.8,6513.4,6688.0,0,0,0,0,0,0,0
0,300.2,309.8,1526,45.6,175,9.6,7286.99,7980.0,0,0,0,0,0,0,0
0,300.7,309.5,1692,30.3,64,8.8,5368.73,1939.2,0,0,0,0,0,0,0
0,301.1,310.1,1540,36.6,28,9.0,5902.42,1024.8,0,0,0,0,0,0,0
0,302.2,311.1,1418,47.0,61,8.9,6979.15,2867.0,0,0,0,0,0,0,0
0,302.0,311.1,1373,55.7,157,9.1,8008.56,8744.9,0,0,0,0,0,0,0
1,303.7,312.9,1532,41.3,32,9.2,6625.79,1321.6,0,0,0,0,0,0,0
0,303.4,311.8,1401,53.0,208,8.4,7775.76,11024.0,1,1,0,0,0,1,0
1,299.0,308.7,1620,35.4,199,9.7,6005.47,7044.6,0,0,0,0,0,0,0
1,300.3,309.2,1364,47.6,45,8.9,6799.08,2142.0,0,0,0,0,0,0,0
1,298.3,307.7,1439,43.8,111,9.4,6600.3,4861.8,0,0,0,0,0,0,0
2,302.0,310.6,1346,54.7,196,8.6,7710.12,10721.2,0,0,0,0,0,0,0
0,301.8,310.9,1899,24.7,31,9.1,4911.91,765.7,0,0,0,0,0,0,0
0,299.3,309.0,1422,47.3,25,9.7,7043.51,1182.5,0,0,0,0,0,0,0
0,300.8,310.6,1551,34.5,153,9.8,5603.5,5278.5,0,0,0,0,0,0,0
0,299.7,311.1,1690,30.6,148,11.4,5415.48,4528.8,0,0,0,0,0,0,0
0,301.0,312.2,1776,28.8,138,11.2,5356.29,3974.4,0,0,0,0,0,0,0
1,301.3,310.8,1372,54.2,49,9.5,7787.21,2655.8,0,0,0,0,0,0,0
0,298.6,309.4,1447,40.2,173,10.8,6091.49,6954.6,0,0,0,0,0,0,0
0,300.7,309.5,1467,44.3,55,8.8,6805.54,2436.5,0,0,0,0,0,0,0
0,301.6,310.6,1391,49.4,164,9.0,7195.86,8101.6,0,0,0,0,0,0,0
1,303.9,313.4,1464,49.1,171,9.5,7527.51,8396.1,0,0,0,0,0,0,0
1,298.7,310.1,1506,50.7,53,11.4,7995.79,2687.1,0,0,0,0,0,0,0
2,295.9,306.5,1594,33.2,55,10.6,5541.85,1826.0,0,0,0,0,0,0,0
2,297.4,308.7,1429,37.6,118,11.3,5626.63,4436.8,0,0,0,0,0,0,0
1,299.0,310.3,1582,33.3,177,11.3,5516.7,5894.1,0,0,0,0,0,0,0
0,301.6,310.9,1643,34.1,44,9.3,5867.06,1500.4,0,0,0,0,0,0,0
1,298.7,309.9,2083,18.2,205,11.2,3969.99,3731.0,1,0,0,0,0,0,0
0,301.4,310.6,1381,46.1,70,9.2,6666.89,3227.0,0,0,0,0,0,0,0
2,300.0,309.0,1622,31.8,103,9.0,5401.4,3275.4,0,0,0,0,0,0,0
2,297.5,308.7,1416,39.2,74,11.2,5812.7,2900.8,0,0,0,0,0,0,0
0,299.1,308.5,1539,46.8,190,9.4,7542.46,8892.0,0,0,0,0,0,0,0
0,302.3,311.2,1903,22.9,55,8.9,4563.55,1259.5,0,0,0,0,0,0,0
0,297.6,308.7,1622,37.9,79,11.1,6437.52,2994.1,0,0,0,0,0,0,0
0,298.8,309.7,1529,44.0,136,10.9,7045.13,5984.0,0,0,0,0,0,0,0
0,298.0,308.4,1472,42.0,15,10.4,6474.19,630.0,0,0,0,0,0,0,0
1,300.3,311.6,1304,62.8,118,11.3,8575.63,7410.4,0,0,0,0,0,0,0
1,303.4,311.6,1446,50.0,163,8.2,7571.24,8150.0,0,0,0,0,0,0,0
0,302.4,311.2,1450,47.9,154,8.8,7273.31,7376.6,0,0,0,0,0,0,0
0,297.5,308.4,1511,42.8,209,10.9,6772.31,8945.2,1,0,0,0,0,0,0
0,297.4,308.5,1399,61.5,61,11.1,9009.93,3751.5,0,1,0,0,1,0,0
0,301.0,310.8,1558,34.9,196,9.8,5694.05,6840.4,0,0,0,0,0,0,0
0,298.6,309.6,1353,62.5,9,11.0,8855.36,562.5,0,0,0,0,0,0,0
1,303.5,312.8,1375,45.7,89,9.3,6580.33,4067.3,0,0,0,0,0,0,0
0,297.5,308.7,1429,44.3,201,11.2,6629.25,8904.3,1,0,0,0,0,0,0
0,298.3,308.5,1575,41.2,105,10.2,6795.26,4326.0,0,0,0,0,0,0,0
1,296.1,307.1,1485,36.0,169,11.0,5598.32,6084.0,0,0,0,0,0,0,0
1,298.1,308.8,1434,41.8,93,10.7,6277.03,3887.4,0,0,0,0,0,0,0
0,298.0,308.2,1442,44.1,204,10.2,6659.36,8996.4,1,0,0,0,0,0,0
0,300.5,311.0,2074,18.9,9,10.5,4104.87,170.1,0,0,0,0,0,0,0
0,298.9,309.6,1583,39.8,202,10.7,6597.7,8039.6,1,0,0,0,0,0,0
0,298.8,309.5,1645,32.8,157,10.7,5650.26,5149.6,0,0,0,0,0,0,0
2,301.2,310.5,1505,43.6,78,9.3,6871.5,3400.8,0,0,0,0,0,0,0
2,299.8,309.7,1368,47.4,148,9.9,6790.36,7015.2,0,0,0,0,0,0,0
1,299.1,310.2,1711,28.1,17,11.1,5034.83,477.7,0,0,0,0,0,0,0
1,298.9,309.9,1501,37.1,70,11.0,5831.54,2597.0,0,0,0,0,0,0,0
0,297.8,308.4,1685,28.4,179,10.6,5011.26,5083.6,0,0,0,0,0,0,0
0,298.4,308.1,1367,57.8,92,9.7,8274.18,5317.6,0,0,0,0,0,0,0
1,299.8,311.1,1452,44.3,167,11.3,6735.95,7398.1,0,0,0,0,0,0,0
0,304.0,313.3,1294,54.6,102,9.3,7398.7,5569.2,0,0,0,0,0,0,0
0,298.3,309.1,1472,40.1,31,10.8,6181.31,1243.1,0,0,0,0,0,0,0
0,297.5,308.4,1489,39.5,96,10.9,6159.14,3792.0,0,0,0,0,0,0,0
1,301.1,310.6,1310,48.8,103,9.5,6694.52,5026.4,0,0,0,0,0,0,0
0,301.0,312.1,1377,49.9,48,11.1,7195.54,2395.2,0,0,0,0,0,0,0
0,299.5,310.0,1412,48.9,56,10.5,7230.56,2738.4,0,0,0,0,0,0,0
1,297.1,308.4,1583,38.2,150,11.3,6332.47,5730.0,0,0,0,0,0,0,0
0,301.0,312.0,1447,36.8,31,11.0,5576.29,1140.8,0,0,0,0,0,0,0
0,301.9,310.8,1540,37.6,83,8.9,6063.69,3120.8,0,0,0,0,0,0,0
0,298.0,308.2,1365,52.9,218,10.2,7561.66,11532.2,1,1,0,0,0,1,0
0,298.2,308.1,1532,42.5,154,9.9,6818.3,6545.0,0,0,0,0,0,0,0
1,300.1,309.6,1376,52.1,147,9.5,7507.32,7658.7,0,0,0,0,0,0,0
0,299.1,308.8,1329,53.6,207,9.7,7459.65,11095.2,1,1,0,0,0,1,0
1,299.0,309.0,1575,35.3,47,10.0,5822.16,1659.1,0,0,0,0,0,0,0
0,301.5,310.6,1579,28.0,220,9.1,4629.87,6160.0,1,0,0,0,0,0,0
0,300.7,310.8,1534,41.3,69,10.1,6634.44,2849.7,0,0,0,0,0,0,0
0,296.3,307.2,1646,35.0,192,10.9,6032.91,6720.0,0,0,0,0,0,0,0
0,301.5,310.9,1451,40.6,0,9.4,6169.1,0.0,0,0,0,0,0,0,0
0,299.0,310.3,1584,34.4,83,11.3,5706.14,2855.2,0,0,0,0,0,0,0
0,298.3,307.9,1507,41.2,149,9.6,6501.88,6138.8,0,0,0,0,0,0,0
2,303.3,311.3,1502,39.5,38,8.0,6212.92,1501.0,0,0,0,0,0,0,0
0,299.6,311.0,1708,31.0,122,11.4,5544.7,3782.0,0,0,0,0,0,0,0
0,299.5,309.3,1477,40.4,138,9.8,6248.71,5575.2,0,0,0,0,0,0,0
0,300.2,310.3,1445,50.9,34,10.1,7702.19,1730.6,0,0,0,0,0,0,0
0,301.9,310.9,1616,34.5,46,9.0,5838.34,1587.0,0,0,0,0,0,0,0
0,297.4,308.1,1749,25.9,8,10.7,4743.71,207.2,0,0,0,0,0,0,0
0,297.7,308.4,1510,38.6,72,10.7,6103.7,2779.2,0,0,0,0,0,0,0
1,300.7,309.6,1421,49.8,165,8.9,7410.58,8217.0,0,0,0,0,0,0,0
0,297.7,309.7,1591,37.7,196,12.0,6281.16,7389.2,0,0,0,0,0,0,0
0,297.5,308.6,1621,28.9,0,11.1,4905.8,0.0,0,0,0,0,0,0,0
1,297.4,308.7,1425,50.3,152,11.3,7506.05,7645.6,0,0,0,0,0,0,0
0,298.9,310.1,1473,42.6,164,11.2,6571.14,6986.4,0,0,0,0,0,0,0
0,301.4,310.7,1675,30.7,92,9.3,5384.95,2824.4,0,0,0,0,0,0,0
0,302.5,311.9,1520,44.9,94,9.4,7146.91,4220.6,0,0,0,0,0,0,0
0,300.8,310.6,1666,36.2,144,9.8,6315.56,5212.8,0,0,0,0,0,0,0
1,299.5,310.8,1507,40.2,156,11.3,6344.07,6271.2,0,0,0,0,0,0,0
0,300.7,311.8,1478,41.9,207,11.1,6485.11,8673.3,1,0,0,0,0,0,0
1,299.0,308.7,1500,40.2,30,9.7,6314.6,1206.0,0,0,0,0,0,0,0
2,297.6,308.2,2071,18.5,144,10.6,4012.18,2664.0,0,0,0,0,0,0,0
0,301.7,311.0,1700,28.7,19,9.3,5109.28,545.3,0,0,0,0,0,0,0
0,298.2,307.9,1551,34.1,190,9.7,5538.53,6479.0,0,0,0,0,0,0,0
0,303.3,311.8,1315,62.0,42,8.5,8537.8,2604.0,0,1,0,1,0,0,0
1,301.1,311.0,1413,46.6,30,9.9,6895.36,1398.0,0,0,0,0,0,0,0
0,301.2,310.9,1597,37.9,164,9.7,6338.3,6215.6,0,0,0,0,0,0,0
2,300.9,310.7,1656,30.7,200,9.8,5323.87,6140.0,1,0,0,0,0,0,0
0,297.4,309.4,1620,35.4,51,12.0,6005.47,1805.4,0,0,0,0,0,0,0
0,300.0,310.0,1486,41.8,69,10.0,6504.65,2884.2,0,0,0,0,0,0,0
1,298.9,310.0,1487,36.6,129,11.1,5699.29,4721.4,0,0,0,0,0,0,0
1,303.7,312.4,1642,32.3,206,8.7,5553.98,6653.8,1,0,0,0,0,0,0
2,298.8,309.8,1437,48.2,164,11.0,7253.25,7904.8,0,0,0,0,0,0,0
0,300.5,311.0,1759,28.3,13,10.5,5212.92,367.9,0,0,0,0,0,0,0
0,301.2,310.9,1416,53.3,66,9.7,7903.49,3517.8,0,0,0,0,0,0,0
0,300.3,309.2,1462,51.4,48,8.9,7869.35,2467.2,0,0,0,0,0,0,0
0,297.3,308.6,1586,37.7,155,11.3,6261.42,5843.5,0,0,0,0,0,0,0
0,298.5,310.0,1492,41.2,19,11.5,6437.17,782.8,0,0,0,0,0,0,0
0,299.1,309.0,1450,43.0,40,9.9,6529.28,1720.0,0,0,0,0,0,0,0
1,302.2,311.2,1471,41.9,166,9.0,6454.39,6955.4,0,0,0,0,0,0,0
1,301.4,310.7,1375,42.0,168,9.3,6047.57,7056.0,0,0,0,0,0,0,0
1,298.3,308.9,1363,46.1,5,10.6,6579.99,230.5,0,0,0,0,0,0,0
0,298.6,309.2,2035,19.6,40,10.6,4176.85,784.0,0,0,0,0,0,0,0
0,302.6,311.9,1397,46.9,82,9.3,6861.17,3845.8,0,0,0,0,0,0,0
2,297.7,309.7,1440,51.1,191,12.0,7705.7,9760.1,0,0,0,0,0,0,0
0,298.0,308.3,1544,34.7,213,10.3,5610.55,7391.1,1,0,0,0,0,0,0
1,298.2,307.9,1529,36.6,105,9.7,5860.26,3843.0,0,0,0,0,0,0,0
0,302.7,312.2,1369,51.8,174,9.5,7426.12,9013.2,0,0,0,0,0,0,0
2,301.1,311.0,1339,52.8,194,9.9,7403.6,10243.2,0,0,0,0,0,0,0
1,301.9,309.7,1533,35.9,204,7.8,5763.22,7323.6,1,0,0,0,0,0,0
0,303.6,312.4,1418,46.0,128,8.8,6830.66,5888.0,0,0,0,0,0,0,0
0,302.8,312.5,1462,43.4,68,9.7,6644.55,2951.2,0,0,0,0,0,0,0
0,303.8,312.9,1819,23.7,16,9.1,4514.5,379.2,0,0,0,0,0,0,0
0,302.0,310.8,1902,23.4,188,8.8,4660.74,4399.2,0,0,0,0,0,0,0
1,298.8,309.6,1693,33.3,170,10.8,5903.78,5661.0,0,0,0,0,0,0,0
1,300.8,312.6,1588,35.6,114,11.8,5920.1,4058.4,0,0,0,0,0,0,0
0,298.4,308.7,1588,35.0,99,10.3,5820.32,3465.0,0,0,0,0,0,0,0
0,299.3,309.1,1493,38.0,151,9.8,5941.17,5738.0,0,0,0,0,0,0,0
0,300.7,311.2,1457,51.4,61,10.5,7842.44,3135.4,0,0,0,0,0,0,0
1,298.4,309.2,1414,46.4,128,10.8,6870.62,5939.2,0,0,0,0,0,0,0
1,299.4,308.7,1289,60.5,104,9.3,8166.52,6292.0,0,0,0,0,0,0,0
1,298.6,309.5,1568,36.7,182,10.9,6026.16,6679.4,0,0,0,0,0,0,0
0,302.1,310.6,1459,47.6,93,8.5,7272.62,4426.8,0,0,0,0,0,0,0
0,299.9,309.2,1761,25.6,115,9.3,4720.93,2944.0,0,0,0,0,0,0,0
0,299.3,310.4,1629,32.6,177,11.1,5561.18,5770.2,0,0,0,0,0,0,0
0,298.6,309.6,1611,35.7,23,11.0,6022.72,821.1,0,0,0,0,0,0,0
1,297.5,308.7,1546,38.0,123,11.2,6152.08,4674.0,0,0,0,0,0,0,0
1,301.7,309.9,1533,40.9,106,8.2,6565.9,4335.4,0,0,0,0,0,0,0
1,300.8,311.9,1761,29.0,113,11.1,5347.93,3277.0,0,0,0,0,0,0,0
2,299.0,310.2,1637,38.0,68,11.2,6514.2,2584.0,0,0,0,0,0,0,0
0,301.5,310.1,1541,42.2,52,8.6,6809.95,2194.4,0,0,0,0,0,0,0
0,300.4,309.9,1567,36.5,72,9.5,5989.5,2628.0,0,0,0,0,0,0,0
1,297.2,308.7,1398,38.1,88,11.5,5577.77,3352.8,0,0,0,0,0,0,0
1,301.6,310.8,1343,49.5,140,9.2,6961.61,6930.0,0,0,0,0,0,0,0
2,302.7,311.5,1556,35.0,164,8.8,5703.04,5740.0,0,0,0,0,0,0,0
0,303.5,312.1,1326,55.7,114,8.6,7734.41,6349.8,0,0,0,0,0,0,0
1,300.6,309.7,1428,42.6,23,9.1,6370.4,979.8,0,0,0,0,0,0,0
0,300.4,309.6,1379,54.5,122,9.2,7870.27,6649.0,0,0,0,0,0,0,0
0,298.0,308.8,1610,33.7,212,10.8,5681.78,7144.4,1,0,0,0,0,0,0
0,300.3,311.7,1682,27.8,178,11.4,4896.65,4948.4,0,0,0,0,0,0,0
0,301.6,310.7,1494,39.5,24,9.1,6179.83,948.0,0,0,0,0,0,0,0
0,299.5,310.0,1349,52.7,92,10.5,7444.77,4848.4,0,0,0,0,0,0,0
1,300.3,309.6,1509,46.6,95,9.3,7363.83,4427.0,0,0,0,0,0,0,0
1,299.6,309.4,1283,62.1,83,9.8,8343.47,5154.3,0,0,0,0,0,0,0
0,298.9,310.2,1705,32.5,63,11.3,5802.78,2047.5,0,0,0,0,0,0,0
0,301.4,310.4,1639,28.9,94,9.0,4960.27,2716.6,0,0,0,0,0,0,0
0,302.6,312.0,1674,32.2,70,9.4,5644.69,2254.0,0,0,0,0,0,0,0
1,300.5,312.0,1382,54.1,27,11.5,7829.5,1460.7,0,0,0,0,0,0,0
1,300.8,311.0,1580,36.6,109,10.2,6055.73,3989.4,0,0,0,0,0,0,0
0,296.8,307.8,1573,36.4,126,11.0,5995.96,4586.4,0,0,0,0,0,0,0
0,298.2,308.3,2216,16.8,139,10.1,3898.59,2335.2,0,0,0,0,0,0,0
0,297.0,307.6,1513,42.4,124,10.6,6717.9,5257.6,0,0,0,0,0,0,0
0,302.3,311.7,1544,43.2,128,9.4,6984.89,5529.6,0,0,0,0,0,0,0
0,298.3,310.0,1507,44.7,73,11.7,7054.23,3263.1,0,0,0,0,0,0,0
0,302.5,310.4,1967,20.3,50,7.9,4181.47,1015.0,0,0,0,0,0,0,0
1,300.9,310.5,1444,43.2,27,9.6,6532.5,1166.4,0,0,0,0,0,0,0
0,297.3,308.1,1642,36.9,206,10.8,6344.95,7601.4,1,0,0,0,0,0,0
1,301.4,310.9,1557,39.3,174,9.5,6407.81,6838.2,0,0,0,0,0,0,0
0,302.5,310.2,1563,34.8,150,7.7,5695.96,5220.0,0,0,0,0,0,0,0
0,303.4,311.9,1434,44.6,78,8.5,6697.5,3478.8,0,0,0,0,0,0,0
1,299.3,308.5,1305,60.6,44,9.2,8281.55,2666.4,0,0,0,0,0,0,0
2,301.0,310.9,1916,22.0,42,9.9,4414.15,924.0,0,0,0,0,0,0,0
0,300.0,309.6,1526,46.4,150,9.6,7414.83,6960.0,0,0,0,0,0,0,0
0,296.8,307.9,1448,48.8,31,11.1,7399.75,1512.8,0,0,0,0,0,0,0
0,298.3,308.5,1416,52.7,151,10.2,7814.52,7957.7,0,0,0,0,0,0,0
1,298.5,308.7,1347,48.5,33,10.2,6841.29,1600.5,0,0,0,0,0,0,0
1,301.0,309.7,1288,58.4,162,8.7,7876.94,9460.8,0,0,0,0,0,0,0
0,299.9,309.2,1624,34.6,105,9.3,5884.24,3633.0,0,0,0,0,0,0,0
0,301.8,310.8,1546,43.4,29,9.0,7026.32,1258.6,0,0,0,0,0,0,0
0,301.5,310.9,2760,8.0,15,9.4,2312.21,120.0,0,1,0,0,1,0,0
1,298.5,309.3,1465,42.4,173,10.8,6504.77,7335.2,0,0,0,0,0,0,0
0,298.6,309.6,1715,28.4,90,11.0,5100.48,2556.0,0,0,0,0,0,0,0
0,300.4,311.4,1936,23.9,131,11.0,4845.42,3130.9,0,0,0,0,0,0,0
1,300.5,310.0,1580,37.0,181,9.5,6121.92,6697.0,0,0,0,0,0,0,0
0,302.6,312.2,1520,43.0,208,9.6,6844.48,8944.0,1,0,0,0,0,0,0
0,296.5,307.3,1566,37.2,164,10.8,6100.47,6100.8,0,0,0,0,0,0,0
0,302.6,311.0,1520,42.8,148,8.4,6812.65,6334.4,0,0,0,0,0,0,0
0,302.2,311.5,1744,31.2,172,9.3,5698.1,5366.4,0,0,0,0,0,0,0
0,298.4,307.9,1446,45.3,23,9.5,6859.54,1041.9,0,0,0,0,0,0,0
1,297.5,308.0,1429,45.8,148,10.5,6853.72,6778.4,0,0,0,0,0,0,0
0,300.6,310.1,1485,49.9,19,9.5,7759.89,948.1,0,0,0,0,0,0,0
0,302.0,310.1,1409,50.4,172,8.1,7436.53,8668.8,0,0,0,0,0,0,0
1,300.2,309.9,1569,31.2,176,9.7,5126.33,5491.2,0,0,0,0,0,0,0
1,300.5,312.0,1263,60.8,146,11.5,8041.47,8876.8,0,0,0,0,0,0,0
0,300.5,309.8,1367,54.0,129,9.3,7730.2,6966.0,0,0,0,0,0,0,0
0,299.8,309.1,1668,30.3,200,9.3,5292.58,6060.0,1,0,0,0,0,0,0
1,297.6,308.4,1391,51.9,218,10.8,7560.02,11314.2,1,0,0,0,0,0,0
0,297.4,308.4,1426,50.4,70,11.0,7526.25,3528.0,0,0,0,0,0,0,0
2,298.0,308.0,1520,39.6,51,10.0,6303.29,2019.6,0,0,0,0,0,0,0
2,297.1,308.2,1527,42.2,199,11.1,6748.08,8397.8,0,0,0,0,0,0,0
0,299.9,311.3,1522,45.7,153,11.4,7283.82,6992.1,0,0,0,0,0,0,0
0,301.8,311.0,1651,32.5,195,9.2,5619.0,6337.5,0,0,0,0,0,0,0
0,300.7,309.8,1406,48.4,151,9.1,7126.22,7308.4,0,0,0,0,0,0,0
0,297.7,307.2,1392,43.0,197,9.5,6268.11,8471.0,0,0,0,0,0,0,0
0,300.5,310.4,1702,33.1,71,9.9,5899.51,2350.1,0,0,0,0,0,0,0
2,303.4,312.3,1522,42.1,62,8.9,6710.04,2610.2,0,0,0,0,0,0,0
0,299.8,309.2,1760,25.9,63,9.4,4773.55,1631.7,0,0,0,0,0,0,0
1,300.7,310.3,1659,29.8,6,9.6,5177.16,178.8,0,0,0,0,0,0,0
0,300.7,311.8,1420,47.0,119,11.1,6989.0,5593.0,0,0,0,0,0,0,0
0,302.4,311.3,1503,38.2,120,8.9,6012.44,4584.0,0,0,0,0,0,0,0
1,298.1,308.0,2129,18.4,45,9.9,4102.25,828.0,0,0,0,0,0,0,0
0,300.2,311.6,1322,50.9,215,11.4,7046.57,10943.5,1,0,0,0,0,0,0
1,299.4,309.1,1440,50.0,134,9.7,7539.82,6700.0,0,0,0,0,0,0,0
1,297.9,309.1,1488,37.3,30,11.2,5812.2,1119.0,0,0,0,0,0,0,0
2,300.8,310.5,1559,40.1,220,9.7,6546.65,8822.0,1,0,0,0,0,0,0
1,298.3,308.8,1391,50.4,13,10.5,7341.53,655.2,0,0,0,0,0,0,0
0,298.2,308.0,1538,38.2,59,9.8,6152.45,2253.8,0,0,0,0,0,0,0
0,297.2,307.9,1326,75.4,172,10.7,10469.92,12968.8,0,1,0,0,1,1,0
0,301.2,310.7,1951,21.3,44,9.5,4351.77,937.2,0,0,0,0,0,0,0
1,303.3,311.8,1536,40.6,205,8.5,6530.49,8323.0,1,0,0,0,0,0,0
2,303.6,312.7,1403,46.2,57,9.1,6787.79,2633.4,0,0,0,0,0,0,0
1,297.1,308.1,1506,37.7,210,11.0,5945.59,7917.0,1,0,0,0,0,0,0
0,297.6,309.3,1543,34.3,8,11.7,5542.28,274.4,0,0,0,0,0,0,0
0,303.7,312.4,1348,51.0,152,8.7,7199.27,7752.0,0,0,0,0,0,0,0
0,298.7,309.0,1565,35.1,152,10.3,5752.41,5335.2,0,0,0,0,0,0,0
2,297.9,308.4,1637,34.5,191,10.5,5914.21,6589.5,0,0,0,0,0,0,0
0,298.2,307.7,1459,44.5,89,9.5,6798.98,3960.5,0,0,0,0,0,0,0
0,299.7,309.2,1411,46.1,173,9.5,6811.72,7975.3,0,0,0,0,0,0,0
0,299.1,310.6,1796,26.0,90,11.5,4889.99,2340.0,0,0,0,0,0,0,0
2,302.2,311.8,1330,62.4,31,9.6,8690.9,1934.4,0,0,0,0,0,0,0
1,298.2,308.8,1626,40.4,20,10.6,6879.08,808.0,0,0,0,0,0,0,0
0,300.5,310.5,1409,60.9,73,10.0,8985.8,4445.7,0,0,0,0,0,0,0
0,300.0,309.2,1610,32.1,150,9.2,5412.02,4815.0,0,0,0,0,0,0,0
2,299.2,310.1,1542,36.1,5,10.9,5829.35,180.5,0,0,0,0,0,0,0
0,301.8,310.6,1522,43.8,70,8.8,6981.0,3066.0,0,0,0,0,0,0,0
0,299.6,310.1,1487,42.9,42,10.5,6680.31,1801.8,0,0,0,0,0,0,0
2,301.4,310.7,1536,44.4,96,9.3,7141.72,4262.4,0,0,0,0,0,0,0
0,301.5,310.7,1686,27.9,135,9.2,4925.95,3766.5,0,0,0,0,0,0,0
0,303.1,311.2,1628,35.2,23,8.1,6001.03,809.6,0,0,0,0,0,0,0
0,300.0,311.5,1455,41.7,130,11.5,6353.71,5421.0,0,0,0,0,0,0,0
1,297.9,307.7,1527,42.8,125,9.8,6844.02,5350.0,0,0,0,0,0,0,0
2,302.2,311.1,1628,30.6,105,8.9,5216.8,3213.0,0,0,0,0,0,0,0
0,299.4,309.0,1660,28.4,139,9.6,4936.91,3947.6,0,0,0,0,0,0,0
0,302.8,312.4,1392,46.2,70,9.6,6734.57,3234.0,0,0,0,0,0,0,0
0,298.2,307.8,1521,42.9,60,9.6,6833.06,2574.0,0,0,0,0,0,0,0
0,297.7,308.7,1694,29.1,102,11.0,5162.2,2968.2,0,0,0,0,0,0,0
1,302.9,312.3,1809,25.0,180,9.4,4735.95,4500.0,0,0,0,0,0,0,0
1,300.6,310.7,1388,42.9,190,10.1,6235.56,8151.0,0,0,0,0,0,0,0
0,300.8,309.6,1498,45.8,47,8.8,7184.65,2152.6,0,0,0,0,0,0,0
2,297.3,308.6,1376,53.5,112,11.3,7709.05,5992.0,0,0,0,0,0,0,0
0,304.0,313.2,1615,37.8,127,9.2,6392.83,4800.6,0,0,0,0,0,0,0
0,301.9,310.8,1525,43.2,62,8.9,6898.94,2678.4,0,0,0,0,0,0,0
0,298.1,309.0,1592,33.9,85,10.9,5651.6,2881.5,0,0,0,0,0,0,0
0,299.9,311.4,1596,28.9,160,11.5,4830.14,4624.0,0,0,0,0,0,0,0
1,295.6,306.3,1426,45.5,53,10.7,6794.53,2411.5,0,0,0,0,0,0,0
0,298.8,310.6,1602,39.1,211,11.8,6559.46,8250.1,1,0,0,0,0,0,0
1,298.5,308.8,1553,34.9,18,10.3,5675.78,628.2,0,0,0,0,0,0,0
0,298.5,308.2,1451,47.5,18,9.7,7217.55,855.0,0,0,0,0,0,0,0
0,302.8,312.3,1473,42.6,232,9.5,6571.14,9883.2,1,0,0,0,0,0,0
2,300.4,311.4,1427,50.7,122,11.0,7576.36,6185.4,0,0,0,0,0,0,0
0,302.2,311.6,1416,54.1,48,9.4,8022.12,2596.8,0,0,0,0,0,0,0
0,298.2,308.8,1666,31.5,30,10.6,5495.59,945.0,0,0,0,0,0,0,0
1,301.1,310.5,1309,60.7,100,9.4,8320.64,6070.0,0,0,0,0,0,0,0
0,300.5,311.6,1444,49.3,92,11.1,7454.92,4535.6,0,0,0,0,0,0,0
0,298.8,310.0,2098,19.6,148,11.2,4306.16,2900.8,0,0,0,0,0,0,0
2,300.4,311.6,1715,30.8,203,11.2,5531.51,6252.4,1,0,0,0,0,0,0
0,299.1,310.2,1425,52.7,154,11.1,7864.19,8115.8,0,0,0,0,0,0,0
0,303.7,313.1,1355,49.1,188,9.4,6967.06,9230.8,0,0,0,0,0,0,0
1,300.8,311.2,1488,40.1,87,10.4,6248.5,3488.7,0,0,0,0,0,0,0
0,299.9,311.4,1627,36.7,118,11.5,6252.91,4330.6,0,0,0,0,0,0,0
0,301.0,311.0,1402,55.3,98,10.0,8118.99,5419.4,0,0,0,0,0,0,0
1,301.3,311.4,1838,23.2,215,10.1,4465.42,4988.0,1,0,0,0,0,0,0
1,297.5,308.9,1280,48.5,19,11.4,6501.0,921.5,0,0,0,0,0,0,0
1,298.8,308.8,1497,46.8,72,10.0,7336.62,3369.6,0,0,0,0,0,0,0
0,299.4,309.3,1525,41.5,30,9.9,6627.45,1245.0,0,0,0,0,0,0,0
0,300.9,310.4,1788,27.8,90,9.5,5205.24,2502.0,0,0,0,0,0,0,0
1,299.6,309.0,1736,26.1,146,9.4,4744.81,3810.6,0,0,0,0,0,0,0
2,300.0,309.4,1498,38.5,37,9.4,6039.5,1424.5,0,0,0,0,0,0,0
0,298.8,310.2,1814,26.8,204,11.4,5090.97,5467.2,1,0,0,0,0,0,0
0,298.6,309.4,1440,48.2,136,10.8,7268.39,6555.2,0,0,0,0,0,0,0
0,299.8,309.5,1590,28.5,23,9.7,4745.38,655.5,0,0,0,0,0,0,0
2,300.4,309.5,1547,50.7,131,9.1,8213.47,6641.7,0,0,0,0,0,0,0
1,298.5,309.4,1521,37.5,94,10.9,5972.95,3525.0,0,0,0,0,0,0,0
0,298.4,309.5,2153,15.3,98,11.1,3449.56,1499.4,0,1,0,0,1,0,0
0,303.7,312.7,1989,22.4,166,9.0,4665.64,3718.4,0,0,0,0,0,0,0
2,302.3,311.4,1443,44.1,51,9.1,6663.98,2249.1,0,0,0,0,0,0,0
1,304.2,313.4,1411,54.8,44,9.2,8097.22,2411.2,0,0,0,0,0,0,0
0,302.3,311.9,1434,51.9,173,9.6,7793.73,8978.7,0,0,0,0,0,0,0
0,300.4,311.4,1424,44.6,127,11.0,6650.79,5664.2,0,0,0,0,0,0,0
0,298.2,307.8,1429,46.9,117,9.6,7018.33,5487.3,0,0,0,0,0,0,0
1,297.3,308.4,1665,28.9,17,11.1,5038.96,491.3,0,0,0,0,0,0,0
0,303.4,312.3,1680,30.6,67,8.9,5383.43,2050.2,0,0,0,0,0,0,0
0,298.5,309.8,1468,40.9,157,11.3,6287.5,6421.3,0,0,0,0,0,0,0
1,300.9,310.2,1533,38.1,137,9.3,6116.4,5219.7,0,0,0,0,0,0,0
1,298.7,309.1,1423,49.5,200,10.4,7376.3,9900.0,1,0,0,0,0,0,0
2,300.9,311.3,1295,58.9,77,10.4,7987.55,4535.3,0,0,0,0,0,0,0
1,297.5,308.6,1472,44.9,198,11.1,6921.22,8890.2,0,0,0,0,0,0,0
0,299.4,310.5,1372,46.3,173,11.1,6652.18,8009.9,0,0,0,0,0,0,0
1,298.8,309.9,1741,27.7,50,11.1,5050.18,1385.0,0,0,0,0,0,0,0
0,303.8,312.9,1573,34.6,14,9.1,5699.46,484.4,0,0,0,0,0,0,0
1,300.9,312.0,1447,41.4,193,11.1,6273.32,7990.2,0,0,0,0,0,0,0
0,302.3,311.0,1561,37.2,180,8.7,6080.99,6696.0,0,0,0,0,0,0,0
1,301.0,310.6,1698,27.3,14,9.6,4854.33,382.2,0,0,0,0,0,0,0
0,298.9,310.3,1436,39.0,32,11.4,5864.73,1248.0,0,0,0,0,0,0,0
0,300.1,310.5,1532,36.0,109,10.4,5775.5,3924.0,0,0,0,0,0,0,0
0,299.6,310.2,1627,36.6,17,10.6,6235.87,622.2,0,0,0,0,0,0,0
0,302.5,310.2,1329,50.6,148,7.7,7042.13,7488.8,0,1,0,1,0,0,0
0,300.5,311.3,1475,46.3,49,10.8,7151.57,2268.7,0,0,0,0,0,0,0
0,300.5,310.5,1646,34.5,63,10.0,5946.72,2173.5,0,0,0,0,0,0,0
0,299.0,310.0,1509,38.0,168,11.0,6004.84,6384.0,0,0,0,0,0,0,0
0,301.8,311.2,1334,52.3,68,9.4,7306.11,3556.4,0,0,0,0,0,0,0
0,297.4,308.6,1678,32.3,180,11.2,5675.75,5814.0,0,0,0,0,0,0,0
1,297.6,308.5,1466,39.7,34,10.9,6094.71,1349.8,0,0,0,0,0,0,0
0,299.6,309.0,1413,48.5,153,9.4,7176.5,7420.5,0,0,0,0,0,0,0
0,297.9,308.6,2262,15.7,125,10.7,3718.95,1962.5,0,0,0,0,0,0,0
0,303.1,312.8,1465,44.1,109,9.7,6765.58,4806.9,0,0,0,0,0,0,0
0,303.4,312.2,1656,32.7,195,8.8,5670.7,6376.5,0,0,0,0,0,0,0
1,303.4,311.5,1817,24.7,125,8.1,4699.81,3087.5,0,0,0,0,0,0,0
0,301.0,311.7,1670,31.3,150,10.7,5473.81,4695.0,0,0,0,0,0,0,0
0,298.9,309.8,1616,36.5,110,10.9,6176.79,4015.0,0,0,0,0,0,0,0
1,298.1,308.8,2206,16.3,195,10.7,3765.49,3178.5,0,0,0,0,0,0,0
0,302.2,311.5,1346,52.4,157,9.3,7385.93,8226.8,0,0,0,0,0,0,0
0,298.2,308.4,1355,49.4,209,10.2,7009.63,10324.6,1,0,0,0,0,0,0
2,300.9,309.5,1469,43.4,126,8.6,6676.37,5468.4,0,0,0,0,0,0,0
0,298.8,308.1,1472,53.5,28,9.3,8246.89,1498.0,0,0,0,0,0,0,0
1,304.1,313.2,2028,18.9,45,9.1,4013.82,850.5,0,0,0,0,0,0,0
0,301.0,310.5,1408,47.0,202,9.5,6929.93,9494.0,1,0,0,0,0,0,0
0,295.6,306.3,1636,32.7,56,10.7,5602.21,1831.2,0,0,0,0,0,0,0
0,297.2,307.9,1580,35.8,140,10.7,5923.37,5012.0,0,0,0,0,0,0,0
0,302.4,310.1,1556,32.9,132,7.7,5360.86,4342.8,0,0,0,0,0,0,0
2,298.7,309.8,1422,40.7,85,11.1,6060.7,3459.5,0,0,0,0,0,0,0
0,301.0,311.0,1804,25.8,174,10.0,4873.99,4489.2,0,0,0,0,0,0,0
0,302.7,310.7,1977,20.0,21,8.0,4140.62,420.0,0,0,0,0,0,0,0
0,300.0,309.5,1925,21.9,9,9.5,4414.72,197.1,0,0,0,0,0,0,0
2,298.8,309.2,1425,53.9,135,10.4,8043.26,7276.5,0,0,0,0,0,0,0
1,298.1,308.2,1736,26.8,27,10.1,4872.07,723.6,0,0,0,0,0,0,0
0,299.2,309.0,1515,48.9,228,9.8,7758.01,11149.2,1,1,0,0,0,1,0
0,301.2,311.0,1596,37.2,219,9.8,6217.34,8146.8,1,0,0,0,0,0,0
0,302.4,311.7,1495,36.8,215,9.3,5761.26,7912.0,1,0,0,0,0,0,0
2,301.0,310.0,1212,67.9,30,9.0,8617.89,2037.0,0,0,0,0,0,0,0
0,300.0,310.2,1675,29.7,64,10.2,5209.55,1900.8,0,0,0,0,0,0,0
1,300.2,310.3,1478,38.1,45,10.1,5896.96,1714.5,0,0,0,0,0,0,0
0,298.2,308.2,1436,50.2,43,10.0,7548.95,2158.6,0,0,0,0,0,0,0
0,300.3,309.5,1474,38.7,35,9.2,5973.61,1354.5,0,0,0,0,0,0,0
0,300.2,310.1,1649,30.5,43,9.9,5266.83,1311.5,0,0,0,0,0,0,0
1,299.3,308.9,1767,24.8,196,9.6,4588.99,4860.8,0,0,0,0,0,0,0
0,300.3,311.5,1548,32.2,25,11.2,5219.82,805.0,0,0,0,0,0,0,0
0,300.6,310.4,2007,19.8,116,9.8,4161.42,2296.8,0,0,0,0,0,0,0
0,302.4,311.7,1721,26.9,112,9.3,4847.99,3012.8,0,0,0,0,0,0,0
1,300.7,310.0,1641,34.6,178,9.3,5945.84,6158.8,0,0,0,0,0,0,0
0,301.6,311.1,1680,29.2,111,9.5,5137.13,3241.2,0,0,0,0,0,0,0
1,300.3,310.0,1409,43.2,9,9.7,6374.17,388.8,0,0,0,0,0,0,0
0,301.5,310.8,1593,34.5,162,9.3,5755.24,5589.0,0,0,0,0,0,0,0
0,297.9,308.5,1519,34.3,61,10.6,5456.08,2092.3,0,0,0,0,0,0,0
1,300.7,310.7,1343,51.6,211,10.0,7256.95,10887.6,1,0,0,0,0,0,0
0,303.4,311.9,1771,31.6,202,8.5,5860.49,6383.2,1,0,0,0,0,0,0
0,298.3,308.0,2886,3.8,57,9.7,1148.44,216.6,0,1,0,0,1,0,0
0,299.5,310.0,1379,50.4,85,10.5,7278.19,4284.0,0,0,0,0,0,0,0
1,303.8,312.9,1594,35.2,69,9.1,5875.7,2428.8,0,0,0,0,0,0,0
0,296.8,307.5,1474,42.4,107,10.7,6544.73,4536.8,0,0,0,0,0,0,0
0,298.4,309.5,1357,50.1,125,11.1,7119.45,6262.5,0,0,0,0,0,0,0
0,300.9,310.6,1538,36.7,3,9.7,5910.86,110.1,0,0,0,0,0,0,0
1,303.3,312.7,1642,33.6,104,9.4,5777.51,3494.4,0,0,0,0,0,0,0
0,296.9,307.8,1425,49.1,163,10.9,7326.98,8003.3,0,0,0,0,0,0,0
2,298.8,309.9,1439,45.2,40,11.1,6811.27,1808.0,0,1,0,0,0,0,0
1,299.7,310.5,1492,39.3,131,10.8,6140.31,5148.3,0,0,0,0,0,0,0
0,301.0,311.4,1478,39.5,75,10.4,6113.64,2962.5,0,0,0,0,0,0,0
0,302.9,312.2,1571,40.6,139,9.3,6679.3,5643.4,0,0,0,0,0,0,0
1,300.7,311.0,1378,41.2,93,10.3,5945.32,3831.6,0,0,0,0,0,0,0
1,299.1,308.8,1491,41.0,209,9.7,6401.62,8569.0,1,0,0,0,0,0,0
2,303.6,311.7,1476,40.1,85,8.1,6198.11,3408.5,0,0,0,0,0,0,0
0,298.6,310.0,1334,48.0,42,11.4,6705.42,2016.0,0,0,0,0,0,0,0
1,301.9,311.0,1432,41.5,51,9.1,6223.29,2116.5,0,0,0,0,0,0,0
1,297.7,308.8,1388,45.6,190,11.1,6628.01,8664.0,0,0,0,0,0,0,0
0,303.5,313.0,1606,34.0,126,9.5,5718.12,4284.0,0,0,0,0,0,0,0
0,297.0,307.7,1731,28.5,186,10.7,5166.19,5301.0,0,0,0,0,0,0,0
0,301.1,310.7,1376,49.1,0,9.6,7075.03,0.0,0,0,0,0,0,0,0
0,300.9,312.4,1364,52.5,125,11.5,7498.98,6562.5,0,0,0,0,0,0,0
2,297.4,309.3,1365,52.4,76,11.9,7490.19,3982.4,0,0,0,0,0,0,0
2,298.8,310.1,1704,30.7,150,11.3,5478.18,4605.0,0,0,0,0,0,0,0
1,299.2,308.9,1573,37.4,212,9.7,6160.68,7928.8,1,0,0,0,0,0,0
2,299.1,310.6,1332,48.0,148,11.5,6695.36,7104.0,0,0,0,0,0,0,0
2,300.5,311.6,1506,36.2,10,11.1,5709.03,362.0,0,0,0,0,0,0,0
0,297.4,308.4,1525,38.7,62,11.0,6180.3,2399.4,0,0,0,0,0,0,0
0,301.1,311.3,1622,35.6,34,10.2,6046.85,1210.4,0,0,0,0,0,0,0
0,301.4,310.6,1481,37.6,77,9.2,5831.38,2895.2,0,0,0,0,0,0,0
1,297.2,308.5,1611,31.6,197,11.3,5331.03,6225.2,0,0,0,0,0,0,0
1,299.5,309.2,1497,40.9,169,9.7,6411.71,6912.1,0,0,0,0,0,0,0
0,301.7,310.7,1318,55.0,194,9.0,7591.14,10670.0,0,0,0,0,0,0,0
2,298.2,307.9,1491,39.7,181,9.7,6198.65,7185.7,0,0,0,0,0,0,0
1,298.1,308.7,1547,38.9,0,10.6,6301.86,0.0,0,0,0,0,0,0,0
0,299.1,310.5,1471,38.4,146,11.4,5915.24,5606.4,0,0,0,0,0,0,0
0,299.7,309.2,1326,64.8,71,9.5,8998.02,4600.8,0,0,0,0,0,0,0
0,300.3,311.8,1548,33.0,16,11.5,5349.5,528.0,0,0,0,0,0,0,0
0,301.5,310.6,1962,20.2,124,9.1,4150.3,2504.8,0,0,0,0,0,0,0
1,302.2,311.3,1375,47.0,98,9.1,6767.51,4606.0,0,0,0,0,0,0,0
0,302.0,310.0,1832,22.9,178,8.0,4393.29,4076.2,0,0,0,0,0,0,0
1,298.7,310.2,1598,33.3,36,11.5,5572.49,1198.8,0,0,0,0,0,0,0
0,298.4,308.6,1569,34.4,160,10.2,5652.1,5504.0,0,0,0,0,0,0,0
1,301.4,310.7,1692,32.3,5,9.3,5723.1,161.5,0,0,0,0,0,0,0
0,301.4,310.4,1301,51.2,112,9.0,6975.51,5734.4,0,0,0,0,0,0,0
0,297.7,308.8,1515,40.1,82,11.1,6361.88,3288.2,0,0,0,0,0,0,0
0,297.8,307.5,1391,48.6,109,9.7,7079.33,5297.4,0,0,0,0,0,0,0
0,302.6,310.8,1486,36.4,160,8.2,5664.33,5824.0,0,0,0,0,0,0,0
1,300.2,311.6,1608,35.0,212,11.4,5893.63,7420.0,1,0,0,0,0,0,0
0,300.4,309.6,1553,43.9,75,9.2,7139.45,3292.5,0,0,0,0,0,0,0
0,299.4,309.2,1569,40.8,73,9.8,6703.66,2978.4,0,0,0,0,0,0,0
0,302.4,311.2,1404,52.0,57,8.8,7645.38,2964.0,0,0,0,0,0,0,0
0,297.9,307.7,1537,37.7,15,9.8,6067.98,565.5,0,0,0,0,0,0,0
1,301.4,310.3,1610,29.1,166,8.9,4906.23,4830.6,0,0,0,0,0,0,0
1,301.0,310.8,1533,39.3,194,9.8,6309.04,7624.2,0,0,0,0,0,0,0
1,298.6,309.6,1344,59.4,200,11.0,8360.16,11880.0,1,0,0,0,0,0,0
2,301.3,311.0,1341,59.3,134,9.7,8327.45,7946.2,0,0,0,0,0,0,0
0,300.5,311.6,1730,30.2,106,11.1,5471.19,3201.2,0,0,0,0,0,0,0
0,298.6,309.9,1556,38.6,36,11.3,6289.64,1389.6,0,0,0,0,0,0,0
0,301.7,310.2,1686,28.9,59,8.5,5102.51,1705.1,0,0,0,0,0,0,0
2,301.9,310.8,1455,42.7,85,8.9,6506.08,3629.5,0,0,0,0,0,0,0
1,300.9,310.9,1727,30.1,102,10.0,5443.62,3070.2,0,0,0,0,0,0,0
0,299.6,310.8,1393,49.9,78,11.2,7279.14,3892.2,0,0,0,0,0,0,0
1,298.8,310.0,1529,38.5,77,11.2,6164.49,2964.5,0,0,0,0,0,0,0
1,302.7,311.8,1728,30.0,12,9.1,5428.67,360.0,0,0,0,0,0,0,0
0,302.3,311.2,1549,40.6,66,8.9,6585.76,2679.6,0,0,0,0,0,0,0
0,298.8,309.1,1489,49.1,128,10.3,7656.05,6284.8,0,0,0,0,0,0,0
0,297.9,307.7,1492,43.7,59,9.8,6827.77,2578.3,0,0,0,0,0,0,0
0,301.2,310.0,1618,37.6,32,8.8,6370.81,1203.2,0,0,0,0,0,0,0
1,298.2,309.4,1693,34.4,73,11.2,6098.79,2511.2,0,0,0,0,0,0,0
2,299.7,309.2,1468,49.6,132,9.5,7624.94,6547.2,0,0,0,0,0,0,0
2,297.5,308.4,1587,36.1,98,10.9,5999.47,3537.8,0,0,0,0,0,0,0
0,298.3,308.8,1645,30.4,33,10.5,5236.83,1003.2,0,0,0,0,0,0,0
1,297.4,308.6,1604,32.8,85,11.2,5509.43,2788.0,0,0,0,0,0,0,0
1,300.3,311.7,1447,36.8,0,11.4,5576.29,0.0,0,0,0,0,0,0,0
0,297.6,309.0,1487,45.4,64,11.4,7069.61,2905.6,0,0,0,0,0,0,0
0,302.8,310.6,1671,30.5,201,7.8,5337.09,6130.5,1,0,0,0,0,0,0
0,299.2,308.5,1387,51.1,98,9.3,7422.09,5007.8,0,0,0,0,0,0,0
0,297.7,307.6,1844,21.9,61,9.9,4228.96,1335.9,0,0,0,0,0,0,0
0,300.3,309.2,1807,26.4,169,8.9,4995.63,4461.6,0,0,0,0,0,0,0
0,300.6,310.9,1344,46.7,133,10.3,6572.71,6211.1,0,0,0,0,0,0,0
0,301.7,309.8,1491,39.3,114,8.1,6136.19,4480.2,0,0,0,0,0,0,0
2,296.6,307.4,1333,50.2,177,10.8,7007.49,8885.4,0,0,0,0,0,0,0
0,297.6,308.3,1742,27.7,13,10.7,5053.08,360.1,0,0,0,0,0,0,0
1,302.4,310.1,1520,36.6,97,7.7,5825.77,3550.2,0,0,0,0,0,0,0
2,302.2,310.0,1468,43.6,38,7.8,6702.57,1656.8,0,0,0,0,0,0,0
1,296.3,307.4,1335,50.5,48,11.1,7059.94,2424.0,0,0,0,0,0,0,0
1,300.4,309.6,1614,30.3,161,9.2,5121.24,4878.3,0,0,0,0,0,0,0
1,297.7,307.2,1405,43.7,2,9.5,6429.64,87.4,0,0,0,0,0,0,0
0,300.8,311.4,1316,57.6,43,10.6,7937.92,2476.8,0,0,0,0,0,0,0
0,302.7,310.4,1542,35.7,38,7.7,5764.76,1356.6,0,0,0,0,0,0,0
0,298.1,307.6,1498,42.9,171,9.5,6729.73,7335.9,0,0,0,0,0,0,0
0,300.8,311.7,1578,31.4,219,10.9,5188.78,6876.6,1,0,0,0,0,0,0
1,300.5,309.7,1389,43.3,9,9.2,6298.23,389.7,0,0,0,0,0,0,0
0,297.5,308.7,1761,26.2,164,11.2,4831.58,4296.8,0,0,0,0,0,0,0
0,297.0,307.9,1296,69.1,153,10.9,9378.03,10572.3,0,1,0,0,1,0,0
0,300.1,311.4,1418,47.7,73,11.3,7083.1,3482.1,0,0,0,0,0,0,0
0,301.3,310.1,1355,53.6,193,8.8,7605.59,10344.8,0,0,0,0,0,0,0
1,299.6,310.1,1357,48.7,96,10.5,6920.5,4675.2,0,0,0,0,0,0,0
1,303.0,311.1,1526,37.3,176,8.1,5960.63,6564.8,0,0,0,0,0,0,0
0,299.0,308.7,1396,48.6,0,9.7,7104.77,0.0,0,0,0,0,0,0,0
0,302.7,312.1,1728,24.4,146,9.4,4415.32,3562.4,0,0,0,0,0,0,0
0,301.4,311.3,1397,42.3,48,9.9,6188.21,2030.4,0,0,0,0,0,0,0
1,299.3,308.7,1420,50.3,208,9.4,7479.71,10462.4,1,0,0,0,0,0,0
1,301.2,310.9,1359,50.8,118,9.7,7229.56,5994.4,0,0,0,0,0,0,0
1,298.9,310.0,1561,45.3,58,11.1,7405.08,2627.4,0,0,0,0,0,0,0
1,298.5,308.0,1519,37.3,29,9.5,5933.29,1081.7,0,0,0,0,0,0,0
0,300.7,310.5,1536,47.4,192,9.8,7624.27,9100.8,0,0,0,0,0,0,0
0,301.4,310.8,1740,29.2,110,9.4,5320.6,3212.0,0,0,0,0,0,0,0
0,298.4,309.4,1461,46.3,121,11.0,7083.69,5602.3,0,0,0,0,0,0,0
1,303.5,312.9,1530,34.5,110,9.4,5527.63,3795.0,0,0,0,0,0,0,0
0,300.9,310.5,1599,40.5,57,9.6,6781.6,2308.5,0,0,0,0,0,0,0
0,298.2,308.0,1499,44.1,166,9.8,6922.59,7320.6,0,0,0,0,0,0,0
0,300.6,311.6,1455,48.0,203,11.0,7313.63,9744.0,1,0,0,0,0,0,0
0,300.5,311.5,1708,31.2,57,11.0,5580.47,1778.4,0,0,0,0,0,0,0
0,303.2,312.6,1601,35.3,148,9.4,5918.27,5224.4,0,0,0,0,0,0,0
0,300.3,310.4,1672,29.2,39,10.1,5112.67,1138.8,0,0,0,0,0,0,0
1,299.7,309.2,1412,45.3,205,9.5,6698.25,9286.5,1,0,0,0,0,0,0
1,300.5,311.9,1730,27.5,209,11.4,4982.04,5747.5,1,0,0,0,0,0,0
0,298.6,308.2,1705,26.3,177,9.6,4695.79,4655.1,0,0,0,0,0,0,0
1,297.5,309.4,1482,39.3,112,11.9,6099.15,4401.6,0,0,0,0,0,0,0
2,301.2,310.7,1747,27.3,35,9.5,4994.41,955.5,0,0,0,0,0,0,0
2,301.6,310.5,1786,27.1,35,8.9,5068.5,948.5,0,0,0,0,0,0,0
0,299.7,311.2,1835,23.7,183,11.5,4554.21,4337.1,0,0,0,0,0,0,0
0,297.0,307.8,1396,50.0,96,10.8,7309.44,4800.0,0,0,0,0,0,0,0
0,300.0,310.2,1760,26.9,193,10.2,4957.85,5191.7,0,0,0,0,0,0,0
0,300.8,311.7,1655,32.2,12,10.9,5580.62,386.4,0,0,0,0,0,0,0
0,302.0,310.5,1263,60.6,90,8.5,8015.02,5454.0,0,1,0,1,0,0,0
2,297.0,308.1,1517,41.4,222,11.1,6576.8,9190.8,1,0,0,0,0,0,0
1,299.2,308.6,1631,35.4,64,9.4,6046.25,2265.6,0,0,0,0,0,0,0
0,301.7,310.2,1311,57.4,40,8.5,7880.31,2296.0,0,1,0,1,0,0,0
0,299.0,308.8,1405,55.2,103,9.8,8121.65,5685.6,0,0,0,0,0,0,0
0,301.1,311.2,1555,35.3,172,10.1,5748.22,6071.6,0,0,0,0,0,0,0
1,301.5,310.7,1454,39.4,17,9.2,5999.14,669.8,0,0,0,0,0,0,0
0,301.8,310.3,1765,27.3,29,8.5,5045.87,791.7,0,0,0,0,0,0,0
0,297.7,308.9,1715,27.2,193,11.2,4884.97,5249.6,0,0,0,0,0,0,0
0,298.1,307.7,1705,29.1,109,9.6,5195.72,3171.9,0,0,0,0,0,0,0
0,300.9,310.4,2021,18.8,30,9.5,3978.81,564.0,0,0,0,0,0,0,0
2,302.8,311.0,1436,43.5,47,8.2,6541.42,2044.5,0,0,0,0,0,0,0
0,297.8,308.3,1435,50.1,189,10.5,7528.67,9468.9,0,0,0,0,0,0,0
1,301.0,310.4,1665,30.9,177,9.4,5387.67,5469.3,0,0,0,0,0,0,0
1,299.0,310.3,1689,29.7,101,11.3,5253.09,2999.7,0,0,0,0,0,0,0
0,301.0,310.9,1813,28.5,197,9.9,5410.92,5614.5,0,0,0,0,0,0,0
1,300.9,309.4,1724,25.6,119,8.5,4621.74,3046.4,0,0,0,0,0,0,0
1,302.9,311.0,1402,40.7,52,8.1,5975.46,2116.4,0,0,0,0,0,0,0
0,299.9,311.3,1429,58.2,103,11.4,8709.31,5994.6,0,0,0,0,0,0,0
0,297.9,307.9,1426,43.6,89,10.0,6510.8,3880.4,0,0,0,0,0,0,0
1,299.7,309.6,1477,42.7,163,9.9,6604.46,6960.1,0,0,0,0,0,0,0
0,297.4,308.1,1474,39.4,20,10.7,6081.66,788.0,0,0,0,0,0,0,0
0,301.6,311.0,1431,42.6,158,9.4,6383.78,6730.8,0,0,0,0,0,0,0
2,299.8,310.6,1423,44.6,116,10.8,6646.12,5173.6,0,0,0,0,0,0,0
1,303.5,312.4,1606,30.1,98,8.9,5062.22,2949.8,0,0,0,0,0,0,0
1,297.8,309.4,1226,58.7,129,11.6,7536.28,7572.3,0,0,0,0,0,0,0
0,302.6,310.5,1450,43.2,68,7.9,6559.65,2937.6,0,0,0,0,0,0,0
1,302.6,310.2,2676,10.8,84,7.6,3026.48,907.2,0,1,0,0,1,0,0
0,301.3,310.9,1566,33.1,82,9.6,5428.11,2714.2,0,0,0,0,0,0,0
1,302.3,311.5,1674,30.0,12,9.2,5259.03,360.0,0,0,0,0,0,0,0
0,303.4,312.6,1462,37.5,118,9.2,5741.26,4425.0,0,0,0,0,0,0,0
1,298.9,310.5,1525,38.5,27,11.6,6148.36,1039.5,0,0,0,0,0,0,0
1,300.3,310.2,1442,39.5,4,9.9,5964.73,158.0,0,0,0,0,0,0,0
0,298.5,310.0,1435,42.5,25,11.5,6386.6,1062.5,0,0,0,0,0,0,0
1,303.7,313.0,1303,54.4,2,9.3,7422.87,108.8,0,0,0,0,0,0,0
0,302.0,310.5,1635,39.8,99,8.5,6814.43,3940.2,0,0,0,0,0,0,0
0,300.9,312.0,1493,38.7,217,11.1,6050.61,8397.9,1,0,0,0,0,0,0
0,300.8,312.1,1505,41.3,173,11.3,6509.01,7144.9,0,0,0,0,0,0,0
1,298.7,309.5,1500,38.8,116,10.8,6094.69,4500.8,0,0,0,0,0,0,0
1,304.0,313.1,1450,42.8,101,9.1,6498.91,4322.8,0,0,0,0,0,0,0
1,297.6,309.0,1427,45.6,179,11.4,6814.24,8162.4,0,0,0,0,0,0,0
0,301.5,310.8,1512,38.9,9,9.3,6159.28,350.1,0,0,0,0,0,0,0
1,301.2,310.9,1424,45.2,68,9.7,6740.27,3073.6,0,0,0,0,0,0,0
0,298.8,310.5,1464,46.4,207,11.7,7113.57,9604.8,1,0,0,0,0,0,0
0,297.2,308.0,1705,26.0,200,10.8,4642.23,5200.0,1,0,0,0,0,0,0
0,299.2,308.9,1342,50.8,195,9.7,7139.12,9906.0,0,0,0,0,0,0,0
0,300.4,309.3,1525,39.6,202,8.9,6324.03,7999.2,1,0,0,0,0,0,0
1,300.8,310.3,1270,61.0,54,9.5,8112.64,3294.0,0,0,0,0,0,0,0
0,300.7,309.6,1810,26.0,195,8.9,4928.11,5070.0,0,0,0,0,0,0,0
0,299.6,310.7,1922,23.3,205,11.1,4689.62,4776.5,1,1,1,0,0,0,0
0,300.4,309.6,1386,56.9,170,9.2,8258.56,9673.0,0,0,0,0,0,0,0
1,299.5,309.4,1387,56.2,32,9.9,8162.84,1798.4,0,0,0,0,0,0,0
0,297.5,308.4,1604,38.1,106,10.9,6399.68,4038.6,0,0,0,0,0,0,0
1,298.6,309.9,1517,34.0,215,11.3,5401.24,7310.0,1,0,0,0,0,0,0
1,301.8,311.0,1393,49.5,168,9.2,7220.79,8316.0,0,0,0,0,0,0,0
1,298.9,308.2,1328,49.2,11,9.3,6842.14,541.2,0,0,0,0,0,0,0
0,303.7,312.8,1543,38.3,61,9.1,6188.61,2336.3,0,0,0,0,0,0,0
0,303.9,313.0,1408,47.5,76,9.1,7003.66,3610.0,0,0,0,0,0,0,0
1,302.5,310.4,1580,35.6,176,7.9,5890.28,6265.6,0,0,0,0,0,0,0
0,299.8,309.3,1386,49.4,116,9.5,7169.99,5730.4,0,0,0,0,0,0,0
1,303.3,311.8,1583,33.3,72,8.5,5520.19,2397.6,0,0,0,0,0,0,0
0,302.3,311.2,1297,62.5,109,8.9,8488.85,6812.5,0,0,0,0,0,0,0
0,300.1,309.4,1858,23.6,26,9.3,4591.84,613.6,0,0,0,0,0,0,0
0,302.3,311.6,1665,34.3,139,9.3,5980.49,4767.7,0,0,0,0,0,0,0
0,298.0,307.8,1453,37.7,119,9.8,5736.35,4486.3,0,0,0,0,0,0,0
0,298.0,308.9,1508,37.1,92,10.9,5858.74,3413.2,0,0,0,0,0,0,0
0,297.1,308.5,1323,44.4,207,11.4,6151.36,9190.8,1,1,1,0,0,0,0
0,301.5,310.9,1600,39.0,160,9.4,6534.51,6240.0,0,0,0,0,0,0,0
0,299.8,310.0,1361,53.8,167,10.2,7667.77,8984.6,0,0,0,0,0,0,0
1,303.3,312.5,1674,32.7,76,9.2,5732.34,2485.2,0,0,0,0,0,0,0
0,298.5,308.0,1404,48.1,32,9.5,7071.98,1539.2,0,0,0,0,0,0,0
0,298.1,308.9,2136,15.9,78,10.8,3556.53,1240.2,0,0,0,0,0,0,0
0,300.3,310.3,1362,60.3,206,10.0,8600.49,12421.8,1,1,0,0,0,1,0
0,301.0,310.4,1476,43.6,173,9.4,6739.09,7542.8,0,0,0,0,0,0,0
0,302.8,312.3,1366,49.1,221,9.5,7023.62,10851.1,1,0,0,0,0,0,0
1,298.6,309.1,1487,43.2,206,10.5,6727.03,8899.2,1,0,0,0,0,0,0
0,297.1,308.4,1304,53.5,153,11.3,7305.67,8185.5,0,0,0,0,0,0,0
0,300.5,310.5,1515,36.6,54,10.0,5806.61,1976.4,0,0,0,0,0,0,0
1,298.5,309.2,1449,46.4,83,10.7,7040.69,3851.2,0,0,0,0,0,0,0
0,302.9,311.2,1634,36.9,71,8.3,6314.04,2619.9,0,0,0,0,0,0,0
0,303.1,312.4,1407,41.2,107,9.3,6070.44,4408.4,0,0,0,0,0,0,0
0,303.4,312.7,1589,34.0,116,9.3,5657.59,3944.0,0,0,0,0,0,0,0
0,297.8,307.8,1573,37.9,33,10.0,6243.05,1250.7,0,0,0,0,0,0,0
0,297.5,308.7,1454,45.0,19,11.2,6851.81,855.0,0,0,0,0,0,0,0
0,300.8,310.2,1514,40.0,155,9.4,6341.83,6200.0,0,0,0,0,0,0,0
0,297.7,309.0,1874,24.4,28,11.3,4788.37,683.2,0,0,0,0,0,0,0
0,303.2,312.4,1663,33.7,71,9.2,5868.82,2392.7,0,0,0,0,0,0,0
0,297.7,309.2,1365,58.6,170,11.5,8376.43,9962.0,0,0,0,0,0,0,0
0,297.1,308.1,1754,30.3,206,11.0,5565.46,6241.8,1,0,0,0,0,0,0
0,301.1,311.6,1488,43.4,5,10.5,6762.72,217.0,0,0,0,0,0,0,0
0,298.1,308.3,1331,63.0,13,10.2,8781.07,819.0,0,0,0,0,0,0,0
1,296.9,307.8,1544,40.3,150,10.9,6516.0,6045.0,0,0,0,0,0,0,0
1,299.1,310.6,1397,49.5,165,11.5,7241.53,8167.5,0,0,0,0,0,0,0
0,301.0,311.5,1559,31.8,195,10.5,5191.61,6201.0,0,0,0,0,0,0,0
0,297.4,308.6,1439,51.9,188,11.2,7820.9,9757.2,0,0,0,0,0,0,0
1,302.1,311.5,1635,31.6,23,9.4,5410.45,726.8,0,0,0,0,0,0,0
0,300.0,310.2,1486,36.4,66,10.2,5664.33,2402.4,0,0,0,0,0,0,0
0,298.0,307.7,1435,45.6,184,9.7,6852.44,8390.4,0,0,0,0,0,0,0
0,302.3,310.7,1402,50.9,157,8.4,7472.99,7991.3,0,0,0,0,0,0,0
2,301.4,311.1,1445,41.4,144,9.7,6264.65,5961.6,0,0,0,0,0,0,0
1,300.0,311.3,1629,32.1,55,11.3,5475.89,1765.5,0,0,0,0,0,0,0
1,300.6,310.6,1403,50.4,64,10.0,7404.86,3225.6,0,0,0,0,0,0,0
1,297.6,308.5,1552,40.9,90,10.9,6647.27,3681.0,0,0,0,0,0,0,0
0,297.4,309.0,1324,56.9,173,11.6,7889.13,9843.7,0,0,0,0,0,0,0
1,302.5,311.4,1636,35.0,157,8.9,5996.25,5495.0,0,0,0,0,0,0,0
1,300.0,310.2,1393,51.2,190,10.2,7468.78,9728.0,0,0,0,0,0,0,0
1,301.7,310.8,1594,32.4,204,9.1,5408.31,6609.6,1,0,0,0,0,0,0
1,297.1,308.4,1502,37.3,181,11.3,5866.88,6751.3,0,0,0,0,0,0,0
0,300.5,309.5,1379,55.6,2,9.0,8029.11,111.2,0,0,0,0,0,0,0
0,303.7,313.1,1683,28.4,46,9.4,5005.31,1306.4,0,0,0,0,0,0,0
1,299.7,310.5,1490,41.2,126,10.8,6428.54,5191.2,0,0,0,0,0,0,0
0,298.7,309.9,1651,29.5,42,11.2,5100.32,1239.0,0,0,0,0,0,0,0
1,302.4,311.0,1580,36.5,64,8.6,6039.19,2336.0,0,0,0,0,0,0,0
2,297.8,307.3,1555,35.8,190,9.5,5829.64,6802.0,0,0,0,0,0,0,0
0,300.7,311.0,1596,36.9,174,10.3,6167.2,6420.6,0,0,0,0,0,0,0
2,298.8,309.8,1510,44.2,35,11.0,6989.21,1547.0,0,0,0,0,0,0,0
0,299.1,310.1,1367,45.6,44,11.0,6527.73,2006.4,0,0,0,0,0,0,0
0,297.5,308.5,1375,55.6,128,11.0,8005.83,7116.8,0,0,0,0,0,0,0
1,302.5,310.5,1918,21.6,131,8.0,4338.41,2829.6,0,0,0,0,0,0,0
0,297.1,308.4,1693,29.5,100,11.3,5230.07,2950.0,0,0,0,0,0,0,0
1,301.8,310.9,1358,52.3,56,9.1,7437.55,2928.8,0,0,0,0,0,0,0
0,302.4,310.4,1865,23.9,129,8.0,4667.73,3083.1,0,0,0,0,0,0,0
2,304.1,313.2,1590,43.4,52,9.1,7226.29,2256.8,0,0,0,0,0,0,0
0,299.9,309.5,1451,39.4,18,9.6,5986.77,709.2,0,0,0,0,0,0,0
1,302.5,311.5,1358,52.7,139,9.0,7494.44,7325.3,0,0,0,0,0,0,0
1,298.1,308.9,1335,50.4,110,10.8,7045.96,5544.0,0,0,0,0,0,0,0
2,298.8,310.5,1294,55.8,202,11.7,7561.31,11271.6,1,0,0,0,0,0,0
1,300.5,311.1,1296,61.3,202,10.6,8319.44,12382.6,1,1,0,0,0,1,0
1,302.5,312.0,1436,43.5,184,9.5,6541.42,8004.0,0,0,0,0,0,0,0
0,300.6,310.3,1794,24.4,211,9.7,4583.96,5148.4,1,0,0,0,0,0,0
1,303.6,311.9,1617,36.0,95,8.3,6095.95,3420.0,0,0,0,0,0,0,0
0,302.8,311.1,1456,36.1,89,8.3,5504.24,3212.9,0,0,0,0,0,0,0
0,300.5,309.8,1939,21.4,164,9.3,4345.3,3509.6,0,0,0,0,0,0,0
0,299.9,311.3,1535,38.1,160,11.4,6124.38,6096.0,0,0,0,0,0,0,0
2,296.4,307.3,1540,37.4,75,10.9,6031.44,2805.0,0,0,0,0,0,0,0
0,297.3,308.3,1590,35.5,59,11.0,5910.91,2094.5,0,0,0,0,0,0,0
2,300.6,309.4,1691,28.0,36,8.8,4958.27,1008.0,0,0,0,0,0,0,0
0,297.6,308.6,1744,28.5,42,11.0,5204.99,1197.0,0,0,0,0,0,0,0
2,299.4,309.3,1743,28.2,0,9.9,5147.25,0.0,0,0,0,0,0,0,0
0,300.2,311.7,1493,48.3,167,11.5,7551.54,8066.1,0,0,0,0,0,0,0
0,302.6,312.3,1512,34.2,44,9.7,5415.1,1504.8,0,0,0,0,0,0,0
1,297.5,308.5,1496,42.2,22,11.0,6611.08,928.4,0,0,0,0,0,0,0
0,296.9,307.8,1557,38.1,135,10.9,6212.15,5143.5,0,0,0,0,0,0,0
0,303.2,311.4,1349,51.1,9,8.2,7218.74,459.9,0,1,0,1,0,0,0
1,301.2,310.0,1625,31.6,173,8.8,5377.36,5466.8,0,0,0,0,0,0,0
1,300.2,309.7,1413,43.0,137,9.5,6362.67,5891.0,0,0,0,0,0,0,0
2,300.3,311.6,1339,53.4,123,11.3,7487.73,6568.2,0,0,0,0,0,0,0
2,301.9,311.0,1672,29.9,13,9.1,5235.23,388.7,0,0,0,0,0,0,0
1,297.5,308.3,1622,37.2,103,10.8,6318.62,3831.6,0,0,0,0,0,0,0
1,302.3,310.7,1559,33.9,119,8.4,5534.45,4034.1,0,0,0,0,0,0,0
0,300.5,309.3,1465,46.0,89,8.8,7057.06,4094.0,0,0,0,0,0,0,0
1,301.8,309.6,1436,49.0,214,7.8,7368.5,10486.0,1,0,0,0,0,0,0
0,301.7,310.6,1513,41.1,64,8.9,6511.92,2630.4,0,0,0,0,0,0,0
1,301.2,309.9,1456,50.8,15,8.7,7745.58,762.0,0,0,0,0,0,0,0
0,298.9,308.7,1438,51.7,64,9.8,7785.35,3308.8,0,0,0,0,0,0,0
1,301.3,310.0,1593,30.8,210,8.7,5138.01,6468.0,1,0,0,0,0,0,0
0,300.9,310.8,1571,39.9,51,9.9,6564.14,2034.9,0,0,0,0,0,0,0
1,302.2,311.7,1653,31.4,2,9.5,5435.4,62.8,0,0,0,0,0,0,0
0,297.4,308.6,1446,48.1,88,11.2,7283.53,4232.8,0,0,0,0,0,0,0
1,297.4,308.6,1657,33.1,156,11.2,5743.53,5163.6,0,0,0,0,0,0,0
0,302.8,310.6,2016,19.9,199,7.8,4201.19,3960.1,0,0,0,0,0,0,0
0,298.8,310.2,1504,41.0,51,11.4,6457.44,2091.0,0,0,0,0,0,0,0
2,298.5,309.4,2011,21.0,59,10.9,4422.42,1239.0,0,0,0,0,0,0,0
0,299.0,308.6,1734,32.4,161,9.6,5883.32,5216.4,0,0,0,0,0,0,0
0,302.6,310.5,1748,28.2,2,7.9,5162.01,56.4,0,0,0,0,0,0,0
0,302.9,312.2,1367,55.1,50,9.3,7887.67,2755.0,0,0,0,0,0,0,0
1,298.1,307.9,1377,55.1,42,9.8,7945.37,2314.2,0,0,0,0,0,0,0
1,298.1,307.9,1303,53.9,52,9.8,7354.65,2802.8,0,0,0,0,0,0,0
0,298.4,308.5,1490,37.9,110,10.1,5913.63,4169.0,0,0,0,0,0,0,0
0,303.3,311.4,1510,37.3,36,8.1,5898.13,1342.8,0,0,0,0,0,0,0
2,302.4,311.2,1506,40.8,204,8.8,6434.48,8323.2,1,0,0,0,0,0,0
0,299.0,310.2,1432,42.2,87,11.2,6328.26,3671.4,0,0,0,0,0,0,0
0,295.9,306.7,1547,40.9,107,10.8,6625.86,4376.3,0,0,0,0,0,0,0
2,297.5,309.3,1459,49.7,201,11.8,7593.47,9989.7,1,0,0,0,0,0,0
0,297.3,308.3,1519,37.7,45,11.0,5996.91,1696.5,0,0,0,0,0,0,0
1,301.3,310.4,2093,18.7,190,9.1,4098.64,3553.0,0,0,0,0,0,0,0
0,297.3,308.1,1763,28.4,54,10.8,5243.23,1533.6,0,0,0,0,0,0,0
0,299.1,308.8,1502,38.3,88,9.7,6024.17,3370.4,0,0,0,0,0,0,0
0,303.3,312.6,1623,34.6,102,9.3,5880.62,3529.2,0,0,0,0,0,0,0
0,301.5,310.5,1644,34.9,186,9.0,6008.36,6491.4,0,0,0,0,0,0,0
0,298.1,307.9,1665,32.0,7,9.8,5579.47,224.0,0,0,0,0,0,0,0
0,298.1,307.8,1761,28.2,76,9.7,5200.4,2143.2,0,0,0,0,0,0,0
2,303.4,312.3,1769,27.9,40,8.9,5168.45,1116.0,0,0,0,0,0,0,0
0,300.3,309.6,1468,44.7,179,9.3,6871.67,8001.3,0,0,0,0,0,0,0
0,297.1,308.4,1488,42.5,146,11.3,6622.48,6205.0,0,0,0,0,0,0,0
0,299.4,308.9,1583,34.1,176,9.5,5652.8,6001.6,0,0,0,0,0,0,0
1,302.1,310.6,1421,52.0,95,8.5,7737.95,4940.0,0,0,0,0,0,0,0
0,300.6,310.4,1457,47.7,120,9.8,7277.91,5724.0,0,0,0,0,0,0,0
0,299.5,310.8,1283,52.4,112,11.3,7040.23,5868.8,0,0,0,0,0,0,0
0,299.6,310.8,1507,42.4,108,11.2,6691.26,4579.2,0,0,0,0,0,0,0
0,299.4,309.2,1556,35.7,75,9.8,5817.1,2677.5,0,0,0,0,0,0,0
0,300.5,309.7,1560,30.2,139,9.2,4933.56,4197.8,0,0,0,0,0,0,0
2,300.5,310.0,1495,47.4,184,9.5,7420.76,8721.6,0,0,0,0,0,0,0
1,300.5,311.6,1577,36.5,4,11.1,6027.72,146.0,0,0,0,0,0,0,0
0,302.5,311.5,1493,35.1,131,9.0,5487.77,4598.1,0,0,0,0,0,0,0
1,299.3,309.2,1586,37.9,129,9.9,6294.64,4889.1,0,0,0,0,0,0,0
2,304.0,313.1,1472,45.5,166,9.1,7013.71,7553.0,0,0,0,0,0,0,0
0,303.7,312.2,1619,34.9,92,8.5,5916.99,3210.8,0,0,0,0,0,0,0
1,302.2,310.8,1408,46.8,49,8.6,6900.45,2293.2,0,0,0,0,0,0,0
0,302.6,310.5,1596,32.8,193,7.9,5481.95,6330.4,0,0,0,0,0,0,0
1,304.1,313.3,1480,38.4,72,9.2,5951.43,2764.8,0,0,0,0,0,0,0
1,297.4,308.4,1675,29.5,59,11.0,5174.46,1740.5,0,0,0,0,0,0,0
0,297.9,307.7,1517,44.4,67,9.8,7053.38,2974.8,0,0,0,0,0,0,0
1,300.3,311.9,1677,30.8,48,11.6,5408.94,1478.4,0,0,0,0,0,0,0
0,300.7,310.7,1442,43.2,49,10.0,6523.45,2116.8,0,0,0,0,0,0,0
0,298.0,307.6,1450,48.7,138,9.6,7394.79,6720.6,0,0,0,0,0,0,0
0,296.7,307.9,1690,29.6,119,11.2,5238.5,3522.4,0,0,0,0,0,0,0
0,299.0,308.9,1622,31.9,42,9.9,5418.39,1339.8,0,0,0,0,0,0,0
0,300.0,309.0,1709,32.1,79,9.0,5744.81,2535.9,0,0,0,0,0,0,0
0,297.8,308.4,1612,32.1,183,10.6,5418.74,5874.3,0,0,0,0,0,0,0
0,300.2,310.1,1523,42.3,25,9.9,6746.35,1057.5,0,0,0,0,0,0,0
0,302.2,311.4,1609,32.1,41,9.2,5408.66,1316.1,0,0,0,0,0,0,0
0,297.3,308.3,1396,45.9,64,11.0,6710.06,2937.6,0,0,0,0,0,0,0
0,297.9,309.0,1450,46.8,118,11.1,7106.28,5522.4,0,0,0,0,0,0,0
1,301.7,310.7,1627,31.3,78,9.0,5332.86,2441.4,0,0,0,0,0,0,0
0,297.4,309.2,1437,40.4,117,11.8,6079.48,4726.8,0,0,0,0,0,0,0
1,300.9,310.7,1420,43.0,133,9.8,6394.19,5719.0,0,0,0,0,0,0,0
0,303.6,311.8,1222,66.8,148,8.2,8548.23,9886.4,0,1,0,1,0,0,0
0,297.6,309.2,1611,33.1,155,11.6,5584.09,5130.5,0,0,0,0,0,0,0
0,297.5,308.6,1671,29.4,136,11.1,5144.61,3998.4,0,0,0,0,0,0,0
2,301.0,310.4,1512,44.9,86,9.4,7109.3,3861.4,0,0,0,0,0,0,0
1,302.7,312.1,1378,46.9,176,9.4,6767.85,8254.4,0,0,0,0,0,0,0
0,303.8,312.8,1503,40.0,154,9.0,6295.75,6160.0,0,0,0,0,0,0,0
1,303.9,313.2,1350,47.2,2,9.3,6672.74,94.4,0,0,0,0,0,0,0
0,302.5,311.1,1499,38.8,135,8.6,6090.63,5238.0,0,0,0,0,0,0,0
2,300.6,311.7,1500,36.7,17,11.1,5764.82,623.9,0,0,0,0,0,0,0
0,302.0,310.5,1651,30.9,146,8.5,5342.37,4511.4,0,0,0,0,0,0,0
0,298.1,308.2,1485,40.7,57,10.1,6329.21,2319.9,0,0,0,0,0,0,0
1,303.3,312.1,1693,30.0,80,8.8,5318.72,2400.0,0,0,0,0,0,0,0
1,302.4,311.1,1366,54.4,0,8.7,7781.77,0.0,0,0,0,0,0,0,0
0,302.9,312.2,1513,37.8,92,9.3,5989.07,3477.6,0,0,0,0,0,0,0
0,300.7,310.4,1234,51.7,160,9.7,6680.89,8272.0,0,0,0,0,0,0,0
2,298.3,308.0,1637,30.8,2,9.7,5279.93,61.6,0,0,0,0,0,0,0
0,302.0,310.4,1448,43.4,167,8.4,6580.92,7247.8,0,0,0,0,0,0,0
0,297.5,308.6,1585,37.6,2,11.1,6240.88,75.2,0,0,0,0,0,0,0
0,300.8,311.7,1490,46.4,217,10.9,7239.9,10068.8,1,0,0,0,0,0,0
0,301.9,310.4,1884,23.4,163,8.5,4616.63,3814.2,0,0,0,0,0,0,0
2,303.5,311.5,1629,33.5,73,8.0,5714.71,2445.5,0,0,0,0,0,0,0
0,297.4,308.6,1532,38.7,136,11.2,6208.67,5263.2,0,0,0,0,0,0,0
0,298.9,310.1,1587,30.2,162,11.2,5018.95,4892.4,0,0,0,0,0,0,0
1,298.4,308.7,1584,31.7,117,10.3,5258.27,3708.9,0,0,0,0,0,0,0
0,300.0,309.2,1444,43.6,123,9.2,6592.99,5362.8,0,0,0,0,0,0,0
2,297.9,309.2,1577,34.7,5,11.3,5730.46,173.5,0,0,0,0,0,0,0
0,300.4,310.1,1614,33.5,191,9.7,5662.09,6398.5,0,0,0,0,0,0,0
2,300.6,309.4,1555,37.9,24,8.8,6171.61,909.6,0,0,0,0,0,0,0
1,298.5,309.6,1509,47.3,2,11.1,7474.45,94.6,0,0,0,0,0,0,0
0,298.9,310.0,1452,48.9,185,11.1,7435.4,9046.5,0,0,0,0,0,0,0
1,297.5,308.5,1662,30.3,26,11.0,5273.54,787.8,0,0,0,0,0,0,0
1,301.7,311.0,1311,55.8,39,9.3,7660.65,2176.2,0,0,0,0,0,0,0
1,300.8,311.2,1434,39.1,82,10.4,5871.57,3206.2,0,0,0,0,0,0,0
2,300.0,309.6,1629,32.3,89,9.6,5510.01,2874.7,0,0,0,0,0,0,0
1,300.5,311.6,1456,51.1,193,11.1,7791.32,9862.3,0,0,0,0,0,0,0
0,298.2,307.8,1388,48.6,76,9.6,7064.06,3693.6,0,0,0,0,0,0,0
0,297.5,308.6,1596,36.0,141,11.1,6016.78,5076.0,0,0,0,0,0,0,0
0,301.1,310.8,1724,27.5,101,9.7,4964.76,2777.5,0,0,0,0,0,0,0
1,300.4,311.8,1553,33.1,209,11.4,5383.05,6917.9,1,1,1,0,0,0,0
2,300.6,310.5,1454,51.2,58,9.9,7795.84,2969.6,0,0,0,0,0,0,0
0,298.3,309.9,1463,43.9,116,11.6,6725.7,5092.4,0,0,0,0,0,0,0
1,298.5,308.0,1363,49.2,149,9.5,7022.46,7330.8,0,0,0,0,0,0,0
0,301.8,311.0,1771,27.2,162,9.2,5044.48,4406.4,0,0,0,0,0,0,0
0,301.9,311.0,1642,33.1,126,9.1,5691.54,4170.6,0,0,0,0,0,0,0
1,297.6,308.7,1475,46.6,54,11.1,7197.91,2516.4,0,0,0,0,0,0,0
0,301.5,310.9,1318,50.6,11,9.4,6983.84,556.6,0,0,0,0,0,0,0
0,300.4,310.8,1396,49.3,142,10.4,7207.11,7000.6,0,0,0,0,0,0,0
0,300.4,311.2,1673,28.9,171,10.8,5063.17,4941.9,0,0,0,0,0,0,0
0,299.0,310.2,1533,43.5,159,11.2,6983.29,6916.5,0,0,0,0,0,0,0
1,298.7,309.8,1570,42.1,200,11.1,6921.66,8420.0,1,0,0,0,0,0,0
0,303.3,311.3,1592,33.7,14,8.0,5618.26,471.8,0,0,0,0,0,0,0
0,299.7,310.8,1589,36.0,190,11.1,5990.39,6840.0,0,0,0,0,0,0,0
1,303.8,312.6,1527,41.9,159,8.8,6700.11,6662.1,0,0,0,0,0,0,0
0,297.9,307.7,1593,34.9,83,9.8,5821.97,2896.7,0,0,0,0,0,0,0
2,299.2,308.4,1388,53.2,59,9.2,7732.67,3138.8,0,0,0,0,0,0,0
1,302.6,310.5,1420,56.4,57,7.9,8386.8,3214.8,0,0,0,0,0,0,0
0,302.2,311.6,1545,35.9,152,9.4,5808.33,5456.8,0,0,0,0,0,0,0
0,300.0,309.1,1465,40.6,9,9.1,6228.63,365.4,0,0,0,0,0,0,0
2,298.7,309.8,1582,33.4,121,11.1,5533.27,4041.4,0,0,0,0,0,0,0
1,298.8,309.8,1534,37.0,47,11.0,5943.68,1739.0,0,0,0,0,0,0,0
1,302.2,311.0,1476,47.4,161,8.8,7326.45,7631.4,0,0,0,0,0,0,0
0,299.1,310.3,1619,31.1,242,11.2,5272.73,7526.2,1,0,0,0,0,0,0
1,298.0,309.0,1393,55.9,79,11.0,8154.39,4416.1,0,0,0,0,0,0,0
0,300.9,310.9,1601,34.0,181,10.0,5700.32,6154.0,0,0,0,0,0,0,0
0,299.9,309.8,1716,28.2,117,9.9,5067.51,3299.4,0,0,0,0,0,0,0
0,303.5,312.6,1602,34.2,108,9.1,5737.43,3693.6,0,0,0,0,0,0,0
0,298.5,308.8,1670,29.6,13,10.3,5176.51,384.8,0,0,0,0,0,0,0
1,299.6,308.9,1685,27.8,161,9.3,4905.39,4475.8,0,0,0,0,0,0,0
2,297.9,309.1,1435,44.7,8,11.2,6717.2,357.6,0,0,0,0,0,0,0
0,302.2,311.2,1928,23.1,2,9.0,4663.88,46.2,0,0,0,0,0,0,0
0,300.4,311.4,1662,29.3,129,11.0,5099.5,3779.7,0,0,0,0,0,0,0
0,298.9,308.2,1828,23.8,26,9.3,4555.98,618.8,0,0,0,0,0,0,0
0,299.1,310.4,1657,31.0,129,11.3,5379.14,3999.0,0,0,0,0,0,0,0
0,302.5,310.2,1586,32.2,64,7.7,5347.95,2060.8,0,0,0,0,0,0,0
1,300.0,309.3,2293,16.3,170,9.3,3914.0,2771.0,0,0,0,0,0,0,0
0,297.2,308.7,1501,38.5,86,11.5,6051.6,3311.0,0,0,0,0,0,0,0
0,302.6,311.6,1638,29.6,160,9.0,5077.32,4736.0,0,0,0,0,0,0,0
1,300.0,311.4,1791,24.1,213,11.4,4520.03,5133.3,1,0,0,0,0,0,0
1,300.4,310.8,1491,35.9,148,10.4,5605.32,5313.2,0,0,0,0,0,0,0
0,298.5,309.6,1585,32.2,89,11.1,5344.58,2865.8,0,0,0,0,0,0,0
1,298.8,309.8,1477,46.7,59,11.0,7223.14,2755.3,0,0,0,0,0,0,0
0,300.5,309.5,1795,27.7,117,9.0,5206.82,3240.9,0,0,0,0,0,0,0
1,298.0,308.5,1585,33.0,24,10.5,5477.37,792.0,0,0,0,0,0,0,0
0,297.2,308.6,1774,23.0,30,11.4,4272.78,690.0,0,0,0,0,0,0,0
0,300.2,311.4,1425,44.2,84,11.2,6595.77,3712.8,0,0,0,0,0,0,0
0,300.8,310.7,1525,39.4,175,9.9,6292.09,6895.0,0,0,0,0,0,0,0
0,302.6,312.1,1439,52.3,35,9.5,7881.18,1830.5,0,0,0,0,0,0,0
1,301.7,310.6,1876,22.1,99,8.9,4341.64,2187.9,0,0,0,0,0,0,0
2,300.1,309.6,1463,45.1,113,9.5,6909.55,5096.3,0,0,0,0,0,0,0
2,300.7,309.6,1390,48.5,7,8.9,7059.68,339.5,0,0,0,0,0,0,0
0,300.7,312.3,1898,24.0,60,11.6,4770.19,1440.0,0,0,0,0,0,0,0
2,297.8,308.4,1550,38.2,185,10.6,6200.46,7067.0,0,0,0,0,0,0,0
0,301.8,311.0,1606,33.3,4,9.2,5600.39,133.2,0,0,0,0,0,0,0
1,300.6,310.8,1389,48.1,88,10.2,6996.42,4232.8,0,0,0,0,0,0,0
1,297.0,307.9,1414,46.2,165,10.9,6841.01,7623.0,0,0,0,0,0,0,0
1,297.5,308.7,1697,28.1,107,11.2,4993.63,3006.7,0,0,0,0,0,0,0
0,297.4,308.2,1402,49.7,41,10.8,7296.81,2037.7,0,0,0,0,0,0,0
0,300.7,310.5,1960,21.0,194,9.8,4310.27,4074.0,0,0,0,0,0,0,0
1,303.0,311.2,1614,35.7,207,8.2,6033.93,7389.9,1,0,0,0,0,0,0
1,301.4,310.5,1495,52.5,201,9.1,8219.19,10552.5,1,0,0,0,0,0,0
0,300.1,311.4,1484,43.1,13,11.3,6697.92,560.3,0,0,0,0,0,0,0
0,302.5,310.3,1446,44.0,146,7.8,6662.69,6424.0,0,0,0,0,0,0,0
1,297.3,309.0,1556,39.5,168,11.7,6436.29,6636.0,0,0,0,0,0,0,0
1,299.7,308.9,1551,35.4,82,9.2,5749.68,2902.8,0,0,0,0,0,0,0
0,301.3,310.6,1560,36.8,113,9.3,6011.75,4158.4,0,0,0,0,0,0,0
1,301.9,309.6,1439,41.7,201,7.7,6283.85,8381.7,1,0,0,0,0,0,0
1,302.3,311.3,1625,33.1,137,9.0,5632.61,4534.7,0,0,0,0,0,0,0
2,302.7,310.4,1305,55.2,20,7.7,7543.59,1104.0,0,1,0,1,0,0,0
1,300.8,312.4,1811,25.1,136,11.6,4760.15,3413.6,0,0,0,0,0,0,0
1,298.3,309.1,1404,47.0,15,10.8,6910.25,705.0,0,0,0,0,0,0,0
1,297.7,308.8,1350,57.0,105,11.1,8058.19,5985.0,0,0,0,0,0,0,0
0,300.3,311.8,1413,46.0,182,11.5,6806.57,8372.0,0,0,0,0,0,0,0
1,303.3,312.4,1505,38.9,68,9.1,6130.77,2645.2,0,0,0,0,0,0,0
0,298.1,307.9,1698,33.3,40,9.8,5921.21,1332.0,0,0,0,0,0,0,0
0,298.0,309.0,1679,32.4,90,11.0,5696.71,2916.0,0,0,0,0,0,0,0
2,300.6,311.7,1427,44.6,87,11.1,6664.81,3880.2,0,0,0,0,0,0,0
1,302.4,310.5,1500,36.7,164,8.1,5764.82,6018.8,0,0,0,0,0,0,0
0,298.2,308.1,1306,58.3,35,9.9,7973.34,2040.5,0,0,0,0,0,0,0
1,299.6,311.1,1649,33.8,133,11.5,5836.68,4495.4,0,0,0,0,0,0,0
0,297.4,309.2,1428,38.8,26,11.8,5802.14,1008.8,0,0,0,0,0,0,0
1,302.3,311.1,1338,53.3,63,8.8,7468.13,3357.9,0,0,0,0,0,0,0
0,303.8,313.1,1869,25.8,211,9.3,5049.61,5443.8,1,0,0,0,0,0,0
1,303.9,313.3,1567,35.0,168,9.4,5743.35,5880.0,0,0,0,0,0,0,0
0,300.8,310.7,1461,42.8,173,9.9,6548.21,7404.4,0,0,0,0,0,0,0
0,298.8,309.9,1629,31.9,49,11.1,5441.77,1563.1,0,0,0,0,0,0,0
0,300.0,309.5,1506,38.8,87,9.5,6119.07,3375.6,0,0,0,0,0,0,0
0,300.1,311.4,1604,35.0,191,11.3,5878.97,6685.0,0,0,0,0,0,0,0
0,301.3,310.6,1451,47.5,42,9.3,7217.55,1995.0,0,0,0,0,0,0,0
1,301.8,310.1,2372,13.9,205,8.3,3452.69,2849.5,1,1,0,0,1,0,0
0,299.0,308.6,1946,22.3,102,9.6,4544.4,2274.6,0,0,0,0,0,0,0
2,298.9,310.1,1366,62.7,161,11.2,8969.06,10094.7,0,0,0,0,0,0,0
0,298.0,309.1,1473,44.3,124,11.1,6833.37,5493.2,0,0,0,0,0,0,0
0,300.4,310.6,1384,48.7,24,10.2,7058.2,1168.8,0,0,0,0,0,0,0
1,301.3,311.0,1495,40.8,148,9.7,6387.49,6038.4,0,0,0,0,0,0,0
1,297.6,309.3,1464,46.2,218,11.7,7082.91,10071.6,1,0,0,0,0,0,0
2,303.6,312.4,1436,45.6,9,8.8,6857.22,410.4,0,0,0,0,0,0,0
0,301.4,310.8,1543,36.9,97,9.4,5962.4,3579.3,0,0,0,0,0,0,0
2,300.1,311.6,1674,29.6,85,11.5,5188.91,2516.0,0,0,0,0,0,0,0
0,302.8,312.4,1523,39.7,239,9.6,6331.68,9488.3,1,0,0,0,0,0,0
1,301.6,310.8,1664,32.0,58,9.2,5576.12,1856.0,0,0,0,0,0,0,0
0,298.9,310.1,1510,38.0,52,11.2,6008.82,1976.0,0,0,0,0,0,0,0
0,298.2,309.0,1341,43.8,171,10.8,6150.8,7489.8,0,0,0,0,0,0,0
0,297.9,308.9,1393,40.6,45,11.0,5922.51,1827.0,0,0,0,0,0,0,0
0,298.5,309.3,1570,40.1,131,10.8,6592.84,5253.1,0,0,0,0,0,0,0
1,301.5,310.5,1412,44.1,184,9.0,6520.82,8114.4,0,0,0,0,0,0,0
0,298.6,309.8,1505,45.7,144,11.2,7202.47,6580.8,0,0,0,0,0,0,1
1,298.4,309.5,1344,45.3,122,11.1,6375.67,5526.6,0,0,0,0,0,0,0
0,297.4,308.1,1348,57.4,66,10.7,8102.71,3788.4,0,0,0,0,0,0,0
1,298.6,309.8,1430,43.1,80,11.2,6454.19,3448.0,0,0,0,0,0,0,0
1,302.5,312.1,1454,47.6,37,9.6,7247.7,1761.2,0,0,0,0,0,0,0
0,300.4,311.3,1639,34.6,24,10.9,5938.59,830.4,0,0,0,0,0,0,0
0,298.3,307.9,1502,42.0,103,9.6,6606.14,4326.0,0,0,0,0,0,0,0
0,303.3,311.3,1389,53.9,39,8.0,7840.06,2102.1,0,0,0,0,0,0,0
0,299.6,309.2,1713,26.5,167,9.6,4753.7,4425.5,0,0,0,0,0,0,0
0,299.7,309.4,1445,42.9,55,9.7,6491.63,2359.5,0,0,0,0,0,0,0
0,297.0,307.7,1502,39.4,126,10.7,6197.19,4964.4,0,0,0,0,0,0,0
0,298.8,308.5,1490,35.0,29,9.7,5461.14,1015.0,0,0,0,0,0,0,0
1,302.7,312.1,1564,32.1,188,9.4,5257.39,6034.8,0,0,0,0,0,0,0
1,299.0,310.0,1486,34.6,91,11.0,5384.23,3148.6,0,0,0,0,0,0,0
0,301.5,310.5,1556,39.1,48,9.0,6371.11,1876.8,0,0,0,0,0,0,0
1,299.1,308.6,1491,38.5,166,9.5,6011.28,6391.0,0,0,0,0,0,0,0
2,300.7,312.1,1490,43.1,159,11.4,6725.0,6852.9,0,0,0,0,0,0,0
0,297.0,307.9,1436,47.7,191,10.9,7173.01,9110.7,0,0,0,0,0,0,0
0,298.8,309.3,1357,47.1,176,10.5,6693.13,8289.6,0,0,0,0,0,0,0
0,297.5,308.2,1327,56.5,189,10.7,7851.42,10678.5,0,0,0,0,0,0,0
1,298.7,309.0,1843,25.8,130,10.3,4979.36,3354.0,0,0,0,0,0,0,0
1,302.3,310.9,1710,30.4,218,8.6,5443.75,6627.2,1,1,1,0,0,0,0
0,302.7,312.4,1433,44.2,17,9.7,6632.8,751.4,0,0,0,0,0,0,0
0,300.8,312.4,1825,23.8,127,11.6,4548.5,3022.6,0,0,0,0,0,0,0
1,301.9,311.1,1380,51.6,184,9.2,7456.88,9494.4,0,0,0,0,0,0,0
0,300.4,309.7,1740,31.1,113,9.3,5666.8,3514.3,0,0,0,0,0,0,0
0,298.3,308.0,1361,56.9,81,9.7,8109.59,4608.9,0,0,0,0,0,0,0
0,300.7,310.6,1654,34.2,89,9.9,5923.66,3043.8,0,0,0,0,0,0,0
2,299.3,309.0,1425,40.6,123,9.7,6058.56,4993.8,0,0,0,0,0,0,0
1,303.5,312.3,1593,35.2,29,8.8,5872.01,1020.8,0,0,0,0,0,0,0
0,300.5,309.5,1542,38.5,108,9.0,6216.9,4158.0,0,0,0,0,0,0,0
1,297.9,307.7,1364,46.8,89,9.8,6684.81,4165.2,0,0,0,0,0,0,0
1,296.9,307.8,1828,24.6,91,10.9,4709.12,2238.6,0,0,0,0,0,0,0
1,299.8,311.2,1706,29.2,148,11.4,5216.64,4321.6,0,0,0,0,0,0,0
0,297.5,309.2,1426,44.8,24,11.7,6690.0,1075.2,0,0,0,0,0,0,0
0,298.3,308.0,1242,62.0,98,9.7,8063.84,6076.0,0,0,0,0,0,0,0
0,297.8,307.6,1446,51.4,105,9.8,7783.23,5397.0,0,0,0,0,0,0,0
1,299.6,310.9,1630,29.8,206,11.3,5086.66,6138.8,1,0,0,0,0,0,0
2,303.7,311.9,1332,52.7,66,8.2,7350.95,3478.2,0,1,0,1,0,0,0
0,300.4,309.5,1711,29.2,215,9.1,5231.92,6278.0,1,0,0,0,0,0,0
1,302.2,310.6,1570,34.6,163,8.4,5688.59,5639.8,0,0,0,0,0,0,0
0,300.7,311.1,2437,13.8,163,10.4,3521.79,2249.4,0,0,0,0,0,0,0
0,297.4,308.2,1419,50.0,52,10.8,7429.87,2600.0,0,0,0,0,0,0,0
1,300.8,311.1,1583,32.1,116,10.3,5321.26,3723.6,0,0,0,0,0,0,0
1,300.3,311.8,1607,33.7,199,11.5,5671.19,6706.3,0,0,0,0,0,0,0
0,298.2,308.7,1407,45.1,49,10.5,6645.07,2209.9,0,0,0,0,0,0,0
0,304.0,313.0,1407,42.1,5,9.0,6203.04,210.5,0,0,0,0,0,0,0
2,299.2,310.5,1329,48.9,30,11.3,6805.54,1467.0,0,0,0,0,0,0,0
0,301.6,310.7,1429,43.6,176,9.1,6524.5,7673.6,0,0,0,0,0,0,0
0,303.8,312.5,1523,47.0,152,8.7,7495.94,7144.0,0,0,0,0,0,0,0
0,300.8,311.3,1462,41.4,75,10.5,6338.35,3105.0,0,0,0,0,0,0,0
0,303.3,312.2,1457,40.7,48,8.9,6209.87,1953.6,0,0,0,0,0,0,0
0,297.6,308.5,1574,37.1,121,10.9,6115.15,4489.1,0,0,0,0,0,0,0
0,302.4,311.1,1565,42.8,163,8.7,7014.34,6976.4,0,0,0,0,0,0,0
0,298.3,308.5,1539,36.1,168,10.2,5818.01,6064.8,0,0,0,0,0,0,0
0,297.7,309.1,1563,39.3,56,11.4,6432.51,2200.8,0,0,0,0,0,0,0
0,302.0,310.6,1361,46.7,182,8.6,6655.85,8499.4,0,0,0,0,0,0,0
0,298.5,309.6,1462,45.1,115,11.1,6904.82,5186.5,0,0,0,0,0,0,0
0,301.0,312.3,1445,36.4,105,11.3,5508.05,3822.0,0,0,0,0,0,0,0
1,296.9,307.4,1521,37.9,27,10.5,6036.66,1023.3,0,0,0,0,0,0,0
1,297.6,308.8,1683,31.6,79,11.2,5569.29,2496.4,0,0,0,0,0,0,0
0,298.9,310.1,1442,48.0,181,11.2,7248.28,8688.0,0,0,0,0,0,0,0
0,298.6,309.8,1496,37.7,134,11.2,5906.11,5051.8,0,0,0,0,0,0,0
1,301.4,311.2,1434,47.6,52,9.8,7148.0,2475.2,0,0,0,0,0,0,0
1,302.5,311.9,1414,51.6,205,9.4,7640.6,10578.0,1,0,0,0,0,0,0
0,301.5,310.4,1543,34.0,55,8.9,5493.81,1870.0,0,0,0,0,0,0,0
1,303.8,312.5,2344,15.2,146,8.7,3731.04,2219.2,0,0,0,0,0,0,0
2,300.4,310.1,1484,38.0,198,9.7,5905.36,7524.0,0,0,0,0,0,0,0
0,302.8,312.5,1694,28.4,66,9.7,5038.03,1874.4,0,0,0,0,0,0,0
0,301.9,311.3,1366,55.6,57,9.4,7953.42,3169.2,0,0,0,0,0,0,0
1,303.6,311.8,1659,34.7,94,8.2,6028.43,3261.8,0,0,0,0,0,0,0
0,300.6,309.6,1682,30.7,78,9.0,5407.46,2394.6,0,0,0,0,0,0,0
1,298.9,309.3,1632,32.5,55,10.4,5554.34,1787.5,0,0,0,0,0,0,0
0,302.4,312.0,1545,36.4,12,9.6,5889.23,436.8,0,0,0,0,0,0,0
0,297.6,308.9,1449,47.7,209,11.3,7237.95,9969.3,1,0,0,0,0,0,0
2,296.3,307.2,1424,42.0,196,10.9,6263.08,8232.0,0,0,0,0,0,0,0
0,299.4,309.0,1404,47.3,86,9.6,6954.36,4067.8,0,0,0,0,0,0,0
0,302.2,311.5,1616,34.0,19,9.3,5753.72,646.0,0,0,0,0,0,0,0
1,303.3,311.3,1566,46.1,41,8.0,7559.99,1890.1,0,0,0,0,0,0,0
2,297.8,309.0,1410,48.8,23,11.2,7205.56,1122.4,0,0,0,0,0,0,0
0,300.1,310.5,1394,44.3,121,10.4,6466.88,5360.3,0,0,0,0,0,0,0
0,296.9,307.8,1571,35.0,102,10.9,5758.02,3570.0,0,0,0,0,0,0,0
1,299.6,309.1,1366,55.2,95,9.5,7896.2,5244.0,0,0,0,0,0,0,0
0,300.3,311.7,1333,55.2,18,11.4,7705.45,993.6,0,0,0,0,0,0,0
0,299.8,309.4,1467,46.2,219,9.6,7097.42,10117.8,1,0,0,0,0,0,0
0,299.3,308.8,1603,33.9,203,9.5,5690.65,6881.7,1,0,0,0,0,0,0
0,302.4,311.8,1465,40.2,143,9.4,6167.26,5748.6,0,0,0,0,0,0,0
0,300.3,311.7,1545,43.5,160,11.4,7037.95,6960.0,0,0,0,0,0,0,1
1,297.1,307.9,1980,20.3,159,10.8,4209.11,3227.7,0,0,0,0,0,0,0
1,300.1,310.1,1402,46.6,10,10.0,6841.68,466.0,0,0,0,0,0,0,0
0,296.5,307.4,1523,40.7,85,10.9,6491.17,3459.5,0,0,0,0,0,0,0
0,297.7,308.8,1616,34.2,114,11.1,5787.57,3898.8,0,0,0,0,0,0,0
0,299.6,308.9,1422,53.2,120,9.3,7922.09,6384.0,0,0,0,0,0,0,0
0,298.4,309.3,1549,40.8,139,10.9,6618.2,5671.2,0,0,0,0,0,0,0
1,302.2,311.2,1561,34.9,106,9.0,5705.02,3699.4,0,0,0,0,0,0,0
0,295.5,306.1,1650,32.8,67,10.6,5667.43,2197.6,0,0,0,0,0,0,0
1,298.9,309.9,1357,54.5,121,11.0,7744.71,6594.5,0,0,0,0,0,0,0
2,301.2,309.9,1362,50.7,25,8.7,7231.26,1267.5,0,0,0,0,0,0,0
0,297.5,308.8,1603,36.7,184,11.3,6160.67,6752.8,0,0,0,0,0,0,0
1,302.7,312.2,1585,35.5,167,9.5,5892.32,5928.5,0,0,0,0,0,0,0
0,299.5,310.8,1374,48.3,154,11.3,6949.64,7438.2,0,0,0,0,0,0,0
0,298.3,308.4,1329,49.2,166,10.1,6847.29,8167.2,0,0,0,0,0,0,0
0,298.8,309.9,1550,38.8,53,11.1,6297.85,2056.4,0,0,0,0,0,0,0
1,299.6,310.8,1603,35.4,202,11.2,5942.45,7150.8,1,0,0,0,0,0,0
0,301.6,310.9,1492,45.2,155,9.3,7062.13,7006.0,0,0,0,0,0,0,0
0,302.6,310.3,1642,33.2,82,7.7,5708.73,2722.4,0,0,0,0,0,0,0
1,298.5,309.5,1535,39.8,87,11.0,6397.64,3462.6,0,0,0,0,0,0,0
0,300.0,309.9,1608,33.4,76,9.9,5624.2,2538.4,0,0,0,0,0,0,0
0,303.5,312.4,1574,32.7,175,8.9,5389.9,5722.5,0,0,0,0,0,0,0
0,301.2,311.4,1757,28.0,6,10.2,5151.79,168.0,0,0,0,0,0,0,0
0,302.3,310.8,1377,47.3,22,8.5,6820.62,1040.6,0,1,0,1,0,0,0
0,299.3,310.2,1495,49.2,16,10.9,7702.56,787.2,0,0,0,0,0,0,0
0,297.9,307.7,1353,50.7,13,9.8,7183.47,659.1,0,0,0,0,0,0,0
0,300.0,311.2,1418,47.3,60,11.2,7023.7,2838.0,0,0,0,0,0,0,0
2,300.5,309.5,1635,34.2,62,9.0,5855.61,2120.4,0,0,0,0,0,0,0
1,303.4,312.6,2706,9.8,65,9.2,2777.04,637.0,0,1,0,0,1,0,0
0,302.1,310.7,1465,40.7,13,8.6,6243.97,529.1,0,0,0,0,0,0,0
0,302.1,311.5,1727,27.7,50,9.4,5009.57,1385.0,0,0,0,0,0,0,0
0,303.6,312.0,1309,52.9,86,8.4,7251.43,4549.4,0,1,0,1,0,0,0
0,301.1,310.1,1417,46.9,35,9.0,6959.39,1641.5,0,0,0,0,0,0,0
1,302.3,310.9,1581,36.1,109,8.6,5976.79,3934.9,0,0,0,0,0,0,0
1,303.1,311.0,1510,47.6,16,7.9,7526.84,761.6,0,0,0,0,0,0,0
1,302.4,311.0,1464,44.2,106,8.6,6776.29,4685.2,0,0,0,0,0,0,0
1,297.7,308.1,1469,48.8,183,10.4,7507.07,8930.4,0,0,0,0,0,0,0
1,299.8,309.6,1331,50.2,98,9.8,6996.98,4919.6,0,0,0,0,0,0,0
0,295.6,306.2,1426,48.6,124,10.6,7257.46,6026.4,0,0,0,0,0,0,0
0,297.3,308.3,1333,55.2,11,11.0,7705.45,607.2,0,0,0,0,0,0,0
1,302.6,310.4,1532,36.1,77,7.8,5791.55,2779.7,0,0,0,0,0,0,0
0,300.6,312.0,1670,29.4,134,11.4,5141.53,3939.6,0,0,0,0,0,0,0
0,302.5,311.4,1674,27.0,223,8.9,4733.12,6021.0,1,0,0,0,0,0,0
1,303.8,313.2,1732,29.6,147,9.4,5368.69,4351.2,0,0,0,0,0,0,0
0,300.1,309.1,1478,46.9,116,9.0,7258.98,5440.4,0,0,0,0,0,0,0
0,298.4,309.3,1716,28.4,66,10.9,5103.45,1874.4,0,0,0,0,0,0,0
0,303.2,311.2,1439,43.9,30,8.0,6615.37,1317.0,0,0,0,0,0,0,0
0,298.9,309.8,1287,61.9,216,10.9,8342.53,13370.4,1,1,0,0,0,1,0
0,298.1,307.8,1432,49.8,198,9.7,7467.94,9860.4,0,0,0,0,0,0,0
1,298.5,309.7,1552,34.0,205,11.2,5525.85,6970.0,1,0,0,0,0,0,0
1,298.1,307.9,1463,47.3,206,9.8,7246.6,9743.8,1,0,0,0,0,0,0
0,302.3,311.7,1793,25.3,200,9.4,4750.39,5060.0,1,0,0,0,0,0,0
0,298.0,307.8,1716,26.6,9,9.8,4780.0,239.4,0,0,0,0,0,0,0
0,298.9,310.0,1515,42.9,170,11.1,6806.1,7293.0,0,0,0,0,0,0,0
0,296.5,307.3,1579,34.5,166,10.8,5704.66,5727.0,0,0,0,0,0,0,0
0,303.2,312.6,1281,57.0,144,9.4,7646.32,8208.0,0,0,0,0,0,0,0
0,298.4,309.5,1376,50.4,202,11.1,7262.36,10180.8,1,0,0,0,0,0,0
0,302.0,310.5,1370,44.4,85,8.5,6369.89,3774.0,0,1,0,1,0,0,0
0,302.2,311.5,1481,40.4,93,9.3,6265.63,3757.2,0,0,0,0,0,0,0
0,299.6,310.7,1393,52.1,110,11.1,7600.07,5731.0,0,0,0,0,0,0,0
1,298.9,308.6,1469,34.2,93,9.7,5261.1,3180.6,0,0,0,0,0,0,0
0,300.5,309.9,1443,48.3,122,9.4,7298.64,5892.6,0,0,0,0,0,0,0
0,300.9,310.4,1454,43.1,43,9.5,6562.51,1853.3,0,0,0,0,0,0,0
0,299.1,308.5,1676,31.0,69,9.4,5440.82,2139.0,0,0,0,0,0,0,0
1,300.4,311.7,1511,33.0,200,11.3,5221.64,6600.0,1,0,0,0,0,0,0
0,301.0,312.1,1405,46.1,79,11.1,6782.75,3641.9,0,0,0,0,0,0,0
0,298.9,308.2,1510,43.5,46,9.3,6878.52,2001.0,0,0,0,0,0,0,0
1,297.6,308.4,1398,48.9,63,10.8,7158.87,3080.7,0,0,0,0,0,0,0
0,301.2,311.0,1612,32.9,129,9.8,5553.79,4244.1,0,0,0,0,0,0,0
1,300.6,309.7,1934,22.8,15,9.1,4617.64,342.0,0,0,0,0,0,0,0
0,299.3,310.7,1495,39.2,144,11.4,6137.0,5644.8,0,0,0,0,0,0,0
0,300.9,310.7,1523,35.8,205,9.8,5709.68,7339.0,1,0,0,0,0,0,0
0,302.2,311.9,1596,38.0,156,9.7,6351.04,5928.0,0,0,0,0,0,0,0
0,299.3,310.5,1529,41.3,17,11.2,6612.81,702.1,0,0,0,0,0,0,0
0,300.0,311.4,1655,29.6,30,11.4,5130.01,888.0,0,0,0,0,0,0,0
1,302.3,311.4,1479,45.6,59,9.1,7062.55,2690.4,0,0,0,0,0,0,0
0,298.8,309.1,1368,50.8,115,10.3,7277.44,5842.0,0,0,0,0,0,0,0
0,298.8,309.9,1351,47.2,73,11.1,6677.69,3445.6,0,0,0,0,0,0,0
0,300.1,310.0,1511,41.7,186,9.9,6598.26,7756.2,0,0,0,0,0,0,0
0,297.0,307.9,1529,42.2,157,10.9,6756.92,6625.4,0,0,0,0,0,0,0
2,297.7,307.3,1249,62.8,47,9.6,8213.92,2951.6,0,0,0,0,0,0,0
0,297.3,308.1,1615,35.4,217,10.8,5986.93,7681.8,1,1,1,0,0,0,0
0,303.5,312.9,1332,52.9,66,9.4,7378.85,3491.4,0,0,0,0,0,0,0
1,300.2,309.8,1466,45.7,41,9.6,7015.83,1873.7,0,0,0,0,0,0,0
0,297.4,308.6,1680,32.8,200,11.2,5770.48,6560.0,1,0,0,0,0,0,0
1,298.2,307.8,1566,33.8,100,9.6,5542.9,3380.0,0,0,0,0,0,0,0
1,302.4,310.1,1577,35.8,136,7.7,5912.12,4868.8,0,0,0,0,0,0,0
1,299.3,308.8,1442,49.0,165,9.5,7399.29,8085.0,0,0,0,0,0,0,0
0,304.2,313.3,1464,45.9,48,9.1,7036.92,2203.2,0,0,0,0,0,0,0
0,300.5,311.9,1511,41.8,205,11.4,6614.08,8569.0,1,0,0,0,0,0,0
0,298.5,308.4,1513,33.6,172,9.9,5323.62,5779.2,0,0,0,0,0,0,0
1,299.2,308.3,1364,51.8,104,9.1,7399.0,5387.2,0,0,0,0,0,0,0
0,300.6,309.4,1549,43.4,233,8.8,7039.95,10112.2,1,0,0,0,0,0,0
0,301.1,310.1,1666,27.2,40,9.0,4745.4,1088.0,0,0,0,0,0,0,0
0,300.5,310.8,1354,51.8,157,10.3,7344.75,8132.6,0,0,0,0,0,0,0
1,301.9,310.6,1475,47.8,179,8.7,7383.27,8556.2,0,0,0,0,0,0,0
0,299.7,310.2,1633,36.5,24,10.5,6241.77,876.0,0,0,0,0,0,0,0
1,297.6,308.8,1357,49.7,104,11.2,7062.6,5168.8,0,0,0,0,0,0,0
2,299.7,310.8,1418,46.6,197,11.1,6919.76,9180.2,0,0,0,0,0,0,0
0,298.8,308.6,1268,55.8,155,9.8,7409.38,8649.0,0,0,0,0,0,0,0
1,303.4,311.5,1483,43.0,117,8.1,6677.87,5031.0,0,0,0,0,0,0,0
0,303.1,311.1,1420,55.8,113,8.0,8297.57,6305.4,0,0,0,0,0,0,0
2,295.7,306.2,1458,49.8,151,10.5,7603.53,7519.8,0,0,0,0,0,0,0
2,302.5,311.8,2370,14.7,198,9.3,3648.33,2910.6,0,0,0,0,0,0,0
0,298.3,309.4,1570,35.6,138,11.1,5853.0,4912.8,0,0,0,0,0,0,0
1,295.5,306.0,1423,45.3,205,10.5,6750.43,9286.5,1,0,0,0,0,0,0
0,298.8,308.6,1599,33.0,101,9.8,5525.75,3333.0,0,0,0,0,0,0,0
0,300.7,311.9,1476,42.0,196,11.2,6491.79,8232.0,0,0,0,0,0,0,0
0,299.1,308.3,1426,40.1,60,9.2,5988.15,2406.0,0,0,0,0,0,0,0
1,302.2,311.2,1663,29.6,115,9.0,5154.81,3404.0,0,0,0,0,0,0,0
1,300.7,312.4,1371,61.7,102,11.7,8858.32,6293.4,0,0,0,0,0,0,0
0,298.5,309.6,1419,41.5,105,11.1,6166.79,4357.5,0,0,0,0,0,0,0
1,300.6,310.7,1566,38.2,187,10.1,6264.46,7143.4,0,0,0,0,0,0,0
0,298.6,309.8,2271,16.2,218,11.2,3852.66,3531.6,1,1,1,0,0,0,0
1,303.8,312.5,1448,44.3,195,8.7,6717.4,8638.5,0,0,0,0,0,0,0
1,301.4,310.6,1630,30.3,2,9.2,5172.0,60.6,0,0,0,0,0,0,0
2,302.1,310.1,1615,29.9,176,8.0,5056.76,5262.4,0,0,0,0,0,0,0
0,300.3,309.9,1621,34.1,36,9.6,5788.5,1227.6,0,0,0,0,0,0,0
0,300.7,309.5,1251,59.9,120,8.8,7847.16,7188.0,0,0,0,0,0,0,0
0,298.9,310.1,1466,43.4,50,11.2,6662.73,2170.0,0,0,0,0,0,0,0
1,300.7,310.7,1347,46.5,183,10.0,6559.17,8509.5,0,0,0,0,0,0,0
0,302.7,312.1,1688,32.0,155,9.4,5656.54,4960.0,0,0,0,0,0,0,0
0,297.3,308.5,1514,44.5,177,11.2,7055.28,7876.5,0,0,0,0,0,0,0
0,297.8,308.4,1622,38.3,134,10.6,6505.46,5132.2,0,0,0,0,0,0,0
0,297.8,308.8,1579,32.9,70,11.0,5440.1,2303.0,0,0,0,0,0,0,0
0,300.7,310.1,1565,40.2,81,9.4,6588.23,3256.2,0,0,0,0,0,0,0
2,299.5,309.4,1386,44.4,154,9.9,6444.29,6837.6,0,0,0,0,0,0,0
1,303.7,312.7,1612,36.3,200,9.0,6127.74,7260.0,1,0,0,0,0,0,0
0,300.1,311.3,1547,40.0,201,11.2,6480.06,8040.0,1,0,0,0,0,0,0
1,301.6,310.7,1457,47.8,7,9.1,7293.17,334.6,0,0,0,0,0,0,0
1,302.1,310.0,1531,38.0,161,7.9,6092.39,6118.0,0,0,0,0,0,0,0
0,298.5,308.6,1522,36.9,53,10.1,5881.25,1955.7,0,0,0,0,0,0,0
0,298.7,309.9,1464,38.0,74,11.2,5825.77,2812.0,0,0,0,0,0,0,0
1,300.5,309.7,1685,29.4,140,9.2,5187.71,4116.0,0,0,0,0,0,0,0
1,303.7,312.8,1634,33.8,63,9.1,5783.59,2129.4,0,0,0,0,0,0,0
2,301.3,310.8,1434,39.5,18,9.5,5931.64,711.0,0,0,0,0,0,0,0
0,298.7,309.1,1607,32.7,2,10.4,5502.91,65.4,0,0,0,0,0,0,0
2,303.4,311.8,1693,28.3,175,8.4,5017.32,4952.5,0,0,0,0,0,0,0
1,299.2,308.5,1474,47.2,132,9.3,7285.65,6230.4,0,0,0,0,0,0,0
0,300.3,309.9,1527,41.4,2,9.6,6620.15,82.8,0,0,0,0,0,0,0
0,300.0,311.4,1634,31.9,0,11.4,5458.48,0.0,0,0,0,0,0,0,0
1,298.5,309.3,1615,31.8,23,10.8,5378.09,731.4,0,0,0,0,0,0,0
1,299.0,308.9,1526,41.1,20,9.9,6567.88,822.0,0,0,0,0,0,0,0
1,296.9,308.0,1497,44.8,57,11.1,7023.09,2553.6,0,0,0,0,0,0,0
1,301.9,310.9,1317,51.9,40,9.0,7157.84,2076.0,0,0,0,0,0,0,0
0,299.8,309.0,1567,36.1,95,9.2,5923.86,3429.5,0,0,0,0,0,0,0
0,302.8,310.9,1312,52.2,40,8.1,7171.88,2088.0,0,1,0,1,0,0,0
0,300.6,312.0,1406,55.1,136,11.4,8112.7,7493.6,0,0,0,0,0,0,0
0,299.0,309.4,1693,30.1,84,10.4,5336.45,2528.4,0,0,0,0,0,0,0
0,301.3,310.6,1376,47.6,45,9.3,6858.89,2142.0,0,0,0,0,0,0,0
0,301.3,310.4,1501,41.6,192,9.1,6538.87,7987.2,0,0,0,0,0,0,0
0,297.5,309.1,1515,35.1,213,11.6,5568.63,7476.3,1,0,0,0,0,0,0
1,301.6,310.8,1548,34.2,143,9.2,5544.03,4890.6,0,0,0,0,0,0,0
0,301.3,310.3,1560,36.3,129,9.0,5930.07,4682.7,0,0,0,0,0,0,0
1,297.0,308.1,1507,43.1,51,11.1,6801.73,2198.1,0,0,0,0,0,0,0
0,302.4,310.4,1456,47.6,127,8.0,7257.67,6045.2,0,0,0,0,0,0,0
0,297.0,307.8,1316,61.2,200,10.8,8434.05,12240.0,1,1,0,0,0,1,0
0,300.1,311.5,1549,34.7,189,11.4,5628.72,6558.3,0,0,0,0,0,0,0
0,297.1,308.0,1348,58.0,162,10.9,8187.41,9396.0,0,0,0,0,0,0,0
2,297.6,308.3,1400,44.3,43,10.7,6494.72,1904.9,0,0,0,0,0,0,0
0,300.7,311.2,1486,46.8,56,10.5,7282.71,2620.8,0,0,0,0,0,0,0
0,298.1,308.7,1671,28.8,41,10.6,5039.62,1180.8,0,0,0,0,0,0,0
0,302.2,311.4,1430,43.1,29,9.2,6454.19,1249.9,0,0,0,0,0,0,0
0,297.8,307.4,1418,41.2,155,9.6,6117.9,6386.0,0,0,0,0,0,0,0
0,297.3,308.4,1491,46.5,29,11.1,7260.38,1348.5,0,0,0,0,0,0,0
1,302.1,311.5,1341,50.8,99,9.4,7133.8,5029.2,0,0,0,0,0,0,0
1,298.9,309.8,1363,50.6,115,10.9,7222.29,5819.0,0,0,0,0,0,0,0
0,300.5,311.7,1409,54.7,104,11.2,8070.99,5688.8,0,0,0,0,0,0,0
0,301.3,310.0,1506,40.8,11,8.7,6434.48,448.8,0,0,0,0,0,0,0
0,300.9,310.4,1541,39.1,17,9.5,6309.69,664.7,0,0,0,0,0,0,0
1,298.7,308.5,1360,52.9,69,9.8,7533.96,3650.1,0,0,0,0,0,0,0
1,300.2,309.4,1329,53.6,186,9.2,7459.65,9969.6,0,0,0,0,0,0,0
0,297.4,308.4,1582,37.2,68,11.0,6162.8,2529.6,0,0,0,0,0,0,0
0,298.7,309.8,1365,50.5,111,11.1,7218.59,5605.5,0,0,0,0,0,0,0
1,297.3,308.3,1459,59.6,207,11.0,9106.05,12337.2,1,1,0,0,1,1,0
1,302.8,312.3,1416,42.7,241,9.5,6331.69,10290.7,1,0,0,0,0,0,0
0,297.4,309.2,1698,29.4,119,11.8,5227.74,3498.6,0,0,0,0,0,0,0
0,299.8,311.2,1564,40.0,172,11.4,6551.27,6880.0,0,0,0,0,0,0,0
1,302.6,311.4,1757,29.5,151,8.8,5427.78,4454.5,0,0,0,0,0,0,0
2,298.3,309.3,1529,41.7,5,11.0,6676.86,208.5,0,0,0,0,0,0,0
1,297.9,307.9,1336,54.4,82,10.0,7610.86,4460.8,0,0,0,0,0,0,0
1,302.3,311.3,1444,43.1,115,9.0,6517.38,4956.5,0,0,0,0,0,0,0
0,297.8,307.8,1383,56.5,98,10.0,8182.75,5537.0,0,0,0,0,0,0,0
1,300.9,310.7,1362,51.6,212,9.8,7359.62,10939.2,1,0,0,0,0,0,0
1,297.8,308.4,1579,36.6,152,10.6,6051.9,5563.2,0,0,0,0,0,0,0
1,299.8,311.0,1948,20.0,185,11.2,4079.88,3700.0,0,0,0,0,0,0,0
0,300.0,309.0,2174,16.9,112,9.0,3847.47,1892.8,0,0,0,0,0,0,0
2,300.2,309.3,1342,48.7,68,9.1,6844.0,3311.6,0,0,0,0,0,0,0
1,298.1,308.0,1374,48.8,156,9.9,7021.59,7612.8,0,0,0,0,0,0,0
1,298.0,308.6,1376,55.7,214,10.6,8026.06,11919.8,1,0,0,0,0,0,0
0,300.7,311.7,1499,38.4,205,11.0,6027.84,7872.0,1,0,0,0,0,0,0
1,299.0,309.0,1804,26.8,17,10.0,5062.91,455.6,0,0,0,0,0,0,0
0,302.4,310.4,1666,29.7,125,8.0,5181.55,3712.5,0,0,0,0,0,0,0
0,300.9,310.8,1701,30.4,55,9.9,5415.1,1672.0,0,0,0,0,0,0,0
0,298.7,309.9,1621,34.1,130,11.2,5788.5,4433.0,0,0,0,0,0,0,0
0,302.0,309.8,1532,39.4,2,7.8,6320.97,78.8,0,0,0,0,0,0,0
1,297.4,308.5,1465,55.9,153,11.1,8575.87,8552.7,0,0,0,0,0,0,0
0,298.2,308.3,1568,36.0,92,10.1,5911.22,3312.0,0,0,0,0,0,0,0
1,300.6,309.5,1492,34.0,144,8.9,5312.22,4896.0,0,0,0,0,0,0,0
2,295.6,306.0,1396,52.4,0,10.4,7660.29,0.0,0,0,0,0,0,0,0
1,299.7,309.1,1603,38.5,170,9.4,6462.83,6545.0,0,0,0,0,0,0,0
1,299.5,309.0,1701,28.6,98,9.5,5094.47,2802.8,0,0,0,0,0,0,0
2,299.8,309.3,1595,32.1,183,9.5,5361.6,5874.3,0,0,0,0,0,0,0
2,302.6,310.4,1614,36.0,74,7.8,6084.64,2664.0,0,0,0,0,0,0,0
0,302.0,310.5,2197,15.8,133,8.5,3635.09,2101.4,0,0,0,0,0,0,0
2,299.0,310.1,2053,19.7,137,11.1,4235.3,2698.9,0,0,0,0,0,0,0
0,301.8,310.6,1403,46.8,151,8.8,6875.94,7066.8,0,0,0,0,0,0,0
0,297.3,308.2,1754,29.4,123,10.9,5400.15,3616.2,0,0,0,0,0,0,0
1,297.5,309.2,1804,27.4,215,11.7,5176.26,5891.0,1,0,0,0,0,0,0
0,297.7,308.5,1501,41.4,201,10.8,6507.43,8321.4,1,0,0,0,0,0,0
0,301.9,310.7,1370,50.3,20,8.8,7216.34,1006.0,0,0,0,0,0,0,0
2,295.6,306.1,1623,30.9,210,10.5,5251.77,6489.0,1,0,0,0,0,0,0
0,300.7,309.5,1541,37.2,48,8.8,6003.08,1785.6,0,0,0,0,0,0,0
1,301.5,310.6,1424,47.0,26,9.1,7008.68,1222.0,0,0,0,0,0,0,0
1,301.5,310.6,1403,47.4,34,9.1,6964.09,1611.6,0,0,0,0,0,0,0
0,304.0,313.0,2012,21.1,115,9.0,4445.69,2426.5,0,0,0,0,0,0,0
1,302.0,310.5,1639,32.9,94,8.5,5646.81,3092.6,0,0,0,0,0,0,0
0,297.6,308.7,1365,50.6,143,11.1,7232.89,7235.8,0,0,0,0,0,0,0
0,299.8,309.5,1739,27.5,128,9.7,5007.96,3520.0,0,0,0,0,0,0,0
0,303.2,311.2,1427,45.6,25,8.0,6814.24,1140.0,0,0,0,0,0,0,0
0,301.3,310.0,1665,31.4,0,8.7,5474.85,0.0,0,0,0,0,0,0,0
0,303.1,311.4,1829,24.5,159,8.3,4692.54,3895.5,0,0,0,0,0,0,0
0,298.6,309.3,1677,31.2,180,10.7,5479.19,5616.0,0,0,0,0,0,0,0
2,298.9,308.7,1500,41.6,187,9.8,6534.51,7779.2,0,0,0,0,0,0,0
1,304.1,313.3,1494,39.0,49,9.2,6101.6,1911.0,0,0,0,0,0,0,0
1,303.6,312.1,1967,20.9,2,8.5,4305.06,41.8,0,0,0,0,0,0,0
1,299.3,309.1,1703,31.3,120,9.8,5581.97,3756.0,0,0,0,0,0,0,0
0,302.1,311.2,1519,39.3,155,9.1,6251.42,6091.5,0,0,0,0,0,0,0
0,302.0,310.8,1383,50.3,231,8.8,7284.82,11619.3,1,1,0,0,0,1,0
1,302.2,311.2,1347,49.8,94,9.0,7024.66,4681.2,0,0,0,0,0,0,0
1,302.0,311.2,1418,49.5,17,9.2,7350.38,841.5,0,0,0,0,0,0,0
1,298.1,308.8,1811,25.4,147,10.7,4817.05,3733.8,0,0,0,0,0,0,0
0,299.4,309.1,1645,28.6,57,9.7,4926.75,1630.2,0,0,0,0,0,0,0
1,302.4,311.9,1439,36.6,212,9.5,5515.32,7759.2,1,0,0,0,0,0,0
0,299.0,310.1,1470,40.3,83,11.1,6203.7,3344.9,0,0,0,0,0,0,0
0,298.5,309.5,1561,34.8,35,11.0,5688.67,1218.0,0,0,0,0,0,0,0
2,301.2,310.6,1457,50.5,114,9.4,7705.12,5757.0,0,0,0,0,0,0,0
0,295.7,306.3,1915,22.4,79,10.6,4492.06,1769.6,0,0,0,0,0,0,0
0,299.1,308.3,1431,52.3,38,9.2,7837.36,1987.4,0,0,0,0,0,0,0
0,299.1,310.3,1619,35.2,240,11.2,5967.85,8448.0,1,0,0,0,0,0,0
0,300.0,310.5,1517,42.2,186,10.5,6703.89,7849.2,0,0,0,0,0,0,0
0,300.5,311.6,1385,54.8,173,11.1,7948.02,9480.4,0,0,0,0,0,0,0
0,298.2,308.4,1379,43.1,65,10.2,6224.01,2801.5,0,0,0,0,0,0,0
1,297.0,308.0,1408,47.9,54,11.0,7062.64,2586.6,0,0,0,0,0,0,0
0,304.0,312.9,1363,62.5,200,8.9,8920.81,12500.0,1,1,0,0,0,1,0
0,298.9,310.1,1401,44.4,76,11.2,6514.03,3374.4,0,0,0,0,0,0,0
0,299.7,309.1,1715,27.8,192,9.4,4992.72,5337.6,0,0,0,0,0,0,0
1,300.8,309.7,1519,39.7,16,8.9,6315.05,635.2,0,0,0,0,0,0,0
1,300.0,310.2,1443,58.7,68,10.2,8870.19,3991.6,0,0,0,0,0,0,0
2,300.4,309.6,1416,43.3,66,9.2,6420.66,2857.8,0,0,0,0,0,0,0
0,299.7,309.6,1419,45.1,170,9.9,6701.74,7667.0,0,0,0,0,0,0,0
0,298.9,310.3,1583,32.6,230,11.4,5404.15,7498.0,1,0,0,0,0,0,0
1,299.3,308.8,1648,28.4,188,9.5,4901.22,5339.2,0,0,0,0,0,0,0
1,302.2,311.5,1863,25.7,85,9.3,5013.89,2184.5,0,0,0,0,0,0,0
0,299.7,310.9,1477,40.4,83,11.2,6248.71,3353.2,0,0,0,0,0,0,0
0,299.2,309.0,1615,33.7,193,9.8,5699.43,6504.1,0,0,0,0,0,0,0
1,297.3,308.1,1709,30.6,196,10.8,5476.36,5997.6,0,0,0,0,0,0,0
1,301.5,310.5,1600,32.8,205,9.0,5495.69,6724.0,1,0,0,0,0,0,0
0,300.9,310.0,1671,26.8,199,9.1,4689.64,5333.2,0,0,0,0,0,0,0
0,299.5,309.1,1476,47.8,223,9.6,7388.27,10659.4,1,0,0,0,0,0,0
0,298.1,307.5,1391,57.4,161,9.4,8361.18,9241.4,0,0,0,0,0,0,0
0,301.2,309.9,1687,29.7,30,8.7,5246.87,891.0,0,0,0,0,0,0,0
0,301.1,311.2,1564,37.0,165,10.1,6059.92,6105.0,0,0,0,0,0,0,0
0,299.1,310.5,1739,27.4,72,11.4,4989.75,1972.8,0,0,0,0,0,0,0
0,298.7,308.5,1483,42.5,46,9.8,6600.22,1955.0,0,0,0,0,0,0,0
1,298.8,309.8,1551,36.6,15,11.0,5944.58,549.0,0,0,0,0,0,0,0
0,300.7,309.7,1598,33.7,149,9.0,5639.43,5021.3,0,0,0,0,0,0,0
1,298.9,309.8,2450,13.9,89,10.9,3566.23,1237.1,0,0,0,0,0,0,0
0,300.1,309.6,1642,34.5,53,9.5,5932.27,1828.5,0,0,0,0,0,0,0
0,300.6,310.6,1514,39.5,87,10.0,6262.56,3436.5,0,0,0,0,0,0,0
1,298.9,310.6,1720,25.3,197,11.7,4556.98,4984.1,0,0,0,0,0,0,0
0,299.1,308.9,1467,47.2,218,9.8,7251.05,10289.6,1,0,0,0,0,0,0
2,300.6,309.6,1888,20.5,133,9.0,4053.07,2726.5,0,0,0,0,0,0,0
0,300.4,309.8,1314,63.1,146,9.4,8682.67,9212.6,0,0,0,0,0,0,0
0,300.9,312.1,1474,42.4,171,11.2,6544.73,7250.4,0,0,0,0,0,0,0
0,298.9,309.1,1369,44.4,198,10.2,6365.24,8791.2,0,0,0,0,0,0,0
1,298.9,309.0,1924,22.6,193,10.1,4553.47,4361.8,0,0,0,0,0,0,0
0,302.4,311.1,1520,42.2,143,8.7,6717.14,6034.6,0,0,0,0,0,0,0
0,297.9,307.6,1589,37.8,120,9.7,6289.91,4536.0,0,0,0,0,0,0,0
0,300.0,311.2,1629,31.7,62,11.2,5407.65,1965.4,0,0,0,0,0,0,0
0,299.2,308.5,1340,50.0,144,9.3,7016.22,7200.0,0,0,0,0,0,0,0
0,298.6,309.6,1387,57.6,50,11.0,8366.19,2880.0,0,0,0,0,0,0,0
0,304.0,313.0,2354,15.0,117,9.0,3697.65,1755.0,0,0,0,0,0,0,0
0,297.9,309.1,1504,43.0,4,11.2,6772.44,172.0,0,0,0,0,0,0,0
0,300.8,310.0,1468,52.7,178,9.2,8101.5,9380.6,0,0,0,0,0,0,0
0,297.6,308.6,1526,42.1,57,11.0,6727.68,2399.7,0,0,0,0,0,0,0
1,297.2,308.3,1429,42.0,6,11.1,6285.07,252.0,0,0,0,0,0,0,0
0,297.9,308.8,1613,31.4,57,10.9,5303.87,1789.8,0,0,0,0,0,0,0
0,303.0,311.3,1365,56.2,146,8.3,8033.37,8205.2,0,1,0,1,0,0,0
0,302.2,311.5,1725,34.0,170,9.3,6141.81,5780.0,0,0,0,0,0,0,0
0,301.5,310.7,1423,44.0,222,9.2,6556.71,9768.0,1,0,0,0,0,0,0
1,301.0,311.5,1530,43.9,165,10.5,7033.71,7243.5,0,0,0,0,0,0,0
0,303.0,311.2,1494,37.0,67,8.2,5788.7,2479.0,0,0,0,0,0,0,0
0,299.0,308.6,1378,47.8,163,9.6,6897.72,7791.4,0,0,0,0,0,0,0
0,301.9,310.4,1708,24.8,17,8.5,4435.76,421.6,0,0,0,0,0,0,0
0,298.9,308.6,1522,46.4,2,9.7,7395.39,92.8,0,0,0,0,0,0,0
1,298.4,309.2,1597,33.5,116,10.8,5602.45,3886.0,0,0,0,0,0,0,0
0,303.8,312.7,1461,38.2,188,8.9,5844.43,7181.6,0,0,0,0,0,0,0
0,297.7,309.6,1529,35.2,153,11.9,5636.1,5385.6,0,0,0,0,0,0,0
0,303.6,312.7,1418,44.1,118,9.1,6548.52,5203.8,0,0,0,0,0,0,0
1,297.6,308.5,1360,48.6,77,10.9,6921.56,3742.2,0,0,0,0,0,0,0
1,301.7,310.3,1787,26.7,33,8.6,4996.48,881.1,0,0,0,0,0,0,0
0,297.9,307.6,1430,52.4,178,9.7,7846.86,9327.2,0,0,0,0,0,0,0
1,300.8,310.6,1669,28.4,79,9.8,4963.67,2243.6,0,0,0,0,0,0,0
0,302.2,311.1,1447,52.1,174,8.9,7894.69,9065.4,0,0,0,0,0,0,0
1,300.5,309.9,1994,19.8,189,9.4,4134.46,3742.2,0,0,0,0,0,0,0
2,298.5,308.7,1450,43.9,28,10.2,6665.94,1229.2,0,0,0,0,0,0,0
1,298.7,309.9,1654,29.1,195,11.2,5040.31,5674.5,0,0,0,0,0,0,0
0,296.8,308.0,1391,54.4,17,11.2,7924.19,924.8,0,0,0,0,0,0,0
0,301.1,310.2,1455,55.3,9,9.1,8425.91,497.7,0,0,0,0,0,0,0
0,301.8,310.5,1593,34.9,139,8.7,5821.97,4851.1,0,0,0,0,0,0,0
2,300.6,310.5,1519,37.0,91,9.9,5885.56,3367.0,0,0,0,0,0,0,0
0,302.0,311.0,1563,36.2,8,9.0,5925.11,289.6,0,0,0,0,0,0,0
0,297.8,309.7,1341,49.2,208,11.9,6909.12,10233.6,1,0,0,0,0,0,0
0,298.8,309.8,1509,36.2,57,11.0,5720.4,2063.4,0,0,0,0,0,0,0
0,297.5,308.8,1587,34.9,166,11.3,5800.04,5793.4,0,0,0,0,0,0,0
1,297.8,307.4,1488,36.1,57,9.6,5625.21,2057.7,0,0,0,0,0,0,0
1,298.2,309.0,1446,45.8,80,10.8,6935.25,3664.0,0,0,0,0,0,0,0
0,300.9,310.8,1493,45.8,57,9.9,7160.67,2610.6,0,0,0,0,0,0,0
0,297.3,308.6,1273,59.8,182,11.3,7971.83,10883.6,0,0,0,0,0,0,0
0,300.7,310.5,1448,38.2,218,9.8,5792.43,8327.6,1,0,0,0,0,0,0
0,298.8,310.0,1389,49.6,149,11.2,7214.6,7390.4,0,0,0,0,0,0,0
0,297.4,309.2,1459,37.9,191,11.8,5790.59,7238.9,0,0,0,0,0,0,0
0,298.9,309.0,1410,65.7,191,10.1,9700.92,12548.7,0,1,0,0,1,1,0
0,302.5,311.8,1335,52.7,135,9.3,7367.51,7114.5,0,0,0,0,0,0,0
1,298.2,307.8,1583,36.6,185,9.6,6067.23,6771.0,0,0,0,0,0,0,0
0,298.2,308.2,1446,38.2,61,10.0,5784.43,2330.2,0,0,0,0,0,0,0
1,304.2,313.5,1437,47.2,102,9.3,7102.76,4814.4,0,0,0,0,0,0,0
0,300.4,311.2,1436,56.8,173,10.8,8541.45,9826.4,0,0,0,0,0,0,0
0,300.0,309.1,1882,23.8,84,9.1,4690.57,1999.2,0,0,0,0,0,0,0
0,300.9,310.2,1382,50.4,131,9.3,7294.02,6602.4,0,0,0,0,0,0,0
0,302.6,312.0,1781,28.5,196,9.4,5315.42,5586.0,0,0,0,0,0,0,0
0,299.2,308.4,1465,35.0,201,9.2,5369.51,7035.0,1,0,0,0,0,0,0
0,301.8,310.6,1192,68.9,135,8.8,8600.51,9301.5,0,0,0,0,0,0,0
0,297.3,308.7,1467,36.8,216,11.4,5653.36,7948.8,1,0,0,0,0,0,0
2,299.7,309.6,1433,49.6,129,9.9,7443.15,6398.4,0,0,0,0,0,0,0
1,296.6,307.4,1544,42.3,170,10.8,6839.37,7191.0,0,0,0,0,0,0,0
0,301.0,311.4,1573,37.6,103,10.4,6193.63,3872.8,0,0,0,0,0,0,0
0,297.4,308.6,1411,46.3,138,11.2,6841.27,6389.4,0,0,0,0,0,0,0
1,297.4,308.7,1382,49.9,151,11.3,7221.66,7534.9,0,0,0,0,0,0,0
0,298.7,309.5,1673,30.8,141,10.8,5396.04,4342.8,0,0,0,0,0,0,0
0,304.2,313.5,1438,50.1,100,9.3,7544.41,5010.0,0,0,0,0,0,0,0
0,300.5,309.3,1373,48.8,211,8.8,7016.47,10296.8,1,0,0,0,0,0,0
0,302.4,311.1,1484,45.9,169,8.7,7133.05,7757.1,0,0,0,0,0,0,0
0,298.1,308.6,1527,40.2,16,10.5,6428.26,643.2,0,0,0,0,0,0,0
1,298.7,309.2,1437,45.7,195,10.5,6877.04,8911.5,0,0,0,0,0,0,0
0,303.5,312.4,1340,44.5,76,8.9,6244.44,3382.0,0,0,0,0,0,0,0
0,300.3,311.4,1759,24.8,34,11.1,4568.21,843.2,0,0,0,0,0,0,0
0,299.8,309.4,1408,45.6,156,9.6,6723.51,7113.6,0,0,0,0,0,0,0
0,299.2,308.5,1378,50.4,220,9.3,7272.91,11088.0,1,1,0,0,0,1,0
1,299.1,308.8,1725,26.6,172,9.7,4805.07,4575.2,0,0,0,0,0,0,0
0,298.9,308.9,1453,40.8,11,10.0,6208.04,448.8,0,0,0,0,0,0,0
2,299.1,309.9,1443,40.3,0,10.8,6089.76,0.0,0,0,0,0,0,0,0
0,295.8,306.6,1644,35.2,115,10.8,6060.01,4048.0,0,0,0,0,0,0,0
1,298.4,308.5,1576,27.4,55,10.1,4522.05,1507.0,0,0,0,0,0,0,0
0,302.1,310.8,1596,37.1,43,8.7,6200.62,1595.3,0,0,0,0,0,0,0
1,300.8,312.2,1664,25.7,150,11.4,4478.32,3855.0,0,0,0,0,0,0,0
2,298.4,308.7,1344,52.9,130,10.3,7445.32,6877.0,0,0,0,0,0,0,0
0,297.7,307.5,1379,43.3,111,9.8,6252.89,4806.3,0,0,0,0,0,0,0
0,298.3,308.9,1348,55.5,102,10.6,7834.5,5661.0,0,0,0,0,0,0,0
0,300.9,311.0,1432,48.1,59,10.1,7213.01,2837.9,0,0,0,0,0,0,0
0,299.2,308.9,1526,37.9,177,9.7,6056.51,6708.3,0,0,0,0,0,0,0
0,300.8,312.3,1435,44.8,134,11.5,6732.22,6003.2,0,0,0,0,0,0,0
1,303.4,311.7,1515,44.2,168,8.3,7012.35,7425.6,0,0,0,0,0,0,0
0,301.9,309.6,1410,49.0,223,7.7,7235.09,10927.0,1,0,0,0,0,0,0
1,298.2,308.7,1361,44.2,0,10.5,6299.54,0.0,0,0,0,0,0,0,0
0,298.7,310.2,1436,47.5,32,11.5,7142.93,1520.0,0,0,0,0,0,0,0
1,302.4,311.4,1534,40.1,41,9.0,6441.67,1644.1,0,0,0,0,0,0,0
0,300.6,310.7,1543,39.6,60,10.1,6398.67,2376.0,0,0,0,0,0,0,0
0,297.4,308.3,1395,48.7,21,10.9,7114.29,1022.7,0,0,0,0,0,0,0
0,302.7,310.5,1551,35.9,6,7.8,5830.89,215.4,0,0,0,0,0,0,0
1,303.4,312.8,1518,38.7,103,9.4,6151.93,3986.1,0,0,0,0,0,0,0
0,298.3,307.9,1551,33.8,72,9.6,5489.81,2433.6,0,0,0,0,0,0,0
1,298.1,307.8,1514,43.5,78,9.7,6896.74,3393.0,0,0,0,0,0,0,0
1,300.5,312.0,1985,19.3,143,11.5,4011.87,2759.9,0,0,0,0,0,0,0
2,298.0,308.1,1440,43.7,37,10.1,6589.8,1616.9,0,0,0,0,0,0,0
1,302.0,311.3,1530,36.4,27,9.3,5832.05,982.8,0,0,0,0,0,0,0
1,298.4,309.1,1576,38.8,167,10.7,6403.49,6479.6,0,0,0,0,0,0,0
0,297.4,308.3,1801,26.9,11,10.9,5073.35,295.9,0,0,0,0,0,0,0
0,298.4,308.8,1352,56.7,24,10.4,8027.65,1360.8,0,0,0,0,0,0,0
2,303.9,312.7,1401,50.0,129,8.8,7335.62,6450.0,0,0,0,0,0,0,0
0,300.7,310.2,1639,31.4,48,9.5,5389.36,1507.2,0,0,0,0,0,0,0
0,299.6,310.8,1498,46.9,116,11.2,7357.21,5440.4,0,0,0,0,0,0,0
0,298.2,307.9,1785,23.4,181,9.7,4374.04,4235.4,0,0,0,0,0,0,0
1,300.7,309.6,1388,51.1,160,8.9,7427.44,8176.0,0,0,0,0,0,0,0
0,299.2,308.4,1475,38.7,22,9.2,5977.67,851.4,0,0,0,0,0,0,0
1,298.9,310.0,1520,35.6,48,11.1,5666.6,1708.8,0,0,0,0,0,0,0
0,300.9,310.7,1517,41.7,210,9.8,6624.46,8757.0,1,0,0,0,0,0,0
0,301.4,311.0,1701,28.4,127,9.6,5058.84,3606.8,0,0,0,0,0,0,0
0,301.7,310.7,1641,31.9,192,9.0,5481.86,6124.8,0,0,0,0,0,0,0
0,299.3,308.7,1393,54.2,80,9.4,7906.4,4336.0,0,0,0,0,0,0,0
2,298.1,309.0,1438,41.4,60,10.9,6234.3,2484.0,0,0,0,0,0,0,0
2,299.1,310.1,1429,42.9,96,11.0,6419.75,4118.4,0,0,0,0,0,0,0
2,301.5,310.5,1538,44.3,43,9.0,7134.91,1904.9,0,0,0,0,0,0,0
2,297.3,308.3,1506,37.0,54,11.0,5835.19,1998.0,0,0,0,0,0,0,0
1,298.3,309.6,1469,54.8,191,11.3,8430.07,10466.8,0,0,0,0,0,0,0
0,297.9,307.8,1373,50.2,130,9.9,7217.77,6526.0,0,0,0,0,0,0,0
1,298.1,308.7,1527,43.0,56,10.6,6876.0,2408.0,0,0,0,0,0,0,0
1,296.8,307.5,1470,45.9,132,10.7,7065.76,6058.8,0,0,0,0,0,0,0
0,300.7,311.0,1462,41.9,126,10.3,6414.9,5279.4,0,0,0,0,0,0,0
1,297.8,307.4,1752,26.1,52,9.6,4788.54,1357.2,0,0,0,0,0,0,0
0,297.6,309.1,1394,50.0,62,11.5,7298.97,3100.0,0,0,0,0,0,0,0
0,298.6,309.9,1593,37.4,47,11.3,6239.01,1757.8,0,0,0,0,0,0,0
1,298.0,307.8,1492,40.2,197,9.8,6280.92,7919.4,0,0,0,0,0,0,0
1,298.7,309.7,1629,27.9,136,11.0,4759.42,3794.4,0,0,0,0,0,0,0
0,302.7,310.7,1597,41.9,15,8.0,7007.25,628.5,0,0,0,0,0,0,0
0,298.8,308.4,1473,41.1,128,9.6,6339.77,5260.8,0,0,0,0,0,0,0
1,299.2,308.8,1503,37.4,109,9.6,5886.53,4076.6,0,0,0,0,0,0,0
1,299.6,310.9,1474,39.7,64,11.3,6127.97,2540.8,0,0,0,0,0,0,0
0,300.8,310.3,1538,36.1,198,9.5,5814.23,7147.8,0,0,0,0,0,0,0
1,298.4,309.2,1399,45.2,125,10.8,6621.93,5650.0,0,0,0,0,0,0,0
1,297.3,308.3,1501,38.2,2,11.0,6004.44,76.4,0,0,0,0,0,0,0
1,299.3,308.7,1459,35.6,87,9.4,5439.19,3097.2,0,0,0,0,0,0,0
0,300.2,309.5,1729,28.4,131,9.3,5142.12,3720.4,0,0,0,0,0,0,0
0,297.3,308.2,1754,26.8,125,10.9,4922.58,3350.0,0,0,0,0,0,0,0
0,299.0,310.0,1672,33.2,144,11.0,5813.04,4780.8,0,0,0,0,0,0,0
1,298.3,309.4,1816,22.6,138,11.1,4297.87,3118.8,0,0,0,0,0,0,0
0,298.3,307.6,1942,20.6,176,9.3,4189.33,3625.6,0,0,0,0,0,0,0
0,297.5,308.6,1352,52.6,12,11.1,7447.17,631.2,0,0,0,0,0,0,0
0,299.1,310.4,1550,43.9,79,11.3,7125.66,3468.1,0,0,0,0,0,0,0
1,302.2,311.7,1576,34.0,28,9.5,5611.3,952.0,0,0,0,0,0,0,0
2,302.5,310.4,1422,41.9,156,7.9,6239.39,6536.4,0,0,0,0,0,0,0
0,304.2,313.4,1639,32.7,63,9.2,5612.49,2060.1,0,0,0,0,0,0,0
0,300.6,311.9,1372,60.1,212,11.3,8634.9,12741.2,1,1,0,0,0,1,0
1,301.7,310.5,1458,41.4,153,8.8,6321.01,6334.2,0,0,0,0,0,0,0
0,298.1,308.9,1313,50.6,108,10.8,6957.35,5464.8,0,0,0,0,0,0,0
0,297.8,307.8,1597,38.2,11,10.0,6388.47,420.2,0,0,0,0,0,0,0
0,300.9,310.9,1477,41.5,100,10.0,6418.85,4150.0,0,0,0,0,0,0,0
0,300.3,309.4,1470,33.5,148,9.1,5156.92,4958.0,0,0,0,0,0,0,0
1,303.8,312.6,1684,29.3,167,8.8,5167.0,4893.1,0,0,0,0,0,0,0
0,298.8,309.7,1336,50.3,44,10.9,7037.25,2213.2,0,0,0,0,0,0,0
0,302.2,311.5,1413,43.5,83,9.3,6436.65,3610.5,0,0,0,0,0,0,0
0,300.4,309.9,1435,54.8,70,9.5,8234.95,3836.0,0,0,0,0,0,0,0
2,302.6,310.3,1721,27.4,79,7.7,4938.1,2164.6,0,0,0,0,0,0,0
0,299.7,311.2,1352,52.1,176,11.5,7376.38,9169.6,0,0,0,0,0,0,0
1,303.7,312.9,1511,41.0,33,9.2,6487.49,1353.0,0,0,0,0,0,0,0
0,297.5,308.6,1694,27.1,36,11.1,4807.41,975.6,0,0,0,0,0,0,0
0,302.3,310.1,1513,40.4,22,7.8,6401.02,888.8,0,0,0,0,0,0,0
1,298.0,307.8,1483,50.9,26,9.8,7904.74,1323.4,0,0,0,0,0,0,0
0,302.3,310.2,1394,55.4,57,7.9,8087.26,3157.8,0,0,0,0,0,0,0
0,301.5,310.5,1435,44.6,135,9.0,6702.17,6021.0,0,0,0,0,0,0,0
0,304.2,313.4,1740,28.2,78,9.2,5138.39,2199.6,0,0,0,0,0,0,0
0,296.9,307.9,1626,29.9,177,11.0,5091.2,5292.3,0,0,0,0,0,0,0
0,303.4,312.8,1449,43.9,94,9.4,6661.34,4126.6,0,0,0,0,0,0,0
0,299.1,310.4,1527,44.0,149,11.3,7035.91,6556.0,0,0,0,0,0,0,0
0,298.1,307.8,1379,49.1,135,9.7,7090.46,6628.5,0,0,0,0,0,0,0
0,296.4,307.4,1512,36.8,46,11.0,5826.77,1692.8,0,0,0,0,0,0,0
1,296.8,307.4,1455,49.9,102,10.6,7603.13,5089.8,0,0,0,0,0,0,0
1,301.6,311.2,1415,46.5,82,9.6,6890.3,3813.0,0,0,0,0,0,0,0
0,300.0,311.5,1666,32.0,128,11.5,5582.82,4096.0,0,0,0,0,0,0,0
0,302.2,311.2,1630,36.0,169,9.0,6144.96,6084.0,0,0,0,0,0,0,0
0,297.8,307.5,1631,29.9,144,9.7,5106.86,4305.6,0,0,0,0,0,0,0
0,297.3,307.8,1385,44.4,169,10.5,6439.64,7503.6,0,0,0,0,0,0,0
1,300.1,309.1,1731,30.4,92,9.0,5510.6,2796.8,0,0,0,0,0,0,0
1,301.0,309.6,1397,48.0,135,8.6,7022.09,6480.0,0,0,0,0,0,0,0
1,297.1,308.1,1352,44.4,0,11.0,6286.2,0.0,0,0,0,0,0,0,0
0,297.3,308.7,1592,34.4,158,11.4,5734.96,5435.2,0,0,0,0,0,0,0
1,296.1,307.2,1619,29.7,17,11.1,5035.38,504.9,0,0,0,0,0,0,0
0,301.4,311.0,1470,40.6,86,9.6,6249.88,3491.6,0,0,0,0,0,0,0
0,300.6,309.8,1629,37.6,162,9.2,6414.13,6091.2,0,0,0,0,0,0,0
0,301.6,310.4,1561,35.3,156,8.8,5770.4,5506.8,0,0,0,0,0,0,0
2,298.8,309.8,1911,21.6,126,11.0,4322.58,2721.6,0,0,0,0,0,0,0
1,298.7,309.6,1382,48.1,186,10.9,6961.16,8946.6,0,0,0,0,0,0,0
0,301.5,310.6,1357,42.1,212,9.1,5982.61,8925.2,1,0,0,0,0,0,0
0,300.6,309.4,1471,44.1,244,8.8,6793.29,10760.4,1,0,0,0,0,0,0
0,298.6,309.9,1461,45.7,49,11.3,6991.9,2239.3,0,0,0,0,0,0,0
0,303.7,312.7,1468,43.3,168,9.0,6656.45,7274.4,0,0,0,0,0,0,0
0,299.1,310.6,1602,39.7,144,11.5,6660.11,5716.8,0,0,0,0,0,0,0
0,302.0,310.4,1591,29.8,105,8.4,4964.95,3129.0,0,0,0,0,0,0,0
2,296.9,308.0,1318,53.5,88,11.1,7384.1,4708.0,0,0,0,0,0,0,0
1,300.8,309.9,1444,46.0,180,9.1,6955.91,8280.0,0,0,0,0,0,0,0
1,304.1,313.2,1427,46.9,123,9.1,7008.51,5768.7,0,0,0,0,0,0,0
1,303.3,311.8,1489,49.4,64,8.5,7702.83,3161.6,0,0,0,0,0,0,0
0,301.8,311.3,1551,35.8,61,9.5,5814.65,2183.8,0,0,0,0,0,0,0
0,300.8,310.6,1577,37.9,227,9.8,6258.92,8603.3,1,1,1,0,0,0,0
1,297.7,309.5,2027,19.8,39,11.8,4202.89,772.2,0,0,0,0,0,0,0
0,299.3,308.6,1384,53.6,218,9.3,7768.36,11684.8,1,1,0,0,0,1,0
0,300.9,310.9,1755,27.9,148,10.0,5127.55,4129.2,0,0,0,0,0,0,0
0,299.3,308.5,1409,44.8,91,9.2,6610.25,4076.8,0,0,0,0,0,0,0
0,298.0,308.6,1481,42.5,54,10.6,6591.32,2295.0,0,0,0,0,0,0,0
0,298.8,309.8,1599,33.6,131,11.0,5626.22,4401.6,0,0,0,0,0,0,0
0,300.7,309.6,1505,34.9,7,8.9,5500.35,244.3,0,0,0,0,0,0,0
0,298.1,307.6,1364,53.8,129,9.5,7684.67,6940.2,0,0,0,0,0,0,0
2,302.4,310.1,1597,28.9,179,7.7,4833.16,5173.1,0,0,0,0,0,0,0
1,299.4,310.0,1512,43.2,47,10.6,6840.13,2030.4,0,0,0,0,0,0,0
1,298.8,308.6,1486,41.9,92,9.8,6520.21,3854.8,0,0,0,0,0,0,0
0,302.5,311.6,1400,54.0,196,9.1,7916.81,10584.0,0,0,0,0,0,0,0
0,300.3,310.3,1704,29.5,0,10.0,5264.05,0.0,0,0,0,0,0,0,0
0,302.4,311.4,1564,35.0,122,9.0,5732.36,4270.0,0,0,0,0,0,0,0
0,297.6,309.4,1326,49.8,199,11.8,6915.15,9910.2,0,0,0,0,0,0,0
0,297.4,308.4,1434,39.9,2,11.0,5991.71,79.8,0,0,0,0,0,0,0
0,300.4,309.8,1395,48.1,201,9.4,7026.64,9668.1,1,0,0,0,0,0,0
0,299.9,309.5,1772,23.5,167,9.6,4360.74,3924.5,0,0,0,0,0,0,0
0,302.1,310.1,1753,28.9,176,8.0,5305.28,5086.4,0,0,0,0,0,0,0
0,303.0,312.7,2024,19.9,102,9.7,4217.86,2029.8,0,0,0,0,0,0,0
0,302.0,311.2,1845,27.3,45,9.2,5274.58,1228.5,0,0,0,0,0,0,0
1,299.0,310.2,1628,35.8,64,11.2,6103.32,2291.2,0,0,0,0,0,0,0
1,300.2,309.5,1564,33.4,183,9.3,5470.31,6112.2,0,0,0,0,0,0,0
0,300.7,310.3,1533,35.6,198,9.6,5715.06,7048.8,0,0,0,0,0,0,0
0,300.4,310.0,1282,66.1,40,9.6,8873.97,2644.0,0,0,0,0,0,0,0
1,299.6,309.2,1867,23.4,225,9.6,4574.98,5265.0,1,1,1,0,0,0,0
0,298.4,308.6,1591,36.7,122,10.2,6114.56,4477.4,0,0,0,0,0,0,0
0,303.8,312.5,1368,52.6,123,8.7,7535.3,6469.8,0,0,0,0,0,0,0
0,300.9,310.7,1352,46.4,212,9.8,6569.36,9836.8,1,0,0,0,0,0,0
0,298.9,309.9,1373,52.1,108,11.0,7490.95,5626.8,0,0,0,0,0,0,0
0,302.5,310.4,1427,46.8,179,7.9,6993.56,8377.2,0,0,0,0,0,0,0
2,304.0,312.9,1495,46.6,0,8.9,7295.51,0.0,0,0,0,0,0,0,0
1,302.6,310.4,1451,43.1,35,7.8,6548.97,1508.5,0,0,0,0,0,0,0
1,304.2,313.6,1512,33.4,146,9.4,5288.43,4876.4,0,0,0,0,0,0,0
0,298.9,309.9,1526,35.4,96,11.0,5657.0,3398.4,0,0,0,0,0,0,0
0,297.9,307.7,1590,34.6,57,9.8,5761.05,1972.2,0,0,0,0,0,0,0
2,302.5,311.1,1850,23.3,203,8.6,4513.95,4729.9,1,0,0,0,0,0,0
0,303.5,312.0,1756,29.7,28,8.5,5461.47,831.6,0,0,0,0,0,0,0
1,304.3,313.6,1489,40.3,196,9.3,6283.89,7898.8,0,0,0,0,0,0,0
1,302.7,312.2,1439,42.5,164,9.5,6404.4,6970.0,0,0,0,0,0,0,0
1,303.9,313.1,1343,61.4,14,9.2,8635.21,859.6,0,0,0,0,0,0,0
0,299.2,309.1,1345,60.7,191,9.9,8549.48,11593.7,0,1,0,0,0,1,0
1,299.5,309.2,1314,61.8,45,9.7,8503.79,2781.0,0,0,0,0,0,0,0
1,300.4,311.9,1335,58.3,9,11.5,8150.39,524.7,0,0,0,0,0,0,0
0,304.3,313.5,1464,36.7,194,9.2,5626.47,7119.8,0,0,0,0,0,0,0
2,302.3,311.4,1372,46.0,86,9.1,6609.07,3956.0,0,0,0,0,0,0,0
0,304.4,313.7,1607,33.5,5,9.3,5637.54,167.5,0,0,0,0,0,0,0
0,304.2,313.4,1740,23.7,86,9.2,4318.43,2038.2,0,0,0,0,0,0,0
0,298.2,308.4,1666,34.6,74,10.2,6036.42,2560.4,0,0,0,0,0,0,0
0,298.5,308.2,1301,66.3,42,9.7,9032.74,2784.6,0,1,0,0,1,0,0
0,300.7,310.3,1458,40.0,207,9.6,6107.26,8280.0,1,0,0,0,0,0,0
1,301.5,310.1,1468,40.8,32,8.6,6272.13,1305.6,0,0,0,0,0,0,0
0,296.3,307.4,1760,28.4,56,11.1,5234.31,1590.4,0,0,0,0,0,0,0
1,296.5,307.4,1350,55.6,69,10.9,7860.26,3836.4,0,0,0,0,0,0,0
2,297.6,309.6,1669,32.1,155,12.0,5610.35,4975.5,0,0,0,0,0,0,0
2,301.0,311.3,1597,39.2,66,10.3,6555.71,2587.2,0,0,0,0,0,0,0
0,298.7,310.0,1637,31.8,42,11.3,5451.35,1335.6,0,0,0,0,0,0,0
1,298.1,308.2,1342,48.1,54,10.1,6759.68,2597.4,0,0,0,0,0,0,0
1,301.5,310.8,1628,36.4,167,9.3,6205.61,6078.8,0,0,0,0,0,0,0
1,300.9,310.4,1375,44.7,87,9.5,6436.34,3888.9,0,0,0,0,0,0,0
0,300.8,312.0,1382,49.3,177,11.2,7134.83,8726.1,0,0,0,0,0,0,0
0,298.4,309.6,1655,30.2,146,11.2,5234.0,4409.2,0,0,0,0,0,0,0
0,298.2,308.9,1444,53.1,83,10.7,8029.53,4407.3,0,0,0,0,0,0,0
1,300.8,309.5,1481,44.5,49,8.7,6901.5,2180.5,0,0,0,0,0,0,0
2,298.2,308.8,1470,43.3,61,10.6,6665.52,2641.3,0,0,0,0,0,0,0
0,298.6,308.4,1397,46.4,36,9.8,6788.02,1670.4,0,0,0,0,0,0,0
0,297.5,309.4,1503,40.6,144,11.9,6390.19,5846.4,0,0,0,0,0,0,0
1,298.6,309.4,1464,36.9,179,10.8,5657.13,6605.1,0,0,0,0,0,0,0
0,299.3,309.2,1511,37.2,129,9.9,5886.21,4798.8,0,0,0,0,0,0,0
1,299.4,310.8,1628,40.2,111,11.4,6853.45,4462.2,0,0,0,0,0,0,0
2,298.2,309.0,1562,37.7,36,10.8,6166.67,1357.2,0,0,0,0,0,0,0
0,298.8,309.1,1393,52.6,167,10.3,7673.0,8784.2,0,0,0,0,0,0,0
0,299.0,310.1,1416,45.9,47,11.1,6806.2,2157.3,0,0,0,0,0,0,0
0,301.4,311.1,1494,41.9,142,9.7,6555.31,5949.8,0,0,0,0,0,0,0
0,297.9,307.8,1665,33.9,102,9.9,5910.75,3457.8,0,0,0,0,0,0,0
2,300.7,310.6,1505,40.6,179,9.9,6398.69,7267.4,0,0,0,0,0,0,0
0,299.0,309.5,1861,23.3,73,10.5,4540.78,1700.9,0,0,0,0,0,0,0
1,303.4,311.9,1510,42.2,36,8.5,6672.95,1519.2,0,0,0,0,0,0,0
0,296.6,307.6,1809,25.1,86,11.0,4754.89,2158.6,0,0,0,0,0,0,0
0,298.1,308.5,1665,29.6,20,10.4,5161.01,592.0,0,0,0,0,0,0,0
1,303.6,312.7,1699,31.5,105,9.1,5604.44,3307.5,0,0,0,0,0,0,0
2,304.0,313.1,1388,53.2,91,9.1,7732.67,4841.2,0,0,0,0,0,0,0
1,298.6,308.3,1589,34.1,174,9.7,5674.23,5933.4,0,0,0,0,0,0,0
2,297.6,308.4,1703,31.4,205,10.8,5599.81,6437.0,1,0,0,0,0,0,0
1,300.0,311.4,1692,29.0,216,11.4,5138.39,6264.0,1,1,1,0,0,0,0
2,300.2,311.6,1496,41.1,60,11.4,6438.76,2466.0,0,0,0,0,0,0,0
1,297.7,308.1,2189,15.6,186,10.4,3576.01,2901.6,0,0,0,0,0,0,0
1,301.8,310.8,1365,48.2,199,9.0,6889.83,9591.8,0,0,0,0,0,0,0
0,300.1,310.6,1809,24.3,97,10.5,4603.34,2357.1,0,0,0,0,0,0,0
0,299.7,309.3,1434,38.5,127,9.6,5781.47,4889.5,0,0,0,0,0,0,0
0,299.9,309.4,1467,41.2,20,9.5,6329.3,824.0,0,0,0,0,0,0,0
1,296.8,307.8,1694,33.0,115,11.0,5854.04,3795.0,0,0,0,0,0,0,0
0,300.5,311.7,1445,44.8,83,11.2,6779.14,3718.4,0,0,0,0,0,0,0
0,300.0,311.3,1703,30.4,85,11.3,5421.47,2584.0,0,0,0,0,0,0,0
0,300.2,311.6,1372,49.2,195,11.4,7068.83,9594.0,0,0,0,0,0,0,0
0,298.8,308.6,1872,22.5,82,9.8,4410.8,1845.0,0,0,0,0,0,0,0
0,299.8,309.5,1495,39.6,10,9.7,6199.62,396.0,0,0,0,0,0,0,0
0,298.5,308.7,1609,35.3,117,10.2,5947.84,4130.1,0,0,0,0,0,0,0
0,301.0,310.8,1975,19.7,17,9.8,4074.38,334.9,0,0,0,0,0,0,0
0,302.1,310.5,1389,49.6,169,8.4,7214.6,8382.4,0,0,0,0,0,0,0
1,302.3,311.4,1345,47.6,67,9.1,6704.37,3189.2,0,0,0,0,0,0,0
1,298.5,309.6,1572,33.0,127,11.1,5432.44,4191.0,0,0,0,0,0,0,0
0,300.7,311.0,1377,49.9,124,10.3,7195.54,6187.6,0,0,0,0,0,0,0
0,300.3,310.3,1345,46.3,50,10.0,6521.27,2315.0,0,0,0,0,0,0,0
1,296.9,307.8,1477,37.2,160,10.9,5753.76,5952.0,0,0,0,0,0,0,0
2,301.3,310.6,1527,44.0,114,9.3,7035.91,5016.0,0,0,0,0,0,0,0
0,302.4,310.3,1520,31.6,121,7.9,5029.9,3823.6,0,0,0,0,0,0,0
0,300.9,312.2,1811,23.2,72,11.3,4399.82,1670.4,0,0,0,0,0,0,0
0,304.2,313.3,1410,51.6,47,9.1,7618.99,2425.2,0,0,0,0,0,0,0
1,302.0,311.5,1366,52.3,54,9.5,7481.37,2824.2,0,0,0,0,0,0,0
1,298.0,309.0,1562,39.2,155,11.0,6412.03,6076.0,0,0,0,0,0,0,0
2,297.2,308.0,1435,43.0,202,10.8,6461.73,8686.0,1,0,0,0,0,0,0
0,300.4,311.8,1601,36.1,0,11.4,6052.39,0.0,0,0,0,0,0,0,0
0,299.0,308.6,1653,31.7,100,9.6,5487.33,3170.0,0,0,0,0,0,0,0
0,300.1,310.5,1494,44.2,117,10.4,6915.15,5171.4,0,0,0,0,0,0,0
0,301.3,310.6,1521,36.3,166,9.3,5781.82,6025.8,0,0,0,0,0,0,0
0,297.3,308.7,1549,36.1,218,11.4,5855.81,7869.8,1,0,0,0,0,0,0
1,303.5,312.6,1405,51.6,62,9.1,7591.97,3199.2,0,0,0,0,0,0,0
1,299.7,309.2,1597,32.9,135,9.5,5502.11,4441.5,0,0,0,0,0,0,0
0,299.7,309.1,1417,50.1,187,9.4,7434.23,9368.7,0,0,0,0,0,0,0
1,297.3,308.7,1466,38.4,27,11.4,5895.14,1036.8,0,0,0,0,0,0,0
0,297.8,308.8,1548,36.9,64,11.0,5981.72,2361.6,0,0,0,0,0,0,0
0,300.7,310.8,1563,33.8,104,10.1,5532.28,3515.2,0,0,0,0,0,0,0
2,299.3,309.1,1552,40.7,120,9.8,6614.77,4884.0,0,0,0,0,0,0,0
0,297.1,308.1,1633,33.3,192,11.0,5694.55,6393.6,0,0,0,0,0,0,0
0,302.8,312.2,1682,30.9,58,9.4,5442.68,1792.2,0,0,0,0,0,0,0
2,301.5,310.5,1551,34.3,166,9.0,5571.02,5693.8,0,0,0,0,0,0,0
0,295.6,306.0,1370,52.4,115,10.4,7517.62,6026.0,0,0,0,0,0,0,0
0,297.6,309.6,1501,49.8,222,12.0,7827.78,11055.6,1,1,0,0,0,1,0
0,297.9,307.6,1503,40.7,124,9.7,6405.93,5046.8,0,0,0,0,0,0,0
0,300.5,309.3,1574,33.5,101,8.8,5521.77,3383.5,0,0,0,0,0,0,0
0,300.4,311.3,1608,35.1,114,10.9,5910.47,4001.4,0,0,0,0,0,0,0
2,298.0,309.2,1520,37.9,89,11.2,6032.7,3373.1,0,0,0,0,0,0,0
2,303.6,312.6,1498,40.2,155,9.0,6306.18,6231.0,0,0,0,0,0,0,0
0,298.0,307.7,1529,34.1,11,9.7,5459.97,375.1,0,0,0,0,0,0,0
1,297.6,308.6,1254,45.8,31,11.0,6014.39,1419.8,0,0,0,0,0,0,0
1,300.7,311.1,1438,46.6,103,10.4,7017.35,4799.8,0,0,0,0,0,0,0
1,299.2,309.0,1541,36.3,104,9.8,5857.85,3775.2,0,0,0,0,0,0,0
1,299.8,309.6,1434,48.0,82,9.8,7208.07,3936.0,0,0,0,0,0,0,0
0,300.6,311.8,1471,41.4,39,11.2,6377.37,1614.6,0,0,0,0,0,0,0
0,300.3,309.2,1398,54.4,198,8.9,7964.06,10771.2,0,0,0,0,0,0,0
1,299.1,310.3,1441,43.9,94,11.2,6624.56,4126.6,0,0,0,0,0,0,0
0,298.2,309.1,1429,48.5,164,10.9,7257.76,7954.0,0,0,0,0,0,0,0
0,300.4,309.3,1413,50.3,101,8.9,7442.84,5080.3,0,0,0,0,0,0,0
1,298.7,309.2,1410,45.6,47,10.5,6733.06,2143.2,0,0,0,0,0,0,0
0,297.6,308.8,1475,43.0,119,11.2,6641.85,5117.0,0,0,0,0,0,0,0
0,301.2,309.9,1449,45.5,23,8.7,6904.12,1046.5,0,0,0,0,0,0,0
0,298.1,307.7,1523,37.7,80,9.6,6012.7,3016.0,0,0,0,0,0,0,0
0,301.5,310.6,1374,46.7,32,9.1,6719.43,1494.4,0,0,0,0,0,0,0
0,297.6,308.3,1595,34.3,41,10.7,5729.06,1406.3,0,0,0,0,0,0,0
0,296.8,307.6,1513,40.0,130,10.8,6337.64,5200.0,0,0,0,0,0,0,0
0,297.4,308.5,1410,43.9,47,11.1,6482.05,2063.3,0,0,0,0,0,0,0
0,298.7,310.2,1404,50.3,54,11.5,7395.43,2716.2,0,0,0,0,0,0,0
1,300.7,310.9,1468,41.8,112,10.2,6425.86,4681.6,0,0,0,0,0,0,0
0,297.2,308.3,1576,35.3,113,11.1,5825.85,3988.9,0,0,0,0,0,0,0
0,297.9,309.0,1532,37.6,47,11.1,6032.19,1767.2,0,0,0,0,0,0,0
0,298.2,307.9,1551,36.0,186,9.7,5847.13,6696.0,0,0,0,0,0,0,0
0,298.7,309.6,1364,44.9,106,10.9,6413.41,4759.4,0,0,0,0,0,0,0
0,297.3,308.1,1568,34.4,194,10.8,5648.5,6673.6,0,0,0,0,0,0,0
1,299.6,309.1,1560,37.1,73,9.5,6060.76,2708.3,0,0,0,0,0,0,0
1,304.2,313.1,1608,31.1,20,8.9,5236.91,622.0,0,0,0,0,0,0,0
0,301.3,310.8,1531,53.4,57,9.5,8561.41,3043.8,0,0,0,0,0,0,0
0,298.4,309.9,1725,27.8,21,11.5,5021.84,583.8,0,0,0,0,0,0,0
0,298.0,308.8,1757,29.1,71,10.8,5354.18,2066.1,0,0,0,0,0,0,0
2,300.3,311.6,1427,56.2,8,11.3,8398.25,449.6,0,0,0,0,0,0,0
1,300.4,310.5,1540,33.4,32,10.1,5386.37,1068.8,0,0,0,0,0,0,0
1,298.1,308.9,1479,43.4,105,10.8,6721.81,4557.0,0,0,0,0,0,0,0
1,297.4,308.4,1620,35.8,215,11.0,6073.33,7697.0,1,0,0,0,0,0,0
0,297.4,308.1,1729,31.7,204,10.7,5739.62,6466.8,1,0,0,0,0,0,0
1,298.0,309.0,1409,49.1,85,11.0,7244.71,4173.5,0,0,0,0,0,0,0
1,298.1,308.7,1581,47.4,51,10.6,7847.64,2417.4,0,0,0,0,0,0,0
0,302.0,311.1,1402,47.8,182,9.1,7017.86,8699.6,0,0,0,0,0,0,0
0,298.4,308.9,1638,32.4,109,10.5,5557.6,3531.6,0,0,0,0,0,0,0
1,300.9,311.1,1325,61.4,88,10.2,8519.48,5403.2,0,0,0,0,0,0,0
1,302.2,310.1,1368,51.6,12,7.9,7392.04,619.2,0,1,0,1,0,0,0
0,301.3,310.8,1450,46.9,59,9.5,7121.47,2767.1,0,0,0,0,0,0,0
0,300.6,312.0,1481,40.9,132,11.4,6343.18,5398.8,0,0,0,0,0,0,0
0,298.4,308.1,1375,50.8,94,9.7,7314.67,4775.2,0,0,0,0,0,0,0
0,296.8,307.9,1611,35.4,72,11.1,5972.1,2548.8,0,0,0,0,0,0,0
2,298.5,308.2,1563,44.6,163,9.7,7299.99,7269.8,0,0,0,0,0,0,0
0,297.1,308.4,1529,40.4,165,11.3,6468.71,6666.0,0,0,0,0,0,0,0
0,301.4,310.7,1584,32.2,17,9.3,5341.21,547.4,0,0,0,0,0,0,0
0,299.4,309.2,1607,31.7,145,9.8,5334.62,4596.5,0,0,0,0,0,0,0
0,303.3,312.1,1418,44.7,83,8.8,6637.62,3710.1,0,0,0,0,0,0,0
0,300.3,311.8,1567,37.7,180,11.5,6186.41,6786.0,0,0,0,0,0,0,0
1,299.3,309.1,1571,38.3,59,9.8,6300.91,2259.7,0,0,0,0,0,0,0
1,299.1,308.9,1476,42.7,225,9.8,6599.98,9607.5,1,0,0,0,0,0,0
1,297.9,307.6,1505,40.1,166,9.7,6319.89,6656.6,0,0,0,0,0,0,0
0,303.8,313.0,1499,42.3,38,9.2,6640.04,1607.4,0,0,0,0,0,0,0
0,298.8,309.9,1441,41.6,62,11.1,6277.49,2579.2,0,0,0,0,0,0,0
2,302.6,310.4,1649,30.1,62,7.8,5197.75,1866.2,0,0,0,0,0,0,0
0,303.9,313.1,1665,29.6,0,9.2,5161.01,0.0,0,0,0,0,0,0,0
0,300.9,311.0,1438,49.0,61,10.1,7378.76,2989.0,0,0,0,0,0,0,0
1,302.3,311.8,1557,34.1,185,9.5,5559.96,6308.5,0,0,0,0,0,0,0
1,300.6,310.7,1705,31.2,181,10.1,5570.67,5647.2,0,0,0,0,0,0,0
2,299.3,308.6,1498,39.5,47,9.3,6196.37,1856.5,0,0,0,0,0,0,0
0,297.5,308.5,1536,36.9,108,11.0,5935.35,3985.2,0,0,0,0,0,0,0
0,296.4,307.2,1748,25.3,144,10.8,4631.17,3643.2,0,0,0,0,0,0,0
0,300.7,310.9,1356,65.3,66,10.2,9272.6,4309.8,0,1,0,0,1,0,0
2,300.7,311.0,1981,19.9,99,10.3,4128.25,1970.1,0,0,0,0,0,0,0
2,299.3,310.0,1373,44.8,221,10.7,6441.35,9900.8,1,0,0,0,0,0,0
1,297.9,307.6,1519,44.0,37,9.7,6999.05,1628.0,0,0,0,0,0,0,0
1,299.2,308.7,1401,47.0,198,9.5,6895.48,9306.0,0,0,0,0,0,0,0
0,300.4,312.0,1366,43.0,117,11.6,6151.03,5031.0,0,0,0,0,0,0,0
0,302.1,310.8,1622,36.8,45,8.7,6250.68,1656.0,0,0,0,0,0,0,0
1,298.1,307.4,1363,60.1,187,9.3,8578.25,11238.7,0,0,0,0,0,0,0
2,303.6,312.4,1460,53.7,214,8.8,8210.24,11491.8,1,0,0,0,0,0,0
0,297.0,307.8,1609,35.6,193,10.8,5998.39,6870.8,0,0,0,0,0,0,0
0,301.7,311.1,1399,55.1,156,9.4,8072.31,8595.6,0,0,0,0,0,0,0
1,301.1,311.1,1470,40.6,159,10.0,6249.88,6455.4,0,0,0,0,0,0,0
0,299.1,310.4,1452,39.7,151,11.3,6036.51,5994.7,0,0,0,0,0,0,0
0,301.6,310.8,1726,26.7,150,9.2,4825.93,4005.0,0,0,0,0,0,0,0
0,297.5,308.9,1427,50.4,17,11.4,7531.53,856.8,0,0,0,0,0,0,0
0,300.9,311.3,1953,19.4,107,10.4,3967.64,2075.8,0,0,0,0,0,0,0
0,297.9,307.5,1561,37.7,16,9.6,6162.73,603.2,0,0,0,0,0,0,0
0,302.6,312.1,1502,47.3,171,9.5,7439.77,8088.3,0,0,0,0,0,0,0
2,300.5,312.0,1375,43.2,108,11.5,6220.35,4665.6,0,0,0,0,0,0,0
1,299.8,310.6,1574,31.8,113,10.8,5241.56,3593.4,0,0,0,0,0,0,0
0,297.6,309.0,1491,43.2,7,11.4,6745.13,302.4,0,0,0,0,0,0,0
1,300.8,309.7,1680,28.2,189,8.9,4961.2,5329.8,0,0,0,0,0,0,0
0,298.5,309.5,1385,46.3,203,11.0,6715.21,9398.9,1,1,1,0,0,0,0
0,296.9,308.0,1658,41.0,74,11.1,7118.64,3034.0,0,0,0,0,0,0,0
1,300.2,309.8,1743,24.1,18,9.6,4398.89,433.8,0,0,0,0,0,0,0
1,297.9,307.4,1610,34.6,219,9.5,5833.52,7577.4,1,0,0,0,0,0,0
0,299.9,309.6,1254,61.3,124,9.7,8049.83,7601.2,0,0,0,0,0,0,0
0,298.1,308.2,1390,47.5,33,10.1,6914.12,1567.5,0,0,0,0,0,0,0
2,296.6,307.4,1406,41.5,189,10.8,6110.29,7843.5,0,0,0,0,0,0,0
0,302.7,311.8,1461,46.1,10,9.1,7053.1,461.0,0,0,0,0,0,0,0
0,297.9,308.5,1683,28.5,63,10.6,5022.94,1795.5,0,0,0,0,0,0,0
1,300.0,309.9,1530,34.5,71,9.9,5527.63,2449.5,0,0,0,0,0,0,0
0,298.4,309.7,1581,34.6,150,11.3,5728.44,5190.0,0,0,0,0,0,0,0
0,299.1,308.3,1524,34.1,128,9.2,5442.12,4364.8,0,0,0,0,0,0,0
0,295.6,306.1,1389,46.2,113,10.5,6720.06,5220.6,0,0,0,0,0,0,0
0,296.3,307.3,1566,35.8,175,11.0,5870.88,6265.0,0,0,0,0,0,0,0
0,302.2,311.4,1477,41.7,15,9.2,6449.78,625.5,0,0,0,0,0,0,0
1,300.2,309.4,1459,43.9,39,9.2,6707.31,1712.1,0,0,0,0,0,0,0
1,301.9,310.9,2305,16.1,42,9.0,3886.2,676.2,0,0,0,0,0,0,0
0,298.8,309.5,1368,44.7,147,10.7,6403.57,6570.9,0,0,0,0,0,0,0
2,298.7,308.6,1499,43.5,84,9.9,6828.41,3654.0,0,0,0,0,0,0,0
0,299.6,310.8,1400,40.8,118,11.2,5981.59,4814.4,0,0,0,0,0,0,0
0,297.2,308.5,1588,40.4,190,11.3,6718.32,7676.0,0,0,0,0,0,0,0
0,299.8,309.6,1447,43.1,12,9.8,6530.92,517.2,0,0,0,0,0,0,0
1,300.3,309.6,1488,41.3,172,9.3,6435.49,7103.6,0,0,0,0,0,0,0
2,297.8,307.3,1516,40.1,166,9.5,6366.08,6656.6,0,0,0,0,0,0,0
0,298.3,308.9,1708,28.0,42,10.6,5008.12,1176.0,0,0,0,0,0,0,0
1,299.5,308.8,1886,20.9,117,9.3,4127.78,2445.3,0,0,0,0,0,0,0
1,299.2,309.0,1881,23.9,137,9.8,4707.77,3274.3,0,0,0,0,0,0,0
0,300.7,310.7,1314,42.4,198,10.0,5834.31,8395.2,0,0,0,0,0,0,0
1,302.0,310.7,2157,17.8,17,8.7,4020.67,302.6,0,0,0,0,0,0,0
0,298.8,309.1,1418,46.3,133,10.3,6875.21,6157.9,0,0,0,0,0,0,0
0,297.5,309.3,1675,29.8,72,11.8,5227.09,2145.6,0,0,0,0,0,0,0
1,298.8,310.2,1595,33.1,34,11.4,5528.63,1125.4,0,0,0,0,0,0,0
0,300.8,309.4,1946,20.5,111,8.6,4177.59,2275.5,0,0,0,0,0,0,0
2,298.8,309.2,1372,48.5,120,10.4,6968.26,5820.0,0,0,0,0,0,0,0
0,299.0,310.4,1565,36.1,127,11.4,5916.3,4584.7,0,0,0,0,0,0,0
2,298.2,308.4,1385,42.2,98,10.2,6120.56,4135.6,0,0,0,0,0,0,0
1,297.3,308.8,1447,57.4,134,11.5,8697.79,7691.6,0,0,0,0,0,0,0
2,299.8,311.3,1785,25.4,139,11.5,4747.89,3530.6,0,0,0,0,0,0,0
0,298.5,309.0,1450,40.5,199,10.5,6149.67,8059.5,0,0,0,0,0,0,0
0,298.9,310.6,1585,38.1,7,11.7,6323.87,266.7,0,0,0,0,0,0,0
1,298.2,308.9,1512,38.5,28,10.7,6095.95,1078.0,0,0,0,0,0,0,0
0,300.1,309.7,1410,48.3,118,9.6,7131.73,5699.4,0,0,0,0,0,0,0
2,297.2,308.5,1524,41.4,192,11.3,6607.15,7948.8,0,0,0,0,0,0,0
1,299.4,310.9,1446,47.3,12,11.5,7162.39,567.6,0,0,0,0,0,0,0
1,302.2,311.4,1642,32.1,42,9.2,5519.59,1348.2,0,0,0,0,0,0,0
0,298.2,308.2,1667,30.6,59,10.0,5341.78,1805.4,0,0,0,0,0,0,0
0,299.9,310.0,1402,44.7,204,10.1,6562.72,9118.8,1,0,0,0,0,0,0
0,296.7,307.6,1474,41.7,148,10.9,6436.68,6171.6,0,0,0,0,0,0,0
0,300.9,309.5,1612,35.2,124,8.6,5942.05,4364.8,0,0,0,0,0,0,0
1,300.6,311.6,1669,29.2,200,11.0,5103.5,5840.0,1,0,0,0,0,0,0
0,300.1,309.7,1485,45.9,100,9.6,7137.86,4590.0,0,0,0,0,0,0,0
1,302.3,311.7,1341,46.3,194,9.4,6501.87,8982.2,0,0,0,0,0,0,0
0,303.8,312.7,1838,27.8,181,8.9,5350.8,5031.8,0,0,0,0,0,0,0
0,297.5,309.3,1479,39.4,22,11.8,6102.29,866.8,0,0,0,0,0,0,0
0,301.2,310.7,1644,31.6,166,9.5,5440.23,5245.6,0,0,0,0,0,0,0
0,303.0,311.2,1374,48.2,65,8.2,6935.25,3133.0,0,1,0,1,0,0,0
0,301.7,311.1,1469,37.2,128,9.4,5722.6,4761.6,0,0,0,0,0,0,0
0,301.0,310.5,1378,44.4,83,9.5,6407.09,3685.2,0,0,0,0,0,0,0
1,300.4,311.3,1350,56.5,31,10.9,7987.5,1751.5,0,0,0,0,0,0,0
0,302.0,310.3,1648,29.6,157,8.3,5108.31,4647.2,0,0,0,0,0,0,0
0,302.6,310.4,1415,52.1,12,7.8,7720.1,625.2,0,0,0,0,0,0,0
1,299.3,308.5,1422,43.1,186,9.2,6418.09,8016.6,0,0,0,0,0,0,0
2,297.4,308.7,1349,48.9,120,11.3,6907.95,5868.0,0,0,0,0,0,0,0
0,301.0,312.0,1518,39.3,196,11.0,6247.31,7702.8,0,0,0,0,0,0,0
1,298.8,310.3,1366,59.0,94,11.5,8439.78,5546.0,0,0,0,0,0,0,0
0,297.5,308.5,1459,39.7,69,11.0,6065.61,2739.3,0,0,0,0,0,0,0
0,296.9,307.5,1354,44.4,16,10.6,6295.5,710.4,0,0,0,0,0,0,0
1,297.4,308.8,1628,37.4,144,11.4,6376.09,5385.6,0,0,0,0,0,0,0
2,296.9,308.0,1416,46.9,105,11.1,6954.48,4924.5,0,0,0,0,0,0,0
0,302.8,312.4,1651,27.0,200,9.6,4668.09,5400.0,1,0,0,0,0,0,0
0,299.1,308.6,1611,31.4,161,9.5,5297.29,5055.4,0,0,0,0,0,0,0
0,298.0,307.6,1548,45.8,111,9.6,7424.46,5083.8,0,0,0,0,0,0,0
0,298.6,309.5,1325,52.2,127,10.9,7242.94,6629.4,0,0,0,0,0,0,0
0,303.2,311.4,1238,54.6,226,8.2,7078.51,12339.6,1,1,0,1,0,1,0
0,299.0,308.9,1511,35.9,16,9.9,5680.51,574.4,0,0,0,0,0,0,0
2,304.1,313.4,1696,29.6,65,9.3,5257.1,1924.0,0,0,0,0,0,0,0
0,301.3,311.2,1457,44.5,14,9.9,6789.66,623.0,0,0,0,0,0,0,0
0,297.5,308.9,1427,44.7,135,11.4,6679.75,6034.5,0,0,0,0,0,0,0
1,300.9,312.0,1375,56.1,182,11.1,8077.82,10210.2,0,0,0,0,0,0,0
0,297.1,308.5,1578,35.6,46,11.4,5882.82,1637.6,0,0,0,0,0,0,0
0,301.4,310.4,1496,35.2,153,9.0,5514.46,5385.6,0,0,0,0,0,0,0
2,300.5,310.5,1403,47.7,24,10.0,7008.17,1144.8,0,0,0,0,0,0,0
0,300.3,309.2,1412,44.8,200,8.9,6624.32,8960.0,1,0,0,0,0,0,0
0,304.1,313.2,1468,39.4,148,9.1,6056.91,5831.2,0,0,0,0,0,0,0
1,298.2,308.3,1476,43.5,129,10.1,6723.64,5611.5,0,0,0,0,0,0,0
0,298.6,309.6,1423,42.7,82,11.0,6362.99,3501.4,0,0,0,0,0,0,0
0,296.0,306.7,1416,44.2,46,10.7,6554.12,2033.2,0,0,0,0,0,0,0
0,300.5,311.6,1661,30.0,158,11.1,5218.19,4740.0,0,0,0,0,0,0,0
0,299.0,308.1,1242,60.9,117,9.1,7920.77,7125.3,0,0,0,0,0,0,0
0,301.5,310.9,1891,23.2,122,9.4,4594.18,2830.4,0,0,0,0,0,0,0
1,300.6,309.3,1510,46.0,87,8.7,7273.83,4002.0,0,0,0,0,0,0,0
0,297.5,308.7,1443,46.2,110,11.2,6981.31,5082.0,0,0,0,0,0,0,0
0,300.3,311.6,1595,38.8,154,11.3,6480.69,5975.2,0,0,0,0,0,0,0
0,300.7,312.2,1590,38.5,148,11.5,6410.42,5698.0,0,0,0,0,0,0,0
0,302.2,311.5,1482,45.6,87,9.3,7076.88,3967.2,0,0,0,0,0,0,0
2,300.8,310.3,1777,30.1,38,9.5,5601.22,1143.8,0,0,0,0,0,0,0
0,298.4,308.0,1508,47.9,25,9.6,7564.24,1197.5,0,0,0,0,0,0,0
1,302.1,311.0,1711,28.7,83,8.9,5142.34,2382.1,0,0,0,0,0,0,0
0,297.2,308.5,2182,16.5,127,11.3,3770.23,2095.5,0,0,0,0,0,0,0
1,298.7,308.5,1660,27.0,50,9.8,4693.54,1350.0,0,0,0,0,0,0,0
2,297.5,308.8,1824,24.0,179,11.3,4584.21,4296.0,0,0,0,0,0,0,0
0,300.9,312.0,1533,44.0,162,11.1,7063.56,7128.0,0,0,0,0,0,0,0
1,297.3,308.4,1370,50.5,71,11.1,7245.04,3585.5,0,0,0,0,0,0,0
1,303.6,311.8,1627,30.8,104,8.2,5247.67,3203.2,0,0,0,0,0,0,0
0,298.1,307.8,1540,37.8,203,9.7,6095.95,7673.4,1,0,0,0,0,0,0
0,298.3,308.5,1606,33.6,67,10.2,5650.85,2251.2,0,0,0,0,0,0,0
0,298.4,309.3,1545,36.9,3,10.9,5970.13,110.7,0,0,0,0,0,0,0
1,300.1,311.4,1617,39.3,47,11.3,6654.74,1847.1,0,0,0,0,0,0,0
0,300.0,309.8,1372,39.6,105,9.8,5689.55,4158.0,0,0,0,0,0,0,0
1,295.7,306.3,1685,34.9,84,10.6,6158.2,2931.6,0,0,0,0,0,0,0
0,300.6,311.9,1425,44.9,224,11.3,6700.23,10057.6,1,0,0,0,0,0,0
1,297.8,309.0,1576,45.0,17,11.2,7426.73,765.0,0,0,0,0,0,0,0
1,302.4,310.1,1358,54.6,61,7.7,7764.63,3330.6,0,1,0,1,0,0,0
0,299.4,308.8,1627,32.6,124,9.4,5554.36,4042.4,0,0,0,0,0,0,0
0,301.8,310.7,1441,49.3,58,8.9,7439.43,2859.4,0,0,0,0,0,0,0
0,300.4,309.3,1671,35.0,209,8.9,6124.53,7315.0,1,0,0,0,0,0,0
0,302.0,309.8,1480,40.0,199,7.8,6199.41,7960.0,0,0,0,0,0,0,0
0,300.5,309.8,1421,49.6,211,9.3,7380.82,10465.6,1,0,0,0,0,0,0
1,300.2,311.6,1465,41.4,78,11.4,6351.36,3229.2,0,0,0,0,0,0,0
0,302.6,311.5,1885,27.5,147,8.9,5428.41,4042.5,0,0,0,0,0,0,0
0,299.2,308.4,1386,54.1,26,9.2,7852.16,1406.6,0,0,0,0,0,0,0
0,300.2,311.8,1464,44.5,179,11.6,6822.28,7965.5,0,0,0,0,0,0,0
1,301.8,310.6,1552,35.9,97,8.8,5834.65,3482.3,0,0,0,0,0,0,0
1,297.7,308.8,2089,19.1,111,11.1,4178.31,2120.1,0,0,0,0,0,0,0
0,302.1,311.3,1415,44.1,43,9.2,6534.67,1896.3,0,0,0,0,0,0,0
1,298.8,309.9,1495,35.2,60,11.1,5510.77,2112.0,0,0,0,0,0,0,0
1,298.9,310.1,1441,41.2,189,11.2,6217.13,7786.8,0,0,0,0,0,0,0
2,301.4,309.9,1460,47.2,22,8.5,7216.45,1038.4,0,0,0,0,0,0,0
1,298.2,309.1,1457,49.0,77,10.9,7476.26,3773.0,0,0,0,0,0,0,0
1,298.7,309.9,1411,45.1,51,11.2,6663.96,2300.1,0,0,0,0,0,0,0
0,297.5,308.6,1208,62.3,28,11.1,7881.04,1744.4,0,0,0,0,0,0,0
1,303.1,312.6,1567,32.9,132,9.5,5398.75,4342.8,0,0,0,0,0,0,0
1,298.7,310.3,1481,41.5,83,11.6,6436.23,3444.5,0,0,0,0,0,0,0
0,298.7,308.6,1297,55.3,148,9.9,7510.93,8184.4,0,0,0,0,0,0,0
1,297.4,308.6,1434,44.4,193,11.2,6667.46,8569.2,0,0,0,0,0,0,0
0,303.0,311.2,1755,30.4,205,8.2,5587.01,6232.0,1,0,0,0,0,0,0
1,299.3,310.6,1457,42.1,104,11.3,6423.48,4378.4,0,0,0,0,0,0,0
0,302.0,309.8,1701,27.2,4,7.8,4845.09,108.8,0,0,0,0,0,0,0
1,300.4,309.8,1435,43.6,203,9.4,6551.9,8850.8,1,0,0,0,0,0,0
0,300.9,310.5,1565,35.9,81,9.6,5883.52,2907.9,0,0,0,0,0,0,0
0,300.9,310.4,1561,32.7,67,9.5,5345.39,2190.9,0,0,0,0,0,0,0
1,302.1,311.1,1605,37.6,171,9.0,6319.63,6429.6,0,0,0,0,0,0,0
1,300.2,311.6,1467,40.7,23,11.4,6252.49,936.1,0,0,0,0,0,0,0
0,300.3,311.3,1525,40.7,105,11.0,6499.69,4273.5,0,0,0,0,0,0,0
2,297.5,308.6,1440,46.1,84,11.1,6951.72,3872.4,0,0,0,0,0,0,0
0,302.6,312.3,1321,53.4,42,9.7,7387.08,2242.8,0,0,0,0,0,0,0
0,298.1,307.7,1537,40.8,169,9.6,6566.93,6895.2,0,0,0,0,0,0,0
0,299.3,308.8,1772,25.2,89,9.5,4676.2,2242.8,0,0,0,0,0,0,0
1,303.1,311.3,1847,24.7,212,8.2,4777.41,5236.4,1,0,0,0,0,0,0
1,296.9,308.1,1357,41.8,127,11.2,5939.98,5308.6,0,0,0,0,0,0,0
1,297.4,308.7,1481,48.0,117,11.3,7444.32,5616.0,0,0,0,0,0,0,0
0,297.5,309.4,1517,36.7,233,11.9,5830.16,8551.1,1,0,0,0,0,0,0
0,295.4,305.8,1407,50.7,192,10.4,7470.17,9734.4,0,0,0,0,0,0,0
1,302.6,312.3,1566,36.6,46,9.7,6002.08,1683.6,0,0,0,0,0,0,0
0,302.5,311.9,1437,46.7,65,9.4,7027.52,3035.5,0,0,0,0,0,0,0
2,297.7,308.4,1418,51.9,77,10.7,7706.77,3996.3,0,0,0,0,0,0,0
1,300.1,309.2,1438,51.0,211,9.1,7679.94,10761.0,1,0,0,0,0,0,0
0,301.5,310.4,1329,46.6,24,8.9,6485.44,1118.4,0,0,0,0,0,0,0
0,297.5,308.2,1563,38.2,15,10.7,6252.46,573.0,0,0,0,0,0,0,0
0,301.0,310.5,1932,21.7,79,9.5,4390.31,1714.3,0,0,0,0,0,0,0
0,300.5,309.3,1470,40.8,219,8.8,6280.67,8935.2,1,0,0,0,0,0,0
1,301.6,310.8,1290,65.3,63,9.2,8821.28,4113.9,0,0,0,0,0,0,0
0,302.5,311.6,1595,29.5,35,9.1,4927.33,1032.5,0,0,0,0,0,0,0
1,298.1,307.9,1662,28.9,76,9.8,5029.88,2196.4,0,0,0,0,0,0,0
1,299.8,309.4,1751,27.0,173,9.6,4950.84,4671.0,0,0,0,0,0,0,0
1,299.9,309.4,1487,42.2,198,9.5,6571.31,8355.6,0,0,0,0,0,0,0
2,298.6,309.6,1593,33.3,95,11.0,5555.06,3163.5,0,0,0,0,0,0,0
0,300.0,311.2,1351,44.1,206,11.2,6239.11,9084.6,1,0,0,0,0,0,0
1,300.8,310.9,1557,31.6,52,10.1,5152.34,1643.2,0,0,0,0,0,0,0
0,300.4,310.5,1818,25.1,14,10.1,4778.55,351.4,0,0,0,0,0,0,0
1,303.4,312.8,1590,36.3,113,9.4,6044.11,4101.9,0,0,0,0,0,0,0
0,301.2,310.8,1461,40.6,47,9.6,6211.62,1908.2,0,0,0,0,0,0,0
1,300.1,311.3,1523,34.1,135,11.2,5438.55,4603.5,0,0,0,0,0,0,0
0,300.1,309.4,1434,47.3,127,9.3,7102.95,6007.1,0,0,0,0,0,0,0
0,296.7,307.8,1468,39.2,35,11.1,6026.16,1372.0,0,0,0,0,0,0,0
1,298.3,307.9,1609,32.4,151,9.6,5459.21,4892.4,0,0,0,0,0,0,0
0,298.2,308.7,1780,27.9,35,10.5,5200.59,976.5,0,0,0,0,0,0,0
0,302.5,311.4,1409,53.1,126,8.9,7834.91,6690.6,0,0,0,0,0,0,0
0,302.6,311.0,1537,35.5,91,8.4,5713.88,3230.5,0,0,0,0,0,0,0
1,301.3,310.7,1391,52.5,61,9.4,7647.42,3202.5,0,0,0,0,0,0,0
1,300.1,309.3,1443,50.3,196,9.2,7600.86,9858.8,0,0,0,0,0,0,0
0,298.7,309.7,1601,35.7,176,11.0,5985.33,6283.2,0,0,0,0,0,0,0
0,297.5,309.4,1497,35.8,44,11.9,5612.2,1575.2,0,0,0,0,0,0,0
0,298.3,309.0,1657,32.2,179,10.7,5587.36,5763.8,0,0,0,0,0,0,0
0,299.4,309.0,1391,58.2,135,9.6,8477.71,7857.0,0,0,0,0,0,0,0
0,299.9,309.4,1348,52.8,31,9.5,7453.37,1636.8,0,0,0,0,0,0,0
2,298.3,308.2,1534,33.2,75,9.9,5333.25,2490.0,0,0,0,0,0,0,0
0,300.5,309.3,1528,37.0,221,8.8,5920.44,8177.0,1,0,0,0,0,0,0
1,297.6,307.2,1470,42.6,44,9.6,6557.76,1874.4,0,0,0,0,0,0,0
1,299.9,311.3,1445,41.2,169,11.4,6234.39,6962.8,0,0,0,0,0,0,0
0,299.2,310.5,1391,45.8,38,11.3,6671.47,1740.4,0,0,0,0,0,0,0
0,301.6,310.2,1384,57.1,68,8.6,8275.63,3882.8,0,0,0,0,0,0,0
1,299.8,310.8,1530,35.2,163,11.0,5639.79,5737.6,0,0,0,0,0,0,0
1,297.9,307.4,1435,42.9,18,9.5,6446.71,772.2,0,0,0,0,0,0,0
0,297.5,308.5,1712,26.8,136,11.0,4804.71,3644.8,0,0,0,0,0,0,0
0,302.2,311.4,1987,19.9,200,9.2,4140.76,3980.0,1,0,0,0,0,0,0
1,298.6,309.7,1675,28.4,115,11.1,4981.52,3266.0,0,0,0,0,0,0,0
0,303.0,311.2,1383,44.6,198,8.2,6459.3,8830.8,0,0,0,0,0,0,0
1,297.7,309.0,1433,41.8,16,11.3,6272.65,668.8,0,0,0,0,0,0,0
0,297.5,309.4,1357,50.1,137,11.9,7119.45,6863.7,0,0,0,0,0,0,0
0,299.6,309.0,1372,60.4,149,9.4,8678.0,8999.6,0,0,0,0,0,0,0
0,297.5,308.6,1497,43.9,91,11.1,6882.0,3994.9,0,0,0,0,0,0,0
0,300.7,310.8,1486,37.1,186,10.1,5773.26,6900.6,0,0,0,0,0,0,0
0,301.7,310.9,1557,39.4,2,9.2,6424.12,78.8,0,0,0,0,0,0,0
0,297.3,308.4,1417,47.8,31,11.1,7092.94,1481.8,0,0,0,0,0,0,0
2,300.4,309.4,1487,38.9,185,9.0,6057.44,7196.5,0,0,0,0,0,0,0
0,300.0,309.6,1364,45.9,16,9.6,6556.25,734.4,0,0,0,0,0,0,0
1,300.4,310.3,1537,35.0,33,9.9,5633.4,1155.0,0,0,0,0,0,0,0
0,298.4,307.9,1981,23.2,16,9.5,4812.84,371.2,0,0,0,0,0,0,0
0,302.6,310.4,1743,26.3,191,7.8,4800.45,5023.3,0,0,0,0,0,0,0
2,302.3,310.8,1438,43.8,119,8.5,6595.71,5212.2,0,0,0,0,0,0,0
1,302.9,311.2,1467,37.7,73,8.3,5791.62,2752.1,0,0,0,0,0,0,0
0,299.9,309.4,1322,53.9,33,9.5,7461.89,1778.7,0,0,0,0,0,0,0
1,304.2,313.2,1396,50.5,11,9.0,7382.53,555.5,0,0,0,0,0,0,0
0,298.4,308.6,1304,45.0,158,10.2,6144.96,7110.0,0,0,0,0,0,0,0
0,297.7,309.1,1479,42.1,58,11.4,6520.47,2441.8,0,0,0,0,0,0,0
1,302.0,311.1,1769,26.0,10,9.1,4816.48,260.0,0,0,0,0,0,0,0
0,299.1,310.2,1569,38.2,155,11.1,6276.46,5921.0,0,0,0,0,0,0,0
1,300.2,309.5,1630,28.3,51,9.3,4830.62,1443.3,0,0,0,0,0,0,0
1,302.6,311.4,1718,31.2,154,8.8,5613.15,4804.8,0,0,0,0,0,0,0
1,302.2,311.7,1584,36.2,63,9.5,6004.71,2280.6,0,0,0,0,0,0,0
0,302.8,312.2,1433,50.0,216,9.4,7503.17,10800.0,1,0,0,0,0,0,0
0,301.5,310.5,1534,39.3,119,9.0,6313.16,4676.7,0,0,0,0,0,0,0
0,303.6,312.9,1480,41.4,135,9.3,6416.39,5589.0,0,0,0,0,0,0,0
0,298.3,309.4,1668,27.1,136,11.1,4733.63,3685.6,0,0,0,0,0,0,0
0,298.9,310.0,1791,27.6,166,11.1,5176.47,4581.6,0,0,0,0,0,0,0
0,300.1,309.8,1532,39.8,115,9.7,6385.14,4577.0,0,0,0,0,0,0,0
0,297.4,309.2,1584,42.8,186,11.8,7099.5,7960.8,0,0,0,0,0,0,0
2,300.6,309.5,1495,36.5,79,8.9,5714.3,2883.5,0,0,0,0,0,0,0
0,298.8,308.6,1730,25.9,59,9.8,4692.18,1528.1,0,0,0,0,0,0,0
2,298.7,308.5,1572,35.6,202,9.8,5860.45,7191.2,1,0,0,0,0,0,0
1,297.9,307.7,1517,39.5,69,9.8,6274.96,2725.5,0,0,0,0,0,0,0
0,300.6,310.5,1644,33.8,148,9.9,5818.98,5002.4,0,0,0,0,0,0,0
0,302.2,310.9,1452,42.3,56,8.7,6431.85,2368.8,0,0,0,0,0,0,0
0,299.3,308.3,1651,28.0,6,9.0,4840.98,168.0,0,0,0,0,0,0,0
0,298.1,307.6,1488,39.4,157,9.5,6139.43,6185.8,0,0,0,0,0,0,0
0,297.3,308.1,1566,35.7,156,10.8,5854.48,5569.2,0,0,0,0,0,0,0
0,300.0,309.4,1499,35.7,46,9.4,5604.0,1642.2,0,0,0,0,0,0,0
0,298.4,308.2,1618,33.0,61,9.8,5591.41,2013.0,0,0,0,0,0,0,0
0,301.7,310.8,1559,44.5,135,9.1,7264.99,6007.5,0,0,0,0,0,0,0
0,297.4,308.0,1356,51.9,184,10.6,7369.8,9549.6,0,0,0,0,0,0,0
0,300.7,310.6,1288,47.2,216,9.9,6366.29,10195.2,1,0,0,0,0,0,0
1,301.3,309.9,1501,39.5,27,8.6,6208.78,1066.5,0,0,0,0,0,0,0
0,303.4,311.9,1377,41.6,34,8.5,5998.68,1414.4,0,1,0,1,0,0,0
1,301.8,311.1,1413,42.2,9,9.3,6244.29,379.8,0,0,0,0,0,0,0
0,299.1,309.0,1405,53.8,18,9.9,7915.66,968.4,0,0,0,0,0,0,0
0,302.1,311.0,1586,35.1,142,8.9,5829.6,4984.2,0,0,0,0,0,0,0
0,300.7,311.7,1524,43.5,222,11.0,6942.29,9657.0,1,0,0,0,0,0,0
0,299.3,310.4,1725,26.8,167,11.1,4841.19,4475.6,0,0,0,0,0,0,0
1,299.6,309.4,1605,29.8,142,9.8,5008.64,4231.6,0,0,0,0,0,0,0
0,299.2,310.6,1370,61.9,42,11.4,8880.55,2599.8,0,0,0,0,0,0,0
1,302.6,310.2,2157,17.2,94,7.6,3885.14,1616.8,0,0,0,0,0,0,0
1,300.7,309.6,1473,48.1,87,8.9,7419.53,4184.7,0,0,0,0,0,0,0
0,299.3,308.9,1258,69.4,119,9.6,9142.58,8258.6,0,1,0,0,1,0,0
0,300.0,309.1,1489,40.3,7,9.1,6283.89,282.1,0,0,0,0,0,0,0
0,297.4,308.5,1471,43.9,45,11.1,6762.48,1975.5,0,0,0,0,0,0,0
1,298.7,309.8,1343,53.6,134,11.1,7538.23,7182.4,0,0,0,0,0,0,0
0,298.1,310.0,1534,33.7,47,11.9,5413.57,1583.9,0,0,0,0,0,0,0
0,298.9,309.6,1365,50.9,183,10.7,7275.77,9314.7,0,0,0,0,0,0,0
0,302.2,311.3,1389,46.9,106,9.1,6821.87,4971.4,0,0,0,0,0,0,0
1,303.1,312.6,1895,23.5,129,9.5,4663.43,3031.5,0,0,0,0,0,0,0
0,298.4,308.9,1402,44.8,201,10.5,6577.41,9004.8,1,0,0,0,0,0,0
0,302.8,312.4,1368,49.5,10,9.6,7091.2,495.0,0,0,0,0,0,0,0
0,297.3,308.8,1554,36.1,70,11.5,5874.72,2527.0,0,0,0,0,0,0,0
2,298.6,308.2,1555,36.8,36,9.6,5992.48,1324.8,0,0,0,0,0,0,0
0,301.6,311.3,1706,29.9,93,9.7,5341.69,2780.7,0,0,0,0,0,0,0
1,300.7,311.1,1608,35.3,167,10.4,5944.14,5895.1,0,0,0,0,0,0,0
0,303.8,312.5,1372,45.7,180,8.7,6565.97,8226.0,0,0,0,0,0,0,0
1,301.5,310.5,1774,25.5,121,9.0,4737.21,3085.5,0,0,0,0,0,0,0
0,301.4,311.2,1355,50.6,37,9.8,7179.9,1872.2,0,0,0,0,0,0,0
1,300.3,311.5,1400,43.8,0,11.2,6421.42,0.0,0,0,0,0,0,0,0
0,297.9,308.1,1585,33.5,212,10.2,5560.36,7102.0,1,0,0,0,0,0,0
0,301.9,310.9,1309,48.0,124,9.0,6579.75,5952.0,0,0,0,0,0,0,0
0,297.4,308.4,1531,41.5,213,11.0,6653.53,8839.5,1,0,0,0,0,0,0
0,296.6,307.6,1542,37.4,88,11.0,6039.27,3291.2,0,0,0,0,0,0,0
0,298.1,308.3,1301,56.0,63,10.2,7629.46,3528.0,0,0,0,0,0,0,0
1,300.6,312.1,1293,52.3,49,11.5,7081.56,2562.7,0,0,0,0,0,0,0
0,297.4,309.3,1332,53.2,115,11.9,7420.69,6118.0,0,0,0,0,0,0,0
0,299.8,310.6,1707,32.5,124,10.8,5809.59,4030.0,0,0,0,0,0,0,0
1,299.8,309.4,1412,47.8,130,9.6,7067.91,6214.0,0,0,0,0,0,0,0
0,302.3,311.1,1630,35.6,183,8.8,6076.68,6514.8,0,0,0,0,0,0,0
1,302.9,312.2,1745,25.5,98,9.3,4659.77,2499.0,0,0,0,0,0,0,0
1,302.3,311.1,1295,57.1,146,8.8,7743.45,8336.6,0,0,0,0,0,0,0
1,298.5,309.3,1692,26.7,118,10.8,4730.86,3150.6,0,0,0,0,0,0,0
0,303.6,312.4,1363,53.1,7,8.8,7579.12,371.7,0,0,0,0,0,0,0
0,300.6,309.5,1576,38.8,124,8.9,6403.49,4811.2,0,0,0,0,0,0,0
1,298.2,308.7,1269,60.9,163,10.5,8092.96,9926.7,0,0,0,0,0,0,0
0,298.2,307.8,1355,51.3,70,9.6,7279.23,3591.0,0,0,0,0,0,0,0
0,301.7,310.8,1622,37.8,0,9.1,6420.54,0.0,0,0,0,0,0,0,0
2,304.2,313.5,1684,29.8,156,9.3,5255.17,4648.8,0,0,0,0,0,0,0
0,299.7,309.3,1592,34.2,8,9.6,5701.61,273.6,0,0,0,0,0,0,0
0,299.7,309.2,1422,40.4,140,9.5,6016.02,5656.0,0,0,0,0,0,0,0
0,299.3,308.7,1408,48.7,85,9.4,7180.59,4139.5,0,0,0,0,0,0,0
2,297.3,308.3,1935,19.3,24,11.0,3910.81,463.2,0,0,0,0,0,0,0
1,298.1,309.6,1549,38.7,43,11.5,6277.56,1664.1,0,0,0,0,0,0,0
0,298.5,309.6,1724,26.4,100,11.1,4766.17,2640.0,0,0,0,0,0,0,0
2,297.3,308.7,1430,42.8,153,11.4,6409.27,6548.4,0,0,0,0,0,0,0
0,300.8,312.5,1434,50.7,121,11.7,7613.52,6134.7,0,0,0,0,0,0,0
1,296.9,307.9,1979,20.4,68,11.0,4227.7,1387.2,0,0,0,0,0,0,0
0,298.3,308.0,1451,47.1,196,9.7,7156.77,9231.6,0,0,0,0,0,0,0
0,299.5,310.0,1502,38.5,52,10.5,6055.63,2002.0,0,0,0,0,0,0,0
0,299.1,310.4,1428,46.9,87,11.3,7013.42,4080.3,0,0,0,0,0,0,0
0,299.7,311.0,1827,25.4,194,11.3,4859.6,4927.6,0,0,0,0,0,0,0
0,298.9,308.5,1459,43.1,147,9.6,6585.08,6335.7,0,0,0,0,0,0,0
2,300.7,312.4,1457,47.2,74,11.7,7201.62,3492.8,0,0,0,0,0,0,0
0,298.0,308.2,1469,45.5,214,10.2,6999.42,9737.0,1,0,0,0,0,0,0
0,298.1,309.9,1634,30.0,53,11.8,5133.36,1590.0,0,0,0,0,0,0,0
0,301.0,311.3,1349,47.0,71,10.3,6639.55,3337.0,0,0,0,0,0,0,0
0,301.9,310.4,1376,54.9,126,8.5,7910.78,6917.4,0,1,0,1,0,0,0
0,298.3,308.5,1362,53.8,164,10.2,7673.4,8823.2,0,0,0,0,0,0,0
1,297.4,309.0,1685,30.7,177,11.6,5417.1,5433.9,0,0,0,0,0,0,0
0,302.3,311.3,1621,31.6,135,9.0,5364.12,4266.0,0,0,0,0,0,0,0
0,298.7,309.2,1586,31.4,180,10.5,5215.09,5652.0,0,0,0,0,0,0,0
0,298.3,308.6,1447,38.1,146,10.3,5773.27,5562.6,0,0,0,0,0,0,0
1,302.3,311.8,1363,54.0,119,9.5,7707.58,6426.0,0,1,0,0,0,0,0
0,299.8,309.4,1555,34.8,122,9.6,5666.8,4245.6,0,0,0,0,0,0,0
0,297.3,308.3,1538,38.5,47,11.0,6200.77,1809.5,0,0,0,0,0,0,0
1,299.8,309.1,1355,56.7,7,9.3,8045.46,396.9,0,0,0,0,0,0,0
0,301.5,310.7,1426,46.1,81,9.2,6884.13,3734.1,0,0,0,0,0,0,0
1,301.8,310.0,1781,23.9,198,8.2,4457.49,4732.2,0,0,0,0,0,0,0
1,300.6,310.3,1614,32.7,0,9.7,5526.88,0.0,0,0,0,0,0,0,0
1,298.1,309.0,1661,38.2,82,10.9,6644.49,3132.4,0,0,0,0,0,0,0
0,297.6,309.1,1503,38.9,157,11.5,6122.62,6107.3,0,0,0,0,0,0,0
0,302.0,310.4,1568,39.2,112,8.4,6436.66,4390.4,0,0,0,0,0,0,0
0,298.9,310.1,1571,36.8,78,11.2,6054.14,2870.4,0,0,0,0,0,0,0
0,299.0,308.8,1310,50.7,112,9.8,6955.17,5678.4,0,0,0,0,0,0,0
0,300.9,310.4,1615,30.9,200,9.5,5225.88,6180.0,1,0,0,0,0,0,0
0,301.3,311.0,1582,35.6,202,9.7,5897.73,7191.2,1,0,0,0,0,0,0
0,302.3,310.9,1596,33.5,104,8.6,5598.95,3484.0,0,0,0,0,0,0,0
0,300.0,311.3,1484,53.2,158,11.3,8267.5,8405.6,0,0,0,0,0,0,0
0,300.2,311.6,1529,35.5,21,11.4,5684.14,745.5,0,0,0,0,0,0,0
0,296.7,307.8,1400,47.5,3,11.1,6963.86,142.5,0,0,0,0,0,0,0
0,302.5,310.3,1549,40.9,170,7.8,6634.43,6953.0,0,0,0,0,0,0,0
0,297.5,308.6,1552,44.9,77,11.1,7297.38,3457.3,0,0,0,0,0,0,0
0,300.0,309.3,1972,22.0,175,9.3,4543.16,3850.0,0,0,0,0,0,0,0
0,297.0,308.1,1362,52.5,213,11.1,7487.99,11182.5,1,1,0,0,0,1,0
2,299.9,311.2,1364,49.6,50,11.3,7084.75,2480.0,0,0,0,0,0,0,0
0,302.3,310.9,1403,47.2,173,8.6,6934.71,8165.6,0,0,0,0,0,0,0
0,297.1,308.4,1726,28.4,202,11.3,5133.19,5736.8,1,0,0,0,0,0,0
0,302.5,310.2,1454,43.0,108,7.7,6547.29,4644.0,0,0,0,0,0,0,0
0,301.1,311.0,1918,21.7,28,9.9,4358.5,607.6,0,0,0,0,0,0,0
1,302.0,310.5,1425,44.7,76,8.5,6670.39,3397.2,0,0,0,0,0,0,0
0,297.6,308.3,1478,42.3,193,10.7,6547.02,8163.9,0,0,0,0,0,0,0
0,302.6,310.6,1549,37.5,199,8.0,6082.91,7462.5,0,0,0,0,0,0,0
1,302.3,311.4,1855,23.9,43,9.1,4642.7,1027.7,0,0,0,0,0,0,0
1,300.9,311.3,1801,24.6,100,10.4,4639.57,2460.0,0,0,0,0,0,0,0
2,301.8,311.1,1543,36.4,120,9.3,5881.61,4368.0,0,0,0,0,0,0,0
0,296.3,307.3,1372,57.7,33,11.0,8290.08,1904.1,0,0,0,0,0,0,0
0,302.8,312.4,1376,57.1,8,9.6,8227.79,456.8,0,0,0,0,0,0,0
1,298.0,307.5,1431,52.9,92,9.5,7927.27,4866.8,0,0,0,0,0,0,0
0,298.4,310.0,1554,37.3,103,11.6,6070.0,3841.9,0,0,0,0,0,0,0
0,300.8,311.7,1753,29.0,8,10.9,5323.64,232.0,0,0,0,0,0,0,0
2,302.2,311.1,1553,34.1,89,8.9,5545.68,3034.9,0,0,0,0,0,0,0
0,301.3,311.2,1668,30.1,18,9.9,5257.64,541.8,0,0,0,0,0,0,0
0,300.1,309.4,1464,41.7,30,9.3,6393.02,1251.0,0,0,0,0,0,0,0
0,299.2,309.9,1516,41.4,219,10.7,6572.46,9066.6,1,0,0,0,0,0,0
0,297.6,309.0,1528,33.8,22,11.4,5408.4,743.6,0,0,0,0,0,0,0
0,301.0,312.3,1424,43.5,136,11.3,6486.76,5916.0,0,0,0,0,0,0,0
0,299.4,310.5,1749,28.1,179,11.1,5146.65,5029.9,0,0,0,0,0,0,0
0,298.9,309.1,1452,45.5,196,10.2,6918.42,8918.0,0,0,0,0,0,0,0
0,300.6,309.8,1502,42.4,133,9.2,6669.06,5639.2,0,0,0,0,0,0,0
0,298.3,308.9,1708,27.3,170,10.6,4882.91,4641.0,0,0,0,0,0,0,0
1,301.7,311.0,1505,37.1,190,9.3,5847.08,7049.0,0,0,0,0,0,0,0
1,303.5,311.6,1562,34.2,107,8.1,5594.17,3659.4,0,0,0,0,0,0,0
0,299.0,309.9,1548,34.5,214,10.9,5592.66,7383.0,1,0,0,0,0,0,0
0,298.8,308.9,1402,37.9,2,10.1,5564.37,75.8,0,0,0,0,0,0,0
0,300.2,311.7,1553,41.3,44,11.5,6716.61,1817.2,0,0,0,0,0,0,0
0,303.4,311.7,1406,47.1,213,8.3,6934.81,10032.3,1,0,0,0,0,0,0
1,302.3,310.8,1611,31.8,169,8.5,5364.77,5374.2,0,0,0,0,0,0,0
0,297.9,309.1,1442,50.3,24,11.2,7595.6,1207.2,0,0,0,0,0,0,0
0,303.0,312.3,1932,21.9,132,9.3,4430.78,2890.8,0,0,0,0,0,0,0
0,297.3,308.3,1494,38.2,14,11.0,5976.44,534.8,0,0,0,0,0,0,0
1,300.2,309.4,1501,40.0,48,9.2,6287.37,1920.0,0,0,0,0,0,0,0
0,297.6,308.3,1438,47.8,84,10.7,7198.06,4015.2,0,0,0,0,0,0,0
0,301.7,310.8,1385,50.7,133,9.1,7353.37,6743.1,0,0,0,0,0,0,0
0,298.3,309.1,1421,47.4,33,10.8,7053.44,1564.2,0,0,0,0,0,0,0
0,296.8,307.6,1398,46.7,144,10.8,6836.8,6724.8,0,0,0,0,0,0,0
0,299.2,308.9,1588,41.5,150,9.7,6901.24,6225.0,0,0,0,0,0,0,0
0,302.2,310.6,1632,30.5,122,8.4,5212.53,3721.0,0,0,0,0,0,0,0
0,299.5,309.3,1422,49.2,179,9.8,7326.45,8806.8,0,0,0,0,0,0,0
0,301.3,310.6,1416,45.2,88,9.3,6702.4,3977.6,0,0,0,0,0,0,0
1,297.9,307.5,1642,32.4,126,9.6,5571.17,4082.4,0,0,0,0,0,0,0
0,304.0,313.1,1564,50.9,119,9.1,8336.49,6057.1,0,0,0,0,0,0,0
0,298.1,308.5,1498,49.4,5,10.4,7749.39,247.0,0,0,0,0,0,0,0
0,300.5,312.0,1453,45.1,151,11.5,6862.32,6810.1,0,0,0,0,0,0,0
0,303.3,312.2,1506,40.0,50,8.9,6308.32,2000.0,0,0,0,0,0,0,0
2,300.9,310.6,1686,27.7,176,9.7,4890.64,4875.2,0,0,0,0,0,0,0
0,302.3,311.1,1546,33.1,156,8.8,5358.78,5163.6,0,0,0,0,0,0,0
1,297.6,309.2,1442,48.1,0,11.6,7263.38,0.0,0,0,0,0,0,0,0
0,301.9,309.8,1507,44.7,131,7.9,7054.23,5855.7,0,0,0,0,0,0,0
1,302.4,310.5,1372,45.7,144,8.1,6565.97,6580.8,0,1,0,1,0,0,0
2,300.9,311.2,1518,35.0,90,10.3,5563.76,3150.0,0,0,0,0,0,0,0
1,304.1,313.5,1587,33.6,108,9.4,5583.99,3628.8,0,0,0,0,0,0,0
0,297.5,308.5,1340,57.4,143,11.0,8054.62,8208.2,0,0,0,0,0,0,0
1,300.5,311.5,1370,56.1,7,11.0,8048.45,392.7,0,0,0,0,0,0,0
0,295.6,306.2,1263,61.8,27,10.6,8173.73,1668.6,0,0,0,0,0,0,0
1,298.8,310.3,1573,41.8,91,11.5,6885.47,3803.8,0,0,0,0,0,0,0
0,301.4,310.7,1436,54.1,90,9.3,8135.43,4869.0,0,0,0,0,0,0,0
1,300.9,312.1,1297,48.6,76,11.2,6600.93,3693.6,0,0,0,0,0,0,0
0,300.6,309.5,2025,21.4,64,8.9,4538.03,1369.6,0,0,0,0,0,0,0
1,299.0,309.0,1351,52.2,44,10.0,7385.07,2296.8,0,0,0,0,0,0,0
0,298.1,309.9,1563,32.8,51,11.8,5368.6,1672.8,0,0,0,0,0,0,0
0,301.3,311.1,1454,40.3,191,9.8,6136.18,7697.3,0,0,0,0,0,0,0
2,297.5,308.4,1490,39.7,34,10.9,6194.49,1349.8,0,0,0,0,0,0,0
1,297.0,307.9,1412,47.4,112,10.9,7008.77,5308.8,0,0,0,0,0,0,0
2,301.4,310.6,1674,33.6,49,9.2,5890.11,1646.4,0,0,0,0,0,0,0
0,303.8,313.0,1427,43.0,0,9.2,6425.71,0.0,0,0,0,0,0,0,0
0,300.2,311.8,1436,48.2,175,11.6,7248.2,8435.0,0,0,0,0,0,0,0
2,300.2,309.9,1906,22.9,165,9.7,4570.75,3778.5,0,0,0,0,0,0,0
1,297.6,308.6,1414,45.4,138,11.0,6722.55,6265.2,0,0,0,0,0,0,0
0,302.9,311.1,1555,33.9,96,8.2,5520.25,3254.4,0,0,0,0,0,0,0
1,304.2,313.7,2113,18.4,139,9.5,4071.42,2557.6,0,0,0,0,0,0,0
2,302.2,311.1,1476,39.6,96,8.9,6120.83,3801.6,0,0,0,0,0,0,0
0,298.8,309.8,1663,28.2,67,11.0,4911.0,1889.4,0,0,0,0,0,0,0
0,300.6,311.3,1531,38.5,0,10.7,6172.55,0.0,0,0,0,0,0,0,0
1,295.6,306.1,1462,49.2,158,10.5,7532.53,7773.6,0,0,0,0,0,0,0
2,300.0,309.7,1529,42.4,107,9.7,6788.94,4536.8,0,0,0,0,0,0,0
1,301.5,310.7,1336,65.6,0,9.2,9177.81,0.0,0,1,0,0,1,0,0
0,302.1,311.2,1422,50.3,146,9.1,7490.25,7343.8,0,0,0,0,0,0,0
0,301.3,310.9,2165,17.4,143,9.6,3944.9,2488.2,0,0,0,0,0,0,0
1,298.5,309.0,1921,22.0,196,10.5,4425.67,4312.0,0,0,0,0,0,0,0
0,297.4,308.6,1276,53.6,103,11.2,7162.16,5520.8,0,0,0,0,0,0,0
1,299.8,309.1,1456,39.4,209,9.3,6007.4,8234.6,1,0,0,0,0,0,0
0,301.5,310.5,1351,52.9,116,9.0,7484.1,6136.4,0,0,0,0,0,0,0
1,297.4,308.0,1601,34.6,181,10.6,5800.91,6262.6,0,0,0,0,0,0,0
0,298.1,307.7,2567,12.8,125,9.6,3440.84,1600.0,0,1,0,0,1,0,0
0,298.9,310.0,1422,43.6,78,11.1,6492.54,3400.8,0,0,0,0,0,0,0
0,298.8,309.8,1334,49.3,42,11.0,6887.02,2070.6,0,0,0,0,0,0,0
0,298.8,309.7,1505,39.0,131,10.9,6146.53,5109.0,0,0,0,0,0,0,0
0,302.4,312.1,1455,40.4,28,9.7,6155.64,1131.2,0,0,0,0,0,0,0
1,298.7,310.3,1495,38.7,88,11.6,6058.72,3405.6,0,0,0,0,0,0,0
0,300.0,310.1,1477,34.6,195,10.1,5351.62,6747.0,0,0,0,0,0,0,0
0,298.4,308.0,1526,41.1,162,9.6,6567.88,6658.2,0,0,0,0,0,0,0
1,297.4,308.4,1478,46.2,95,11.0,7150.64,4389.0,0,0,0,0,0,0,0
1,301.5,311.0,1577,39.7,118,9.5,6556.18,4684.6,0,0,0,0,0,0,0
2,300.4,309.4,1530,40.4,112,9.0,6472.94,4524.8,0,0,0,0,0,0,0
0,302.3,310.7,1612,33.4,139,8.4,5638.2,4642.6,0,0,0,0,0,0,0
0,298.2,308.1,1382,43.5,37,9.9,6295.44,1609.5,0,0,0,0,0,0,0
1,301.7,309.9,1434,47.9,189,8.2,7193.05,9053.1,0,0,0,0,0,0,0
0,301.7,310.9,1636,31.3,42,9.2,5362.36,1314.6,0,0,0,0,0,0,0
0,297.7,309.1,1477,38.3,60,11.4,5923.9,2298.0,0,0,0,0,0,0,0
0,299.8,309.1,1546,35.6,93,9.3,5763.52,3310.8,0,0,0,0,0,0,0
0,302.2,311.0,1463,46.8,150,8.8,7169.99,7020.0,0,0,0,0,0,0,0
1,297.1,307.9,1662,26.9,183,10.8,4681.79,4922.7,0,0,0,0,0,0,0
1,302.1,311.1,1450,51.6,86,9.0,7835.13,4437.6,0,0,0,0,0,0,0
0,299.2,308.5,1374,53.6,143,9.3,7712.23,7664.8,0,0,0,0,0,0,0
0,298.4,308.7,1386,44.9,135,10.3,6516.86,6061.5,0,0,0,0,0,0,0
1,301.5,310.5,1737,29.3,114,9.0,5329.62,3340.2,0,0,0,0,0,0,0
0,298.4,309.2,1425,45.5,11,10.8,6789.77,500.5,0,0,0,0,0,0,0
2,299.2,308.7,1448,51.4,173,9.5,7794.0,8892.2,0,0,0,0,0,0,0
0,299.0,308.7,1426,38.6,16,9.7,5764.15,617.6,0,0,0,0,0,0,0
1,296.8,307.4,1472,43.9,30,10.6,6767.07,1317.0,0,0,0,0,0,0,0
0,301.9,310.9,1574,31.4,27,9.0,5175.63,847.8,0,0,0,0,0,0,0
0,300.3,310.7,1539,32.3,123,10.4,5205.59,3972.9,0,0,0,0,0,0,0
0,299.0,310.2,1490,41.1,54,11.2,6412.93,2219.4,0,0,0,0,0,0,0
0,301.9,310.3,1485,46.3,24,8.4,7200.06,1111.2,0,0,0,0,0,0,0
0,301.4,311.1,1472,44.5,159,9.7,6859.56,7075.5,0,0,0,0,0,0,0
1,300.9,310.8,1452,43.6,185,9.9,6629.51,8066.0,0,0,0,0,0,0,0
2,298.7,309.5,1453,40.4,108,10.8,6147.18,4363.2,0,0,0,0,0,0,0
0,300.6,310.6,1454,39.7,67,10.0,6044.82,2659.9,0,0,0,0,0,0,0
1,298.8,309.7,1459,47.3,141,10.9,7226.78,6669.3,0,0,0,0,0,0,0
1,302.5,310.3,1710,27.3,186,7.8,4888.63,5077.8,0,0,0,0,0,0,0
2,296.9,307.5,1397,48.3,22,10.6,7065.98,1062.6,0,0,0,0,0,0,0
1,302.1,310.7,1608,30.3,81,8.6,5102.2,2454.3,0,0,0,0,0,0,0
2,302.5,311.5,1626,36.0,44,9.0,6129.88,1584.0,0,0,0,0,0,0,0
0,299.0,310.1,1618,29.2,62,11.1,4947.55,1810.4,0,0,0,0,0,0,0
0,302.2,310.6,1334,53.2,159,8.4,7431.84,8458.8,0,1,0,1,0,0,0
1,300.1,310.1,1443,49.3,61,10.0,7449.75,3007.3,0,0,0,0,0,0,0
0,296.5,307.3,1501,42.1,162,10.8,6617.46,6820.2,0,0,0,0,0,0,0
0,298.3,308.3,1432,46.9,65,10.0,7033.06,3048.5,0,0,0,0,0,0,0
2,297.4,308.5,1469,45.1,63,11.1,6937.88,2841.3,0,0,0,0,0,0,0
2,302.6,311.5,1629,34.4,228,8.9,5868.24,7843.2,1,1,1,0,0,0,0
1,298.3,308.4,1539,43.4,69,10.1,6994.5,2994.6,0,0,0,0,0,0,0
1,300.0,309.1,1624,30.8,155,9.1,5238.0,4774.0,0,0,0,0,0,0,0
0,299.0,308.7,1537,42.8,202,9.7,6888.84,8645.6,1,0,0,0,0,0,0
1,298.9,308.7,1402,49.8,167,9.8,7311.49,8316.6,0,0,0,0,0,0,0
0,298.1,308.0,1426,46.0,61,9.9,6869.2,2806.0,0,0,0,0,0,0,0
0,298.0,308.7,1511,45.8,114,10.7,7247.0,5221.2,0,0,0,0,0,0,0
1,295.6,306.2,1435,51.6,126,10.6,7754.08,6501.6,0,0,0,0,0,0,0
1,301.6,310.7,1791,23.8,81,9.1,4463.76,1927.8,0,0,0,0,0,0,0
1,300.6,311.9,1629,35.3,0,11.3,6021.77,0.0,0,0,0,0,0,0,0
0,303.8,312.9,1514,34.3,180,9.1,5438.12,6174.0,0,0,0,0,0,0,0
0,302.0,310.5,1978,22.0,106,8.5,4556.98,2332.0,0,0,0,0,0,0,0
1,298.6,309.7,1635,32.2,110,11.1,5513.18,3542.0,0,0,0,0,0,0,0
1,297.9,308.1,1627,31.4,209,10.2,5349.9,6562.6,1,0,0,0,0,0,0
0,303.4,311.8,1564,35.9,171,8.4,5879.76,6138.9,0,0,0,0,0,0,0
0,299.1,310.1,1435,48.8,229,11.0,7333.32,11175.2,1,1,0,0,0,1,0
2,300.4,309.3,1396,51.2,54,8.9,7484.87,2764.8,0,0,0,0,0,0,0
0,301.1,310.4,1874,24.8,47,9.3,4866.87,1165.6,0,0,0,0,0,0,0
0,298.0,308.0,1433,39.2,87,10.0,5882.49,3410.4,0,0,0,0,0,0,0
1,300.0,309.3,1407,43.9,138,9.3,6468.26,6058.2,0,0,0,0,0,0,0
1,302.3,311.8,1475,48.0,180,9.5,7414.16,8640.0,0,0,0,0,0,0,0
0,302.8,310.8,1516,39.5,23,8.0,6270.83,908.5,0,0,0,0,0,0,0
0,299.1,308.3,1559,33.7,30,9.2,5501.8,1011.0,0,0,0,0,0,0,0
1,299.0,310.0,1337,57.4,146,11.0,8036.59,8380.4,0,0,0,0,0,0,0
1,300.5,311.4,1390,51.9,68,10.9,7554.59,3529.2,0,0,0,0,0,0,0
1,303.7,312.4,1540,37.4,146,8.7,6031.44,5460.4,0,0,0,0,0,0,0
1,302.8,312.3,1432,49.0,218,9.5,7347.98,10682.0,1,0,0,0,0,0,0
1,302.3,310.1,1563,37.8,31,7.8,6186.99,1171.8,0,0,0,0,0,0,0
1,302.2,311.0,1436,47.0,187,8.8,7067.75,8789.0,0,0,0,0,0,0,0
0,298.1,309.0,1497,40.5,58,10.9,6349.0,2349.0,0,0,0,0,0,0,0
0,297.3,307.9,1579,34.4,193,10.6,5688.13,6639.2,0,0,0,0,0,0,0
0,302.6,310.4,1638,36.2,84,7.8,6209.42,3040.8,0,0,0,0,0,0,0
0,302.1,311.0,1364,50.0,205,8.9,7141.89,10250.0,1,0,0,0,0,0,0
0,301.0,311.2,1412,42.1,64,10.2,6225.09,2694.4,0,0,0,0,0,0,0
1,296.9,307.5,1556,31.2,116,10.6,5083.85,3619.2,0,0,0,0,0,0,0
1,298.2,308.9,1408,38.8,20,10.7,5720.88,776.0,0,0,0,0,0,0,0
2,297.1,308.3,1492,41.5,141,11.2,6484.04,5851.5,0,0,0,0,0,0,0
0,302.3,311.4,1570,37.2,15,9.1,6116.05,558.0,0,0,0,0,0,0,0
0,298.9,309.9,1500,44.2,115,11.0,6942.92,5083.0,0,0,0,0,0,0,0
0,298.5,309.4,1911,21.5,164,10.9,4302.57,3526.0,0,0,0,0,0,0,0
0,298.9,310.1,1944,23.4,192,11.2,4763.66,4492.8,0,0,0,0,0,0,0
0,300.5,311.6,1575,32.5,168,11.1,5360.34,5460.0,0,0,0,0,0,0,0
0,301.9,310.5,1340,55.7,204,8.6,7816.07,11362.8,1,1,0,0,0,1,0
2,298.3,309.1,1430,40.9,162,10.8,6124.74,6625.8,0,0,0,0,0,0,0
2,303.8,312.5,1748,25.1,175,8.7,4594.56,4392.5,0,0,0,0,0,0,0
0,297.9,307.7,1546,37.6,72,9.8,6087.32,2707.2,0,0,0,0,0,0,0
0,300.9,310.7,1468,36.2,208,9.8,5564.98,7529.6,1,0,0,0,0,0,0
0,298.8,308.5,1446,37.0,11,9.7,5602.72,407.0,0,0,0,0,0,0,0
0,300.9,310.8,1476,39.0,10,9.9,6028.09,390.0,0,0,0,0,0,0,0
0,303.0,312.5,1461,40.2,127,9.5,6150.42,5105.4,0,0,0,0,0,0,0
2,304.0,313.1,1408,39.8,132,9.1,5868.33,5253.6,0,0,0,0,0,0,0
0,301.5,311.1,2076,18.7,103,9.6,4065.35,1926.1,0,0,0,0,0,0,0
1,300.6,311.6,1473,31.5,69,11.0,4858.94,2173.5,0,0,0,0,0,0,0
1,297.2,308.6,1404,43.7,160,11.4,6425.06,6992.0,0,0,0,0,0,0,0
1,303.8,312.7,1364,49.3,167,8.9,7041.9,8233.1,0,0,0,0,0,0,0
0,297.5,308.7,1453,37.6,112,11.2,5721.13,4211.2,0,0,0,0,0,0,0
0,303.4,312.3,1540,38.7,96,8.9,6241.09,3715.2,0,0,0,0,0,0,0
0,296.2,307.2,1356,43.6,22,11.0,6191.2,959.2,0,0,0,0,0,0,0
0,300.5,309.8,1445,43.9,164,9.3,6642.95,7199.6,0,0,0,0,0,0,0
0,297.1,308.5,1555,36.2,0,11.4,5894.78,0.0,0,0,0,0,0,0,0
2,297.6,309.5,1623,33.1,224,11.9,5625.68,7414.4,1,0,0,0,0,0,0
1,300.6,309.8,1659,28.9,127,9.2,5020.8,3670.3,0,0,0,0,0,0,0
2,296.6,307.7,1654,31.0,91,11.1,5369.4,2821.0,0,0,0,0,0,0,0
1,300.8,310.9,1522,46.2,56,10.1,7363.52,2587.2,0,0,0,0,0,0,0
1,299.5,308.7,1321,51.9,114,9.2,7179.58,5916.6,0,0,0,0,0,0,0
0,303.5,311.8,1451,45.2,173,8.3,6868.07,7819.6,0,0,0,0,0,0,0
0,303.2,311.4,1610,35.5,63,8.2,5985.26,2236.5,0,0,0,0,0,0,0
1,298.1,308.9,1353,46.2,173,10.8,6545.89,7992.6,0,0,0,0,0,0,0
0,297.9,307.6,1550,39.0,35,9.7,6330.31,1365.0,0,0,0,0,0,0,0
1,301.2,310.4,1382,41.6,117,9.2,6020.46,4867.2,0,0,0,0,0,0,0
1,301.4,311.2,1541,36.3,28,9.8,5857.85,1016.4,0,0,0,0,0,0,0
0,302.6,311.7,1542,34.1,137,9.1,5506.4,4671.7,0,0,0,0,0,0,0
0,302.6,311.0,2001,20.7,137,8.4,4337.57,2835.9,0,0,0,0,0,0,0
1,300.9,311.0,1556,38.8,127,10.1,6322.22,4927.6,0,0,0,0,0,0,0
1,303.7,312.6,1429,43.3,189,8.9,6479.61,8183.7,0,0,0,0,0,0,0
1,297.2,307.9,1747,29.0,188,10.7,5305.42,5452.0,0,0,0,0,0,0,0
1,303.0,312.2,1257,71.3,122,9.2,9385.41,8698.6,0,1,0,0,1,0,0
0,299.8,309.7,1431,40.3,101,9.9,6039.11,4070.3,0,0,0,0,0,0,0
1,300.9,310.6,1709,29.2,158,9.7,5225.81,4613.6,0,0,0,0,0,0,0
2,303.7,312.9,1460,49.8,2,9.2,7613.96,99.6,0,0,0,0,0,0,0
0,297.5,308.9,1443,43.5,0,11.4,6573.31,0.0,0,0,0,0,0,0,0
0,300.3,311.8,1508,43.1,57,11.5,6806.24,2456.7,0,0,0,0,0,0,0
1,297.3,308.3,1657,31.1,8,11.0,5396.49,248.8,0,0,0,0,0,0,0
0,297.5,308.3,1544,40.8,37,10.8,6596.84,1509.6,0,0,0,0,0,0,0
0,297.3,308.4,1459,39.4,59,11.1,6019.77,2324.6,0,0,0,0,0,0,0
0,299.1,310.0,1394,46.6,27,10.9,6802.64,1258.2,0,0,0,0,0,0,0
2,299.7,309.6,1553,41.0,179,9.9,6667.82,7339.0,0,0,0,0,0,0,0
0,301.2,310.8,1711,28.9,38,9.6,5178.17,1098.2,0,0,0,0,0,0,0
0,296.4,307.3,1487,37.5,83,10.9,5839.44,3112.5,0,0,0,0,0,0,0
0,301.2,311.2,1558,34.1,204,10.0,5563.53,6956.4,1,0,0,0,0,0,0
0,302.9,312.4,1561,34.8,150,9.5,5688.67,5220.0,0,0,0,0,0,0,0
0,299.1,308.8,1429,50.1,84,9.7,7497.19,4208.4,0,0,0,0,0,0,0
0,300.5,311.6,1447,45.4,204,11.1,6879.44,9261.6,1,0,0,0,0,0,0
1,302.2,310.9,1302,53.4,58,8.7,7280.83,3097.2,0,0,0,0,0,0,0
0,301.8,310.9,1449,36.5,33,9.1,5538.47,1204.5,0,0,0,0,0,0,0
0,304.2,313.4,1457,49.4,96,9.2,7537.29,4742.4,0,0,0,0,0,0,0
1,299.7,310.5,1594,35.4,134,10.8,5909.08,4743.6,0,0,0,0,0,0,0
1,301.6,310.6,1553,38.9,0,9.0,6326.3,0.0,0,0,0,0,0,0,0
0,299.7,309.4,1650,29.8,93,9.7,5149.07,2771.4,0,0,0,0,0,0,0
1,298.5,309.4,1522,47.4,20,10.9,7554.78,948.0,0,0,0,0,0,0,0
1,301.7,310.9,1435,48.0,66,9.2,7213.1,3168.0,0,0,0,0,0,0,0
0,302.5,310.5,1507,39.5,147,8.0,6233.6,5806.5,0,0,0,0,0,0,0
1,299.7,309.6,1540,34.4,91,9.9,5547.63,3130.4,0,0,0,0,0,0,0
2,298.6,309.7,1463,39.1,66,11.1,5990.32,2580.6,0,0,0,0,0,0,0
0,299.8,309.7,1624,34.2,96,9.9,5816.22,3283.2,0,0,0,0,0,0,0
0,299.0,310.4,1371,53.8,228,11.4,7724.11,12266.4,1,1,0,0,0,1,0
1,303.9,313.3,1507,34.3,161,9.4,5412.97,5522.3,0,0,0,0,0,0,0
1,303.6,312.3,1698,31.3,100,8.7,5565.58,3130.0,0,0,0,0,0,0,0
1,301.5,311.1,1507,38.6,149,9.6,6091.57,5751.4,0,0,0,0,0,0,0
0,297.3,308.6,1358,47.6,110,11.3,6769.17,5236.0,0,0,0,0,0,0,0
0,300.2,311.6,1767,26.4,20,11.4,4885.05,528.0,0,0,0,0,0,0,0
0,297.7,308.8,1896,24.5,186,11.1,4864.44,4557.0,0,0,0,0,0,0,0
0,297.4,309.1,1380,41.1,152,11.7,5939.5,6247.2,0,0,0,0,0,0,0
0,298.7,310.0,1555,32.6,197,11.3,5308.56,6422.2,0,0,0,0,0,0,0
0,298.8,310.1,1481,47.4,187,11.3,7351.26,8863.8,0,0,0,0,0,0,0
0,302.3,311.5,1794,26.1,7,9.2,4903.33,182.7,0,0,0,0,0,0,0
1,298.8,308.7,1498,39.5,89,9.9,6196.37,3515.5,0,0,0,0,0,0,0
0,299.2,310.3,1440,47.0,21,11.1,7087.43,987.0,0,0,0,0,0,0,0
0,302.8,312.3,1764,29.9,162,9.5,5523.3,4843.8,0,0,0,0,0,0,0
0,298.8,309.4,1387,54.1,171,10.6,7857.82,9251.1,0,0,0,0,0,0,0
1,298.9,310.3,1551,35.2,50,11.4,5717.2,1760.0,0,0,0,0,0,0,0
0,302.4,311.8,1648,30.0,122,9.4,5177.34,3660.0,0,0,0,0,0,0,0
0,303.3,311.7,1539,38.5,221,8.4,6204.8,8508.5,1,0,0,0,0,0,0
0,299.6,310.1,2057,20.4,60,10.5,4394.33,1224.0,0,0,0,0,0,0,0
0,300.9,310.8,1729,30.2,53,9.9,5468.03,1600.6,0,0,0,0,0,0,0
0,301.7,310.9,1608,33.0,160,9.2,5556.85,5280.0,0,0,0,0,0,0,0
0,298.6,309.6,1563,35.0,21,11.0,5728.69,735.0,0,0,0,0,0,0,0
0,298.1,307.5,1493,43.7,153,9.4,6832.35,6686.1,0,0,0,0,0,0,0
1,298.9,308.6,1517,39.8,114,9.7,6322.62,4537.2,0,0,0,0,0,0,0
0,297.3,307.9,1797,24.7,75,10.6,4648.08,1852.5,0,0,0,0,0,0,0
0,297.9,309.7,2194,16.8,27,11.8,3859.89,453.6,0,0,0,0,0,0,0
0,300.6,309.7,1617,33.2,185,9.1,5621.82,6142.0,0,0,0,0,0,0,0
1,301.0,311.6,1609,35.8,156,10.6,6032.09,5584.8,0,0,0,0,0,0,0
1,300.4,310.4,1544,36.3,21,10.0,5869.25,762.3,0,0,0,0,0,0,0
1,298.5,308.7,1662,28.3,15,10.2,4925.45,424.5,0,0,0,0,0,0,0
0,300.4,309.7,1692,27.4,115,9.3,4854.89,3151.0,0,0,0,0,0,0,0
0,302.6,311.9,1633,30.9,89,9.3,5284.13,2750.1,0,0,0,0,0,0,0
0,297.4,308.6,1324,59.1,118,11.2,8194.15,6973.8,0,0,0,0,0,0,0
0,302.2,311.5,1543,38.5,37,9.3,6220.93,1424.5,0,0,0,0,0,0,0
1,303.5,312.2,1818,23.6,109,8.7,4492.98,2572.4,0,0,0,0,0,0,0
1,300.8,311.9,1621,28.3,211,11.1,4803.95,5971.3,1,0,0,0,0,0,0
0,301.4,310.6,1445,43.9,210,9.2,6642.95,9219.0,1,0,0,0,0,0,0
0,302.8,312.4,1590,34.4,64,9.6,5727.75,2201.6,0,0,0,0,0,0,0
0,297.1,308.6,1442,37.1,59,11.5,5602.32,2188.9,0,0,0,0,0,0,0
0,299.0,310.3,1868,24.0,221,11.3,4694.8,5304.0,1,0,0,0,0,0,0
0,303.9,313.1,1425,49.3,199,9.2,7356.82,9810.7,0,0,0,0,0,0,0
0,302.9,312.6,1328,59.9,24,9.7,8330.16,1437.6,0,0,0,0,0,0,0
0,301.1,311.4,1531,38.7,55,10.3,6204.61,2128.5,0,0,0,0,0,0,0
0,303.6,312.7,1637,32.9,19,9.1,5639.92,625.1,0,0,0,0,0,0,0
0,300.3,309.6,1600,34.6,177,9.3,5797.29,6124.2,0,0,0,0,0,0,0
1,300.2,310.3,1448,40.1,209,10.1,6080.53,8380.9,1,0,0,0,0,0,0
0,299.6,310.2,1743,24.8,99,10.6,4526.66,2455.2,0,0,0,0,0,0,0
0,304.2,313.8,1401,53.9,142,9.6,7907.8,7653.8,0,0,0,0,0,0,0
1,297.5,308.4,1685,28.1,15,10.9,4958.32,421.5,0,0,0,0,0,0,0
0,300.8,310.1,1405,61.2,189,9.3,9004.43,11566.8,0,1,0,0,1,1,0
0,298.9,310.0,1693,28.8,56,11.1,5105.97,1612.8,0,0,0,0,0,0,0
0,298.9,310.2,1706,27.6,103,11.3,4930.79,2842.8,0,0,0,0,0,0,0
0,298.5,308.7,1575,33.9,128,10.2,5591.25,4339.2,0,0,0,0,0,0,0
0,301.0,310.3,1617,34.5,126,9.3,5841.95,4347.0,0,0,0,0,0,0,0
0,301.3,310.3,1460,41.5,197,9.0,6344.97,8175.5,0,0,0,0,0,0,0
0,297.5,308.8,1309,57.3,0,11.3,7854.58,0.0,0,0,0,0,0,0,0
0,301.0,311.6,1352,63.5,143,10.6,8990.4,9080.5,0,0,0,0,0,0,0
1,302.2,310.9,1488,44.2,57,8.7,6887.38,2519.4,0,0,0,0,0,0,0
0,302.1,310.9,1658,30.3,186,8.8,5260.85,5635.8,0,0,0,0,0,0,0
0,298.8,310.0,1537,39.9,190,11.2,6422.08,7581.0,0,0,0,0,0,0,0
0,300.1,311.5,1334,54.0,26,11.4,7543.59,1404.0,0,0,0,0,0,0,0
1,300.1,309.6,1501,38.0,157,9.5,5973.01,5966.0,0,0,0,0,0,0,0
2,300.5,309.4,1642,36.2,103,8.9,6224.58,3728.6,0,0,0,0,0,0,0
1,295.8,306.3,1235,76.2,89,10.5,9854.86,6781.8,0,1,0,0,1,0,0
0,302.5,311.5,1603,32.4,194,9.0,5438.85,6285.6,0,0,0,0,0,0,0
0,295.3,305.7,1475,51.0,187,10.4,7877.54,9537.0,0,0,0,0,0,0,0
0,301.7,311.2,1418,38.0,166,9.5,5642.72,6308.0,0,0,0,0,0,0,0
1,297.5,309.4,1831,26.6,105,11.9,5100.33,2793.0,0,0,0,0,0,0,0
1,298.5,308.3,1440,43.6,5,9.8,6574.73,218.0,0,0,0,0,0,0,0
0,301.4,310.8,1285,62.6,183,9.4,8423.76,11455.8,0,1,0,0,0,1,0
1,302.2,311.6,1386,50.5,69,9.4,7329.65,3484.5,0,0,0,0,0,0,0
0,300.6,311.7,1528,43.9,185,11.1,7024.52,8121.5,0,0,0,0,0,0,0
2,297.7,309.3,1400,48.9,147,11.6,7169.11,7188.3,0,0,0,0,0,0,0
0,295.7,306.1,1408,47.9,117,10.4,7062.64,5604.3,0,0,0,0,0,0,0
1,295.9,306.6,1532,38.6,104,10.7,6192.62,4014.4,0,0,0,0,0,0,0
0,297.2,308.1,1712,30.9,204,10.9,5539.76,6303.6,1,0,0,0,0,0,0
0,299.4,310.5,1514,36.1,169,11.1,5723.5,6100.9,0,0,0,0,0,0,0
0,301.1,311.2,1774,29.6,186,10.1,5498.88,5505.6,0,0,0,0,0,0,0
0,298.2,308.9,1278,54.0,18,10.7,7226.92,972.0,0,0,0,0,0,0,0
0,301.5,310.8,1382,52.4,165,9.3,7583.47,8646.0,0,0,0,0,0,0,0
1,299.2,310.6,1443,50.9,85,11.4,7691.53,4326.5,0,0,0,0,0,0,0
0,296.9,308.1,1555,33.7,229,11.2,5487.68,7717.3,1,0,0,0,0,0,0
0,303.2,311.3,1393,52.9,12,8.1,7716.77,634.8,0,0,0,0,0,0,0
0,303.3,311.4,1630,32.5,2,8.1,5547.53,65.0,0,0,0,0,0,0,0
2,297.3,308.7,1478,47.6,98,11.4,7367.33,4664.8,0,0,0,0,0,0,0
0,296.8,308.0,1675,29.7,46,11.2,5209.55,1366.2,0,0,0,0,0,0,0
0,298.6,309.6,1386,48.6,25,11.0,7053.88,1215.0,0,0,0,0,0,0,0
0,302.6,312.1,1668,28.7,180,9.5,5013.1,5166.0,0,0,0,0,0,0,1
1,300.1,309.2,1457,44.3,98,9.1,6759.15,4341.4,0,0,0,0,0,0,0
0,303.1,311.2,1679,34.8,25,8.1,6118.69,870.0,0,0,0,0,0,0,0
0,297.3,308.7,1587,35.8,148,11.4,5949.61,5298.4,0,0,0,0,0,0,0
0,303.8,313.1,1458,42.2,25,9.3,6443.16,1055.0,0,0,0,0,0,0,0
1,301.5,310.6,2432,14.2,126,9.1,3616.43,1789.2,0,0,0,0,0,0,0
0,302.4,311.8,1416,46.1,202,9.4,6835.85,9312.2,1,0,0,0,0,0,0
0,302.6,312.1,1288,68.5,0,9.5,9239.21,0.0,0,1,0,0,1,0,0
1,303.7,312.0,1402,48.6,76,8.3,7135.31,3693.6,0,0,0,0,0,0,0
1,300.8,309.7,1482,39.0,171,8.9,6052.59,6669.0,0,0,0,0,0,0,0
0,300.1,309.6,1649,33.6,168,9.5,5802.14,5644.8,0,0,0,0,0,0,0
0,297.7,308.5,1453,45.5,86,10.8,6923.18,3913.0,0,0,0,0,0,0,0
1,301.9,310.9,1483,37.0,35,9.0,5746.08,1295.0,0,0,0,0,0,0,0
1,300.7,309.6,1536,37.2,19,8.9,5983.6,706.8,0,0,0,0,0,0,0
0,299.4,308.7,1504,37.8,112,9.3,5953.44,4233.6,0,0,0,0,0,0,0
1,304.4,313.6,1510,38.9,199,9.2,6151.13,7741.1,0,0,0,0,0,0,0
1,298.6,309.9,1668,32.3,6,11.3,5641.92,193.8,0,0,0,0,0,0,0
0,297.5,308.6,1380,53.5,192,11.1,7731.46,10272.0,0,0,0,0,0,0,0
0,301.0,311.1,1236,64.4,177,10.1,8335.52,11398.8,0,1,0,0,0,1,0
2,301.6,310.6,1821,26.2,171,9.0,4996.2,4480.2,0,0,0,0,0,0,0
0,303.0,311.2,1456,44.0,142,8.2,6708.77,6248.0,0,0,0,0,0,0,0
0,300.6,310.6,1931,22.0,24,10.0,4448.7,528.0,0,0,0,0,0,0,0
0,298.5,308.9,1725,31.9,205,10.4,5762.47,6539.5,1,0,0,0,0,0,0
1,300.8,312.4,1465,43.7,139,11.6,6704.21,6074.3,0,0,0,0,0,0,0
0,300.7,310.7,1541,41.3,82,10.0,6664.71,3386.6,0,0,0,0,0,0,0
2,299.4,309.0,1415,51.7,62,9.6,7660.83,3205.4,0,0,0,0,0,0,0
1,300.7,311.3,1562,37.1,58,10.6,6068.53,2151.8,0,0,0,0,0,0,0
1,299.0,310.3,1447,39.9,78,11.3,6046.03,3112.2,0,0,0,0,0,0,0
0,301.6,310.9,1385,51.2,132,9.3,7425.89,6758.4,0,0,0,0,0,0,0
0,298.4,308.3,1452,48.5,73,9.9,7374.57,3540.5,0,0,0,0,0,0,0
0,297.8,308.4,1714,33.2,177,10.6,5959.06,5876.4,0,0,0,0,0,0,0
0,297.6,308.6,1491,38.1,152,11.0,5948.83,5791.2,0,0,0,0,0,0,0
0,297.2,308.5,1447,47.9,188,11.3,7258.26,9005.2,0,0,0,0,0,0,0
1,301.3,310.4,1501,39.8,187,9.1,6255.94,7442.6,0,0,0,0,0,0,0
0,297.5,308.8,1360,50.7,190,11.3,7220.64,9633.0,0,0,0,0,0,0,0
0,300.6,310.0,1635,31.0,107,9.4,5307.72,3317.0,0,0,0,0,0,0,0
2,300.6,309.8,1541,36.2,166,9.2,5841.71,6009.2,0,0,0,0,0,0,0
1,302.4,311.0,1490,37.1,168,8.6,5788.8,6232.8,0,0,0,0,0,0,0
1,300.9,312.0,1402,50.7,185,11.1,7443.63,9379.5,0,0,0,0,0,0,0
0,298.2,308.6,1433,39.5,7,10.4,5927.5,276.5,0,0,0,0,0,0,0
1,299.8,309.8,1427,45.2,106,10.0,6754.47,4791.2,0,0,0,0,0,0,0
0,300.9,310.7,1509,37.5,12,9.8,5925.83,450.0,0,0,0,0,0,0,0
1,298.6,309.3,1510,40.8,177,10.7,6451.57,7221.6,0,0,0,0,0,0,0
0,300.7,310.2,1493,35.9,10,9.5,5612.84,359.0,0,0,0,0,0,0,0
0,303.7,312.5,1641,36.0,125,8.8,6186.42,4500.0,0,0,0,0,0,0,0
0,302.1,310.6,1385,53.6,5,8.5,7773.98,268.0,0,0,0,0,0,0,0
1,300.9,311.4,1434,45.4,118,10.5,6817.63,5357.2,0,0,0,0,0,0,0
0,302.7,312.1,1543,37.5,33,9.4,6059.35,1237.5,0,0,0,0,0,0,0
0,301.5,310.6,1525,41.9,204,9.1,6691.33,8547.6,1,0,0,0,0,0,0
1,300.4,310.2,1380,47.3,5,9.8,6835.48,236.5,0,0,0,0,0,0,0
0,300.8,310.8,1741,27.1,39,10.0,4940.79,1056.9,0,0,0,0,0,0,0
1,301.8,310.8,1508,38.8,96,9.0,6127.19,3724.8,0,0,0,0,0,0,0
0,303.9,313.1,1440,41.1,12,9.2,6197.73,493.2,0,0,0,0,0,0,0
1,304.0,313.0,1454,46.8,30,9.0,7125.89,1404.0,0,0,0,0,0,0,0
0,300.7,311.0,1403,48.3,70,10.3,7096.32,3381.0,0,0,0,0,0,0,0
1,300.7,311.0,1413,44.3,72,10.3,6555.03,3189.6,0,0,0,0,0,0,0
0,300.2,309.8,1430,55.0,102,9.6,8236.21,5610.0,0,0,0,0,0,0,0
0,301.5,310.7,1596,35.4,150,9.2,5916.5,5310.0,0,0,0,0,0,0,0
1,302.3,310.8,1762,27.8,127,8.5,5129.55,3530.6,0,0,0,0,0,0,0
0,300.3,311.1,1606,30.9,156,10.8,5196.76,4820.4,0,0,0,0,0,0,0
0,301.2,310.4,1516,44.4,53,9.2,7048.73,2353.2,0,0,0,0,0,0,0
0,297.9,308.1,1531,40.8,2,10.2,6541.3,81.6,0,0,0,0,0,0,0
1,298.6,309.4,1460,43.8,138,10.8,6696.62,6044.4,0,0,0,0,0,0,0
0,300.5,309.6,1366,50.2,219,9.1,7180.97,10993.8,1,0,0,0,0,0,0
0,297.0,307.7,1315,60.1,128,10.7,8276.16,7692.8,0,0,0,0,0,0,0
0,303.5,312.0,1436,45.1,32,8.5,6782.03,1443.2,0,0,0,0,0,0,0
0,300.6,310.0,1505,35.9,95,9.4,5657.96,3410.5,0,0,0,0,0,0,0
0,297.5,309.3,1732,29.9,32,11.8,5423.1,956.8,0,0,0,0,0,0,0
0,300.7,311.0,1413,52.0,91,10.3,7694.39,4732.0,0,0,0,0,0,0,1
0,296.9,307.9,1359,56.5,110,11.0,8040.75,6215.0,0,0,0,0,0,0,0
0,300.7,311.2,1399,47.9,80,10.5,7017.49,3832.0,0,0,0,0,0,0,0
0,299.0,308.4,1571,38.6,5,9.4,6350.27,193.0,0,0,0,0,0,0,0
1,302.1,311.4,1467,43.4,33,9.3,6667.28,1432.2,0,0,0,0,0,0,0
1,300.7,311.5,1441,40.6,33,10.8,6126.59,1339.8,0,0,0,0,0,0,0
1,302.6,311.0,1329,48.6,111,8.4,6763.79,5394.6,0,1,0,1,0,0,0
1,297.3,308.6,1471,50.7,157,11.3,7809.97,7959.9,0,0,0,0,0,0,0
1,300.3,309.3,1391,57.9,204,9.0,8434.01,11811.6,1,0,0,0,0,0,0
0,302.6,311.5,1427,38.9,213,8.9,5813.03,8285.7,1,0,0,0,0,0,0
1,299.1,310.0,1580,36.0,195,10.9,5956.46,7020.0,0,0,0,0,0,0,0
0,299.0,310.2,1575,37.8,42,11.2,6234.49,1587.6,0,0,0,0,0,0,0
2,302.7,311.1,1418,43.4,130,8.4,6444.58,5642.0,0,0,0,0,0,0,0
0,303.1,311.3,1474,34.8,215,8.2,5371.62,7482.0,1,0,0,0,0,0,0
1,300.7,311.0,1378,51.6,130,10.3,7446.08,6708.0,0,0,0,0,0,0,0
0,304.1,313.4,1374,56.6,115,9.3,8143.89,6509.0,0,0,0,0,0,0,0
1,298.8,309.0,1661,29.5,162,10.2,5131.22,4779.0,0,0,0,0,0,0,0
0,300.8,311.4,1322,67.2,18,10.6,9303.14,1209.6,0,1,0,0,1,0,0
1,297.6,308.9,1433,43.2,206,11.3,6482.74,8899.2,1,0,0,0,0,0,0
0,299.0,308.6,1661,32.2,106,9.6,5600.85,3413.2,0,0,0,0,0,0,0
1,300.4,311.6,1401,49.9,79,11.2,7320.95,3942.1,0,0,0,0,0,0,0
1,298.2,309.4,1408,46.5,76,11.2,6856.21,3534.0,0,0,0,0,0,0,0
1,299.9,309.6,1364,44.4,20,9.7,6342.0,888.0,0,0,0,0,0,0,0
0,299.7,309.0,1605,33.0,151,9.3,5546.48,4983.0,0,0,0,0,0,0,0
1,299.7,309.6,1534,39.1,176,9.9,6281.03,6881.6,0,0,0,0,0,0,0
2,300.9,312.0,2129,17.8,173,11.1,3968.48,3079.4,0,0,0,0,0,0,0
0,303.1,311.1,1854,22.6,19,8.0,4387.8,429.4,0,0,0,0,0,0,0
0,300.6,309.8,1688,28.6,135,9.2,5055.53,3861.0,0,0,0,0,0,0,0
1,298.9,308.7,1772,28.4,177,9.8,5270.0,5026.8,0,0,0,0,0,0,0
0,301.2,311.7,1433,49.3,206,10.5,7398.13,10155.8,1,0,0,0,0,0,0
1,299.0,310.2,1625,31.8,89,11.2,5411.39,2830.2,0,0,0,0,0,0,0
0,302.1,310.8,1786,25.7,47,8.7,4806.66,1207.9,0,0,0,0,0,0,0
1,299.7,309.1,1851,24.7,189,9.4,4787.76,4668.3,0,0,0,0,0,0,0
0,298.9,308.3,1660,34.4,9,9.4,5979.92,309.6,0,0,0,0,0,0,0
2,298.9,309.9,1376,51.0,32,11.0,7348.81,1632.0,0,0,0,0,0,0,0
0,298.5,308.8,1589,30.6,11,10.3,5091.83,336.6,0,0,0,0,0,0,0
0,302.1,310.5,1559,36.0,124,8.4,5877.29,4464.0,0,0,0,0,0,0,0
0,298.7,310.1,1786,27.7,114,11.4,5180.72,3157.8,0,0,0,0,0,0,0
2,303.4,311.7,1991,19.0,53,8.3,3961.44,1007.0,0,0,0,0,0,0,0
0,298.2,308.8,1616,33.7,16,10.6,5702.95,539.2,0,0,0,0,0,0,0
0,301.6,311.2,1525,43.7,91,9.6,6978.79,3976.7,0,0,0,0,0,0,0
0,302.2,311.7,1330,54.6,154,9.5,7604.54,8408.4,0,0,0,0,0,0,0
1,298.3,308.7,1667,28.6,18,10.4,4992.64,514.8,0,0,0,0,0,0,0
0,303.4,312.3,1479,42.8,92,8.9,6628.89,3937.6,0,0,0,0,0,0,0
0,299.0,309.4,1758,25.7,68,10.4,4731.3,1747.6,0,0,0,0,0,0,0
0,300.5,311.2,1270,67.5,208,10.7,8977.1,14040.0,1,1,0,0,0,1,0
0,298.5,309.1,1474,41.3,189,10.6,6374.94,7805.7,0,0,0,0,0,0,0
1,301.8,311.3,1624,31.6,145,9.5,5374.05,4582.0,0,0,0,0,0,0,0
2,300.8,311.4,1453,44.6,38,10.6,6786.24,1694.8,0,0,0,0,0,0,0
0,300.7,309.5,1592,29.0,17,8.8,4834.7,493.0,0,0,0,0,0,0,0
0,300.7,309.6,1500,44.1,122,8.9,6927.21,5380.2,0,0,0,0,0,0,0
0,302.7,310.5,1446,40.9,211,7.8,6193.27,8629.9,1,1,1,0,0,0,0
1,301.3,311.1,1492,41.2,223,9.8,6437.17,9187.6,1,0,0,0,0,0,0
0,298.4,309.2,1651,28.5,141,10.8,4927.43,4018.5,0,0,0,0,0,0,0
2,300.6,311.1,1452,40.2,28,10.5,6112.53,1125.6,0,0,0,0,0,0,0
0,304.3,313.6,1409,56.0,19,9.3,8262.81,1064.0,0,0,0,0,0,0,0
0,300.2,309.7,1656,34.3,120,9.5,5948.17,4116.0,0,0,0,0,0,0,0
1,299.9,311.4,1480,44.9,108,11.5,6958.84,4849.2,0,0,0,0,0,0,0
1,299.9,309.9,1639,42.1,159,10.0,7225.86,6693.9,0,0,0,0,0,0,0
0,301.3,310.3,1626,31.3,180,9.0,5329.59,5634.0,0,0,0,0,0,0,0
0,303.5,312.4,1390,47.3,164,8.9,6885.01,7757.2,0,0,0,0,0,0,0
0,300.6,310.4,1446,49.7,155,9.8,7525.81,7703.5,0,0,0,0,0,0,0
1,298.6,310.2,1668,31.5,7,11.6,5502.19,220.5,0,0,0,0,0,0,0
1,298.7,309.7,1868,23.8,118,11.0,4655.67,2808.4,0,0,0,0,0,0,0
2,300.1,311.5,1422,46.2,134,11.4,6879.71,6190.8,0,0,0,0,0,0,0
0,298.6,309.6,1491,36.9,192,11.0,5761.46,7084.8,0,0,0,0,0,0,0
1,300.4,309.4,1875,23.9,155,9.0,4692.75,3704.5,0,0,0,0,0,0,0
1,295.8,306.5,1514,37.7,60,10.7,5977.17,2262.0,0,0,0,0,0,0,0
2,303.7,312.8,1488,42.8,54,9.1,6669.22,2311.2,0,0,0,0,0,0,0
0,299.0,308.7,1449,38.9,18,9.7,5902.64,700.2,0,0,0,0,0,0,0
0,298.9,310.0,2231,17.4,151,11.1,4065.16,2627.4,0,0,0,0,0,0,0
1,298.8,309.7,1477,48.5,138,10.9,7501.55,6693.0,0,0,0,0,0,0,0
0,301.3,311.0,1348,44.5,78,9.7,6281.72,3471.0,0,0,0,0,0,0,0
0,303.6,312.8,1710,27.2,14,9.2,4870.73,380.8,0,0,0,0,0,0,0
0,300.1,309.7,1641,30.4,41,9.6,5224.09,1246.4,0,0,0,0,0,0,0
0,302.2,311.4,1397,53.0,17,9.2,7753.56,901.0,0,0,0,0,0,0,0
0,299.0,310.1,1531,36.0,57,11.1,5771.73,2052.0,0,0,0,0,0,0,0
0,299.5,309.1,1502,44.6,13,9.6,7015.09,579.8,0,0,0,0,0,0,0
0,303.7,312.9,1461,50.1,31,9.2,7665.08,1553.1,0,0,0,0,0,0,0
0,300.4,309.7,1467,36.9,131,9.3,5668.72,4833.9,0,0,0,0,0,0,0
0,297.6,309.5,1574,30.9,151,11.9,5093.21,4665.9,0,0,0,0,0,0,0
0,299.1,310.1,1894,24.2,22,11.0,4799.81,532.4,0,0,0,0,0,0,0
0,300.6,310.2,1489,47.8,21,9.6,7453.34,1003.8,0,0,0,0,0,0,0
0,298.2,308.4,1452,43.5,158,10.2,6614.31,6873.0,0,0,0,0,0,0,0
1,303.0,312.5,1524,42.1,76,9.5,6718.86,3199.6,0,0,0,0,0,0,0
1,297.6,308.7,1419,41.7,81,11.1,6196.51,3377.7,0,0,0,0,0,0,0
0,297.4,308.7,1433,43.4,116,11.3,6512.75,5034.4,0,0,0,0,0,0,0
0,298.3,308.0,1363,50.1,96,9.7,7150.92,4809.6,0,0,0,0,0,0,0
0,301.7,309.8,1398,46.0,109,8.1,6734.32,5014.0,0,0,0,0,0,0,0
1,300.5,309.3,1881,25.5,98,8.8,5022.94,2499.0,0,0,0,0,0,0,0
0,300.8,311.9,1486,45.1,30,11.1,7018.17,1353.0,0,0,0,0,0,0,0
0,302.3,311.6,1309,57.6,77,9.3,7895.7,4435.2,0,0,0,0,0,0,0
1,303.5,312.4,1606,31.7,22,8.9,5331.3,697.4,0,0,0,0,0,0,0
0,300.7,310.2,1807,24.2,77,9.5,4579.33,1863.4,0,0,0,0,0,0,0
1,303.2,311.4,2102,19.0,5,8.2,4182.3,95.0,0,0,0,0,0,0,0
0,302.7,310.5,1725,29.0,209,7.8,5238.61,6061.0,1,0,0,0,0,0,0
1,297.3,308.5,1625,32.8,92,11.2,5581.56,3017.6,0,0,0,0,0,0,0
1,302.5,310.4,1605,36.0,69,7.9,6050.71,2484.0,0,0,0,0,0,0,0
0,300.9,310.8,1490,38.1,125,9.9,5944.84,4762.5,0,0,0,0,0,0,0
0,297.1,307.8,1681,27.6,181,10.7,4858.54,4995.6,0,0,0,0,0,0,0
0,298.3,309.0,1471,48.3,91,10.7,7440.27,4395.3,0,0,0,0,0,0,0
1,298.8,309.7,1392,48.7,133,10.9,7098.99,6477.1,0,0,0,0,0,0,0
1,297.6,309.6,1530,37.3,10,12.0,5976.25,373.0,0,0,0,0,0,0,0
1,301.0,310.9,1554,32.7,59,9.9,5321.42,1929.3,0,0,0,0,0,0,0
0,295.6,306.0,1949,21.9,5,10.4,4469.76,109.5,0,0,0,0,0,0,0
0,302.3,311.4,1535,41.8,77,9.1,6719.13,3218.6,0,0,0,0,0,0,0
1,297.5,308.2,1624,30.9,186,10.7,5255.0,5747.4,0,0,0,0,0,0,0
1,297.6,309.7,1541,33.7,165,12.1,5438.27,5560.5,0,0,0,0,0,0,0
1,300.0,310.1,1314,53.5,199,10.1,7361.69,10646.5,0,0,0,0,0,0,0
0,299.7,310.6,1616,35.1,142,10.9,5939.87,4984.2,0,0,0,0,0,0,0
0,301.9,310.8,1650,29.8,94,8.9,5149.07,2801.2,0,0,0,0,0,0,0
0,299.2,310.2,1458,47.0,183,11.0,7176.03,8601.0,0,0,0,0,0,0,0
1,298.2,308.0,1411,47.2,168,9.8,6974.25,7929.6,0,0,0,0,0,0,0
1,300.2,311.5,1547,40.9,66,11.3,6625.86,2699.4,0,0,0,0,0,0,0
0,297.7,308.7,1688,27.2,125,11.0,4808.06,3400.0,0,0,0,0,0,0,0
0,300.4,309.9,1681,28.6,206,9.5,5034.57,5891.6,1,0,0,0,0,0,0
0,302.3,311.1,1589,29.9,141,8.8,4975.35,4215.9,0,0,0,0,0,0,0
1,300.2,310.1,1619,31.3,38,9.9,5306.64,1189.4,0,0,0,0,0,0,0
0,299.3,308.6,1605,37.0,78,9.3,6218.78,2886.0,0,0,0,0,0,0,0
1,301.8,310.7,1383,45.7,44,8.9,6618.61,2010.8,0,0,0,0,0,0,0
0,303.1,312.4,1404,61.5,127,9.3,9042.13,7810.5,0,1,0,0,1,0,0
0,300.5,311.8,1596,34.8,87,11.3,5816.22,3027.6,0,0,0,0,0,0,0
0,299.8,311.2,1533,35.9,137,11.4,5763.22,4918.3,0,0,0,0,0,0,0
1,301.5,310.6,1492,43.0,100,9.1,6718.4,4300.0,0,0,0,0,0,0,0
1,299.2,308.3,1755,26.4,19,9.1,4851.88,501.6,0,0,0,0,0,0,0
0,299.4,308.9,1550,33.7,174,9.5,5470.04,5863.8,0,0,0,0,0,0,0
0,299.4,309.2,1433,42.1,22,9.8,6317.67,926.2,0,0,0,0,0,0,0
0,300.3,311.4,1544,41.6,97,11.1,6726.19,4035.2,0,0,0,0,0,0,0
1,297.5,308.2,1713,32.2,17,10.7,5776.2,547.4,0,0,0,0,0,0,0
0,299.2,310.5,1458,44.1,91,11.3,6733.25,4013.1,0,0,0,0,0,0,0
0,297.6,309.5,1569,36.2,63,11.9,5947.85,2280.6,0,0,0,0,0,0,0
1,296.4,307.3,2077,19.1,80,10.9,4154.31,1528.0,0,0,0,0,0,0,0
0,302.5,310.4,1487,42.0,152,7.9,6540.17,6384.0,0,0,0,0,0,0,0
1,298.1,308.5,1372,51.1,116,10.4,7341.82,5927.6,0,0,0,0,0,0,0
0,303.7,312.4,1404,46.6,119,8.7,6851.44,5545.4,0,0,0,0,0,0,0
1,298.8,310.1,1719,28.8,206,11.3,5184.38,5932.8,1,0,0,0,0,0,0
2,299.1,308.3,1451,42.8,21,9.2,6503.39,898.8,0,0,0,0,0,0,0
0,298.0,308.9,1500,36.7,104,10.9,5764.82,3816.8,0,0,0,0,0,0,0
2,301.5,310.6,1512,39.0,143,9.1,6175.11,5577.0,0,0,0,0,0,0,0
0,302.5,311.9,1481,42.9,52,9.4,6653.36,2230.8,0,0,0,0,0,0,0
0,300.8,312.1,1512,37.1,169,11.3,5874.28,6269.9,0,0,0,0,0,0,0
0,297.2,308.6,1392,41.5,108,11.4,6049.45,4482.0,0,0,0,0,0,0,0
0,297.9,309.8,1461,50.5,38,11.9,7726.28,1919.0,0,0,0,0,0,0,0
0,302.0,310.7,1453,42.7,92,8.7,6497.14,3928.4,0,0,0,0,0,0,0
0,300.6,309.4,1654,32.8,57,8.8,5681.17,1869.6,0,0,0,0,0,0,0
0,298.3,308.1,1586,35.5,0,9.8,5896.04,0.0,0,0,0,0,0,0,0
1,300.4,309.7,1466,39.8,184,9.3,6110.06,7323.2,0,0,0,0,0,0,0
0,300.8,312.0,1416,46.5,7,11.2,6895.17,325.5,0,0,0,0,0,0,0
1,300.8,310.7,1886,21.1,44,9.9,4167.28,928.4,0,0,0,0,0,0,0
1,300.6,310.5,2156,18.0,16,9.9,4063.96,288.0,0,0,0,0,0,0,0
1,301.3,310.6,1378,49.4,173,9.3,7128.61,8546.2,0,0,0,0,0,0,0
0,301.1,310.7,1334,48.2,106,9.6,6733.35,5109.2,0,0,0,0,0,0,0
1,300.1,311.3,1495,41.0,193,11.2,6418.8,7913.0,0,0,0,0,0,0,0
0,302.5,310.3,1326,58.5,55,7.8,8123.22,3217.5,0,1,0,1,0,0,0
0,302.0,311.2,1270,65.3,182,9.2,8684.51,11884.6,0,1,0,0,0,1,0
1,298.0,307.6,1508,41.8,89,9.6,6600.95,3720.2,0,0,0,0,0,0,0
1,297.6,307.1,1471,44.9,14,9.5,6916.52,628.6,0,0,0,0,0,0,0
1,302.2,310.9,1465,43.5,140,8.7,6673.53,6090.0,0,0,0,0,0,0,0
0,300.9,310.4,1427,47.0,65,9.5,7023.45,3055.0,0,0,0,0,0,0,0
0,302.0,310.7,1348,58.1,83,8.7,8201.53,4822.3,0,0,0,0,0,0,0
0,301.0,311.7,1547,34.5,152,10.7,5589.05,5244.0,0,0,0,0,0,0,0
0,300.8,311.7,1414,49.0,10,10.9,7255.61,490.0,0,0,0,0,0,0,0
2,301.9,311.0,1430,49.8,174,9.1,7457.51,8665.2,0,0,0,0,0,0,0
1,300.8,309.6,1546,42.3,186,8.8,6848.23,7867.8,0,0,0,0,0,0,0
0,301.4,310.7,1425,45.1,7,9.3,6730.08,315.7,0,0,0,0,0,0,0
1,302.3,311.0,1421,41.3,182,8.7,6145.72,7516.6,0,0,0,0,0,0,0
1,302.3,311.7,1423,44.6,93,9.4,6646.12,4147.8,0,0,0,0,0,0,0
0,299.8,310.3,1687,30.4,33,10.5,5370.53,1003.2,0,0,0,0,0,0,0
1,301.0,311.3,1454,41.5,57,10.3,6318.89,2365.5,0,0,0,0,0,0,0
1,298.1,308.0,1686,29.3,35,9.9,5173.13,1025.5,0,0,0,0,0,0,0
0,303.5,311.9,1515,39.2,24,8.4,6219.1,940.8,0,0,0,0,0,0,0
0,296.5,307.5,1443,41.8,87,11.0,6316.42,3636.6,0,0,0,0,0,0,0
0,303.4,311.9,1531,37.9,203,8.5,6076.35,7693.7,1,0,0,0,0,0,0
1,299.9,309.5,1582,38.2,160,9.6,6328.47,6112.0,0,0,0,0,0,0,0
1,300.8,310.3,1494,42.2,35,9.5,6602.25,1477.0,0,0,0,0,0,0,0
1,300.5,311.7,2141,17.2,196,11.2,3856.33,3371.2,0,0,0,0,0,0,0
0,301.7,311.3,1348,51.0,87,9.6,7199.27,4437.0,0,0,0,0,0,0,0
1,297.3,308.7,1542,37.0,184,11.4,5974.68,6808.0,0,0,0,0,0,0,0
0,298.1,307.9,1425,58.2,57,9.8,8684.93,3317.4,0,0,0,0,0,0,0
0,297.3,308.5,1528,44.5,140,11.2,7120.52,6230.0,0,0,0,0,0,0,0
1,300.1,311.6,1433,51.4,76,11.5,7713.26,3906.4,0,0,0,0,0,0,0
0,299.1,310.5,1736,26.9,74,11.4,4890.25,1990.6,0,0,0,0,0,0,0
2,300.2,311.4,1319,54.6,15,11.2,7541.64,819.0,0,0,0,0,0,0,0
1,299.7,309.1,1352,46.1,102,9.4,6526.89,4702.2,0,0,0,0,0,0,0
1,300.9,311.9,1310,56.1,35,11.0,7695.96,1963.5,0,0,0,0,0,0,0
0,297.4,308.7,2874,4.2,118,11.3,1264.05,495.6,0,1,0,0,1,0,0
2,300.2,309.8,1374,47.7,8,9.6,6863.31,381.6,0,0,0,0,0,0,0
0,302.4,312.0,1457,45.5,206,9.6,6942.24,9373.0,1,0,0,0,0,0,0
1,301.7,311.1,1578,40.5,174,9.4,6692.53,7047.0,0,0,0,0,0,0,0
1,297.2,308.5,1364,55.6,163,11.3,7941.78,9062.8,0,0,0,0,0,0,0
0,303.6,311.7,1491,39.8,92,8.1,6214.26,3661.6,0,0,0,0,0,0,0
1,300.4,311.0,1433,46.1,199,10.6,6917.92,9173.9,0,0,0,0,0,0,0
0,300.8,310.9,1732,25.7,109,10.1,4661.33,2801.3,0,0,0,0,0,0,0
0,303.7,312.6,1702,29.1,141,8.9,5186.58,4103.1,0,0,0,0,0,0,0
1,297.2,308.5,1604,34.9,200,11.3,5862.17,6980.0,1,0,0,0,0,0,0
0,298.4,309.3,1806,27.6,64,10.9,5219.82,1766.4,0,0,0,0,0,0,0
0,300.0,309.3,1397,51.2,173,9.3,7490.23,8857.6,0,0,0,0,0,0,0
0,304.0,313.2,1416,46.0,128,9.2,6821.03,5888.0,0,0,0,0,0,0,0
0,302.0,310.7,1698,28.1,39,8.7,4996.58,1095.9,0,0,0,0,0,0,0
0,300.5,311.4,1642,27.1,37,10.9,4659.84,1002.7,0,0,0,0,0,0,0
2,297.9,308.0,1800,24.8,44,10.1,4674.69,1091.2,0,0,0,0,0,0,0
1,299.6,309.2,1393,47.7,28,9.6,6958.22,1335.6,0,0,0,0,0,0,0
0,303.5,311.8,1944,23.5,159,8.3,4784.02,3736.5,0,0,0,0,0,0,0
0,303.4,312.8,1513,35.8,92,9.4,5672.19,3293.6,0,0,0,0,0,0,0
0,300.9,311.3,1449,40.2,168,10.4,6099.9,6753.6,0,0,0,0,0,0,0
2,302.5,312.0,1579,35.7,167,9.5,5903.08,5961.9,0,0,0,0,0,0,0
0,298.8,310.0,1672,30.4,150,11.2,5322.78,4560.0,0,0,0,0,0,0,0
0,297.5,308.4,1384,56.0,73,10.9,8116.2,4088.0,0,0,0,0,0,0,0
0,298.3,309.2,1562,37.6,137,10.9,6150.32,5151.2,0,0,0,0,0,0,0
1,302.3,311.8,1559,34.4,191,9.5,5616.08,6570.4,0,0,0,0,0,0,0
0,304.1,313.2,1824,25.8,186,9.1,4928.03,4798.8,0,0,0,0,0,0,0
1,297.5,308.5,1447,41.6,118,11.0,6303.63,4908.8,0,0,0,0,0,0,0
0,298.8,310.0,1611,32.4,183,11.2,5465.99,5929.2,0,0,0,0,0,0,0
0,304.0,313.1,1648,35.7,119,9.1,6161.04,4248.3,0,0,0,0,0,0,0
0,300.0,309.7,1554,32.0,117,9.7,5207.5,3744.0,0,0,0,0,0,0,0
0,302.1,310.7,1491,42.8,98,8.6,6682.67,4194.4,0,0,0,0,0,0,0
0,299.5,308.7,2549,13.0,179,9.2,3470.1,2327.0,0,1,0,0,1,0,0
1,297.5,309.4,1391,58.2,34,11.9,8477.71,1978.8,0,0,0,0,0,0,0
0,297.6,308.3,1623,36.9,61,10.7,6271.53,2250.9,0,0,0,0,0,0,0
0,298.4,308.0,1605,32.4,154,9.6,5445.64,4989.6,0,0,0,0,0,0,0
0,302.7,312.1,1601,35.2,31,9.4,5901.5,1091.2,0,0,0,0,0,0,0
0,298.6,309.4,2312,15.5,44,10.8,3752.74,682.0,0,0,0,0,0,0,0
0,300.3,311.5,1403,60.1,58,11.2,8830.0,3485.8,0,0,0,0,0,0,0
1,299.7,309.6,1313,60.0,186,9.9,8249.82,11160.0,0,0,0,0,0,0,0
1,303.7,312.6,1671,30.5,163,8.9,5337.09,4971.5,0,0,0,0,0,0,0
1,300.2,310.3,1704,29.2,42,10.1,5210.52,1226.4,0,0,0,0,0,0,0
0,300.8,311.8,1427,43.3,180,11.0,6470.54,7794.0,0,0,0,0,0,0,0
0,298.7,309.6,1442,55.6,194,10.9,8395.93,10786.4,0,0,0,0,0,0,0
0,300.1,311.3,1479,39.5,133,11.2,6117.78,5253.5,0,0,0,0,0,0,0
0,298.3,308.9,1862,27.0,172,10.6,5264.68,4644.0,0,0,0,0,0,0,0
0,300.8,311.4,1536,40.9,22,10.6,6578.75,899.8,0,0,0,0,0,0,0
2,298.5,309.1,2051,19.0,184,10.6,4080.82,3496.0,0,0,0,0,0,0,0
2,296.9,307.8,1345,54.5,172,10.9,7676.22,9374.0,0,0,0,0,0,0,0
1,300.2,310.3,1704,29.4,221,10.1,5246.21,6497.4,1,0,0,0,0,0,0
0,302.1,311.4,1549,44.6,31,9.3,7234.61,1382.6,0,0,0,0,0,0,0
1,298.1,307.8,1384,43.7,200,9.7,6333.53,8740.0,1,0,0,0,0,0,0
0,303.5,313.0,1482,38.5,82,9.5,5975.0,3157.0,0,0,0,0,0,0,0
0,298.2,307.8,1439,41.6,62,9.6,6268.78,2579.2,0,0,0,0,0,0,0
1,298.9,309.8,1353,53.7,71,10.9,7608.53,3812.7,0,0,0,0,0,0,0
0,299.1,308.1,1479,40.7,10,9.0,6303.64,407.0,0,0,0,0,0,0,0
0,297.4,308.1,1435,45.7,110,10.7,6867.47,5027.0,0,0,0,0,0,0,0
0,301.2,311.0,1567,35.1,64,9.8,5759.76,2246.4,0,0,0,0,0,0,0
2,301.8,311.1,1463,50.1,149,9.3,7675.57,7464.9,0,0,0,0,0,0,0
0,299.3,309.0,1786,23.5,100,9.7,4395.19,2350.0,0,0,0,0,0,0,0
0,297.2,308.6,1413,49.8,12,11.4,7368.86,597.6,0,0,0,0,0,0,0
0,298.1,308.3,1495,38.7,188,10.2,6058.72,7275.6,0,0,0,0,0,0,0
0,303.6,312.4,2232,16.8,0,8.8,3926.74,0.0,0,0,0,0,0,0,0
1,301.1,311.3,1909,22.7,38,10.2,4537.96,862.6,0,0,0,0,0,0,0
0,299.2,308.4,1620,34.1,89,9.2,5784.93,3034.9,0,0,0,0,0,0,0
0,300.8,312.3,1858,26.3,144,11.5,5117.17,3787.2,0,0,0,0,0,0,0
0,297.4,308.7,1402,40.2,114,11.3,5902.05,4582.8,0,0,0,0,0,0,0
1,301.7,310.1,1431,44.0,61,8.4,6593.57,2684.0,0,0,0,0,0,0,0
0,298.2,307.8,1585,34.6,78,9.6,5742.94,2698.8,0,0,0,0,0,0,0
1,303.8,312.6,1406,47.1,162,8.8,6934.81,7630.2,0,0,0,0,0,0,0
0,295.6,306.2,1823,25.8,29,10.6,4925.33,748.2,0,0,0,0,0,0,0
0,304.2,313.2,1464,44.9,37,9.0,6883.61,1661.3,0,0,0,0,0,0,0
1,302.4,311.8,1644,37.2,195,9.4,6404.33,7254.0,0,0,0,0,0,0,0
1,295.6,306.1,1669,29.0,161,10.5,5068.54,4669.0,0,0,0,0,0,0,0
0,297.2,308.3,1656,30.3,124,11.1,5254.5,3757.2,0,0,0,0,0,0,0
1,298.0,308.2,1373,51.2,215,10.2,7361.55,11008.0,1,0,0,0,0,0,0
0,298.1,309.0,1557,36.0,56,10.9,5869.75,2016.0,0,0,0,0,0,0,0
1,298.6,309.5,1566,38.1,89,10.9,6248.06,3390.9,0,0,0,0,0,0,0
1,302.3,311.2,1842,23.9,111,8.9,4610.16,2652.9,0,0,0,0,0,0,0
0,302.1,311.4,1518,37.4,102,9.3,5945.28,3814.8,0,0,0,0,0,0,0
1,300.2,311.4,1427,39.7,196,11.2,5932.57,7781.2,0,0,0,0,0,0,0
0,301.4,310.4,1559,39.4,199,9.0,6432.37,7840.6,0,0,0,0,0,0,0
2,301.5,310.5,1587,33.8,57,9.0,5617.23,1926.6,0,0,0,0,0,0,0
0,300.7,310.6,1407,40.5,87,9.9,5967.3,3523.5,0,0,0,0,0,0,0
0,300.0,311.4,1483,45.6,187,11.4,7081.65,8527.2,0,0,0,0,0,0,0
2,298.2,308.8,1837,28.4,34,10.6,5463.31,965.6,0,0,0,0,0,0,0
0,300.6,311.7,1448,49.1,206,11.1,7445.24,10114.6,1,0,0,0,0,0,0
0,297.9,309.1,1457,44.4,28,11.2,6774.4,1243.2,0,0,0,0,0,0,0
2,299.6,310.9,1679,31.2,120,11.3,5485.72,3744.0,0,0,0,0,0,0,0
0,301.1,310.5,1428,44.1,103,9.4,6594.71,4542.3,0,0,0,0,0,0,0
1,297.9,309.1,1558,39.2,59,11.2,6395.61,2312.8,0,0,0,0,0,0,0
1,298.0,309.9,1565,33.9,40,11.9,5555.75,1356.0,0,0,0,0,0,0,0
0,301.2,310.6,1670,30.0,40,9.4,5246.46,1200.0,0,0,0,0,0,0,0
1,296.3,307.2,1286,51.1,177,10.9,6881.62,9044.7,0,0,0,0,0,0,0
1,296.6,307.4,1790,25.8,72,10.8,4836.17,1857.6,0,0,0,0,0,0,0
2,300.8,310.6,1465,44.1,136,9.8,6765.58,5997.6,0,0,0,0,0,0,0
1,297.8,307.3,1315,54.0,180,9.5,7436.15,9720.0,0,0,0,0,0,0,0
0,301.7,310.6,1624,34.5,216,8.9,5867.24,7452.0,1,0,0,0,0,0,0
1,301.0,310.7,1455,46.1,103,9.7,7024.13,4748.3,0,0,0,0,0,0,0
0,299.0,310.1,1664,29.7,89,11.1,5175.33,2643.3,0,0,0,0,0,0,0
0,297.4,308.6,1524,43.1,73,11.2,6878.45,3146.3,0,0,0,0,0,0,0
0,301.8,310.8,1505,41.2,33,9.0,6493.25,1359.6,0,0,0,0,0,0,0
2,297.3,308.4,1531,35.6,16,11.1,5707.6,569.6,0,0,0,0,0,0,0
1,299.8,309.7,1705,28.5,103,9.9,5088.59,2935.5,0,0,0,0,0,0,0
1,301.4,310.8,1782,26.5,6,9.4,4945.18,159.0,0,0,0,0,0,0,0
1,298.9,310.2,1603,36.1,126,11.3,6059.95,4548.6,0,0,0,0,0,0,0
1,298.6,309.6,1525,42.4,2,11.0,6771.18,84.8,0,0,0,0,0,0,0
1,297.5,308.3,1459,45.2,34,10.8,6905.93,1536.8,0,0,0,0,0,0,0
0,298.3,308.5,1453,42.9,89,10.2,6527.57,3818.1,0,0,0,0,0,0,0
1,301.4,311.1,1758,25.4,88,9.7,4676.07,2235.2,0,0,0,0,0,0,0
1,298.2,307.8,1599,31.2,173,9.6,5224.34,5397.6,0,0,0,0,0,0,0
0,303.3,311.6,1337,56.8,187,8.3,7952.59,10621.6,0,1,0,1,0,0,0
1,301.7,310.7,1861,21.8,84,9.0,4248.46,1831.2,0,0,0,0,0,0,0
0,297.4,309.0,1833,22.6,161,11.6,4338.1,3638.6,0,0,0,0,0,0,0
0,302.5,310.9,1624,34.4,146,8.4,5850.23,5022.4,0,0,0,0,0,0,0
1,297.5,308.6,1842,27.0,133,11.1,5208.13,3591.0,0,0,0,0,0,0,0
0,300.1,310.4,1554,39.4,115,10.3,6411.74,4531.0,0,0,0,0,0,0,0
1,298.0,308.0,1555,37.0,111,10.0,6025.05,4107.0,0,0,0,0,0,0,0
2,297.0,307.9,1448,45.6,172,10.9,6914.52,7843.2,0,0,0,0,0,0,0
0,298.9,309.1,2861,4.6,143,10.2,1378.17,657.8,0,1,0,0,1,0,0
1,300.2,310.2,1438,51.5,7,10.0,7755.23,360.5,0,0,0,0,0,0,0
2,298.3,309.4,1631,29.8,0,11.1,5089.78,0.0,0,0,0,0,0,0,0
0,300.6,309.8,1455,48.0,125,9.2,7313.63,6000.0,0,0,0,0,0,0,0
0,299.6,309.1,1476,45.3,166,9.5,7001.86,7519.8,0,0,0,0,0,0,0
0,300.5,311.9,1710,28.4,158,11.4,5085.61,4487.2,0,0,0,0,0,0,0
0,300.2,311.7,1448,54.2,173,11.5,8218.57,9376.6,0,0,0,0,0,0,0
2,299.0,308.2,1662,30.4,55,9.2,5290.94,1672.0,0,0,0,0,0,0,0
1,300.6,309.4,1541,35.2,105,8.8,5680.33,3696.0,0,0,0,0,0,0,0
0,302.2,311.3,1554,40.2,118,9.1,6541.93,4743.6,0,0,0,0,0,0,0
0,300.7,311.8,1443,43.7,217,11.1,6603.53,9482.9,1,0,0,0,0,0,0
0,298.9,310.4,1831,25.4,81,11.5,4870.24,2057.4,0,0,0,0,0,0,0
0,298.5,308.0,1379,49.6,152,9.5,7162.66,7539.2,0,0,0,0,0,0,0
0,302.0,309.7,1414,36.3,209,7.7,5375.08,7586.7,1,0,0,0,0,0,0
0,297.8,309.7,1394,42.9,206,11.9,6262.51,8837.4,1,0,0,0,0,0,0
1,297.3,308.1,1369,52.0,214,10.8,7454.79,11128.0,1,0,0,0,0,0,0
1,301.0,310.4,1793,25.0,142,9.4,4694.06,3550.0,0,0,0,0,0,0,0
0,302.6,311.0,1620,36.2,139,8.4,6141.19,5031.8,0,0,0,0,0,0,0
1,300.6,309.4,1581,35.7,117,8.8,5910.56,4176.9,0,0,0,0,0,0,0
0,298.5,309.4,1548,37.7,43,10.9,6111.4,1621.1,0,0,0,0,0,0,0
1,299.5,309.3,1902,24.0,151,9.8,4780.25,3624.0,0,0,0,0,0,0,0
1,299.2,310.8,1502,39.8,177,11.6,6260.11,7044.6,0,0,0,0,0,0,0
0,297.0,307.8,1414,47.5,168,10.8,7033.5,7980.0,0,0,0,0,0,0,0
1,301.6,309.9,1746,31.1,83,8.3,5686.35,2581.3,0,0,0,0,0,0,0
1,303.3,311.5,1373,47.3,60,8.2,6800.8,2838.0,0,1,0,1,0,0,0
0,299.3,308.5,1413,38.5,57,9.2,5696.81,2194.5,0,0,0,0,0,0,0
0,298.3,309.7,1484,44.3,173,11.4,6884.4,7663.9,0,0,0,0,0,0,0
0,302.3,311.7,1453,41.2,147,9.4,6268.9,6056.4,0,0,0,0,0,0,0
2,299.4,309.2,1513,36.1,212,9.8,5719.72,7653.2,1,0,0,0,0,0,0
0,297.5,308.8,1502,45.9,150,11.3,7219.57,6885.0,0,0,0,0,0,0,0
1,297.1,308.4,1421,42.0,165,11.3,6249.88,6930.0,0,0,0,0,0,0,0
1,300.2,310.1,1485,40.5,188,9.9,6298.11,7614.0,0,0,0,0,0,0,0
0,303.5,312.5,1380,46.1,166,9.0,6662.06,7652.6,0,0,0,0,0,0,0
0,302.5,310.4,1487,40.2,48,7.9,6259.87,1929.6,0,0,0,0,0,0,0
2,299.1,308.2,1450,46.1,112,9.1,6999.99,5163.2,0,0,0,0,0,0,0
1,300.8,309.6,1404,38.7,44,8.8,5689.93,1702.8,0,0,0,0,0,0,0
2,298.6,309.5,1375,41.0,39,10.9,5903.58,1599.0,0,0,0,0,0,0,0
2,301.3,310.0,1532,36.3,2,8.7,5823.63,72.6,0,0,0,0,0,0,0
1,296.8,307.8,1551,38.9,112,11.0,6318.15,4356.8,0,0,0,0,0,0,0
2,301.1,310.6,1388,58.5,68,9.5,8503.03,3978.0,0,0,0,0,0,0,0
0,303.7,312.8,1448,44.5,55,9.1,6747.72,2447.5,0,0,0,0,0,0,0
2,304.2,313.0,1442,40.9,23,8.8,6176.14,940.7,0,0,0,0,0,0,0
0,297.4,308.6,1494,42.6,161,11.2,6664.83,6858.6,0,0,0,0,0,0,0
0,298.0,307.7,1407,43.9,205,9.7,6468.26,8999.5,1,0,0,0,0,0,0
2,302.3,310.1,1383,42.9,24,7.8,6213.1,1029.6,0,0,0,0,0,0,0
2,304.2,313.3,1625,37.3,27,9.1,6347.33,1007.1,0,0,0,0,0,0,0
1,299.3,310.8,1523,40.9,141,11.5,6523.07,5766.9,0,0,0,0,0,0,0
0,299.1,308.3,1601,31.4,121,9.2,5264.41,3799.4,0,0,0,0,0,0,0
1,299.9,309.2,1548,35.7,97,9.3,5787.19,3462.9,0,0,0,0,0,0,0
2,303.3,312.6,1827,24.2,132,9.3,4630.02,3194.4,0,0,0,0,0,0,0
1,299.1,310.1,1412,44.4,24,11.0,6565.17,1065.6,0,0,0,0,0,0,0
0,302.3,310.2,1548,35.3,170,7.9,5722.35,6001.0,0,0,0,0,0,0,0
0,298.4,309.3,1531,37.4,16,10.9,5996.19,598.4,0,0,0,0,0,0,0
0,304.1,313.3,1452,43.9,182,9.2,6675.13,7989.8,0,0,0,0,0,0,0
1,301.2,310.9,1460,46.7,166,9.7,7140.0,7752.2,0,0,0,0,0,0,0
1,299.6,308.9,1568,35.3,77,9.3,5796.28,2718.1,0,0,0,0,0,0,0
0,303.3,312.6,1463,44.0,140,9.3,6741.02,6160.0,0,0,0,0,0,0,0
0,299.4,308.7,1459,47.6,96,9.3,7272.62,4569.6,0,0,0,0,0,0,0
1,302.6,311.6,2041,19.2,174,9.0,4103.67,3340.8,0,0,0,0,0,0,0
1,299.6,309.3,1577,39.8,48,9.7,6572.69,1910.4,0,0,0,0,0,0,0
1,300.5,311.9,1670,26.3,89,11.4,4599.4,2340.7,0,0,0,0,0,0,0
0,303.7,312.3,1511,38.9,117,8.6,6155.21,4551.3,0,0,0,0,0,0,0
0,298.3,309.0,1519,40.0,96,10.7,6362.77,3840.0,0,0,0,0,0,0,0
1,300.8,310.6,1505,36.2,0,9.8,5705.24,0.0,0,0,0,0,0,0,0
0,299.1,308.3,1892,25.2,34,9.2,4992.87,856.8,0,0,0,0,0,0,0
1,303.4,311.8,1316,50.9,69,8.4,7014.59,3512.1,0,1,0,1,0,0,0
0,298.2,308.3,1589,33.2,94,10.1,5524.47,3120.8,0,0,0,0,0,0,0
0,298.9,309.3,1665,32.5,93,10.4,5666.65,3022.5,0,0,0,0,0,0,0
0,298.0,307.8,1567,36.4,109,9.8,5973.09,3967.6,0,0,0,0,0,0,0
1,299.2,308.2,1674,28.2,14,9.0,4943.48,394.8,0,0,0,0,0,0,0
0,302.3,311.0,1528,43.1,30,8.7,6896.51,1293.0,0,0,0,0,0,0,0
0,300.2,311.4,1452,47.8,34,11.2,7268.14,1625.2,0,0,0,0,0,0,0
1,303.8,312.7,1500,41.7,125,8.9,6550.22,5212.5,0,0,0,0,0,0,0
0,301.8,310.9,1609,31.7,202,9.1,5341.26,6403.4,1,0,0,0,0,0,0
1,304.3,313.5,1416,48.1,167,9.2,7132.42,8032.7,0,0,0,0,0,0,0
1,301.2,310.3,1379,43.2,56,9.1,6238.45,2419.2,0,0,0,0,0,0,0
0,296.9,307.9,1367,47.1,204,11.0,6742.45,9608.4,1,0,0,0,0,0,0
1,298.1,308.7,1315,56.8,59,10.6,7821.73,3351.2,0,0,0,0,0,0,0
1,300.6,309.5,1550,40.2,96,8.9,6525.09,3859.2,0,0,0,0,0,0,0
0,298.8,309.8,1463,40.0,90,11.0,6128.2,3600.0,0,0,0,0,0,0,0
1,297.4,308.9,1323,57.3,163,11.5,7938.58,9339.9,0,0,0,0,0,0,0
0,301.3,310.8,1628,32.2,43,9.5,5489.58,1384.6,0,0,0,0,0,0,0
0,301.1,310.8,1608,32.9,119,9.7,5540.01,3915.1,0,0,0,0,0,0,0
0,297.5,309.4,1443,45.4,70,11.9,6860.42,3178.0,0,0,0,0,0,0,0
2,298.5,309.2,1568,40.6,39,10.7,6666.54,1583.4,0,0,0,0,0,0,0
0,302.6,311.7,1254,54.1,19,9.1,7104.33,1027.9,0,0,0,0,0,0,0
1,299.9,309.5,2065,18.1,62,9.6,3914.06,1122.2,0,0,0,0,0,0,0
2,301.7,310.5,1388,50.5,176,8.8,7340.23,8888.0,0,0,0,0,0,0,0
0,299.8,309.4,1630,32.4,53,9.6,5530.46,1717.2,0,0,0,0,0,0,0
0,300.5,311.5,1651,36.9,65,11.0,6379.73,2398.5,0,0,0,0,0,0,0
0,300.7,310.7,1416,40.4,214,10.0,5990.64,8645.6,1,0,0,0,0,0,0
2,298.4,308.9,1782,23.9,24,10.5,4459.99,573.6,0,0,0,0,0,0,0
0,297.6,308.3,1617,31.7,39,10.7,5367.82,1236.3,0,0,0,0,0,0,0
0,297.4,308.3,1704,27.3,65,10.9,4871.48,1774.5,0,0,0,0,0,0,0
0,300.5,310.6,1540,46.7,206,10.1,7531.24,9620.2,1,0,0,0,0,0,0
0,302.4,311.0,1329,54.6,176,8.6,7598.82,9609.6,0,0,0,0,0,0,0
2,297.6,308.7,1659,32.1,49,11.1,5576.74,1572.9,0,0,0,0,0,0,0
2,298.0,309.4,1490,40.5,53,11.4,6319.31,2146.5,0,0,0,0,0,0,0
1,303.7,312.7,1469,48.5,147,9.0,7460.92,7129.5,0,0,0,0,0,0,0
0,302.3,310.9,1412,48.9,28,8.6,7230.56,1369.2,0,0,0,0,0,0,0
0,298.2,307.8,1627,31.5,64,9.6,5366.94,2016.0,0,0,0,0,0,0,0
1,298.1,309.4,1362,47.6,70,11.3,6789.11,3332.0,0,0,0,0,0,0,0
0,302.7,312.4,1444,48.7,9,9.7,7364.19,438.3,0,0,0,0,0,0,0
0,299.2,310.4,1611,36.4,32,11.2,6140.81,1164.8,0,0,0,0,0,0,0
1,300.4,310.1,1457,35.1,193,9.7,5355.44,6774.3,0,0,0,0,0,0,0
0,303.5,312.3,1681,29.8,25,8.8,5245.81,745.0,0,0,0,0,0,0,0
2,300.8,310.3,1457,46.8,182,9.5,7140.59,8517.6,0,0,0,0,0,0,0
0,303.9,312.6,1642,32.3,127,8.7,5553.98,4102.1,0,0,0,0,0,0,0
0,299.6,309.4,1331,46.4,16,9.8,6467.32,742.4,0,0,0,0,0,0,0
0,300.4,311.5,1596,32.5,154,11.1,5431.81,5005.0,0,0,0,0,0,0,0
0,298.9,308.5,1467,44.7,136,9.6,6866.99,6079.2,0,0,0,0,0,0,0
0,299.3,308.7,1536,38.9,94,9.4,6257.05,3656.6,0,0,0,0,0,0,0
2,297.3,308.5,1435,55.0,104,11.2,8265.01,5720.0,0,0,0,0,0,0,0
0,302.6,311.8,1427,50.1,21,9.2,7486.7,1052.1,0,0,0,0,0,0,0
0,299.0,310.2,1494,40.6,67,11.2,6351.92,2720.2,0,0,0,0,0,0,0
0,303.4,311.6,1712,30.1,182,8.2,5396.33,5478.2,0,0,0,0,0,0,0
2,297.3,308.8,1564,38.0,191,11.5,6223.7,7258.0,0,0,0,0,0,0,0
2,298.1,307.6,1496,44.1,104,9.5,6908.74,4586.4,0,0,0,0,0,0,0
2,301.9,309.8,1724,27.5,126,7.9,4964.76,3465.0,0,0,0,0,0,0,0
0,302.3,311.0,1591,32.7,171,8.7,5448.12,5591.7,0,0,0,0,0,0,0
0,298.0,308.5,1395,46.2,122,10.5,6749.08,5636.4,0,0,0,0,0,0,0
2,298.3,308.0,1553,41.0,52,9.7,6667.82,2132.0,0,0,0,0,0,0,0
0,300.6,310.2,1341,52.6,21,9.6,7386.58,1104.6,0,0,0,0,0,0,0
0,300.6,311.7,1488,47.7,22,11.1,7432.76,1049.4,0,0,0,0,0,0,0
0,300.9,312.1,1711,28.8,74,11.2,5160.25,2131.2,0,0,0,0,0,0,0
0,298.2,308.2,1988,21.4,41,10.0,4455.11,877.4,0,0,0,0,0,0,0
1,303.7,312.7,1396,47.3,158,9.0,6914.73,7473.4,0,0,0,0,0,0,0
0,299.5,309.3,1972,19.3,177,9.8,3985.59,3416.1,0,0,0,0,0,0,0
0,300.4,311.8,1320,57.9,168,11.4,8003.52,9727.2,0,0,0,0,0,0,0
2,296.7,307.9,1424,53.8,133,11.2,8022.71,7155.4,0,0,0,0,0,0,0
0,302.2,311.6,1658,31.4,89,9.4,5451.84,2794.6,0,0,0,0,0,0,0
0,302.8,310.9,1708,29.8,42,8.1,5330.07,1251.6,0,0,0,0,0,0,0
1,298.9,308.5,1555,37.6,142,9.6,6122.75,5339.2,0,0,0,0,0,0,0
2,296.8,307.5,1695,30.0,33,10.7,5325.0,990.0,0,0,0,0,0,0,0
1,302.7,312.2,1350,58.6,2,9.5,8284.38,117.2,0,0,0,0,0,0,0
1,298.0,308.1,1403,44.8,148,10.1,6582.1,6630.4,0,0,0,0,0,0,0
0,297.5,308.4,1747,31.0,45,10.9,5671.31,1395.0,0,0,0,0,0,0,0
0,300.9,311.0,1316,56.5,120,10.1,7786.33,6780.0,0,0,0,0,0,0,0
0,301.3,310.4,1507,39.1,194,9.1,6170.48,7585.4,0,0,0,0,0,0,0
0,295.9,306.6,1414,50.2,51,10.7,7433.3,2560.2,0,0,0,0,0,0,0
2,300.5,310.9,1447,46.5,137,10.4,7046.12,6370.5,0,0,0,0,0,0,0
0,298.4,308.6,1477,44.0,124,10.2,6805.53,5456.0,0,0,0,0,0,0,0
0,301.7,310.5,1399,53.2,174,8.8,7793.96,9256.8,0,0,0,0,0,0,0
1,302.1,310.8,1409,41.3,39,8.7,6093.82,1610.7,0,0,0,0,0,0,0
2,297.3,308.6,1688,29.4,166,11.3,5196.95,4880.4,0,0,0,0,0,0,0
0,299.8,309.4,1609,32.5,27,9.6,5476.06,877.5,0,0,0,0,0,0,0
1,301.3,310.1,1525,37.8,199,8.8,6036.57,7522.2,0,0,0,0,0,0,0
0,300.3,310.0,1560,40.8,182,9.7,6665.2,7425.6,0,0,0,0,0,0,0
0,300.4,309.5,1447,39.3,110,9.1,5955.11,4323.0,0,0,0,0,0,0,0
1,295.4,305.8,1526,38.2,181,10.4,6104.45,6914.2,0,0,0,0,0,0,0
0,298.6,309.8,1497,41.6,118,11.2,6521.44,4908.8,0,0,0,0,0,0,0
0,301.0,310.4,2204,16.6,175,9.4,3831.32,2905.0,0,0,0,0,0,0,0
0,304.1,313.1,1969,20.8,59,9.0,4288.82,1227.2,0,0,0,0,0,0,0
1,300.0,309.1,1474,45.2,152,9.1,6976.93,6870.4,0,0,0,0,0,0,0
0,299.1,308.3,1305,61.4,17,9.2,8390.88,1043.8,0,0,0,0,0,0,0
0,300.8,311.2,1376,48.1,172,10.4,6930.94,8273.2,0,0,0,0,0,0,0
1,299.0,309.7,1418,44.7,209,10.7,6637.62,9342.3,1,0,0,0,0,0,0
0,300.7,311.9,1462,39.7,181,11.2,6078.08,7185.7,0,0,0,0,0,0,0
1,297.3,308.7,1655,34.1,21,11.4,5909.91,716.1,0,0,0,0,0,0,0
1,298.0,308.7,1377,48.5,181,10.7,6993.66,8778.5,0,0,0,0,0,0,0
0,301.9,310.6,1610,33.4,87,8.7,5631.2,2905.8,0,0,0,0,0,0,0
1,298.4,309.1,1467,39.6,78,10.7,6083.51,3088.8,0,0,0,0,0,0,0
1,303.0,312.5,1602,33.7,135,9.5,5653.55,4549.5,0,0,0,0,0,0,0
0,299.2,310.4,1379,46.8,39,11.2,6758.32,1825.2,0,0,0,0,0,0,0
1,298.0,308.6,1453,44.1,165,10.6,6710.16,7276.5,0,0,0,0,0,0,0
2,302.3,311.7,1449,44.5,152,9.4,6752.38,6764.0,0,0,0,0,0,0,0
1,299.8,311.1,1763,25.5,171,11.3,4707.83,4360.5,0,0,0,0,0,0,0
2,297.0,308.1,2540,13.3,98,11.1,3537.64,1303.4,0,0,0,0,0,0,0
2,301.3,310.6,1605,32.5,59,9.3,5462.44,1917.5,0,0,0,0,0,0,0
0,301.7,310.7,2023,20.9,5,9.0,4427.62,104.5,0,0,0,0,0,0,0
0,300.3,310.4,1742,25.9,7,10.1,4724.72,181.3,0,0,0,0,0,0,0
0,299.3,309.2,1465,41.5,127,9.9,6366.7,5270.5,0,0,0,0,0,0,0
0,302.5,311.5,1985,18.8,190,9.0,3907.93,3572.0,0,0,0,0,0,0,0
1,302.4,310.4,1586,34.3,149,8.0,5696.73,5110.7,0,0,0,0,0,0,0
0,299.0,308.5,1604,34.7,159,9.5,5828.58,5517.3,0,0,0,0,0,0,0
1,299.4,310.7,1492,45.7,219,11.3,7140.25,10008.3,1,0,0,0,0,0,0
0,301.8,310.8,1736,26.5,56,9.0,4817.53,1484.0,0,0,0,0,0,0,0
0,304.1,313.3,1459,50.3,39,9.2,7685.14,1961.7,0,0,0,0,0,0,0
1,297.5,308.9,1436,44.8,2,11.4,6736.92,89.6,0,0,0,0,0,0,0
0,299.3,308.6,1433,37.7,42,9.3,5657.39,1583.4,0,0,0,0,0,0,0
0,302.0,310.5,1809,27.1,175,8.5,5133.77,4742.5,0,0,0,0,0,0,0
0,300.8,311.1,1509,33.4,172,10.3,5277.94,5744.8,0,0,0,0,0,0,0
0,304.0,312.9,1313,53.9,202,8.9,7411.09,10887.8,1,0,0,0,0,0,0
1,301.8,311.1,1399,41.8,125,9.3,6123.82,5225.0,0,0,0,0,0,0,0
0,296.3,307.3,1444,49.0,13,11.0,7409.55,637.0,0,0,0,0,0,0,0
0,300.1,311.5,1471,47.2,201,11.4,7270.82,9487.2,1,0,0,0,0,0,0
0,302.2,310.8,1438,41.4,66,8.6,6234.3,2732.4,0,0,0,0,0,0,0
1,300.3,311.5,1528,40.9,76,11.2,6544.48,3108.4,0,0,0,0,0,0,0
0,300.7,310.6,1447,40.7,82,9.9,6167.25,3337.4,0,0,0,0,0,0,0
0,297.6,309.5,1549,34.9,68,11.9,5661.16,2373.2,0,0,0,0,0,0,0
1,300.5,311.5,1378,48.2,82,11.0,6955.44,3952.4,0,0,0,0,0,0,0
0,298.1,307.7,1388,40.3,109,9.6,5857.65,4392.7,0,0,0,0,0,0,0
0,300.3,311.7,1635,31.8,156,11.4,5444.69,4960.8,0,0,0,0,0,0,0
0,302.0,311.3,1567,41.1,26,9.3,6744.34,1068.6,0,0,0,0,0,0,0
0,298.8,308.7,1450,43.4,66,9.9,6590.01,2864.4,0,0,0,0,0,0,0
0,299.3,308.7,1579,36.3,211,9.4,6002.3,7659.3,1,0,0,0,0,0,0
0,301.4,310.1,1502,46.6,37,8.7,7329.67,1724.2,0,0,0,0,0,0,0
0,302.5,312.2,1775,27.9,56,9.7,5185.98,1562.4,0,0,0,0,0,0,0
1,304.0,313.2,1500,40.6,124,9.2,6377.43,5034.4,0,0,0,0,0,0,0
1,300.3,311.5,1445,47.3,40,11.2,7157.44,1892.0,0,0,0,0,0,0,0
0,300.8,311.9,1560,31.8,21,11.1,5194.94,667.8,0,0,0,0,0,0,0
0,302.6,312.3,1554,42.0,58,9.7,6834.85,2436.0,0,0,0,0,0,0,0
2,302.4,310.2,1435,44.9,127,7.8,6747.25,5702.3,0,0,0,0,0,0,0
0,297.7,309.3,1893,24.6,15,11.6,4876.57,369.0,0,0,0,0,0,0,0
0,300.8,311.2,1397,48.7,111,10.4,7124.49,5405.7,0,0,0,0,0,0,0
0,301.9,310.4,1889,21.5,92,8.5,4253.04,1978.0,0,0,0,0,0,0,0
0,297.9,309.4,1558,35.7,39,11.5,5824.58,1392.3,0,0,0,0,0,0,0
0,298.2,308.2,1466,42.4,164,10.0,6509.21,6953.6,0,0,0,0,0,0,0
1,298.2,307.7,1952,21.6,93,9.5,4415.32,2008.8,0,0,0,0,0,0,0
1,297.2,307.9,1530,35.9,197,10.7,5751.94,7072.3,0,0,0,0,0,0,0
1,303.7,313.0,1469,39.9,137,9.3,6137.95,5466.3,0,0,0,0,0,0,0
0,302.3,311.2,1386,50.3,110,8.9,7300.62,5533.0,0,0,0,0,0,0,0
1,298.2,308.9,1592,35.2,142,10.7,5868.33,4998.4,0,0,0,0,0,0,0
0,301.7,310.6,1743,26.2,71,8.9,4782.2,1860.2,0,0,0,0,0,0,0
1,300.4,309.7,1440,42.8,104,9.3,6454.09,4451.2,0,0,0,0,0,0,0
1,298.3,308.1,1722,28.6,89,9.8,5157.36,2545.4,0,0,0,0,0,0,0
0,299.2,308.6,1381,50.0,193,9.4,7230.9,9650.0,0,0,0,0,0,0,0
0,299.1,308.4,1543,37.9,130,9.3,6123.98,4927.0,0,0,0,0,0,0,0
1,300.7,311.3,1348,53.0,35,10.6,7481.6,1855.0,0,0,0,0,0,0,0
0,304.1,313.3,1883,24.5,190,9.2,4831.09,4655.0,0,0,0,0,0,0,0
1,303.8,312.8,1420,47.9,200,9.0,7122.83,9580.0,1,0,0,0,0,0,0
2,299.8,309.2,1435,42.6,111,9.4,6401.62,4728.6,0,0,0,0,0,0,0
0,298.9,309.1,1383,54.9,145,10.2,7951.03,7960.5,0,0,0,0,0,0,0
1,301.7,311.2,1563,34.5,139,9.5,5646.86,4795.5,0,0,0,0,0,0,0
2,298.8,310.1,1380,44.0,56,11.3,6358.58,2464.0,0,0,0,0,0,0,0
0,299.1,310.5,1329,54.9,58,11.4,7640.57,3184.2,0,0,0,0,0,0,0
0,299.1,308.6,1408,46.7,196,9.5,6885.7,9153.2,0,0,0,0,0,0,0
1,300.8,310.5,1696,29.7,162,9.7,5274.86,4811.4,0,0,0,0,0,0,0
1,300.1,309.2,1454,44.4,19,9.1,6760.46,843.6,0,0,0,0,0,0,0
0,301.2,310.8,1392,52.6,23,9.6,7667.5,1209.8,0,0,0,0,0,0,0
0,300.2,309.3,1532,43.2,53,9.1,6930.6,2289.6,0,0,0,0,0,0,0
0,297.7,307.1,1715,30.2,0,9.4,5423.75,0.0,0,0,0,0,0,0,0
2,302.0,310.6,1438,43.2,12,8.6,6505.36,518.4,0,0,0,0,0,0,0
1,302.2,311.4,1539,35.1,24,9.2,5656.85,842.4,0,0,0,0,0,0,0
1,301.7,311.0,1510,47.8,27,9.3,7558.46,1290.6,0,0,0,0,0,0,0
0,303.7,312.5,1462,46.2,165,8.8,7073.23,7623.0,0,0,0,0,0,0,0
1,301.0,310.9,1910,21.9,37,9.9,4380.32,810.3,0,0,0,0,0,0,0
0,296.9,308.0,1514,41.0,120,11.1,6500.37,4920.0,0,0,0,0,0,0,0
0,299.6,310.9,1658,28.0,76,11.3,4861.51,2128.0,0,0,0,0,0,0,0
1,299.0,310.2,1564,39.9,97,11.2,6534.89,3870.3,0,0,0,0,0,0,0
0,302.3,310.8,1511,48.1,24,8.5,7610.94,1154.4,0,0,0,0,0,0,0
0,300.0,309.5,1728,26.0,37,9.5,4704.85,962.0,0,0,0,0,0,0,0
0,298.7,309.2,1396,44.8,178,10.5,6549.26,7974.4,0,0,0,0,0,0,0
1,303.6,312.5,1459,48.2,17,8.9,7364.29,819.4,0,0,0,0,0,0,0
0,302.9,312.2,1677,30.5,46,9.3,5356.26,1403.0,0,0,0,0,0,0,0
0,297.5,308.8,1533,41.5,223,11.3,6662.22,9254.5,1,0,0,0,0,0,0
2,302.0,309.8,1280,57.3,147,7.8,7680.57,8423.1,0,1,0,1,0,0,0
1,297.9,310.0,1439,41.7,185,12.1,6283.85,7714.5,0,0,0,0,0,0,0
0,295.6,306.0,1419,51.1,7,10.4,7593.32,357.7,0,0,0,0,0,0,0
0,300.0,309.2,1759,27.9,5,9.2,5139.24,139.5,0,0,0,0,0,0,0
0,301.5,310.6,1998,20.2,210,9.1,4226.45,4242.0,1,0,0,0,0,0,0
0,302.3,311.6,1658,32.3,150,9.3,5608.1,4845.0,0,0,0,0,0,0,0
0,297.0,308.2,1577,29.4,130,11.2,4855.21,3822.0,0,0,0,0,0,0,0
1,298.8,309.8,1413,45.5,64,11.0,6732.59,2912.0,0,0,0,0,0,0,0
0,297.9,308.0,1296,62.9,41,10.1,8536.59,2578.9,0,0,0,0,0,0,0
0,299.9,310.3,1268,53.3,146,10.4,7077.42,7781.8,0,0,0,0,0,0,0
0,302.0,310.6,1358,53.1,194,8.6,7551.32,10301.4,0,0,0,0,0,0,0
0,300.1,311.4,1572,36.2,199,11.3,5959.22,7203.8,0,0,0,0,0,0,0
0,300.8,309.8,1657,31.1,151,9.0,5396.49,4696.1,0,0,0,0,0,0,0
0,299.8,310.9,1545,40.7,166,11.1,6584.94,6756.2,0,0,0,0,0,0,0
2,297.0,307.9,1846,27.3,179,10.9,5277.44,4886.7,0,0,0,0,0,0,0
0,303.5,311.9,1493,38.7,14,8.4,6050.61,541.8,0,0,0,0,0,0,0
1,299.3,308.9,1577,34.9,160,9.6,5763.49,5584.0,0,0,0,0,0,0,0
1,300.7,311.9,1697,28.2,191,11.2,5011.41,5386.2,0,0,0,0,0,0,0
0,302.7,311.9,1389,46.5,15,9.2,6763.69,697.5,0,0,0,0,0,0,0
0,304.0,313.1,1465,41.0,69,9.1,6289.99,2829.0,0,0,0,0,0,0,0
2,301.9,311.2,1474,41.8,18,9.3,6452.12,752.4,0,0,0,0,0,0,0
2,300.7,310.6,1631,32.6,43,9.9,5568.01,1401.8,0,0,0,0,0,0,0
1,297.6,308.3,1538,40.2,0,10.7,6474.57,0.0,0,0,0,0,0,0,0
0,300.3,311.7,1445,47.3,15,11.4,7157.44,709.5,0,0,0,0,0,0,0
0,300.5,309.8,1428,43.8,119,9.3,6549.84,5212.2,0,0,0,0,0,0,0
0,297.0,307.8,1553,33.3,155,10.8,5415.57,5161.5,0,0,0,0,0,0,0
0,297.4,308.3,1475,40.5,222,10.9,6255.7,8991.0,1,1,1,0,0,0,0
0,299.6,310.2,1588,34.1,38,10.6,5670.66,1295.8,0,0,0,0,0,0,0
1,298.9,310.7,1638,33.6,218,11.8,5763.44,7324.8,1,0,0,0,0,0,0
0,298.3,307.9,1399,47.8,99,9.6,7002.84,4732.2,0,0,0,0,0,0,0
0,300.8,309.7,1418,46.6,12,8.9,6919.76,559.2,0,0,0,0,0,0,0
2,299.0,308.7,1408,48.5,25,9.7,7151.1,1212.5,0,0,0,0,0,0,0
1,299.5,310.7,1423,56.5,7,11.2,8419.42,395.5,0,0,0,0,0,0,0
0,296.9,307.9,1535,39.2,133,11.0,6301.2,5213.6,0,0,0,0,0,0,0
0,300.7,311.9,1486,35.8,32,11.2,5570.97,1145.6,0,0,0,0,0,0,0
1,302.2,310.5,1832,23.7,129,8.3,4546.76,3057.3,0,0,0,0,0,0,0
0,298.1,308.4,1592,38.2,211,10.3,6368.47,8060.2,1,0,0,0,0,0,0
1,298.1,307.8,1608,32.6,57,9.7,5489.49,1858.2,0,0,0,0,0,0,0
1,301.9,311.0,1384,47.4,121,9.1,6869.78,5735.4,0,0,0,0,0,0,0
0,300.7,311.0,1436,44.9,119,10.3,6751.95,5343.1,0,0,0,0,0,0,0
0,296.6,307.4,1368,45.1,185,10.8,6460.87,8343.5,0,0,0,0,0,0,0
0,297.9,309.9,1542,33.8,33,12.0,5457.95,1115.4,0,0,0,0,0,0,0
2,299.0,310.3,1658,27.6,69,11.3,4792.06,1904.4,0,0,0,0,0,0,0
1,301.5,310.4,2639,12.0,21,8.9,3316.27,252.0,0,1,0,0,1,0,0
0,300.6,309.6,1411,41.6,140,9.0,6146.8,5824.0,0,0,0,0,0,0,0
0,299.0,309.1,1592,35.0,200,10.1,5834.98,7000.0,1,0,0,0,0,0,0
0,301.8,310.6,1452,48.4,110,8.8,7359.37,5324.0,0,0,0,0,0,0,0
1,302.3,311.7,1639,36.6,121,9.4,6281.87,4428.6,0,0,0,0,0,0,0
2,297.8,307.9,1600,33.5,13,10.1,5612.98,435.5,0,0,0,0,0,0,0
0,301.4,310.6,1555,43.3,212,9.2,7050.94,9179.6,1,0,0,0,0,0,0
0,298.9,308.6,1413,46.5,122,9.7,6880.56,5673.0,0,0,0,0,0,0,0
0,296.8,307.9,1413,46.5,121,11.1,6880.56,5626.5,0,0,0,0,0,0,0
0,301.0,310.5,1248,61.4,77,9.5,8024.38,4727.8,0,0,0,0,0,0,0
2,300.2,311.5,1432,43.6,127,11.3,6538.2,5537.2,0,0,0,0,0,0,0
0,299.3,309.0,1419,46.6,158,9.7,6924.64,7362.8,0,0,0,0,0,0,0
1,302.2,310.4,1456,47.5,167,8.2,7242.42,7932.5,0,0,0,0,0,0,0
0,297.4,309.4,1473,45.5,94,12.0,7018.48,4277.0,0,0,0,0,0,0,0
1,297.4,308.0,1355,55.1,63,10.6,7818.43,3471.3,0,0,0,0,0,0,0
0,301.2,309.9,1382,52.4,13,8.7,7583.47,681.2,0,0,0,0,0,0,0
0,300.5,311.7,1619,32.7,85,11.2,5544.0,2779.5,0,0,0,0,0,0,0
1,300.5,309.8,1410,44.4,111,9.3,6555.88,4928.4,0,0,0,0,0,0,0
0,302.0,311.0,1865,22.7,48,9.0,4433.36,1089.6,0,0,0,0,0,0,0
0,295.5,306.2,1448,48.9,65,10.7,7414.91,3178.5,0,0,0,0,0,0,0
0,297.5,308.5,1691,33.1,9,11.0,5861.38,297.9,0,0,0,0,0,0,0
0,300.1,311.4,1438,42.2,139,11.3,6354.77,5865.8,0,0,0,0,0,0,0
0,300.9,309.7,2355,14.4,201,8.8,3551.26,2894.4,1,0,0,0,0,0,0
2,303.2,311.4,1607,36.6,43,8.2,6159.22,1573.8,0,0,0,0,0,0,0
0,301.3,310.1,1662,31.0,37,8.8,5395.37,1147.0,0,0,0,0,0,0,0
0,300.5,309.7,1616,34.5,155,9.2,5838.34,5347.5,0,0,0,0,0,0,0
1,299.4,309.3,1692,28.4,201,9.9,5032.08,5708.4,1,0,0,0,0,0,0
0,301.8,310.0,1642,32.6,201,8.2,5605.56,6552.6,1,0,0,0,0,0,0
0,300.1,311.4,1629,31.3,41,11.3,5339.42,1283.3,0,0,0,0,0,0,0
0,301.4,310.5,1633,39.5,0,9.1,6754.79,0.0,0,0,0,0,0,0,0
0,302.7,312.4,1954,24.8,13,9.7,5074.64,322.4,0,0,0,0,0,0,0
0,299.7,309.3,1417,54.6,131,9.6,8101.98,7152.6,0,0,0,0,0,0,0
1,299.7,310.8,1405,47.6,192,11.1,7003.45,9139.2,0,0,0,0,0,0,0
0,300.3,311.9,1609,34.0,177,11.6,5728.8,6018.0,0,0,0,0,0,0,0
1,301.0,311.6,1448,43.9,145,10.6,6656.74,6365.5,0,0,0,0,0,0,0
0,303.7,312.2,1568,33.8,96,8.5,5549.98,3244.8,0,0,0,0,0,0,0
0,303.9,312.7,1602,33.9,165,8.8,5687.1,5593.5,0,0,0,0,0,0,0
0,301.6,310.4,1599,41.7,116,8.8,6982.54,4837.2,0,0,0,0,0,0,0
2,297.7,308.4,1738,27.7,96,10.7,5041.48,2659.2,0,0,0,0,0,0,0
0,301.0,310.9,1828,25.1,166,9.9,4804.84,4166.6,0,0,0,0,0,0,0
0,300.0,309.3,1473,46.0,35,9.3,7095.6,1610.0,0,0,0,0,0,0,0
0,299.0,310.0,1484,39.6,212,11.0,6154.0,8395.2,1,0,0,0,0,0,0
0,298.8,309.8,1753,27.5,130,11.0,5048.28,3575.0,0,0,0,0,0,0,0
1,298.1,308.9,1804,25.1,118,10.8,4741.75,2961.8,0,0,0,0,0,0,0
0,301.7,309.5,1298,65.5,229,7.8,8903.17,14999.5,1,1,0,1,0,1,0
1,298.5,308.1,1501,39.2,127,9.6,6161.63,4978.4,0,0,0,0,0,0,0
0,300.9,310.9,1995,20.2,105,10.0,4220.1,2121.0,0,0,0,0,0,0,0
0,298.9,308.7,1727,29.4,116,9.8,5317.02,3410.4,0,0,0,0,0,0,0
0,300.2,311.5,1528,36.1,125,11.3,5776.43,4512.5,0,0,0,0,0,0,0
0,297.8,307.4,1512,40.8,137,9.6,6460.12,5589.6,0,0,0,0,0,0,0
0,298.4,307.9,1544,35.9,132,9.5,5804.57,4738.8,0,0,0,0,0,0,0
2,297.8,307.5,1631,31.3,124,9.7,5345.97,3881.2,0,0,0,0,0,0,0
0,297.6,308.6,1355,46.4,13,11.0,6583.94,603.2,0,0,0,0,0,0,0
1,299.4,309.1,1326,62.0,142,9.7,8609.22,8804.0,0,0,0,0,0,0,0
0,303.6,311.8,1614,33.2,155,8.2,5611.39,5146.0,0,0,0,0,0,0,0
0,301.5,310.7,1568,33.1,38,9.2,5435.04,1257.8,0,0,0,0,0,0,0
1,299.9,309.4,1509,42.8,190,9.5,6763.35,8132.0,0,0,0,0,0,0,0
1,297.4,309.0,1497,41.8,144,11.6,6552.8,6019.2,0,0,0,0,0,0,0
0,302.0,311.3,1509,39.9,25,9.3,6305.08,997.5,0,0,0,0,0,0,0
1,297.2,308.0,1478,42.5,56,10.8,6577.97,2380.0,0,0,0,0,0,0,0
0,298.3,309.4,1568,35.8,140,11.1,5878.38,5012.0,0,0,0,0,0,0,0
0,298.0,308.1,1454,37.1,35,10.1,5648.94,1298.5,0,0,0,0,0,0,0
2,301.2,312.4,1395,47.8,90,11.2,6982.82,4302.0,0,0,0,0,0,0,0
1,300.9,311.1,1546,37.7,133,10.2,6103.51,5014.1,0,0,0,0,0,0,0
0,298.4,308.6,1433,47.1,101,10.2,7067.99,4757.1,0,0,0,0,0,0,0
0,297.3,308.7,1506,39.3,187,11.4,6197.92,7349.1,0,0,0,0,0,0,0
0,300.0,309.5,1641,30.1,35,9.5,5172.54,1053.5,0,0,0,0,0,0,0
1,301.7,311.1,1489,41.4,108,9.4,6455.41,4471.2,0,0,0,0,0,0,0
2,300.4,309.8,1448,39.7,107,9.4,6019.88,4247.9,0,0,0,0,0,0,0
2,299.5,310.8,1600,32.4,67,11.3,5428.67,2170.8,0,0,0,0,0,0,0
1,298.3,307.7,1717,27.1,7,9.4,4872.68,189.7,0,0,0,0,0,0,0
0,297.4,308.3,1490,42.6,164,10.9,6646.98,6986.4,0,0,0,0,0,0,0
0,301.0,309.7,1468,42.0,141,8.7,6456.6,5922.0,0,0,0,0,0,0,0
0,299.3,308.6,1314,48.2,65,9.3,6632.4,3133.0,0,0,0,0,0,0,0
1,300.4,310.5,1500,43.0,9,10.1,6754.42,387.0,0,0,0,0,0,0,0
1,300.7,310.6,1572,38.5,50,9.9,6337.85,1925.0,0,0,0,0,0,0,0
1,300.7,311.0,1740,25.6,176,10.3,4664.64,4505.6,0,0,0,0,0,0,0
2,304.2,313.5,1546,41.4,58,9.3,6702.53,2401.2,0,0,0,0,0,0,0
0,299.6,309.2,1601,33.3,33,9.6,5582.96,1098.9,0,0,0,0,0,0,0
0,298.2,308.1,1462,49.9,69,9.9,7639.7,3443.1,0,0,0,0,0,0,0
1,300.2,309.1,1406,42.2,40,8.9,6213.36,1688.0,0,0,0,0,0,0,0
1,299.1,310.3,1233,59.0,81,11.2,7618.05,4779.0,0,0,0,0,0,0,0
0,299.3,309.1,1470,41.1,118,9.8,6326.85,4849.8,0,0,0,0,0,0,0
1,302.1,311.5,1866,23.1,159,9.4,4513.9,3672.9,0,0,0,0,0,0,0
0,298.3,309.6,1527,30.9,189,11.3,4941.13,5840.1,0,0,0,0,0,0,0
0,298.0,308.8,1790,27.2,193,10.8,5098.6,5249.6,0,0,0,0,0,0,0
1,298.3,309.1,1632,32.7,0,10.8,5588.52,0.0,0,0,0,0,0,0,0
0,298.7,309.5,1446,40.0,160,10.8,6056.99,6400.0,0,0,0,0,0,0,0
0,299.0,308.7,2250,16.6,208,9.7,3911.28,3452.8,1,0,0,0,0,0,0
0,298.6,308.3,1278,60.5,32,9.7,8096.83,1936.0,0,0,0,0,0,0,0
0,298.2,308.0,1411,42.4,48,9.8,6265.01,2035.2,0,0,0,0,0,0,0
0,297.9,307.6,1344,54.3,151,9.7,7642.36,8199.3,0,0,0,0,0,0,0
0,298.3,309.1,1593,40.1,18,10.8,6689.42,721.8,0,0,0,0,0,0,0
0,296.3,307.4,1465,47.1,215,11.1,7225.82,10126.5,1,0,0,0,0,0,0
0,299.2,310.7,1737,27.0,225,11.5,4911.25,6075.0,1,1,1,0,0,0,0
0,299.2,308.3,1410,43.0,26,9.1,6349.16,1118.0,0,0,0,0,0,0,0
0,298.6,309.6,1540,35.8,5,11.0,5773.41,179.0,0,0,0,0,0,0,0
0,298.4,309.3,1512,35.8,18,10.9,5668.44,644.4,0,0,0,0,0,0,0
0,299.9,309.2,1491,44.3,214,9.3,6916.88,9480.2,1,0,0,0,0,0,0
0,300.4,310.4,1298,61.4,19,10.0,8345.87,1166.6,0,0,0,0,0,0,0
2,302.3,311.1,1455,40.3,145,8.8,6140.4,5843.5,0,0,0,0,0,0,0
0,297.8,308.8,1559,35.2,66,11.0,5746.69,2323.2,0,0,0,0,0,0,0
0,302.2,310.8,1673,32.9,52,8.6,5763.95,1710.8,0,0,0,0,0,0,0
0,302.7,312.0,1501,37.0,77,9.3,5815.82,2849.0,0,0,0,0,0,0,0
0,302.3,311.7,1648,32.1,197,9.4,5539.76,6323.7,0,0,0,0,0,0,0
1,297.6,308.6,1585,42.0,90,11.0,6971.19,3780.0,0,0,0,0,0,0,0
0,302.9,312.3,1889,22.8,148,9.4,4510.2,3374.4,0,0,0,0,0,0,0
1,299.8,310.3,1805,23.7,198,10.5,4479.75,4692.6,0,0,0,0,0,0,0
0,299.4,309.3,1401,59.0,38,9.9,8656.03,2242.0,0,0,0,0,0,0,0
1,298.9,308.2,2022,20.0,23,9.3,4234.87,460.0,0,0,0,0,0,0,0
0,297.5,308.5,1462,52.3,148,11.0,8007.14,7740.4,0,0,0,0,0,0,0
0,302.7,312.2,1450,52.1,213,9.5,7911.05,11097.3,1,1,0,0,0,1,0
1,300.7,310.6,1488,39.2,189,9.9,6108.26,7408.8,0,0,0,0,0,0,0
0,302.2,311.3,1475,48.6,104,9.1,7506.84,5054.4,0,0,0,0,0,0,0
1,299.1,310.4,1524,51.4,66,11.3,8203.08,3392.4,0,0,0,0,0,0,0
1,300.2,310.0,1664,30.7,179,9.8,5349.59,5495.3,0,0,0,0,0,0,0
0,299.1,308.6,1260,57.8,152,9.5,7626.53,8785.6,0,0,0,0,0,0,0
0,298.5,309.5,1294,66.7,12,11.0,9038.34,800.4,0,1,0,0,1,0,0
0,299.3,309.0,1511,47.8,148,9.7,7563.47,7074.4,0,0,0,0,0,0,0
0,299.6,309.2,1559,39.1,110,9.6,6383.39,4301.0,0,0,0,0,0,0,0
0,302.3,312.0,1746,28.1,167,9.7,5137.82,4692.7,0,0,0,0,0,0,0
0,299.9,309.5,1567,35.5,171,9.6,5825.4,6070.5,0,0,0,0,0,0,0
0,297.6,308.6,1383,47.5,75,11.0,6879.3,3562.5,0,0,0,0,0,0,0
0,302.0,310.8,1948,19.7,66,8.8,4018.68,1300.2,0,0,0,0,0,0,0
1,301.2,310.3,1357,54.5,49,9.1,7744.71,2670.5,0,0,0,0,0,0,0
0,299.2,310.6,1567,38.4,172,11.4,6301.28,6604.8,0,0,0,0,0,0,0
0,297.4,308.4,1573,34.5,205,11.0,5682.98,7072.5,1,0,0,0,0,0,0
1,297.6,308.6,1595,36.9,25,11.0,6163.33,922.5,0,0,0,0,0,0,0
1,303.8,313.1,2117,18.6,22,9.3,4123.47,409.2,0,0,0,0,0,0,0
0,297.9,307.9,1476,45.2,91,10.0,6986.4,4113.2,0,0,0,0,0,0,0
0,297.3,308.3,1430,41.9,95,11.0,6274.49,3980.5,0,0,0,0,0,0,0
0,297.9,307.6,1977,20.2,182,9.7,4182.03,3676.4,0,0,0,0,0,0,0
0,299.4,310.8,1376,53.9,215,11.4,7766.69,11588.5,1,1,0,0,0,1,0
2,300.0,311.2,1393,43.1,45,11.2,6287.2,1939.5,0,0,0,0,0,0,0
0,300.3,311.8,1418,45.9,53,11.5,6815.81,2432.7,0,0,0,0,0,0,0
1,299.3,309.3,1523,37.9,204,10.0,6044.6,7731.6,1,0,0,0,0,0,0
0,297.7,309.0,1507,38.2,94,11.3,6028.44,3590.8,0,0,0,0,0,0,0
0,299.1,308.6,1437,41.6,183,9.5,6260.06,7612.8,0,0,0,0,0,0,0
0,300.6,310.0,1511,36.9,105,9.4,5838.74,3874.5,0,0,0,0,0,0,0
0,300.7,309.5,1479,34.5,197,8.8,5343.38,6796.5,0,0,0,0,0,0,0
1,299.5,310.9,1378,48.7,119,11.4,7027.6,5795.3,0,0,0,0,0,0,0
0,300.8,310.9,1457,47.7,82,10.1,7277.91,3911.4,0,0,0,0,0,0,0
1,297.8,308.5,1488,41.9,196,10.7,6528.98,8212.4,0,0,0,0,0,0,0
1,300.3,311.4,1386,48.1,119,11.1,6981.31,5723.9,0,0,0,0,0,0,0
2,297.7,308.2,1526,40.1,165,10.5,6408.07,6616.5,0,0,0,0,0,0,0
0,300.6,309.6,1684,32.8,53,9.0,5784.22,1738.4,0,0,0,0,0,0,0
0,297.8,307.9,1447,48.6,46,10.1,7364.33,2235.6,0,0,0,0,0,0,0
1,304.0,313.1,1694,31.4,116,9.1,5570.21,3642.4,0,0,0,0,0,0,0
1,299.3,309.2,1440,37.5,111,9.9,5654.87,4162.5,0,0,0,0,0,0,0
0,296.9,307.8,1400,57.1,202,10.9,8371.3,11534.2,1,1,0,0,0,1,0
0,298.9,308.2,1686,30.4,53,9.3,5367.35,1611.2,0,0,0,0,0,0,0
1,302.9,312.4,1334,50.9,5,9.5,7110.53,254.5,0,0,0,0,0,0,0
0,298.4,308.3,1433,62.3,20,9.9,9348.95,1246.0,0,1,0,0,1,0,0
1,300.8,309.4,1342,62.4,113,8.6,8769.32,7051.2,0,1,0,1,0,0,0
1,298.5,308.0,1461,51.9,157,9.5,7940.47,8148.3,0,0,0,0,0,0,0
0,299.9,311.3,1647,27.5,26,11.4,4743.02,715.0,0,0,0,0,0,0,0
0,301.1,311.3,1268,60.0,53,10.2,7967.08,3180.0,0,0,0,0,0,0,0
1,300.3,311.9,1429,41.6,184,11.6,6225.21,7654.4,0,0,0,0,0,0,0
0,302.4,310.2,1539,37.7,29,7.8,6075.87,1093.3,0,0,0,0,0,0,0
0,301.4,310.3,1374,47.6,176,8.9,6848.92,8377.6,0,0,0,0,0,0,0
2,302.0,309.9,1735,27.2,192,7.9,4941.93,5222.4,0,0,0,0,0,0,0
0,298.3,309.1,1395,49.8,133,10.8,7274.99,6623.4,0,0,0,0,0,0,0
1,298.6,309.4,1407,45.1,176,10.8,6645.07,7937.6,0,0,0,0,0,0,0
1,297.5,308.7,1446,53.0,168,11.2,8025.51,8904.0,0,0,0,0,0,0,0
1,302.6,310.2,1563,39.0,97,7.6,6383.4,3783.0,0,0,0,0,0,0,0
0,300.6,310.3,1920,22.3,223,9.7,4483.68,4972.9,1,0,0,0,0,0,0
0,300.4,309.7,1685,31.3,152,9.3,5522.97,4757.6,0,0,0,0,0,0,0
0,300.7,311.8,1441,38.1,34,11.1,5749.33,1295.4,0,0,0,0,0,0,0
0,300.5,311.6,1509,47.2,202,11.1,7458.64,9534.4,1,0,0,0,0,0,0
1,298.5,309.6,1438,44.5,124,11.1,6701.12,5518.0,0,0,0,0,0,0,0
1,298.9,309.8,1392,43.1,218,10.9,6282.68,9395.8,1,0,0,0,0,0,0
1,297.8,309.8,1676,29.0,178,12.0,5089.8,5162.0,0,0,0,0,0,0,0
1,302.2,311.5,1360,53.0,36,9.3,7548.2,1908.0,0,0,0,0,0,0,0
0,301.8,311.2,1840,26.6,202,9.4,5125.4,5373.2,1,0,0,0,0,0,0
0,300.2,310.4,1518,41.8,5,10.2,6644.72,209.0,0,0,0,0,0,0,0
0,297.5,308.5,1546,40.4,129,11.0,6540.63,5211.6,0,0,0,0,0,0,0
1,302.9,312.5,1551,40.0,20,9.6,6496.81,800.0,0,0,0,0,0,0,0
1,302.1,311.2,1616,35.1,57,9.1,5939.87,2000.7,0,0,0,0,0,0,0
0,300.2,311.8,1410,51.4,189,11.6,7589.46,9714.6,0,0,0,0,0,0,0
0,301.6,310.7,1457,40.4,213,9.1,6164.1,8605.2,1,0,0,0,0,0,0
2,297.0,307.8,1404,40.7,184,10.8,5983.98,7488.8,0,0,0,0,0,0,0
1,300.5,311.6,1454,41.4,108,11.1,6303.67,4471.2,0,0,0,0,0,0,0
0,299.9,309.1,1412,48.3,198,9.2,7141.85,9563.4,0,0,0,0,0,0,0
0,298.3,309.1,1403,45.1,138,10.8,6626.17,6223.8,0,0,0,0,0,0,0
0,302.2,310.9,1604,40.5,68,8.7,6802.8,2754.0,0,0,0,0,0,0,0
0,302.5,310.2,1716,29.9,156,7.7,5373.0,4664.4,0,0,0,0,0,0,0
1,300.7,309.6,1525,36.5,71,8.9,5828.96,2591.5,0,0,0,0,0,0,0
1,301.1,311.1,1615,37.7,153,10.0,6375.91,5768.1,0,0,0,0,0,0,0
0,301.2,310.2,1385,42.3,42,9.0,6135.06,1776.6,0,0,0,0,0,0,0
0,299.1,310.3,1472,46.6,157,11.2,7183.27,7316.2,0,0,0,0,0,0,0
0,299.2,308.8,1405,51.4,183,9.6,7562.55,9406.2,0,0,0,0,0,0,0
1,301.0,310.7,1657,29.9,148,9.7,5188.27,4425.2,0,0,0,0,0,0,0
0,297.9,308.9,1566,41.9,50,11.0,6871.23,2095.0,0,0,0,0,0,0,0
1,302.3,311.2,1432,42.7,68,8.9,6403.24,2903.6,0,0,0,0,0,0,0
0,300.7,310.8,1479,49.1,71,10.1,7604.63,3486.1,0,0,0,0,0,0,0
1,297.7,308.9,1530,39.1,108,11.2,6264.65,4222.8,0,0,0,0,0,0,0
2,300.2,311.5,1515,36.8,27,11.3,5838.34,993.6,0,0,0,0,0,0,0
1,300.3,311.6,1617,32.5,115,11.3,5503.28,3737.5,0,0,0,0,0,0,0
2,302.3,311.6,1441,53.9,74,9.3,8133.57,3988.6,0,0,0,0,0,0,0
0,298.8,309.8,1437,42.8,23,11.0,6440.64,984.4,0,0,0,0,0,0,0
0,300.4,311.1,1397,50.8,189,10.7,7431.71,9601.2,0,0,0,0,0,0,0
0,297.1,308.7,1474,42.3,64,11.6,6529.3,2707.2,0,0,0,0,0,0,0
0,300.5,311.3,1490,41.8,39,10.8,6522.16,1630.2,0,0,0,0,0,0,0
1,299.2,308.4,1415,43.5,53,9.2,6445.76,2305.5,0,0,0,0,0,0,0
0,302.5,310.2,1477,41.6,16,7.7,6434.32,665.6,0,0,0,0,0,0,0
0,297.2,308.6,1652,32.1,52,11.4,5553.2,1669.2,0,0,0,0,0,0,0
0,299.1,310.7,1309,51.1,188,11.6,7004.69,9606.8,0,0,0,0,0,0,0
0,302.2,310.8,1744,29.7,16,8.6,5424.15,475.2,0,0,0,0,0,0,0
0,301.0,310.9,1479,44.3,194,9.9,6861.21,8594.2,0,0,0,0,0,0,0
1,302.0,310.6,1539,37.4,96,8.6,6027.52,3590.4,0,0,0,0,0,0,0
0,302.7,312.3,1346,61.2,170,9.6,8626.31,10404.0,0,0,0,0,0,0,1
1,302.3,311.2,1405,47.7,88,8.9,7018.16,4197.6,0,0,0,0,0,0,0
0,298.2,307.8,1375,46.6,188,9.6,6709.92,8760.8,0,0,0,0,0,0,0
0,298.3,310.0,1858,23.9,114,11.7,4650.21,2724.6,0,0,0,0,0,0,0
0,299.7,309.4,1362,51.9,117,9.7,7402.41,6072.3,0,0,0,0,0,0,0
0,301.0,311.1,1615,35.6,158,10.1,6020.76,5624.8,0,0,0,0,0,0,0
0,298.9,308.8,1281,53.9,77,9.9,7230.47,4150.3,0,0,0,0,0,0,0
0,300.3,311.7,1452,41.5,172,11.4,6310.2,7138.0,0,0,0,0,0,0,0
1,298.2,308.7,1599,36.2,28,10.5,6061.58,1013.6,0,0,0,0,0,0,0
0,298.9,309.9,1517,36.6,117,11.0,5814.27,4282.2,0,0,0,0,0,0,0
0,298.8,309.8,1634,33.6,27,11.0,5749.37,907.2,0,0,0,0,0,0,0
0,297.8,307.2,1498,38.1,188,9.4,5976.75,7162.8,0,0,0,0,0,0,0
0,301.4,310.6,1634,31.1,171,9.2,5321.59,5318.1,0,0,0,0,0,0,0
1,300.7,311.0,1706,25.0,153,10.3,4466.3,3825.0,0,0,0,0,0,0,0
0,296.1,307.1,1651,35.7,167,11.0,6172.26,5961.9,0,0,0,0,0,0,0
0,302.4,311.8,1508,45.7,108,9.4,7216.82,4935.6,0,0,0,0,0,0,0
0,297.4,307.9,1390,47.7,156,10.5,6943.23,7441.2,0,0,0,0,0,0,0
0,303.9,313.4,1442,48.5,174,9.5,7323.79,8439.0,0,0,0,0,0,0,0
0,297.6,309.3,1610,35.0,6,11.7,5900.96,210.0,0,0,0,0,0,0,0
1,297.4,308.2,1530,32.6,22,10.8,5223.21,717.2,0,0,0,0,0,0,0
0,300.6,310.7,1455,40.6,82,10.1,6186.11,3329.2,0,0,0,0,0,0,0
0,299.3,310.5,1818,26.0,102,11.2,4949.89,2652.0,0,0,0,0,0,0,0
0,300.7,311.0,1312,52.1,107,10.3,7158.14,5574.7,0,0,0,0,0,0,0
0,298.7,309.7,1510,40.6,162,11.0,6419.95,6577.2,0,0,0,0,0,0,0
2,302.7,312.5,1527,36.4,26,9.8,5820.62,946.4,0,0,0,0,0,0,0
0,299.9,310.2,1288,69.6,62,10.3,9387.58,4315.2,0,1,0,0,1,0,0
1,298.2,308.3,1522,49.1,22,10.1,7825.73,1080.2,0,0,0,0,0,0,0
0,298.6,309.4,1667,35.6,185,10.8,6214.61,6586.0,0,0,0,0,0,0,0
0,301.6,309.8,1472,42.5,91,8.2,6551.27,3867.5,0,0,0,0,0,0,0
0,297.4,308.8,1640,34.2,142,11.4,5873.52,4856.4,0,0,0,0,0,0,0
0,299.8,309.8,1749,33.4,153,10.0,6117.37,5110.2,0,0,0,0,0,0,0
0,298.4,309.4,1385,50.0,201,11.0,7251.84,10050.0,1,0,0,0,0,0,0
1,298.5,309.4,1565,33.7,150,10.9,5522.97,5055.0,0,0,0,0,0,0,0
0,297.4,308.4,1371,57.4,52,11.0,8240.96,2984.8,0,0,0,0,0,0,0
0,300.1,309.4,2141,17.9,33,9.3,4013.27,590.7,0,0,0,0,0,0,0
0,297.8,307.7,1393,38.0,29,9.9,5543.24,1102.0,0,0,0,0,0,0,0
0,299.8,311.3,1560,35.4,178,11.5,5783.04,6301.2,0,0,0,0,0,0,0
0,297.6,308.3,1502,43.2,139,10.7,6794.89,6004.8,0,0,0,0,0,0,0
0,304.3,313.5,1590,29.8,17,9.2,4961.83,506.6,0,0,0,0,0,0,0
0,304.1,313.5,1469,44.6,113,9.4,6860.97,5039.8,0,0,0,0,0,0,0
0,299.8,311.2,1664,28.3,173,11.4,4931.38,4895.9,0,0,0,0,0,0,0
0,297.6,309.2,1390,43.3,221,11.6,6302.77,9569.3,1,0,0,0,0,0,0
1,301.2,310.1,1479,45.5,44,8.9,7047.06,2002.0,0,0,0,0,0,0,0
0,300.1,309.7,1362,49.1,23,9.6,7003.05,1129.3,0,0,0,0,0,0,0
0,299.6,310.8,1644,30.9,114,11.2,5319.72,3522.6,0,0,0,0,0,0,0
1,297.5,309.2,1347,55.8,188,11.7,7871.01,10490.4,0,0,0,0,0,0,0
0,300.6,310.3,1484,41.0,213,9.7,6371.57,8733.0,1,0,0,0,0,0,0
0,300.6,309.4,2496,13.5,111,8.8,3528.64,1498.5,0,0,0,0,0,0,0
1,300.4,311.0,1595,35.4,15,10.6,5912.79,531.0,0,0,0,0,0,0,0
2,298.9,310.3,1243,63.0,163,11.4,8200.5,10269.0,0,0,0,0,0,0,0
0,300.3,310.6,1433,53.8,86,10.3,8073.41,4626.8,0,0,0,0,0,0,0
0,300.8,311.3,1524,43.5,71,10.5,6942.29,3088.5,0,0,0,0,0,0,0
1,302.0,311.4,1587,35.9,30,9.4,5966.23,1077.0,0,0,0,0,0,0,0
0,300.7,311.7,1635,32.4,213,11.0,5547.42,6901.2,1,0,0,0,0,0,0
2,298.7,308.4,1560,33.3,53,9.7,5439.98,1764.9,0,0,0,0,0,0,0
0,303.7,313.1,1406,48.6,183,9.4,7155.67,8893.8,0,0,0,0,0,0,0
2,303.8,312.6,1811,24.9,183,8.8,4722.22,4556.7,0,0,0,0,0,0,0
1,299.3,308.6,1448,52.1,71,9.3,7900.14,3699.1,0,0,0,0,0,0,0
1,301.8,310.8,1619,31.0,76,9.0,5255.78,2356.0,0,0,0,0,0,0,0
0,299.8,310.2,1654,32.7,159,10.4,5663.85,5199.3,0,0,0,0,0,0,0
2,302.4,311.5,1540,43.7,81,9.1,7047.43,3539.7,0,0,0,0,0,0,0
0,299.0,310.3,1520,45.0,171,11.3,7162.83,7695.0,0,0,0,0,0,0,0
0,297.2,308.4,1462,51.2,102,11.2,7838.73,5222.4,0,0,0,0,0,0,0
1,298.8,308.6,1486,41.1,13,9.8,6395.72,534.3,0,0,0,0,0,0,0
1,298.3,308.1,1630,32.7,83,9.8,5581.67,2714.1,0,0,0,0,0,0,0
2,300.9,310.8,1390,40.6,131,9.9,5909.75,5318.6,0,0,0,0,0,0,0
1,298.8,309.1,1559,34.7,95,10.3,5665.06,3296.5,0,0,0,0,0,0,0
1,297.8,309.7,1700,31.3,200,11.9,5572.14,6260.0,1,0,0,0,0,0,0
0,298.2,308.8,1498,36.0,39,10.6,5647.33,1404.0,0,0,0,0,0,0,0
0,301.6,310.9,1706,29.5,193,9.3,5270.23,5693.5,0,0,0,0,0,0,0
1,301.7,310.8,1516,40.4,48,9.1,6413.71,1939.2,0,0,0,0,0,0,0
1,300.3,311.2,1381,65.2,136,10.9,9429.09,8867.2,0,1,0,0,1,0,0
0,297.8,307.8,1761,28.9,128,10.0,5329.49,3699.2,0,0,0,0,0,0,0
2,298.9,310.1,1452,49.9,187,11.2,7587.45,9331.3,0,0,0,0,0,0,0
0,298.2,307.7,1688,32.4,91,9.5,5727.25,2948.4,0,0,0,0,0,0,0
0,302.7,312.4,1453,47.3,62,9.7,7197.06,2932.6,0,0,0,0,0,0,0
0,297.3,308.1,1458,45.7,202,10.8,6977.54,9231.4,1,0,0,0,0,0,0
2,300.7,310.7,1428,43.4,26,10.0,6490.03,1128.4,0,0,0,0,0,0,0
2,300.1,309.4,1563,40.8,28,9.3,6678.02,1142.4,0,0,0,0,0,0,0
0,299.4,309.3,1448,48.6,44,9.9,7369.42,2138.4,0,0,0,0,0,0,0
2,301.5,310.4,1580,35.7,161,8.9,5906.82,5747.7,0,0,0,0,0,0,0
0,304.2,313.4,1421,43.4,56,9.2,6458.21,2430.4,0,0,0,0,0,0,0
0,300.6,309.3,1409,38.7,115,8.7,5710.19,4450.5,0,0,0,0,0,0,0
1,297.3,308.7,1447,44.5,105,11.4,6743.06,4672.5,0,0,0,0,0,0,0
2,300.6,310.6,1448,44.7,55,10.0,6778.05,2458.5,0,0,0,0,0,0,0
1,303.5,312.4,1318,54.2,177,8.9,7480.72,9593.4,0,0,0,0,0,0,0
0,299.0,310.3,1552,39.9,114,11.3,6484.75,4548.6,0,0,0,0,0,0,0
1,301.6,310.6,1924,23.6,181,9.0,4754.95,4271.6,0,0,0,0,0,0,0
0,297.1,308.1,1487,34.6,208,11.0,5387.85,7196.8,1,0,0,0,0,0,0
0,298.8,310.6,1651,33.3,0,11.8,5757.31,0.0,0,0,0,0,0,0,0
0,301.0,312.1,1585,32.3,50,11.1,5361.18,1615.0,0,0,0,0,0,0,0
0,297.4,308.7,1429,57.4,96,11.3,8589.6,5510.4,0,0,0,0,0,0,0
1,300.2,309.4,1433,48.8,191,9.2,7323.09,9320.8,0,0,0,0,0,0,0
0,298.3,309.1,1387,52.3,160,10.8,7596.38,8368.0,0,0,0,0,0,0,0
0,301.0,310.9,1404,41.8,71,9.9,6145.71,2967.8,0,0,0,0,0,0,0
0,301.5,311.1,1426,52.1,121,9.6,7780.11,6304.1,0,0,0,0,0,0,0
1,298.1,308.2,1420,63.9,19,10.1,9502.06,1214.1,0,1,0,0,1,0,0
0,301.6,310.7,1424,50.5,214,9.1,7530.61,10807.0,1,0,0,0,0,0,0
0,299.9,309.6,1280,59.3,163,9.7,7948.65,9665.9,0,0,0,0,0,0,0
0,299.2,308.7,1325,51.0,171,9.5,7076.44,8721.0,0,0,0,0,0,0,0
1,299.6,310.9,1530,38.8,198,11.3,6216.58,7682.4,0,0,0,0,0,0,0
0,303.2,311.5,1507,39.2,225,8.3,6186.26,8820.0,1,0,0,0,0,0,0
0,299.8,309.2,1572,35.4,158,9.4,5827.53,5593.2,0,0,0,0,0,0,0
0,300.5,309.9,1423,47.9,114,9.4,7137.88,5460.6,0,0,0,0,0,0,0
2,295.7,306.2,2161,16.5,105,10.5,3733.94,1732.5,0,0,0,0,0,0,0
0,302.3,311.2,1758,24.4,68,8.9,4491.97,1659.2,0,0,0,0,0,0,0
0,302.5,310.3,1584,35.5,158,7.8,5888.6,5609.0,0,0,0,0,0,0,0
0,300.6,311.5,1419,38.6,31,10.9,5735.86,1196.6,0,0,0,0,0,0,0
0,300.7,310.8,1608,39.5,202,10.1,6651.38,7979.0,1,0,0,0,0,0,0
0,301.2,310.4,1381,49.8,115,9.2,7201.98,5727.0,0,0,0,0,0,0,0
0,300.2,309.8,1353,59.4,26,9.6,8416.14,1544.4,0,0,0,0,0,0,0
1,300.4,310.2,1671,30.5,234,9.8,5337.09,7137.0,1,1,1,0,0,0,0
0,300.1,311.4,1430,40.9,93,11.3,6124.74,3803.7,0,0,0,0,0,0,0
1,301.7,311.2,1413,42.6,79,9.5,6303.48,3365.4,0,0,0,0,0,0,0
0,299.5,309.1,1852,22.6,77,9.6,4383.07,1740.2,0,0,0,0,0,0,0
2,300.1,310.1,1426,42.7,64,10.0,6376.41,2732.8,0,0,0,0,0,0,0
1,303.7,312.8,1366,47.3,49,9.1,6766.13,2317.7,0,0,0,0,0,0,0
1,299.2,308.4,1856,22.7,86,9.2,4411.97,1952.2,0,0,0,0,0,0,0
0,298.6,309.8,1704,28.3,64,11.2,5049.92,1811.2,0,0,0,0,0,0,0
0,302.2,311.5,1427,43.8,88,9.3,6545.26,3854.4,0,0,0,0,0,0,0
1,301.1,311.1,1436,41.8,156,10.0,6285.78,6520.8,0,0,0,0,0,0,0
0,298.9,310.0,1559,33.4,58,11.1,5452.82,1937.2,0,0,0,0,0,0,0
0,297.2,308.3,1805,25.6,103,11.1,4838.89,2636.8,0,0,0,0,0,0,0
0,303.1,312.8,2329,15.1,113,9.7,3682.77,1706.3,0,0,0,0,0,0,0
1,302.7,312.5,1417,51.5,19,9.8,7641.98,978.5,0,0,0,0,0,0,0
0,300.9,310.6,1350,53.8,131,9.7,7605.8,7047.8,0,0,0,0,0,0,0
2,303.9,313.1,1790,26.7,17,9.2,5004.87,453.9,0,0,0,0,0,0,0
0,302.0,310.9,1663,31.5,81,8.9,5485.69,2551.5,0,0,0,0,0,0,0
0,299.6,309.0,1648,33.6,70,9.4,5798.63,2352.0,0,0,0,0,0,0,0
0,297.4,308.4,1571,39.4,0,11.0,6481.88,0.0,0,0,0,0,0,0,0
1,298.6,309.9,1818,24.9,9,11.3,4740.47,224.1,0,0,0,0,0,0,0
1,299.2,308.6,1586,35.7,138,9.4,5929.25,4926.6,0,0,0,0,0,0,0
2,302.9,312.3,1754,26.9,209,9.4,4940.95,5622.1,1,0,0,0,0,0,0
0,298.7,310.2,1717,27.3,26,11.5,4908.64,709.8,0,0,0,0,0,0,0
0,300.3,310.3,2158,16.8,32,10.0,3796.55,537.6,0,0,0,0,0,0,0
0,296.9,308.0,1332,53.9,7,11.1,7518.33,377.3,0,0,0,0,0,0,0
0,298.0,308.4,1432,46.2,11,10.4,6928.09,508.2,0,0,0,0,0,0,0
0,299.3,308.7,1802,26.0,130,9.4,4906.33,3380.0,0,0,0,0,0,0,0
1,297.3,308.2,1846,24.5,41,10.9,4736.16,1004.5,0,0,0,0,0,0,0
0,300.6,310.9,1472,47.6,75,10.3,7337.42,3570.0,0,0,0,0,0,0,0
1,299.9,309.3,1452,41.9,106,9.4,6371.02,4441.4,0,0,0,0,0,0,0
2,298.2,308.8,1606,39.9,53,10.6,6710.38,2114.7,0,0,0,0,0,0,0
0,298.0,309.5,1496,45.8,46,11.5,7175.06,2106.8,0,0,0,0,0,0,0
1,300.1,311.4,1913,21.9,15,11.3,4387.2,328.5,0,0,0,0,0,0,0
0,302.1,310.5,1696,30.9,107,8.4,5487.99,3306.3,0,0,0,0,0,0,0
2,303.3,312.5,1328,49.8,120,9.2,6925.58,5976.0,0,0,0,0,0,0,0
0,298.6,308.4,1562,34.4,25,9.8,5626.89,860.0,0,0,0,0,0,0,0
2,300.5,310.6,1411,47.2,201,10.1,6974.25,9487.2,1,0,0,0,0,0,0
0,300.6,310.1,1541,42.0,23,9.5,6777.67,966.0,0,0,0,0,0,0,0
0,297.5,308.3,1585,32.9,32,10.8,5460.77,1052.8,0,0,0,0,0,0,0
0,303.2,311.2,1363,46.7,29,8.0,6665.63,1354.3,0,1,0,1,0,0,0
0,301.4,311.0,1733,25.7,182,9.6,4664.02,4677.4,0,0,0,0,0,0,0
2,303.3,311.2,1607,31.7,34,7.9,5334.62,1077.8,0,0,0,0,0,0,0
1,300.3,311.6,1312,53.4,151,11.3,7336.75,8063.4,0,0,0,0,0,0,0
1,300.2,311.7,1555,37.4,169,11.5,6090.19,6320.6,0,0,0,0,0,0,0
0,301.3,310.4,1695,30.9,108,9.1,5484.75,3337.2,0,0,0,0,0,0,0
1,300.6,312.2,2174,18.5,95,11.6,4211.72,1757.5,0,0,0,0,0,0,0
0,299.0,310.1,1583,35.8,142,11.1,5934.62,5083.6,0,0,0,0,0,0,0
2,301.0,311.2,1602,32.7,19,10.2,5485.79,621.3,0,0,0,0,0,0,0
0,300.7,309.5,1850,24.5,19,8.8,4746.42,465.5,0,0,0,0,0,0,0
0,302.5,310.4,1488,48.4,134,7.9,7541.83,6485.6,0,0,0,0,0,0,0
0,299.1,308.7,1498,38.9,181,9.6,6102.25,7040.9,0,0,0,0,0,0,0
0,301.5,310.7,1466,43.6,56,9.2,6693.44,2441.6,0,0,0,0,0,0,0
1,299.9,309.4,1483,38.1,193,9.5,5916.91,7353.3,0,0,0,0,0,0,0
0,301.1,311.1,1450,43.3,168,10.0,6574.83,7274.4,0,0,0,0,0,0,0
0,299.3,309.1,1473,40.3,125,9.8,6216.36,5037.5,0,0,0,0,0,0,0
0,302.5,311.1,1538,36.8,208,8.6,5926.97,7654.4,1,0,0,0,0,0,0
0,300.9,311.6,1671,33.5,148,10.7,5862.05,4958.0,0,0,0,0,0,0,0
0,297.6,308.6,1382,47.1,11,11.0,6816.44,518.1,0,0,0,0,0,0,0
1,299.7,311.0,1435,50.1,168,11.3,7528.67,8416.8,0,0,0,0,0,0,0
0,298.5,309.3,1590,33.9,107,10.8,5644.5,3627.3,0,0,0,0,0,0,0
1,303.0,312.4,1526,36.1,142,9.4,5768.86,5126.2,0,0,0,0,0,0,0
2,298.3,309.0,1379,43.2,0,10.7,6238.45,0.0,0,0,0,0,0,0,0
1,303.7,312.4,1631,28.5,132,8.7,4867.74,3762.0,0,0,0,0,0,0,0
0,301.5,311.0,1494,45.3,99,9.5,7087.24,4484.7,0,0,0,0,0,0,0
0,297.4,308.9,1809,23.8,131,11.5,4508.63,3117.8,0,0,0,0,0,0,0
1,301.8,310.8,1691,33.4,62,9.0,5914.51,2070.8,0,0,0,0,0,0,0
1,298.9,309.9,1645,31.4,86,11.0,5409.09,2700.4,0,0,0,0,0,0,0
1,300.8,310.5,1330,59.0,190,9.7,8217.36,11210.0,0,0,0,0,0,0,0
0,299.4,309.0,1436,47.9,75,9.6,7203.09,3592.5,0,0,0,0,0,0,0
0,298.4,310.1,1926,23.7,83,11.7,4780.06,1967.1,0,0,0,0,0,0,0
0,303.8,313.2,1525,41.9,145,9.4,6691.33,6075.5,0,0,0,0,0,0,0
2,301.5,310.7,1599,40.4,72,9.2,6764.85,2908.8,0,0,0,0,0,0,0
0,301.4,310.5,1476,39.2,206,9.1,6059.0,8075.2,1,0,0,0,0,0,0
0,298.6,309.5,1483,43.2,92,10.9,6708.93,3974.4,0,0,0,0,0,0,0
1,298.1,307.7,1424,47.7,103,9.6,7113.07,4913.1,0,0,0,0,0,0,0
1,299.9,309.8,1625,41.2,109,9.9,7010.99,4490.8,0,0,0,0,0,0,0
0,301.9,311.0,1669,32.2,191,9.1,5627.83,6150.2,0,0,0,0,0,0,0
0,298.0,308.1,1819,23.4,78,10.1,4457.35,1825.2,0,0,0,0,0,0,0
0,300.7,310.2,1286,64.9,160,9.5,8740.06,10384.0,0,0,0,0,0,0,0
1,302.2,310.6,1346,49.2,134,8.4,6934.88,6592.8,0,1,0,1,0,0,0
0,299.8,309.2,1479,44.4,214,9.4,6876.69,9501.6,1,0,0,0,0,0,0
1,298.8,309.9,1415,53.2,194,11.1,7883.09,10320.8,0,0,0,0,0,0,0
1,302.5,311.8,1566,37.6,54,9.3,6166.07,2030.4,0,0,0,0,0,0,0
1,300.2,311.3,1491,37.3,102,11.1,5823.92,3804.6,0,0,0,0,0,0,0
1,300.7,311.9,1657,30.9,116,11.2,5361.79,3584.4,0,0,0,0,0,0,0
0,298.9,310.1,1823,26.1,131,11.2,4982.6,3419.1,0,0,0,0,0,0,0
1,299.0,309.8,2240,15.9,144,10.8,3729.7,2289.6,0,0,0,0,0,0,0
1,303.4,312.9,1307,54.3,68,9.5,7431.97,3692.4,0,0,0,0,0,0,0
0,297.8,308.4,1737,27.5,146,10.6,5002.2,4015.0,0,0,0,0,0,0,0
1,299.1,308.4,1330,53.6,62,9.3,7465.26,3323.2,0,0,0,0,0,0,0
0,302.4,310.1,2009,18.9,59,7.7,3976.22,1115.1,0,0,0,0,0,0,0
0,297.4,308.3,1561,38.3,0,10.9,6260.81,0.0,0,0,0,0,0,0,0
1,300.2,311.4,1960,20.9,20,11.2,4289.74,418.0,0,0,0,0,0,0,0
1,300.7,312.3,1430,47.2,131,11.6,7068.16,6183.2,0,0,0,0,0,0,0
1,296.9,307.9,1441,47.6,60,11.0,7182.9,2856.0,0,0,0,0,0,0,0
0,302.4,310.3,1480,45.8,123,7.9,7098.32,5633.4,0,0,0,0,0,0,0
0,299.1,308.9,1686,29.6,108,9.8,5226.1,3196.8,0,0,0,0,0,0,0
1,302.0,311.2,1400,49.5,20,9.2,7257.08,990.0,0,0,0,0,0,0,0
0,302.0,310.4,1450,46.6,165,8.4,7075.91,7689.0,0,0,0,0,0,0,0
1,299.8,309.3,1470,42.7,119,9.5,6573.15,5081.3,0,0,0,0,0,0,0
0,303.8,312.9,1619,35.7,182,9.1,6052.62,6497.4,0,0,0,0,0,0,0
0,301.2,310.6,1409,50.9,66,9.4,7510.3,3359.4,0,0,0,0,0,0,0
0,298.1,308.0,1697,31.0,164,9.9,5508.99,5084.0,0,0,0,0,0,0,0
2,298.8,309.7,1461,55.1,118,10.9,8430.06,6501.8,0,0,0,0,0,0,0
1,300.8,312.3,1535,40.3,71,11.5,6478.02,2861.3,0,0,0,0,0,0,0
1,301.3,311.0,1641,33.0,145,9.7,5670.89,4785.0,0,0,0,0,0,0,0
1,302.3,310.9,1742,29.7,137,8.6,5417.93,4068.9,0,0,0,0,0,0,0
1,297.4,308.5,1412,45.5,49,11.1,6727.83,2229.5,0,0,0,0,0,0,0
2,298.9,310.1,1324,54.6,185,11.2,7570.23,10101.0,0,0,0,0,0,0,0
1,299.0,310.6,1787,22.2,192,11.6,4154.38,4262.4,0,0,0,0,0,0,0
1,298.0,307.6,1792,26.0,119,9.6,4879.1,3094.0,0,0,0,0,0,0,0
0,300.7,310.2,1642,32.6,26,9.5,5605.56,847.6,0,0,0,0,0,0,0
0,303.3,311.4,1958,21.5,0,8.1,4408.39,0.0,0,0,0,0,0,0,0
0,301.0,310.8,1375,57.2,20,9.8,8236.21,1144.0,0,0,0,0,0,0,0
0,303.7,312.1,1443,45.9,74,8.4,6935.98,3396.6,0,0,0,0,0,0,0
1,300.9,311.9,1480,40.9,28,11.0,6338.9,1145.2,0,0,0,0,0,0,0
1,300.5,311.9,1875,22.1,100,11.4,4339.32,2210.0,0,0,0,0,0,0,0
0,297.2,308.4,1605,30.0,183,11.2,5042.26,5490.0,0,0,0,0,0,0,0
1,298.3,309.6,1531,40.1,81,11.3,6429.07,3248.1,0,0,0,0,0,0,0
0,299.1,308.8,1320,67.5,20,9.7,9330.53,1350.0,0,1,0,0,1,0,0
1,297.7,309.2,1700,27.4,176,11.5,4877.85,4822.4,0,0,0,0,0,0,0
1,301.3,310.8,1509,40.1,25,9.5,6336.69,1002.5,0,0,0,0,0,0,0
0,302.1,310.7,1359,49.3,41,8.6,7016.09,2021.3,0,1,0,1,0,0,0
0,298.2,309.4,1443,45.4,187,11.2,6860.42,8489.8,0,0,0,0,0,0,0
1,302.2,311.4,1538,37.4,37,9.2,6023.61,1383.8,0,0,0,0,0,0,0
0,297.2,308.5,1766,25.8,7,11.3,4771.33,180.6,0,0,0,0,0,0,0
0,300.6,311.8,1539,37.0,187,11.2,5963.06,6919.0,0,0,0,0,0,0,0
1,299.9,309.2,1683,30.5,13,9.3,5375.42,396.5,0,0,0,0,0,0,0
1,302.3,311.0,1450,45.7,175,8.7,6939.25,7997.5,0,0,0,0,0,0,0
0,301.5,310.6,1490,48.1,81,9.1,7505.16,3896.1,0,0,0,0,0,0,0
0,301.4,310.7,1605,34.2,94,9.3,5748.17,3214.8,0,0,0,0,0,0,0
0,298.1,308.0,1456,42.4,59,9.9,6464.81,2501.6,0,0,0,0,0,0,0
1,296.8,307.9,1683,31.8,76,11.1,5604.54,2416.8,0,0,0,0,0,0,0
0,296.6,307.4,1631,35.0,168,10.8,5977.93,5880.0,0,0,0,0,0,0,0
0,300.7,310.8,1519,43.9,55,10.1,6983.14,2414.5,0,0,0,0,0,0,0
1,300.9,310.8,1402,48.1,22,9.9,7061.9,1058.2,0,0,0,0,0,0,0
0,299.6,309.5,1803,27.7,159,9.9,5230.03,4404.3,0,0,0,0,0,0,0
0,299.0,310.4,1365,49.1,226,11.4,7018.48,11096.6,1,1,0,0,0,1,0
0,298.3,308.9,1270,52.7,44,10.6,7008.79,2318.8,0,0,0,0,0,0,0
0,303.8,313.1,1309,55.8,193,9.3,7648.96,10769.4,0,0,0,0,0,0,0
1,303.8,312.6,1768,23.9,149,8.8,4424.95,3561.1,0,0,0,0,0,0,0
0,301.5,310.4,1918,21.8,9,8.9,4378.58,196.2,0,0,0,0,0,0,0
0,299.8,310.4,1694,30.3,204,10.6,5375.08,6181.2,1,0,0,0,0,0,0
1,300.5,309.9,1780,26.5,101,9.4,4939.63,2676.5,0,0,0,0,0,0,0
1,297.6,308.7,1376,59.9,74,11.1,8631.25,4432.6,0,0,0,0,0,0,0
0,303.5,311.7,1959,22.3,157,8.2,4574.76,3501.1,0,0,0,0,0,0,0
0,298.1,307.9,2161,17.5,5,9.8,3960.24,87.5,0,0,0,0,0,0,0
0,296.2,307.2,1445,41.8,20,11.0,6325.18,836.0,0,0,0,0,0,0,0
0,298.3,310.0,1460,47.6,101,11.7,7277.6,4807.6,0,0,0,0,0,0,0
0,300.2,311.4,1891,22.6,86,11.2,4475.37,1943.6,0,0,0,0,0,0,0
0,298.3,308.1,1672,41.3,0,9.8,7231.28,0.0,0,0,0,0,0,0,0
0,297.5,308.5,1306,50.7,38,11.0,6933.93,1926.6,0,0,0,0,0,0,0
0,296.3,307.3,1439,41.5,208,11.0,6253.71,8632.0,1,0,0,0,0,0,0
1,297.5,309.5,1448,43.7,46,12.0,6626.41,2010.2,0,0,0,0,0,0,0
0,297.8,309.0,1340,56.9,6,11.2,7984.46,341.4,0,0,0,0,0,0,0
1,298.3,309.2,1359,51.4,21,10.9,7314.95,1079.4,0,0,0,0,0,0,0
0,297.7,307.2,1518,35.8,195,9.5,5690.93,6981.0,0,0,0,0,0,0,0
1,304.3,313.5,2245,15.1,172,9.2,3549.95,2597.2,0,0,0,0,0,0,0
0,298.8,308.5,1395,44.4,33,9.7,6486.13,1465.2,0,0,0,0,0,0,0
0,298.6,309.9,1630,30.6,2,11.3,5223.21,61.2,0,0,0,0,0,0,0
2,298.8,309.9,1526,42.1,30,11.1,6727.68,1263.0,0,0,0,0,0,0,0
0,300.8,311.8,1417,43.4,223,11.0,6440.03,9678.2,1,0,0,0,0,0,0
2,298.4,308.5,1398,47.1,122,10.1,6895.36,5746.2,0,0,0,0,0,0,0
0,301.9,310.3,1972,21.3,67,8.4,4398.61,1427.1,0,0,0,0,0,0,0
1,298.2,309.0,1413,47.9,97,10.8,7087.72,4646.3,0,0,0,0,0,0,0
1,297.3,308.1,1370,58.8,199,10.8,8435.8,11701.2,0,0,0,0,0,0,0
2,298.1,308.4,1515,43.8,6,10.3,6948.89,262.8,0,0,0,0,0,0,0
1,296.2,307.0,1516,37.6,25,10.8,5969.19,940.0,0,0,0,0,0,0,0
1,300.6,310.0,1486,41.2,127,9.4,6411.28,5232.4,0,0,0,0,0,0,0
0,300.4,311.5,1441,44.6,96,11.1,6730.19,4281.6,0,0,0,0,0,0,0
0,301.1,311.1,1470,40.9,125,10.0,6296.07,5112.5,0,0,0,0,0,0,0
0,298.1,307.7,1495,48.1,111,9.6,7530.35,5339.1,0,0,0,0,0,0,0
2,298.2,308.7,1520,35.7,40,10.5,5682.51,1428.0,0,0,0,0,0,0,0
0,300.3,311.5,1446,45.0,82,11.2,6814.11,3690.0,0,0,0,0,0,0,0
0,295.8,306.5,1493,40.5,90,10.7,6332.04,3645.0,0,0,0,0,0,0,0
0,300.7,310.8,1814,21.4,59,10.1,4065.18,1262.6,0,0,0,0,0,0,0
0,298.1,309.2,1802,26.9,83,11.1,5076.16,2232.7,0,0,0,0,0,0,0
0,300.8,311.2,1430,54.4,85,10.4,8146.36,4624.0,0,0,0,0,0,0,0
0,299.7,309.6,1720,27.1,146,9.9,4881.2,3956.6,0,0,0,0,0,0,0
1,300.9,311.2,1472,40.0,93,10.3,6165.9,3720.0,0,0,0,0,0,0,0
0,298.1,308.4,1438,45.6,105,10.3,6866.77,4788.0,0,0,0,0,0,0,0
0,301.5,310.5,1389,54.9,187,9.0,7985.52,10266.3,0,0,0,0,0,0,0
0,300.5,311.6,1541,47.8,156,11.1,7713.64,7456.8,0,0,0,0,0,0,0
0,296.2,307.1,1413,53.4,203,10.9,7901.55,10840.2,1,0,0,0,0,0,0
0,302.3,310.9,1620,30.3,112,8.6,5140.27,3393.6,0,0,0,0,0,0,0
0,300.9,310.7,1389,50.0,214,9.8,7272.79,10700.0,1,0,0,0,0,0,0
0,301.9,311.0,1376,44.9,186,9.1,6469.84,8351.4,0,0,0,0,0,0,0
0,296.5,307.2,1481,38.2,160,10.7,5924.44,6112.0,0,0,0,0,0,0,0
0,302.0,310.9,1546,34.4,7,8.9,5569.25,240.8,0,0,0,0,0,0,0
1,298.3,308.4,1444,47.5,178,10.1,7182.73,8455.0,0,0,0,0,0,0,0
1,298.1,310.0,1393,43.1,65,11.9,6287.2,2801.5,0,0,0,0,0,0,0
1,303.6,312.1,1627,32.5,7,8.5,5537.32,227.5,0,0,0,0,0,0,0
1,300.5,310.4,1548,37.3,65,9.9,6046.56,2424.5,0,0,0,0,0,0,0
1,297.3,308.3,1341,51.9,51,11.0,7288.28,2646.9,0,0,0,0,0,0,0
0,300.4,311.6,1674,33.0,172,11.2,5784.93,5676.0,0,0,0,0,0,0,0
0,300.8,310.5,1482,39.0,47,9.7,6052.59,1833.0,0,0,0,0,0,0,0
0,302.0,310.6,1366,47.7,206,8.6,6823.35,9826.2,1,0,0,0,0,0,0
0,298.9,308.7,1558,41.2,110,9.8,6721.92,4532.0,0,0,0,0,0,0,0
2,303.7,312.7,1564,40.2,150,9.0,6584.02,6030.0,0,0,0,0,0,0,0
2,300.3,309.9,1394,46.7,210,9.6,6817.24,9807.0,1,1,1,0,0,0,0
0,298.2,308.1,1618,34.7,39,9.9,5879.45,1353.3,0,0,0,0,0,0,0
0,300.1,309.3,1841,23.0,125,9.2,4434.15,2875.0,0,0,0,0,0,0,0
0,300.7,310.8,1689,28.9,100,10.1,5111.59,2890.0,0,0,0,0,0,0,0
2,300.5,309.4,1360,46.2,93,8.9,6579.75,4296.6,0,0,0,0,0,0,0
0,300.4,311.1,2013,20.1,195,10.7,4237.1,3919.5,0,0,0,0,0,0,0
0,300.8,310.7,1589,34.3,144,9.9,5707.51,4939.2,0,0,0,0,0,0,0
2,301.8,309.9,1418,51.3,116,8.1,7617.67,5950.8,0,0,0,0,0,0,0
1,298.8,310.3,1528,37.1,99,11.5,5936.44,3672.9,0,0,0,0,0,0,0
1,300.0,309.6,1477,38.1,13,9.6,5892.97,495.3,0,0,0,0,0,0,0
0,300.1,311.5,1434,40.8,80,11.4,6126.86,3264.0,0,0,0,0,0,0,0
0,295.8,306.4,1399,47.6,84,10.6,6973.54,3998.4,0,0,0,0,0,0,0
0,303.1,312.6,1514,42.1,138,9.5,6674.77,5809.8,0,0,0,0,0,0,0
1,301.0,311.2,1521,35.8,13,10.2,5702.18,465.4,0,0,0,0,0,0,0
1,300.8,311.3,1465,43.2,113,10.5,6627.5,4881.6,0,0,0,0,0,0,0
0,303.7,312.6,1466,42.5,183,8.9,6524.56,7777.5,0,0,0,0,0,0,0
0,302.1,311.3,1634,30.6,50,9.2,5236.03,1530.0,0,0,0,0,0,0,0
2,298.5,309.4,1671,31.8,108,10.9,5564.58,3434.4,0,0,0,0,0,0,0
0,298.6,308.4,1559,36.6,188,9.8,5975.25,6880.8,0,0,0,0,0,0,0
0,300.2,310.6,1431,42.3,113,10.4,6338.82,4779.9,0,0,0,0,0,0,0
0,303.7,313.0,1753,29.0,42,9.3,5323.64,1218.0,0,0,0,0,0,0,0
1,298.9,308.2,1411,51.3,43,9.3,7580.07,2205.9,0,0,0,0,0,0,0
0,299.7,310.9,1384,48.2,188,11.2,6985.73,9061.6,0,0,0,0,0,0,0
0,298.3,309.2,1383,52.1,26,10.9,7545.51,1354.6,0,0,0,0,0,0,0
1,300.5,311.9,1511,44.5,30,11.4,7041.3,1335.0,0,0,0,0,0,0,0
1,300.8,312.0,1443,53.3,151,11.2,8054.2,8048.3,0,0,0,0,0,0,0
0,300.3,311.0,1613,34.7,142,10.7,5861.28,4927.4,0,0,0,0,0,0,0
0,299.7,310.2,1469,39.5,26,10.5,6076.42,1027.0,0,0,0,0,0,0,0
1,301.0,310.9,1510,44.5,66,9.9,7036.64,2937.0,0,0,0,0,0,0,0
0,297.5,308.5,1335,48.0,131,11.0,6710.44,6288.0,0,0,0,0,0,0,0
1,303.6,313.0,1396,38.2,117,9.4,5584.41,4469.4,0,0,0,0,0,0,0
0,300.5,311.9,1383,50.5,35,11.4,7313.78,1767.5,0,0,0,0,0,0,0
0,299.4,309.2,1489,42.3,114,9.8,6595.74,4822.2,0,0,0,0,0,0,0
2,302.1,310.9,1452,42.5,198,8.8,6462.26,8415.0,0,0,0,0,0,0,0
0,296.2,307.0,1414,48.3,162,10.8,7151.96,7824.6,0,0,0,0,0,0,0
0,298.8,308.5,1444,42.2,83,9.7,6381.29,3502.6,0,0,0,0,0,0,0
0,298.4,308.6,1491,42.0,120,10.2,6557.76,5040.0,0,0,0,0,0,0,0
0,300.1,309.2,1783,27.3,118,9.1,5097.33,3221.4,0,0,0,0,0,0,0
0,300.1,309.7,1680,33.8,140,9.6,5946.41,4732.0,0,0,0,0,0,0,0
0,302.8,312.6,1462,39.4,22,9.8,6032.15,866.8,0,0,0,0,0,0,0
0,302.4,311.8,1727,26.5,213,9.4,4792.55,5644.5,1,0,0,0,0,0,0
1,301.7,310.8,1502,34.4,157,9.1,5410.74,5400.8,0,0,0,0,0,0,0
0,302.0,311.0,1686,32.5,25,9.0,5738.12,812.5,0,0,0,0,0,0,0
0,300.8,311.8,1323,61.1,178,11.0,8465.05,10875.8,0,0,0,0,0,0,0
0,301.7,311.0,1546,43.0,23,9.3,6961.56,989.0,0,0,0,0,0,0,0
0,300.9,310.9,1615,32.0,183,10.0,5411.92,5856.0,0,0,0,0,0,0,0
0,300.3,309.2,1572,32.0,173,8.9,5267.82,5536.0,0,0,0,0,0,0,0
0,303.1,311.2,1399,49.2,111,8.1,7207.94,5461.2,0,0,0,0,0,0,0
0,298.6,308.2,1325,54.0,41,9.6,7492.7,2214.0,0,0,0,0,0,0,0
2,298.4,307.9,1605,31.0,18,9.5,5210.33,558.0,0,0,0,0,0,0,0
0,299.2,308.5,1366,49.7,74,9.3,7109.45,3677.8,0,0,0,0,0,0,0
0,299.0,310.1,1447,42.8,104,11.1,6485.46,4451.2,0,0,0,0,0,0,0
0,301.9,311.0,1356,45.7,119,9.1,6489.4,5438.3,0,0,0,0,0,0,0
0,301.0,311.2,1467,45.4,36,10.2,6974.52,1634.4,0,0,0,0,0,0,0
2,297.3,307.9,1461,37.5,161,10.6,5737.33,6037.5,0,0,0,0,0,0,0
0,299.4,308.7,1681,30.8,171,9.3,5421.84,5266.8,0,0,0,0,0,0,0
1,298.9,310.1,1484,37.9,73,11.2,5889.82,2766.7,0,0,0,0,0,0,0
1,302.7,310.6,1349,51.2,6,7.9,7232.87,307.2,0,1,0,1,0,0,0
1,300.4,311.7,1398,42.6,176,11.3,6236.56,7497.6,0,0,0,0,0,0,0
0,303.6,312.6,1540,39.8,21,9.0,6418.48,835.8,0,0,0,0,0,0,0
0,301.3,310.3,1555,41.2,131,9.0,6708.98,5397.2,0,0,0,0,0,0,0
0,300.5,309.9,1382,46.5,134,9.4,6729.61,6231.0,0,0,0,0,0,0,0
1,297.5,307.9,1544,37.9,136,10.4,6127.95,5154.4,0,0,0,0,0,0,0
0,300.6,309.9,1480,43.7,153,9.3,6772.85,6686.1,0,0,0,0,0,0,0
1,302.7,311.6,1501,38.8,171,8.9,6098.75,6634.8,0,0,0,0,0,0,0
1,303.5,312.9,1438,42.8,106,9.4,6445.12,4536.8,0,0,0,0,0,0,0
0,302.8,312.4,1529,36.8,237,9.6,5892.29,8721.6,1,0,0,0,0,0,0
2,296.8,308.0,1311,58.6,19,11.2,8045.05,1113.4,0,0,0,0,0,0,0
0,297.5,308.5,1448,54.3,83,11.0,8233.74,4506.9,0,0,0,0,0,0,0
2,302.2,311.6,1357,44.2,142,9.4,6281.03,6276.4,0,0,0,0,0,0,0
0,303.5,312.0,1441,56.8,88,8.5,8571.19,4998.4,0,0,0,0,0,0,0
1,297.8,307.2,1456,39.6,199,9.4,6037.89,7880.4,0,0,0,0,0,0,0
0,302.1,311.0,1740,30.8,182,8.9,5612.14,5605.6,0,0,0,0,0,0,0
1,299.6,309.0,1245,64.0,120,9.4,8344.07,7680.0,0,0,0,0,0,0,0
0,297.9,308.1,1393,50.3,193,10.2,7337.49,9707.9,0,0,0,0,0,0,0
0,303.5,312.1,1522,36.4,107,8.6,5801.56,3894.8,0,0,0,0,0,0,0
1,296.9,307.9,2010,18.9,86,11.0,3978.2,1625.4,0,0,0,0,0,0,0
0,302.3,310.8,1650,32.4,26,8.5,5598.32,842.4,0,0,0,0,0,0,0
0,301.3,310.7,1504,47.2,74,9.4,7433.93,3492.8,0,0,0,0,0,0,0
0,297.6,308.6,1351,51.0,37,11.0,7215.3,1887.0,0,0,0,0,0,0,0
0,303.8,313.0,1452,38.6,72,9.2,5869.25,2779.2,0,0,0,0,0,0,0
0,295.7,306.2,1458,40.6,103,10.5,6198.86,4181.8,0,0,0,0,0,0,0
1,301.1,311.6,1266,55.5,210,10.5,7357.92,11655.0,1,0,0,0,0,0,0
0,300.5,309.8,1305,51.7,202,9.3,7065.28,10443.4,1,0,0,0,0,0,0
1,300.7,309.5,1393,43.9,81,8.8,6403.9,3555.9,0,0,0,0,0,0,0
1,298.4,308.2,1610,35.0,24,9.8,5900.96,840.0,0,0,0,0,0,0,0
0,297.9,308.6,1468,36.0,168,10.7,5534.23,6048.0,0,0,0,0,0,0,0
0,297.9,308.0,1501,36.7,4,10.1,5768.67,146.8,0,0,0,0,0,0,0
1,299.8,311.1,1562,35.7,170,11.3,5839.53,6069.0,0,0,0,0,0,0,0
0,304.1,313.2,1569,35.8,146,9.1,5882.13,5226.8,0,0,0,0,0,0,0
1,297.4,308.4,1564,35.0,105,11.0,5732.36,3675.0,0,0,0,0,0,0,0
0,298.0,307.7,1422,45.6,140,9.7,6790.36,6384.0,0,0,0,0,0,0,0
1,298.1,307.7,1498,38.3,81,9.6,6008.13,3102.3,0,0,0,0,0,0,0
0,298.0,307.8,1623,29.9,24,9.8,5081.81,717.6,0,0,0,0,0,0,0
1,303.9,313.2,1422,48.0,215,9.3,7147.75,10320.0,1,1,1,0,0,0,0
0,301.6,310.4,1517,41.1,167,8.8,6529.14,6863.7,0,0,0,0,0,0,0
1,299.0,310.2,1298,57.2,10,11.2,7774.98,572.0,0,0,0,0,0,0,0
0,300.3,311.4,1343,57.7,142,11.1,8114.85,8193.4,0,0,0,0,0,0,0
0,297.3,308.4,1441,43.4,14,11.1,6549.11,607.6,0,0,0,0,0,0,0
1,299.5,310.1,1659,31.5,44,10.6,5472.5,1386.0,0,0,0,0,0,0,0
1,300.1,309.4,1349,56.2,127,9.3,7939.2,7137.4,0,0,0,0,0,0,0
2,302.8,312.3,1483,47.2,223,9.5,7330.13,10525.6,1,0,0,0,0,0,0
0,298.0,308.1,1777,24.3,200,10.1,4521.91,4860.0,1,0,0,0,0,0,0
0,302.7,312.3,1421,48.5,0,9.6,7217.13,0.0,0,0,0,0,0,0,0
0,298.8,309.7,1225,63.4,37,10.9,8133.06,2345.8,0,0,0,0,0,0,0
1,302.9,311.0,1556,36.5,44,8.1,5947.45,1606.0,0,0,0,0,0,0,0
1,298.7,310.1,1549,42.5,61,11.4,6893.96,2592.5,0,0,0,0,0,0,0
2,300.2,309.3,1506,35.6,63,9.1,5614.4,2242.8,0,0,0,0,0,0,0
0,300.4,309.7,1534,42.5,127,9.3,6827.2,5397.5,0,0,0,0,0,0,0
1,297.4,307.9,1627,34.3,166,10.5,5844.0,5693.8,0,0,0,0,0,0,0
0,295.6,306.2,1446,49.9,133,10.6,7556.1,6636.7,0,0,0,0,0,0,0
1,297.3,308.2,1452,38.2,44,10.9,5808.43,1680.8,0,0,0,0,0,0,0
0,303.0,311.2,1361,47.6,106,8.2,6784.12,5045.6,0,1,0,1,0,0,0
2,297.4,308.7,1623,33.8,127,11.3,5744.65,4292.6,0,0,0,0,0,0,0
2,301.5,310.7,1394,46.7,130,9.2,6817.24,6071.0,0,0,0,0,0,0,0
0,301.4,310.7,1989,21.8,19,9.3,4540.67,414.2,0,0,0,0,0,0,0
2,300.6,310.4,1479,35.6,150,9.8,5513.75,5340.0,0,0,0,0,0,0,0
0,301.6,310.8,1355,57.8,195,9.2,8201.55,11271.0,0,1,0,0,0,1,0
0,298.4,307.9,2381,14.2,164,9.5,3540.6,2328.8,0,0,0,0,0,0,0
0,300.0,309.5,1675,30.2,11,9.5,5297.25,332.2,0,0,0,0,0,0,0
2,298.1,309.5,1530,40.2,65,11.4,6440.89,2613.0,0,0,0,0,0,0,0
1,303.5,312.7,2116,16.7,45,9.2,3700.5,751.5,0,0,0,0,0,0,0
2,296.8,308.0,1453,51.0,24,11.2,7760.05,1224.0,0,0,0,0,0,0,0
1,298.2,309.1,1651,28.8,186,10.9,4979.3,5356.8,0,0,0,0,0,0,0
0,303.7,312.3,1606,37.4,103,8.6,6289.93,3852.2,0,0,0,0,0,0,0
2,298.0,307.8,1314,47.8,19,9.8,6577.36,908.2,0,0,0,0,0,0,0
0,297.4,308.3,1548,46.6,7,10.9,7554.15,326.2,0,0,0,0,0,0,0
2,297.8,308.9,1650,32.2,195,11.1,5563.76,6279.0,0,0,0,0,0,0,0
0,298.5,308.1,1564,31.1,34,9.6,5093.61,1057.4,0,0,0,0,0,0,0
2,301.0,311.0,1640,37.6,118,10.0,6457.44,4436.8,0,0,0,0,0,0,0
0,301.1,310.5,1532,37.5,119,9.4,6016.15,4462.5,0,0,0,0,0,0,0
0,299.8,311.1,1466,46.1,58,11.3,7077.23,2673.8,0,0,0,0,0,0,0
0,302.4,310.2,1503,36.2,166,7.8,5697.66,6009.2,0,0,0,0,0,0,0
0,299.7,309.2,1645,30.8,137,9.5,5305.73,4219.6,0,0,0,0,0,0,0
1,301.0,310.9,1359,53.4,180,9.9,7599.58,9612.0,0,0,0,0,0,0,0
0,298.9,308.6,1481,40.7,124,9.7,6312.16,5046.8,0,0,0,0,0,0,0
0,296.3,307.2,1291,58.6,29,10.9,7922.32,1699.4,0,0,0,0,0,0,0
0,304.1,313.6,1611,31.4,144,9.5,5297.29,4521.6,0,0,0,0,0,0,0
0,299.2,308.8,1542,39.2,179,9.6,6329.93,7016.8,0,0,0,0,0,0,0
2,299.0,310.5,1336,56.8,136,11.5,7946.64,7724.8,0,0,0,0,0,0,0
0,300.7,311.1,1426,46.2,97,10.4,6899.06,4481.4,0,0,0,0,0,0,0
1,297.5,308.6,1429,50.5,129,11.1,7557.05,6514.5,0,0,0,0,0,0,0
0,300.4,309.7,1314,50.2,179,9.3,6907.61,8985.8,0,0,0,0,0,0,0
0,298.8,309.8,1895,22.0,134,11.0,4365.77,2948.0,0,0,0,0,0,0,0
1,300.2,311.7,1597,39.5,68,11.5,6605.88,2686.0,0,0,0,0,0,0,0
1,301.4,311.0,1427,43.2,13,9.6,6455.6,561.6,0,0,0,0,0,0,0
1,298.0,308.2,1466,42.6,2,10.2,6539.92,85.2,0,0,0,0,0,0,0
0,302.4,311.8,1320,56.4,100,9.4,7796.18,5640.0,0,0,0,0,0,0,0
1,302.7,310.5,1880,22.7,207,7.8,4469.02,4698.9,1,0,0,0,0,0,0
1,299.9,309.2,1574,36.5,177,9.3,6016.25,6460.5,0,0,0,0,0,0,0
1,301.8,311.1,1647,31.6,6,9.3,5450.16,189.6,0,0,0,0,0,0,0
0,298.5,309.4,1360,60.9,187,10.9,8673.31,11388.3,0,1,0,0,0,1,0
0,298.2,308.9,1332,44.4,100,10.7,6193.21,4440.0,0,0,0,0,0,0,0
2,300.5,311.6,1351,53.5,78,11.1,7568.99,4173.0,0,0,0,0,0,0,0
2,298.6,309.5,1523,34.2,119,10.9,5454.5,4069.8,0,0,0,0,0,0,0
0,302.3,311.4,1511,34.7,75,9.1,5490.63,2602.5,0,0,0,0,0,0,0
2,297.7,308.9,1479,40.9,87,11.2,6334.61,3558.3,0,0,0,0,0,0,0
1,300.5,309.8,1566,35.9,204,9.3,5887.28,7323.6,1,0,0,0,0,0,0
0,301.7,310.9,1705,31.2,146,9.2,5570.67,4555.2,0,0,0,0,0,0,0
0,297.6,308.6,1553,40.5,135,11.0,6586.51,5467.5,0,0,0,0,0,0,0
0,299.8,309.4,1475,43.4,51,9.6,6703.64,2213.4,0,0,0,0,0,0,0
0,301.4,310.7,1673,27.8,181,9.3,4870.45,5031.8,0,0,0,0,0,0,0
0,299.1,308.2,1409,46.4,12,9.1,6846.33,556.8,0,0,0,0,0,0,0
0,299.7,310.6,1675,31.3,129,10.9,5490.19,4037.7,0,0,0,0,0,0,0
0,302.0,310.0,1664,28.6,190,8.0,4983.66,5434.0,0,0,0,0,0,0,0
0,299.0,310.3,1507,36.7,173,11.3,5791.73,6349.1,0,0,0,0,0,0,0
1,297.5,308.7,1363,53.6,194,11.2,7650.49,10398.4,0,0,0,0,0,0,0
0,300.7,310.6,1491,43.2,187,9.9,6745.13,8078.4,0,0,0,0,0,0,0
1,296.7,307.8,1286,60.5,0,11.1,8147.51,0.0,0,0,0,0,0,0,0
0,296.6,307.4,1436,42.8,156,10.8,6436.16,6676.8,0,0,0,0,0,0,0
0,297.4,308.6,1635,30.5,159,11.2,5222.11,4849.5,0,0,0,0,0,0,0
0,302.6,311.6,1953,22.4,180,9.0,4581.2,4032.0,0,0,0,0,0,0,0
0,298.5,308.8,1305,58.7,26,10.3,8021.9,1526.2,0,0,0,0,0,0,0
0,296.2,306.8,1655,31.1,136,10.6,5389.98,4229.6,0,0,0,0,0,0,0
0,298.8,309.8,1508,36.3,69,11.0,5732.4,2504.7,0,0,0,0,0,0,0
1,302.1,310.0,1355,45.1,6,7.9,6399.48,270.6,0,1,0,1,0,0,0
1,298.1,309.1,1448,52.5,150,11.0,7960.8,7875.0,0,0,0,0,0,0,0
0,299.4,310.6,1348,54.5,22,11.2,7693.34,1199.0,0,0,0,0,0,0,0
0,301.3,310.3,1400,44.3,47,9.0,6494.72,2082.1,0,0,0,0,0,0,0
1,303.1,311.2,1489,44.5,27,8.1,6938.78,1201.5,0,0,0,0,0,0,0
1,300.1,311.1,1616,35.2,183,11.0,5956.79,6441.6,0,0,0,0,0,0,0
1,297.4,308.2,1536,34.6,4,10.8,5565.39,138.4,0,0,0,0,0,0,0
0,297.2,308.1,1446,38.5,164,10.9,5829.85,6314.0,0,0,0,0,0,0,0
1,297.4,309.3,1499,36.8,88,11.9,5776.68,3238.4,0,0,0,0,0,0,0
0,301.7,311.0,1343,49.2,25,9.3,6919.42,1230.0,0,0,0,0,0,0,0
1,302.5,312.0,1591,29.4,192,9.5,4898.31,5644.8,0,0,0,0,0,0,0
1,298.5,308.2,1564,37.5,15,9.7,6141.81,562.5,0,0,0,0,0,0,0
0,299.2,310.7,1535,42.6,17,11.5,6847.73,724.2,0,0,0,0,0,0,0
2,300.6,311.9,1604,30.5,45,11.3,5123.1,1372.5,0,0,0,0,0,0,0
1,297.2,308.3,1604,39.4,9,11.1,6618.04,354.6,0,0,0,0,0,0,0
0,300.2,311.6,1446,47.3,66,11.4,7162.39,3121.8,0,0,0,0,0,0,0
0,300.6,310.1,1656,32.7,44,9.5,5670.7,1438.8,0,0,0,0,0,0,0
1,300.1,310.5,1329,57.4,99,10.4,7988.5,5682.6,0,0,0,0,0,0,0
0,303.8,312.7,1596,36.6,134,8.9,6117.06,4904.4,0,0,0,0,0,0,0
0,299.2,308.4,1445,43.5,224,9.2,6582.42,9744.0,1,0,0,0,0,0,0
0,302.4,310.1,1709,31.8,100,7.7,5691.12,3180.0,0,0,0,0,0,0,0
0,302.6,312.2,1695,27.1,32,9.6,4810.25,867.2,0,0,0,0,0,0,0
1,301.7,310.8,1524,41.3,147,9.1,6591.19,6071.1,0,0,0,0,0,0,0
0,298.9,308.7,1572,34.1,80,9.8,5613.52,2728.0,0,0,0,0,0,0,0
0,298.5,308.3,1458,44.0,44,9.8,6717.98,1936.0,0,0,0,0,0,0,0
0,300.5,309.7,1589,30.5,198,9.2,5075.19,6039.0,0,0,0,0,0,0,0
1,302.0,309.7,1386,62.7,142,7.7,9100.38,8903.4,0,1,0,0,1,0,0
2,298.4,309.4,1512,35.3,51,11.0,5589.27,1800.3,0,0,0,0,0,0,0
1,298.2,308.0,1591,33.7,32,9.8,5614.73,1078.4,0,0,0,0,0,0,0
0,302.1,311.4,1889,22.7,194,9.3,4490.41,4403.8,0,0,0,0,0,0,0
2,298.3,309.6,1546,36.2,177,11.3,5860.66,6407.4,0,0,0,0,0,0,0
1,301.2,310.6,1576,39.6,109,9.4,6535.52,4316.4,0,0,0,0,0,0,0
0,299.3,308.5,1485,44.7,78,9.2,6951.24,3486.6,0,0,0,0,0,0,0
2,296.9,307.7,1656,30.8,181,10.8,5341.21,5574.8,0,0,0,0,0,0,0
0,296.7,308.0,1535,36.8,210,11.3,5915.41,7728.0,1,0,0,0,0,0,0
0,304.1,313.3,1415,50.0,184,9.2,7408.92,9200.0,0,0,0,0,0,0,0
2,299.8,309.5,1420,46.7,136,9.7,6944.39,6351.2,0,0,0,0,0,0,0
0,302.7,310.5,1520,39.3,73,7.8,6255.54,2868.9,0,0,0,0,0,0,0
0,300.4,311.8,2261,14.9,5,11.4,3527.89,74.5,0,0,0,0,0,0,0
0,296.7,307.8,1382,47.5,37,11.1,6874.33,1757.5,0,0,0,0,0,0,0
0,297.9,309.1,1543,36.6,20,11.2,5913.92,732.0,0,0,0,0,0,0,0
1,297.1,308.1,1823,24.3,219,11.0,4638.97,5321.7,1,0,0,0,0,0,0
0,302.6,310.5,1461,45.4,0,7.9,6946.0,0.0,0,0,0,0,0,0,0
0,297.1,308.4,1543,39.6,205,11.3,6398.67,8118.0,1,0,0,0,0,0,0
0,297.8,309.8,1533,36.8,198,12.0,5907.7,7286.4,0,0,0,0,0,0,0
0,301.4,310.6,1648,30.7,90,9.2,5298.15,2763.0,0,0,0,0,0,0,0
0,299.8,310.0,1697,36.0,175,10.2,6397.54,6300.0,0,0,0,0,0,0,0
0,301.1,311.1,1889,23.8,170,10.0,4708.01,4046.0,0,0,0,0,0,0,0
0,303.9,313.2,1540,44.4,119,9.3,7160.32,5283.6,0,0,0,0,0,0,0
2,299.9,309.2,1525,33.2,0,9.3,5301.96,0.0,0,0,0,0,0,0,0
1,300.5,311.3,1507,43.4,41,10.8,6849.07,1779.4,0,0,0,0,0,0,0
0,297.0,308.3,1492,48.1,137,11.3,7515.23,6589.7,0,0,0,0,0,0,0
0,297.1,308.4,1422,42.1,148,11.3,6269.17,6230.8,0,0,0,0,0,0,0
0,299.4,308.7,1553,42.7,128,9.3,6944.29,5465.6,0,0,0,0,0,0,0
1,300.1,309.2,1732,33.7,218,9.1,6112.32,7346.6,1,0,0,0,0,0,0
1,300.3,309.5,1320,62.2,142,9.2,8597.91,8832.4,0,0,0,0,0,0,0
1,301.0,311.2,1394,41.3,16,10.2,6028.95,660.8,0,0,0,0,0,0,0
0,298.2,308.3,1230,59.6,162,10.1,7676.8,9655.2,0,0,0,0,0,0,0
0,298.1,309.0,1787,27.6,47,10.9,5164.9,1297.2,0,0,0,0,0,0,0
0,301.4,310.8,1680,31.4,185,9.4,5524.18,5809.0,0,0,0,0,0,0,0
2,300.5,310.6,1378,51.5,166,10.1,7431.65,8549.0,0,0,0,0,0,0,0
0,297.2,308.6,1917,24.1,54,11.4,4838.02,1301.4,0,0,0,0,0,0,0
1,302.1,311.4,1419,36.2,47,9.3,5379.22,1701.4,0,0,0,0,0,0,0
1,298.9,310.1,1513,41.5,80,11.2,6575.3,3320.0,0,0,0,0,0,0,0
0,297.6,309.5,1373,50.6,55,11.9,7275.28,2783.0,0,0,0,0,0,0,0
1,298.1,307.7,1435,40.9,147,9.6,6146.16,6012.3,0,0,0,0,0,0,0
1,300.5,309.3,1539,39.1,216,8.8,6301.5,8445.6,1,0,0,0,0,0,0
0,299.8,309.5,1476,44.4,14,9.7,6862.75,621.6,0,0,0,0,0,0,0
1,300.5,311.4,2072,18.8,75,10.9,4079.21,1410.0,0,0,0,0,0,0,0
0,297.7,308.8,1354,50.2,103,11.1,7117.89,5170.6,0,0,0,0,0,0,0
0,298.0,307.5,1792,27.9,217,9.5,5235.65,6054.3,1,0,0,0,0,0,0
1,299.4,308.6,1455,42.7,183,9.2,6506.08,7814.1,0,0,0,0,0,0,0
1,300.9,310.8,1695,30.2,188,9.9,5360.5,5677.6,0,0,0,0,0,0,0
1,296.1,306.9,1951,23.3,38,10.8,4760.38,885.4,0,0,0,0,0,0,0
0,297.2,307.9,1469,48.2,144,10.7,7414.77,6940.8,0,0,0,0,0,0,0
2,302.6,310.2,1873,21.3,87,7.6,4177.78,1853.1,0,0,0,0,0,0,0
2,302.6,311.7,1471,48.3,25,9.1,7440.27,1207.5,0,0,0,0,0,0,0
0,300.2,309.2,1430,43.4,24,9.0,6499.12,1041.6,0,0,0,0,0,0,0
0,300.8,312.6,1422,50.0,117,11.8,7445.57,5850.0,0,0,0,0,0,0,0
2,296.9,307.8,1549,35.8,206,10.9,5807.15,7374.8,1,1,1,0,0,0,0
1,296.7,307.4,1540,38.7,45,10.7,6241.09,1741.5,0,0,0,0,0,0,0
0,299.6,309.5,1570,35.5,189,9.9,5836.56,6709.5,0,0,0,0,0,0,1
0,300.2,311.8,1379,51.0,46,11.6,7364.84,2346.0,0,0,0,0,0,0,0
0,299.0,308.8,1495,38.4,75,9.8,6011.75,2880.0,0,0,0,0,0,0,0
1,298.0,307.9,1750,26.6,67,9.9,4874.7,1782.2,0,0,0,0,0,0,0
0,300.4,309.6,1536,34.5,154,9.2,5549.31,5313.0,0,0,0,0,0,0,0
1,301.6,310.9,1575,40.1,139,9.3,6613.84,5573.9,0,0,0,0,0,0,0
0,301.3,310.5,1406,47.1,83,9.2,6934.81,3909.3,0,0,0,0,0,0,0
0,298.6,309.2,1542,48.4,42,10.6,7815.53,2032.8,0,0,0,0,0,0,0
0,298.2,309.0,1377,57.8,8,10.8,8334.71,462.4,0,0,0,0,0,0,0
1,298.5,308.0,1713,25.8,154,9.5,4628.13,3973.2,0,0,0,0,0,0,0
0,297.3,308.0,1420,46.5,73,10.7,6914.65,3394.5,0,0,0,0,0,0,0
0,303.9,313.1,1639,29.0,95,9.2,4977.43,2755.0,0,0,0,0,0,0,0
0,298.3,308.3,1597,32.4,69,10.0,5418.49,2235.6,0,0,0,0,0,0,0
0,302.3,311.8,1369,56.2,208,9.5,8056.91,11689.6,1,1,0,0,0,1,0
2,302.6,310.4,1409,53.3,52,7.8,7864.42,2771.6,0,0,0,0,0,0,0
0,296.9,308.0,1343,44.5,15,11.1,6258.42,667.5,0,0,0,0,0,0,0
0,295.6,306.2,1569,35.1,140,10.6,5767.12,4914.0,0,0,0,0,0,0,0
1,299.3,309.1,1385,45.6,34,9.8,6613.68,1550.4,0,0,0,0,0,0,0
0,300.1,311.4,1446,40.6,147,11.3,6147.85,5968.2,0,0,0,0,0,0,0
0,299.6,310.6,1642,35.1,149,11.0,6035.44,5229.9,0,0,0,0,0,0,0
0,300.8,310.4,1570,35.2,23,9.6,5787.23,809.6,0,0,0,0,0,0,0
1,303.0,312.4,1645,29.6,129,9.4,5099.01,3818.4,0,0,0,0,0,0,0
0,300.8,309.7,1461,44.3,158,8.9,6777.7,6999.4,0,0,0,0,0,0,0
1,300.9,310.8,1988,19.7,136,9.9,4101.2,2679.2,0,0,0,0,0,0,0
0,297.0,307.7,1867,22.8,118,10.7,4457.67,2690.4,0,0,0,0,0,0,0
0,300.4,309.5,1349,50.4,30,9.1,7119.85,1512.0,0,0,0,0,0,0,0
0,298.7,310.1,1401,45.3,67,11.4,6646.07,3035.1,0,0,0,0,0,0,0
0,298.8,309.0,1829,22.9,172,10.2,4386.09,3938.8,0,0,0,0,0,0,0
1,298.3,309.0,1802,27.5,71,10.7,5189.39,1952.5,0,0,0,0,0,0,0
1,301.3,310.7,1300,58.3,92,9.4,7936.71,5363.6,0,0,0,0,0,0,0
0,301.2,310.9,1467,37.1,153,9.7,5699.45,5676.3,0,0,0,0,0,0,0
2,301.9,311.0,1291,63.6,137,9.1,8598.29,8713.2,0,0,0,0,0,0,0
0,300.5,309.5,1653,27.6,62,9.0,4777.61,1711.2,0,0,0,0,0,0,0
1,297.7,308.9,1327,63.7,21,11.2,8851.95,1337.7,0,0,0,0,0,0,0
0,300.6,310.5,1642,29.9,100,9.9,5141.3,2990.0,0,0,0,0,0,0,0
2,299.1,310.0,1657,33.1,187,10.9,5743.53,6189.7,0,0,0,0,0,0,0
0,298.1,308.4,1335,40.2,109,10.3,5620.0,4381.8,0,0,0,0,0,0,0
1,302.1,311.1,1423,36.8,80,9.0,5483.8,2944.0,0,0,0,0,0,0,0
1,297.8,308.4,1479,43.5,143,10.6,6737.3,6220.5,0,0,0,0,0,0,0
0,300.7,309.6,1329,54.3,80,8.9,7557.07,4344.0,0,0,0,0,0,0,0
1,300.9,310.7,1696,27.3,76,9.8,4848.61,2074.8,0,0,0,0,0,0,0
0,299.0,310.5,1755,27.9,56,11.5,5127.55,1562.4,0,0,0,0,0,0,0
0,296.5,307.5,1340,59.1,89,11.0,8293.18,5259.9,0,0,0,0,0,0,0
1,303.5,313.0,1902,21.6,60,9.5,4302.22,1296.0,0,0,0,0,0,0,0
0,302.3,311.8,1487,43.2,206,9.5,6727.03,8899.2,1,0,0,0,0,0,0
1,300.3,311.7,1236,57.5,12,11.4,7442.43,690.0,0,0,0,0,0,0,0
0,298.0,308.1,1877,24.3,0,10.1,4776.38,0.0,0,0,0,0,0,0,0
0,304.3,313.5,2643,12.7,21,9.2,3515.03,266.7,0,0,0,0,0,0,0
0,301.5,310.9,1671,31.1,170,9.4,5442.09,5287.0,0,0,0,0,0,0,0
2,301.1,311.1,1618,29.5,160,10.0,4998.38,4720.0,0,0,0,0,0,0,0
1,298.5,309.6,1364,58.7,123,11.1,8384.58,7220.1,0,0,0,0,0,0,0
1,298.2,307.8,1578,34.5,127,9.6,5701.05,4381.5,0,0,0,0,0,0,0
1,303.4,311.8,1515,42.6,204,8.4,6758.51,8690.4,1,0,0,0,0,0,0
1,298.0,308.7,1614,30.7,106,10.7,5188.84,3254.2,0,0,0,0,0,0,0
0,300.6,310.1,1495,42.3,132,9.5,6622.32,5583.6,0,0,0,0,0,0,0
0,301.3,310.7,1608,31.4,86,9.4,5287.43,2700.4,0,0,0,0,0,0,0
0,301.4,310.7,1376,50.6,25,9.3,7291.18,1265.0,0,0,0,0,0,0,0
0,297.4,308.3,1571,37.7,162,10.9,6202.21,6107.4,0,0,0,0,0,0,0
0,297.0,307.8,1521,40.2,190,10.8,6403.01,7638.0,0,0,0,0,0,0,0
0,297.7,309.4,1392,44.1,140,11.7,6428.45,6174.0,0,0,0,0,0,0,0
0,299.1,310.1,1336,61.3,94,11.0,8576.21,5762.2,0,0,0,0,0,0,0
1,299.1,310.1,1649,31.6,41,11.0,5456.78,1295.6,0,0,0,0,0,0,0
0,303.4,312.3,1502,36.0,69,8.9,5662.41,2484.0,0,0,0,0,0,0,0
0,297.3,308.2,1446,53.5,7,10.9,8101.22,374.5,0,0,0,0,0,0,0
1,301.4,310.5,1217,60.6,103,9.1,7723.1,6241.8,0,0,0,0,0,0,0
1,296.1,307.1,1433,38.5,14,11.0,5777.44,539.0,0,0,0,0,0,0,0
1,298.1,308.9,1323,51.7,88,10.8,7162.74,4549.6,0,0,0,0,0,0,0
0,302.5,311.5,1677,29.2,49,9.0,5127.96,1430.8,0,0,0,0,0,0,0
1,298.6,310.0,1512,37.5,27,11.4,5937.61,1012.5,0,0,0,0,0,0,0
0,300.3,311.4,1346,51.1,147,11.1,7202.69,7511.7,0,0,0,0,0,0,0
1,298.9,308.5,1456,50.0,156,9.6,7623.6,7800.0,0,0,0,0,0,0,0
0,299.7,311.1,1554,41.0,192,11.4,6672.11,7872.0,0,0,0,0,0,0,0
1,300.2,309.4,1456,48.8,205,9.2,7440.63,10004.0,1,0,0,0,0,0,0
1,297.4,308.9,1376,39.0,181,11.5,5619.68,7059.0,0,0,0,0,0,0,0
0,300.6,309.7,1639,30.4,121,9.1,5217.72,3678.4,0,0,0,0,0,0,0
0,297.5,308.7,1456,44.7,29,11.2,6815.5,1296.3,0,0,0,0,0,0,0
2,297.3,308.7,1438,46.2,16,11.4,6957.12,739.2,0,0,0,0,0,0,0
0,302.3,310.9,1379,49.3,34,8.6,7119.34,1676.2,0,1,0,1,0,0,0
1,295.5,306.0,1641,36.6,21,10.5,6289.53,768.6,0,0,0,0,0,0,0
0,301.5,311.1,1602,34.3,100,9.6,5754.2,3430.0,0,0,0,0,0,0,0
2,303.0,312.2,1624,28.8,117,9.2,4897.87,3369.6,0,0,0,0,0,0,0
0,299.1,310.5,1437,43.1,40,11.4,6485.79,1724.0,0,0,0,0,0,0,0
0,299.5,310.7,1589,33.5,5,11.2,5574.39,167.5,0,0,0,0,0,0,0
0,299.4,308.7,1525,39.0,90,9.3,6228.21,3510.0,0,0,0,0,0,0,0
0,297.8,307.8,1452,39.8,21,10.0,6051.71,835.8,0,0,0,0,0,0,0
1,301.7,310.6,1505,44.5,146,8.9,7013.34,6497.0,0,0,0,0,0,0,0
1,301.0,311.6,1454,40.0,140,10.6,6090.5,5600.0,0,0,0,0,0,0,0
0,298.4,309.2,2118,17.7,210,10.8,3925.8,3717.0,1,0,0,0,0,0,0
1,297.7,308.9,1681,28.3,116,11.2,4981.76,3282.8,0,0,0,0,0,0,0
0,302.4,310.2,1445,46.4,125,7.8,7021.25,5800.0,0,0,0,0,0,0,0
1,299.9,310.0,1484,42.1,182,10.1,6542.51,7662.2,0,0,0,0,0,0,0
2,298.4,309.3,1984,19.2,132,10.9,3989.07,2534.4,0,0,0,0,0,0,0
0,299.2,308.4,1402,47.7,24,9.2,7003.18,1144.8,0,0,0,0,0,0,0
1,300.1,311.3,1518,40.2,130,11.2,6390.38,5226.0,0,0,0,0,0,0,0
0,300.8,312.4,1493,39.1,79,11.6,6113.15,3088.9,0,0,0,0,0,0,0
0,296.6,308.0,1978,22.3,208,11.4,4619.13,4638.4,1,0,0,0,0,0,0
0,301.4,310.4,1579,36.9,133,9.0,6101.51,4907.7,0,0,0,0,0,0,0
1,302.8,312.2,1452,50.3,60,9.4,7648.27,3018.0,0,0,0,0,0,0,0
0,299.5,308.9,1520,38.3,122,9.4,6096.37,4672.6,0,0,0,0,0,0,0
1,298.0,308.0,1620,29.4,75,10.0,4987.59,2205.0,0,0,0,0,0,0,0
0,300.6,310.2,1648,31.7,46,9.6,5470.73,1458.2,0,0,0,0,0,0,0
0,297.4,308.5,1569,34.2,72,11.1,5619.24,2462.4,0,0,0,0,0,0,0
0,301.5,310.8,1500,41.0,118,9.3,6440.26,4838.0,0,0,0,0,0,0,0
0,303.4,311.8,1499,45.0,16,8.4,7063.87,720.0,0,0,0,0,0,0,0
1,297.6,308.7,1392,41.2,178,11.1,6005.72,7333.6,0,0,0,0,0,0,0
0,300.5,311.9,1403,45.7,54,11.4,6714.33,2467.8,0,0,0,0,0,0,0
1,298.7,309.2,1423,48.9,187,10.5,7286.89,9144.3,0,0,0,0,0,0,0
2,302.5,310.9,1356,55.5,101,8.4,7881.0,5605.5,0,1,0,1,0,0,0
2,300.2,311.4,1506,36.1,141,11.2,5693.26,5090.1,0,0,0,0,0,0,0
0,303.8,313.1,2497,13.0,5,9.3,3399.31,65.0,0,1,0,0,1,0,0
0,301.8,310.0,1493,40.3,185,8.2,6300.77,7455.5,0,0,0,0,0,0,0
0,297.5,308.2,1419,48.5,108,10.7,7206.97,5238.0,0,0,0,0,0,0,0
0,302.0,309.8,1649,31.0,152,7.8,5353.17,4712.0,0,0,0,0,0,0,0
1,298.6,309.1,1339,51.1,34,10.5,7165.23,1737.4,0,0,0,0,0,0,0
0,297.6,308.1,1437,46.3,149,10.5,6967.33,6898.7,0,0,0,0,0,0,0
1,300.4,309.2,1528,37.2,228,8.8,5952.44,8481.6,1,0,0,0,0,0,0
0,296.8,308.0,1584,40.4,227,11.2,6701.39,9170.8,1,0,0,0,0,0,0
1,298.8,310.1,1585,31.3,147,11.3,5195.2,4601.1,0,0,0,0,0,0,0
0,300.0,309.6,1618,28.7,53,9.6,4862.83,1521.1,0,0,0,0,0,0,0
0,297.3,307.9,1417,41.8,186,10.6,6202.61,7774.8,0,0,0,0,0,0,0
2,300.3,309.9,1509,46.6,125,9.6,7363.83,5825.0,0,0,0,0,0,0,0
0,297.6,308.6,2384,14.4,171,11.0,3594.99,2462.4,0,0,0,0,0,0,0
1,303.8,312.7,1555,33.4,128,8.9,5438.83,4275.2,0,0,0,0,0,0,0
2,299.0,308.7,1940,19.9,98,9.7,4042.81,1950.2,0,0,0,0,0,0,0
1,301.2,310.1,1558,32.6,34,8.9,5318.8,1108.4,0,0,0,0,0,0,0
1,300.8,310.3,1458,43.4,0,9.5,6626.37,0.0,0,0,0,0,0,0,0
0,303.5,312.3,1584,35.2,74,8.8,5838.84,2604.8,0,0,0,0,0,0,0
1,299.1,308.9,1325,48.4,220,9.8,6715.68,10648.0,1,0,0,0,0,0,0
0,299.9,310.2,1479,46.3,173,10.3,7170.97,8009.9,0,0,0,0,0,0,0
0,301.9,310.7,1429,51.0,76,8.8,7631.87,3876.0,0,0,0,0,0,0,0
0,298.8,309.7,1609,40.4,169,10.9,6807.16,6827.6,0,0,0,0,0,0,0
0,301.9,311.2,1435,44.2,16,9.3,6642.06,707.2,0,0,0,0,0,0,0
1,303.0,311.0,1409,41.7,120,8.0,6152.84,5004.0,0,0,0,0,0,0,0
1,300.0,309.6,1491,42.0,29,9.6,6557.76,1218.0,0,0,0,0,0,0,0
1,302.7,312.0,1944,21.4,71,9.3,4356.51,1519.4,0,0,0,0,0,0,0
0,298.4,309.1,1362,46.1,37,10.7,6575.16,1705.7,0,0,0,0,0,0,0
0,301.1,311.3,1498,37.6,11,10.2,5898.32,413.6,0,0,0,0,0,0,0
0,298.2,308.8,1362,57.3,28,10.6,8172.6,1604.4,0,0,0,0,0,0,0
0,302.3,311.4,1434,40.3,133,9.1,6051.78,5359.9,0,0,0,0,0,0,0
0,296.9,307.8,1653,29.7,137,10.9,5141.12,4068.9,0,0,0,0,0,0,0
0,298.7,309.8,1181,65.9,203,11.1,8150.12,13377.7,1,1,0,0,0,1,0
0,300.1,311.5,1499,43.4,65,11.4,6812.71,2821.0,0,0,0,0,0,0,0
0,299.6,310.9,1487,42.5,164,11.3,6618.03,6970.0,0,0,0,0,0,0,0
0,296.9,307.6,1452,45.7,122,10.7,6948.83,5575.4,0,0,0,0,0,0,0
1,304.2,313.5,1390,47.8,83,9.3,6957.79,3967.4,0,0,0,0,0,0,0
1,297.4,307.9,1338,48.5,158,10.5,6795.58,7663.0,0,0,0,0,0,0,0
1,301.3,310.8,1418,45.4,59,9.5,6741.56,2678.6,0,0,0,0,0,0,0
1,304.0,313.4,1389,45.8,123,9.4,6661.87,5633.4,0,0,0,0,0,0,0
1,297.7,308.2,1370,53.4,162,10.5,7661.09,8650.8,0,0,0,0,0,0,0
1,299.2,308.8,1700,33.5,185,9.6,5963.79,6197.5,0,0,0,0,0,0,0
1,300.9,311.3,1603,31.8,190,10.4,5338.13,6042.0,0,0,0,0,0,0,0
0,298.1,308.2,1482,37.9,17,10.1,5881.88,644.3,0,0,0,0,0,0,0
0,300.8,311.0,1578,44.4,86,10.2,7337.0,3818.4,0,0,0,0,0,0,0
1,303.4,312.2,1972,23.5,59,8.8,4852.92,1386.5,0,0,0,0,0,0,0
0,298.2,308.3,1400,48.7,194,10.1,7139.79,9447.8,0,0,0,0,0,0,0
0,300.9,311.2,1789,25.5,114,10.3,4777.26,2907.0,0,0,0,0,0,0,0
1,296.4,307.2,2071,19.4,183,10.8,4207.37,3550.2,0,0,0,0,0,0,0
0,302.9,312.3,1515,40.8,183,9.4,6472.94,7466.4,0,0,0,0,0,0,0
1,300.5,311.7,1269,64.0,87,11.2,8504.92,5568.0,0,0,0,0,0,0,0
2,302.2,311.3,1758,26.4,4,9.1,4860.17,105.6,0,0,0,0,0,0,0
1,303.3,312.6,1482,44.4,73,9.3,6890.64,3241.2,0,0,0,0,0,0,0
0,297.5,308.3,1388,48.6,27,10.8,7064.06,1312.2,0,0,0,0,0,0,0
0,299.5,309.4,1390,58.8,195,9.9,8558.96,11466.0,0,1,0,0,0,1,0
0,298.3,309.4,1546,36.1,94,11.1,5844.47,3393.4,0,0,0,0,0,0,0
1,301.7,311.1,1506,39.5,158,9.4,6229.46,6241.0,0,0,0,0,0,0,0
2,301.6,311.2,1395,46.8,95,9.6,6836.73,4446.0,0,0,0,0,0,0,0
0,296.8,307.6,1434,48.3,138,10.8,7253.12,6665.4,0,0,0,0,0,0,0
0,299.6,309.2,1450,43.1,160,9.6,6544.46,6896.0,0,0,0,0,0,0,0
1,300.7,310.6,1439,41.7,184,9.9,6283.85,7672.8,0,0,0,0,0,0,0
0,301.0,310.9,1450,45.9,35,9.9,6969.62,1606.5,0,0,0,0,0,0,0
0,303.3,311.4,1497,46.0,234,8.1,7211.21,10764.0,1,1,1,0,0,0,0
0,298.9,308.7,1564,34.1,99,9.8,5584.96,3375.9,0,0,0,0,0,0,0
0,296.8,307.8,1373,42.9,74,11.0,6168.17,3174.6,0,0,0,0,0,0,0
0,302.9,312.5,1683,32.1,85,9.6,5657.41,2728.5,0,0,0,0,0,0,0
1,298.5,308.8,1557,36.0,21,10.3,5869.75,756.0,0,0,0,0,0,0,0
2,303.0,312.5,1507,37.9,163,9.5,5981.1,6177.7,0,0,0,0,0,0,0
0,298.9,308.5,1580,39.1,119,9.6,6469.38,4652.9,0,0,0,0,0,0,0
1,300.6,309.6,1503,38.4,68,9.0,6043.92,2611.2,0,0,0,0,0,0,0
1,299.3,310.6,1609,31.4,99,11.3,5290.71,3108.6,0,0,0,0,0,0,0
0,303.7,312.5,1670,26.1,139,8.8,4564.42,3627.9,0,0,0,0,0,0,0
0,298.8,310.1,1607,39.5,105,11.3,6647.24,4147.5,0,0,0,0,0,0,0
0,297.4,308.4,1588,32.5,207,11.0,5404.59,6727.5,1,0,0,0,0,0,0
1,298.3,308.0,1463,42.5,190,9.7,6511.21,8075.0,0,0,0,0,0,0,0
1,299.1,308.6,1441,36.2,169,9.5,5462.62,6117.8,0,0,0,0,0,0,0
1,300.4,309.9,1415,31.8,192,9.5,4712.07,6105.6,0,0,0,0,0,0,0
0,299.1,310.1,1373,55.6,108,11.0,7994.18,6004.8,0,0,0,0,0,0,0
0,300.7,310.7,1333,61.0,177,10.0,8515.08,10797.0,0,0,0,0,0,0,0
0,299.5,309.3,1520,42.3,149,9.8,6733.06,6302.7,0,0,0,0,0,0,0
1,300.8,310.2,1304,52.5,157,9.4,7169.11,8242.5,0,0,0,0,0,0,0
0,300.5,312.0,1558,36.7,113,11.5,5987.73,4147.1,0,0,0,0,0,0,0
0,304.1,313.1,1666,34.6,33,9.0,6036.42,1141.8,0,0,0,0,0,0,0
0,299.1,310.0,1367,56.3,203,10.9,8059.45,11428.9,1,1,0,0,0,1,0
0,300.6,310.4,1608,39.2,221,9.8,6600.86,8663.2,1,0,0,0,0,0,0
1,300.1,310.3,1350,48.8,50,10.2,6898.94,2440.0,0,0,0,0,0,0,0
1,298.6,309.7,1314,49.7,136,11.1,6838.81,6759.2,0,0,0,0,0,0,0
1,301.8,311.0,1839,23.6,30,9.2,4544.88,708.0,0,0,0,0,0,0,0
2,297.9,307.4,1604,36.1,225,9.5,6063.73,8122.5,1,1,1,0,0,0,0
1,297.2,308.6,1513,39.0,78,11.4,6179.2,3042.0,0,0,0,0,0,0,0
0,297.4,308.4,1378,39.9,63,11.0,5757.72,2513.7,0,0,0,0,0,0,0
0,298.5,309.8,1593,35.1,203,11.3,5855.33,7125.3,1,0,0,0,0,0,0
0,303.7,312.7,1540,44.8,196,9.0,7224.83,8780.8,0,0,0,0,0,0,0
0,303.7,312.5,1397,45.7,187,8.8,6685.61,8545.9,0,0,0,0,0,0,0
0,300.9,310.7,1573,31.2,2,9.8,5139.39,62.4,0,0,0,0,0,0,0
0,303.6,312.2,1696,30.7,5,8.6,5452.46,153.5,0,0,0,0,0,0,0
0,301.7,311.3,1708,30.5,77,9.6,5455.27,2348.5,0,0,0,0,0,0,0
1,301.6,310.6,1599,36.1,208,9.0,6044.83,7508.8,1,0,0,0,0,0,0
0,302.1,311.4,1446,39.7,95,9.3,6011.56,3771.5,0,0,0,0,0,0,0
0,302.7,311.1,1730,28.1,135,8.4,5090.74,3793.5,0,0,0,0,0,0,0
1,298.4,310.1,1335,57.8,96,11.7,8080.49,5548.8,0,0,0,0,0,0,0
2,301.6,309.9,1423,53.6,95,8.3,7987.27,5092.0,0,0,0,0,0,0,0
1,304.1,313.3,1680,29.3,158,9.2,5154.73,4629.4,0,0,0,0,0,0,0
0,297.8,308.4,2129,19.2,148,10.6,4280.61,2841.6,0,0,0,0,0,0,0
1,297.0,308.1,1355,51.4,76,11.1,7293.42,3906.4,0,0,0,0,0,0,0
0,298.7,309.6,1665,31.1,178,10.9,5422.55,5535.8,0,0,0,0,0,0,0
0,300.7,311.0,1336,53.3,68,10.3,7456.97,3624.4,0,0,0,0,0,0,0
1,303.9,313.2,1630,29.3,104,9.3,5001.31,3047.2,0,0,0,0,0,0,0
2,303.0,312.4,1627,37.1,168,9.4,6321.06,6232.8,0,0,0,0,0,0,0
0,303.5,312.7,1393,49.3,82,9.2,7191.62,4042.6,0,0,0,0,0,0,0
0,297.4,308.5,1496,36.4,126,11.1,5702.45,4586.4,0,0,0,0,0,0,0
0,302.2,311.7,1556,38.6,145,9.5,6289.64,5597.0,0,0,0,0,0,0,0
0,303.7,312.3,1375,46.2,98,8.6,6652.32,4527.6,0,0,0,0,0,0,0
0,303.5,311.9,1405,45.6,10,8.4,6709.19,456.0,0,0,0,0,0,0,0
0,298.3,307.9,1766,26.5,145,9.6,4900.78,3842.5,0,0,0,0,0,0,0
1,301.8,310.9,1881,20.9,23,9.1,4116.84,480.7,0,0,0,0,0,0,0
1,298.1,309.3,1752,25.2,77,11.2,4623.42,1940.4,0,0,0,0,0,0,0
0,304.0,313.2,1584,38.7,104,9.2,6419.4,4024.8,0,0,0,0,0,0,0
1,300.5,310.6,1621,32.0,184,10.1,5432.02,5888.0,0,0,0,0,0,0,0
0,300.4,311.2,1472,37.3,187,10.8,5749.7,6975.1,0,0,0,0,0,0,0
0,301.3,311.3,1474,50.7,10,10.0,7825.9,507.0,0,0,0,0,0,0,0
1,303.0,311.2,1519,38.0,139,8.2,6044.63,5282.0,0,0,0,0,0,0,0
0,300.5,310.5,1564,38.2,199,10.0,6256.46,7601.8,0,0,0,0,0,0,0
0,303.9,313.0,1480,39.9,176,9.1,6183.91,7022.4,0,0,0,0,0,0,0
2,298.6,308.8,1566,39.1,36,10.2,6412.05,1407.6,0,0,0,0,0,0,0
0,303.0,311.2,1341,51.0,174,8.2,7161.89,8874.0,0,1,0,1,0,0,0
0,302.0,310.0,1449,48.8,181,8.0,7404.86,8832.8,0,0,0,0,0,0,0
0,302.9,312.2,1340,57.8,90,9.3,8110.75,5202.0,0,0,0,0,0,0,0
0,297.2,308.3,1693,28.0,188,11.1,4964.14,5264.0,0,0,0,0,0,0,0
0,302.3,311.0,1329,51.5,154,8.7,7167.39,7931.0,0,0,0,0,0,0,0
1,300.9,311.4,1532,41.5,126,10.5,6657.87,5229.0,0,0,0,0,0,0,0
2,296.4,307.4,1586,35.5,0,11.0,5896.04,0.0,0,0,0,0,0,0,0
0,303.1,311.3,1657,31.8,217,8.2,5517.96,6900.6,1,0,0,0,0,0,0
1,300.6,310.0,1302,62.9,87,9.4,8576.11,5472.3,0,0,0,0,0,0,0
0,297.3,308.4,1488,37.4,69,11.1,5827.78,2580.6,0,0,0,0,0,0,0
0,299.0,310.2,1377,62.5,92,11.2,9012.44,5750.0,0,1,0,0,1,0,0
0,300.4,311.8,1272,59.2,198,11.4,7885.65,11721.6,0,1,0,0,0,1,0
1,300.6,310.7,1457,36.7,193,10.1,5599.56,7083.1,0,0,0,0,0,0,0
1,300.8,310.7,1386,42.1,170,9.9,6110.46,7157.0,0,0,0,0,0,0,0
0,300.2,310.2,1440,42.9,191,10.0,6469.17,8193.9,0,0,0,0,0,0,0
1,298.6,310.0,1681,35.5,44,11.4,6249.2,1562.0,0,0,0,0,0,0,0
0,300.1,309.8,1506,35.2,21,9.7,5551.32,739.2,0,0,0,0,0,0,0
0,301.9,310.9,1597,36.9,50,9.0,6171.06,1845.0,0,0,0,0,0,0,0
0,302.9,311.1,1556,45.3,135,8.2,7381.36,6115.5,0,0,0,0,0,0,0
0,299.9,309.8,1477,47.7,112,9.9,7377.81,5342.4,0,0,0,0,0,0,0
1,299.2,308.5,1594,35.8,160,9.3,5975.85,5728.0,0,0,0,0,0,0,0
2,295.6,306.2,1414,42.5,69,10.6,6293.13,2932.5,0,0,0,0,0,0,0
0,302.1,310.7,1325,45.1,208,8.6,6257.79,9380.8,1,1,0,1,0,0,0
1,296.8,308.1,1843,24.2,212,11.3,4670.56,5130.4,1,0,0,0,0,0,0
1,298.2,309.0,1723,26.6,168,10.8,4799.49,4468.8,0,0,0,0,0,0,0
0,302.1,311.4,1391,49.2,52,9.3,7166.73,2558.4,0,0,0,0,0,0,0
0,296.5,307.4,1292,52.5,62,10.9,7103.14,3255.0,0,0,0,0,0,0,0
0,302.5,311.9,1401,44.9,203,9.4,6587.39,9114.7,1,0,0,0,0,0,0
0,300.5,311.4,1709,32.3,64,10.9,5780.6,2067.2,0,0,0,0,0,0,0
1,302.3,310.9,1523,43.2,210,8.6,6889.89,9072.0,1,0,0,0,0,0,0
1,297.4,308.5,1497,36.4,56,11.1,5706.26,2038.4,0,0,0,0,0,0,0
1,304.2,313.2,1380,48.7,17,9.0,7037.8,827.9,0,0,0,0,0,0,0
1,298.1,308.6,1716,30.7,119,10.5,5516.76,3653.3,0,0,0,0,0,0,0
1,297.5,308.0,1430,44.5,178,10.5,6663.84,7921.0,0,0,0,0,0,0,0
1,298.7,308.3,1349,46.6,74,9.6,6583.04,3448.4,0,0,0,0,0,0,0
0,302.4,311.6,1622,35.0,68,9.2,5944.94,2380.0,0,0,0,0,0,0,0
0,297.8,307.2,1880,23.0,176,9.4,4528.08,4048.0,0,0,0,0,0,0,0
0,298.8,309.7,1582,45.0,11,10.9,7455.0,495.0,0,0,0,0,0,0,0
1,301.0,312.2,1499,41.5,140,11.2,6514.46,5810.0,0,0,0,0,0,0,0
0,299.5,309.3,1333,54.1,147,9.8,7551.9,7952.7,0,0,0,0,0,0,0
1,303.3,311.8,1548,33.5,75,8.5,5430.56,2512.5,0,0,0,0,0,0,0
2,300.5,311.2,1397,45.2,2,10.7,6612.47,90.4,0,0,0,0,0,0,0
1,300.1,309.2,1385,46.1,120,9.1,6686.2,5532.0,0,0,0,0,0,0,0
0,300.4,310.1,1544,41.9,184,9.7,6774.7,7709.6,0,0,0,0,0,0,0
1,299.4,309.1,1500,43.3,10,9.7,6801.55,433.0,0,0,0,0,0,0,0
0,302.2,311.8,1981,21.8,36,9.6,4522.41,784.8,0,0,0,0,0,0,0
0,296.3,307.1,1662,32.9,190,10.8,5726.06,6251.0,0,0,0,0,0,0,0
0,301.3,310.9,1760,23.9,76,9.6,4404.93,1816.4,0,0,0,0,0,0,0
2,301.5,310.7,1790,26.2,8,9.2,4911.15,209.6,0,0,0,0,0,0,0
0,302.4,311.0,1338,67.6,194,8.6,9471.78,13114.4,0,1,0,0,1,1,0
0,298.1,307.5,1684,33.1,200,9.4,5837.12,6620.0,1,0,0,0,0,0,0
0,299.4,309.2,1444,48.2,24,9.8,7288.58,1156.8,0,0,0,0,0,0,0
0,299.2,309.1,1387,48.7,4,9.9,7073.49,194.8,0,0,0,0,0,0,0
1,302.3,311.5,1445,44.8,65,9.2,6779.14,2912.0,0,0,0,0,0,0,0
0,300.1,309.6,1541,37.0,96,9.5,5970.81,3552.0,0,0,0,0,0,0,0
0,301.5,310.1,1639,33.4,47,8.6,5732.63,1569.8,0,0,0,0,0,0,0
0,302.1,311.2,1492,45.0,162,9.1,7030.88,7290.0,0,0,0,0,0,0,0
0,301.5,310.6,1578,34.1,120,9.1,5634.95,4092.0,0,0,0,0,0,0,0
0,302.1,311.3,1521,31.5,202,9.2,5017.28,6363.0,1,0,0,0,0,0,0
1,300.2,311.6,1533,46.4,24,11.4,7448.84,1113.6,0,0,0,0,0,0,0
0,299.2,310.2,1697,30.6,12,11.0,5437.91,367.2,0,0,0,0,0,0,0
1,301.3,310.4,1577,48.3,78,9.1,7976.41,3767.4,0,0,0,0,0,0,0
2,300.5,309.9,1397,45.9,210,9.4,6714.87,9639.0,1,1,1,0,0,0,0
2,300.7,312.2,1335,49.0,62,11.5,6850.24,3038.0,0,0,0,0,0,0,0
1,302.3,311.7,1535,38.3,5,9.4,6156.53,191.5,0,0,0,0,0,0,0
0,301.6,310.9,1559,40.2,191,9.3,6562.98,7678.2,0,0,0,0,0,0,0
0,298.2,309.1,1467,44.5,80,10.9,6836.26,3560.0,0,0,0,0,0,0,0
0,298.9,308.8,1529,32.7,53,9.9,5235.81,1733.1,0,0,0,0,0,0,0
1,297.8,308.3,1567,35.6,131,10.5,5841.81,4663.6,0,0,0,0,0,0,0
1,295.5,305.9,1518,44.1,194,10.4,7010.34,8555.4,0,0,0,0,0,0,0
1,300.6,311.6,1630,31.8,52,11.0,5428.04,1653.6,0,0,0,0,0,0,0
0,299.6,309.5,1453,41.4,168,9.9,6299.33,6955.2,0,0,0,0,0,0,0
2,299.9,309.6,1410,51.2,98,9.7,7559.93,5017.6,0,0,0,0,0,0,0
0,298.8,309.9,1482,39.1,45,11.1,6068.11,1759.5,0,0,0,0,0,0,0
0,301.5,310.6,1519,40.7,208,9.1,6474.12,8465.6,1,0,0,0,0,0,0
0,300.2,309.4,1981,21.4,44,9.2,4439.43,941.6,0,0,0,0,0,0,0
2,298.5,309.3,1421,50.3,124,10.8,7484.98,6237.2,0,0,0,0,0,0,0
0,299.8,309.4,2256,15.9,201,9.6,3756.34,3195.9,1,0,0,0,0,0,0
1,303.8,312.5,1366,45.1,143,8.7,6451.43,6449.3,0,0,0,0,0,0,0
1,299.9,310.5,1576,39.4,183,10.6,6502.51,7210.2,0,0,0,0,0,0,0
0,297.1,308.4,1550,37.0,167,11.3,6005.68,6179.0,0,0,0,0,0,0,0
0,302.0,310.9,1378,53.1,212,8.9,7662.53,11257.2,1,1,0,0,0,1,0
0,298.0,308.2,1459,42.1,146,10.2,6432.3,6146.6,0,0,0,0,0,0,0
1,301.2,311.0,1424,41.4,131,9.8,6173.61,5423.4,0,0,0,0,0,0,0
0,296.4,307.4,1403,48.4,70,11.0,7111.02,3388.0,0,0,0,0,0,0,0
0,299.1,309.8,1398,55.4,217,10.7,8110.46,12021.8,1,1,0,0,0,1,0
1,300.6,309.4,1521,37.2,90,8.8,5925.17,3348.0,0,0,0,0,0,0,0
1,301.3,311.0,1410,52.7,161,9.7,7781.41,8484.7,0,0,0,0,0,0,0
1,304.2,313.5,1532,41.3,161,9.3,6625.79,6649.3,0,0,0,0,0,0,0
0,300.8,310.6,1416,42.2,225,9.8,6257.55,9495.0,1,0,0,0,0,0,0
0,300.7,312.4,1590,37.9,98,11.7,6310.52,3714.2,0,0,0,0,0,0,0
0,300.6,309.4,1468,44.1,76,8.8,6779.43,3351.6,0,0,0,0,0,0,0
2,303.5,312.3,1386,49.0,35,8.8,7111.94,1715.0,0,0,0,0,0,0,0
2,299.9,311.2,1495,35.8,175,11.3,5604.71,6265.0,0,0,0,0,0,0,0
1,299.0,309.4,1561,37.3,70,10.4,6097.34,2611.0,0,0,0,0,0,0,0
1,297.1,308.4,1588,33.4,204,11.3,5554.25,6813.6,1,0,0,0,0,0,0
0,298.7,309.6,1502,46.7,198,10.9,7345.4,9246.6,0,0,0,0,0,0,0
0,302.3,311.3,1324,47.8,131,9.0,6627.42,6261.8,0,0,0,0,0,0,0
2,297.9,308.9,1416,39.6,45,11.0,5872.01,1782.0,0,0,0,0,0,0,0
1,298.5,309.6,1492,41.7,100,11.1,6515.29,4170.0,0,0,0,0,0,0,0
0,297.5,309.4,1318,58.2,146,11.9,8032.8,8497.2,0,0,0,0,0,0,0
1,299.4,309.9,1567,40.6,87,10.5,6662.29,3532.2,0,0,0,0,0,0,0
0,298.8,308.6,1680,29.4,95,9.8,5172.32,2793.0,0,0,0,0,0,0,0
0,297.1,308.5,1712,32.1,48,11.4,5754.9,1540.8,0,0,0,0,0,0,0
0,297.2,308.7,1509,39.3,66,11.5,6210.27,2593.8,0,0,0,0,0,0,0
1,297.7,308.5,1559,35.2,127,10.8,5746.69,4470.4,0,0,0,0,0,0,0
0,297.0,307.9,1635,31.6,147,10.9,5410.45,4645.2,0,0,0,0,0,0,0
0,299.2,308.7,1650,30.5,93,9.5,5270.02,2836.5,0,0,0,0,0,0,0
0,303.5,312.4,1284,70.6,94,8.9,9492.89,6636.4,0,1,0,0,1,0,0
1,303.1,312.4,1378,50.1,104,9.3,7229.62,5210.4,0,0,0,0,0,0,0
0,297.7,308.7,1829,24.9,17,11.0,4769.16,423.3,0,0,0,0,0,0,0
0,302.7,311.5,1494,41.4,149,8.8,6477.08,6168.6,0,0,0,0,0,0,0
0,300.2,309.7,1678,30.5,142,9.5,5359.45,4331.0,0,0,0,0,0,0,0
0,301.6,310.6,2103,19.7,12,9.0,4338.45,236.4,0,0,0,0,0,0,0
0,298.4,309.3,1542,35.4,208,10.9,5716.32,7363.2,1,0,0,0,0,0,0
0,298.2,309.3,1355,43.8,142,11.1,6215.01,6219.6,0,0,0,0,0,0,0
2,298.8,309.2,1306,54.5,50,10.4,7453.64,2725.0,0,0,0,0,0,0,0
1,302.5,310.4,1451,53.6,194,7.9,8144.43,10398.4,0,0,0,0,0,0,0
0,300.7,310.8,1475,42.0,147,10.1,6487.39,6174.0,0,0,0,0,0,0,0
0,301.2,311.0,1761,29.1,195,9.8,5366.37,5674.5,0,0,0,0,0,0,0
0,300.5,311.9,1750,28.3,207,11.4,5186.25,5858.1,1,0,0,0,0,0,0
0,300.5,311.6,1744,26.8,94,11.1,4894.52,2519.2,0,0,0,0,0,0,0
0,299.2,308.4,1580,32.6,142,9.2,5393.91,4629.2,0,0,0,0,0,0,0
0,297.4,308.5,1782,25.9,54,11.1,4833.21,1398.6,0,0,0,0,0,0,0
1,303.7,312.7,1532,42.7,194,9.0,6850.39,8283.8,0,0,0,0,0,0,0
1,301.6,310.6,1691,30.1,40,9.0,5330.14,1204.0,0,0,0,0,0,0,0
0,303.5,312.4,1503,36.5,191,8.9,5744.87,6971.5,0,0,0,0,0,0,0
1,298.1,308.8,1433,48.2,62,10.7,7233.06,2988.4,0,0,0,0,0,0,0
0,300.2,311.5,1495,38.5,69,11.3,6027.41,2656.5,0,0,0,0,0,0,0
1,299.8,310.0,1460,37.1,169,10.2,5672.25,6269.9,0,0,0,0,0,0,0
1,298.9,309.3,1581,30.7,65,10.4,5082.75,1995.5,0,0,0,0,0,0,0
0,302.6,310.2,1325,62.4,92,7.6,8658.23,5740.8,0,1,0,1,0,0,0
1,296.9,308.0,1409,50.7,43,11.1,7480.79,2180.1,0,0,0,0,0,0,0
1,298.6,310.1,1596,33.0,15,11.5,5515.38,495.0,0,0,0,0,0,0,0
2,298.0,307.6,1420,45.8,150,9.6,6810.55,6870.0,0,0,0,0,0,0,0
1,297.3,308.6,1431,53.0,160,11.3,7942.26,8480.0,0,0,0,0,0,0,0
0,299.7,309.2,1478,38.8,199,9.5,6005.3,7721.2,0,0,0,0,0,0,0
2,299.7,309.2,1554,41.6,62,9.5,6769.76,2579.2,0,0,0,0,0,0,0
1,299.9,309.1,1513,43.8,188,9.2,6939.72,8234.4,0,0,0,0,0,0,0
1,299.0,310.0,1488,46.3,198,11.0,7214.6,9167.4,0,0,0,0,0,0,0
0,298.7,308.5,1544,35.2,159,9.8,5691.39,5596.8,0,0,0,0,0,0,0
0,298.0,308.2,1357,48.2,7,10.2,6849.45,337.4,0,0,0,0,0,0,0
2,296.4,307.5,1596,35.1,75,11.1,5866.36,2632.5,0,0,0,0,0,0,0
0,299.7,309.6,1321,53.4,166,9.9,7387.08,8864.4,0,0,0,0,0,0,0
1,303.4,311.6,1425,45.4,184,8.2,6774.84,8353.6,0,0,0,0,0,0,0
0,300.7,309.5,1461,49.9,0,8.8,7634.48,0.0,0,0,0,0,0,0,0
1,299.3,308.5,1386,42.2,30,9.2,6124.97,1266.0,0,0,0,0,0,0,0
0,301.5,310.5,1453,44.2,129,9.0,6725.37,5701.8,0,0,0,0,0,0,0
2,298.9,309.6,1546,35.3,190,10.7,5714.95,6707.0,0,0,0,0,0,0,0
0,298.9,308.7,1546,43.4,114,9.8,7026.32,4947.6,0,0,0,0,0,0,0
0,304.4,313.6,1585,38.9,9,9.2,6456.65,350.1,0,0,0,0,0,0,0
0,296.2,307.2,1382,52.0,201,11.0,7525.58,10452.0,1,0,0,0,0,0,0
1,300.4,311.4,1355,56.2,122,11.0,7974.51,6856.4,0,0,0,0,0,0,0
0,297.4,308.8,1538,41.2,126,11.4,6635.63,5191.2,0,0,0,0,0,0,0
0,300.9,310.4,1536,34.2,45,9.5,5501.05,1539.0,0,0,0,0,0,0,0
0,300.6,309.4,1474,40.7,87,8.8,6282.33,3540.9,0,0,0,0,0,0,0
0,299.0,310.2,1690,30.7,244,11.2,5433.18,7490.8,1,0,0,0,0,0,0
0,296.5,307.6,1512,43.6,92,11.1,6903.46,4011.2,0,0,0,0,0,0,0
0,300.5,310.4,1761,26.5,12,9.9,4886.9,318.0,0,0,0,0,0,0,0
2,298.2,309.0,1360,56.8,107,10.8,8089.39,6077.6,0,0,0,0,0,0,0
1,298.6,308.2,1488,44.0,43,9.6,6856.21,1892.0,0,0,0,0,0,0,0
0,296.5,307.6,1431,45.2,90,11.1,6773.4,4068.0,0,0,0,0,0,0,0
1,302.3,311.7,1517,37.6,124,9.4,5973.13,4662.4,0,0,0,0,0,0,0
1,299.5,309.0,1399,49.7,207,9.5,7281.2,10287.9,1,0,0,0,0,0,0
0,299.7,309.2,1781,29.6,201,9.5,5520.57,5949.6,1,0,0,0,0,0,0
0,302.7,310.5,1351,41.8,10,7.8,5913.71,418.0,0,1,0,1,0,0,0
0,298.0,309.9,1403,47.7,43,11.9,7008.17,2051.1,0,0,0,0,0,0,0
0,303.6,312.4,1388,41.9,221,8.8,6090.21,9259.9,1,0,0,0,0,0,0
0,301.0,310.7,1727,34.5,127,9.7,6239.36,4381.5,0,0,0,0,0,0,0
0,296.1,306.7,1409,42.8,134,10.6,6315.15,5735.2,0,0,0,0,0,0,0
0,302.7,311.1,1440,39.5,146,8.4,5956.46,5767.0,0,0,0,0,0,0,0
2,300.3,311.5,1464,41.0,29,11.2,6285.7,1189.0,0,0,0,0,0,0,0
0,301.7,311.2,1517,42.4,113,9.5,6735.66,4791.2,0,0,0,0,0,0,0
0,298.7,309.7,1462,46.8,4,11.0,7165.09,187.2,0,0,0,0,0,0,0
