tree
version=v4
num_class=1
num_tree_per_iteration=1
label_index=0
max_feature_idx=9
objective=binary sigmoid:1
feature_names=type_encoded air_temperature_k process_temperature_k rotational_speed_rpm torque_nm tool_wear_min temp_diff_k power_w strain_min_nm tool_wear_critical
feature_infos=[0:2] [295.30000000000001:304.5] [305.69999999999999:313.80000000000001] [1168:2886] [3.7999999999999998:76.599999999999994] [0:253] [7.5999999999999996:12.1] [1148.4400000000001:10469.92] [0:16497] [0:1]
tree_sizes=3268 3288 3299 3293 3307 3306 3301 3319 3298 3325 3329 3334 3354 3323 3347 3350 3346 3359 3353 3343 3349 3339 3336 3347 3354 3352 3333 3369 3359 3343 3360 3339 3330 3348 3351 3363 3352 3341 3352 3353 3352 3350 3334 3356 3348 3344 3352 3348 3347 3356 3359 3361 3361 3361 3359 3372 3360 3363 3377 3369 3369 3370 3386 3371 3366 3384 3363 3379 3381 3381 3361 3383 3377 3377 3364 3386 3379 3370 3381 3377 3392 3372 3387 3381 3384 3373 3378 3369 3383 3410 3391 3380 3368 3366 3365 3375 3383 3396 3386 3369 3384 3382 3357 3385 3386 3389 3384 3378 3377 3392 3396 3385 3394 3385 3382 3394 3398 3395 3389 3392 3413 3386 3396 3396 3388 3409 3413 3417 3380 3419 3409 3403 3397 3411 3402 3384 3417 3424 3406 3400 3404 3417 3413 3430 3399 3413 3399 3425 3440 3405 3410 3424 3430 3429 3423 3420 3425 3417 3436 3440 3441 3462 3426 3425 3456 3434 3452 3435 3435 3445 3445 3453 3459 3450 3455 3458 3454 3467 3470 3468 3469 3464 3448 3455 3468 3458 3452 3460 3455 3449 3474 3451 3462 3448 3464 3461 3459 3473 3465 3460

Tree=0
num_leaves=31
num_cat=0
split_feature=3 5 7 4 6 8 7 5 8 5 2 4 3 3 5 6 3 3 6 1 8 1 1 0 0 1 1 1 4 5
split_gain=33636.7 16558.2 15593.9 10492.6 3532.11 6921.04 12047 1124.64 581.323 253.288 344.031 207.219 204.166 586.972 405.398 351.803 372.844 565.384 193.857 1001.92 219.118 168.569 364.876 138.983 193.301 271.218 119.042 321.228 537.78 108.613
threshold=1386.5000000000002 204.50000000000003 3534.8850000000007 56.850000000000001 8.6500000000000004 10823.600000000002 8982.2450000000008 202.50000000000003 10823.600000000002 202.50000000000003 308.45000000000005 23.650000000000002 1440.5000000000002 1437.5000000000002 80.500000000000014 9.0500000000000025 1418.5000000000002 1422.5000000000002 10.950000000000001 299.15000000000003 7129.1500000000005 302.25000000000006 302.35000000000008 1.5000000000000002 1.0000000180025095e-35 300.35000000000008 301.65000000000003 298.95000000000005 38.150000000000013 217.50000000000003
decision_type=2 2 2 2 2 2 2 2 2 2 2 2 2 2 2 2 2 2 2 2 2 2 2 2 2 2 2 2 2 2
left_child=4 2 -2 9 -1 6 7 21 11 12 -11 -3 13 15 -15 16 -4 -18 20 -20 29 -6 -23 24 26 -26 27 -22 -29 -13
right_child=1 8 3 -5 5 -7 -8 -9 -10 10 -12 18 -14 14 -16 -17 17 -19 19 -21 23 22 -24 -25 25 -27 -28 28 -30 -31
leaf_value=-1.8871370570616259 -1.8878767556893139 -2.0052342274793404 -3.4023690844820362 -1.996216661879308 -3.4023690844820362 -1.8986509576278332 -1.8801226527520982 -2.2563392717778603 -1.8934959186033344 -2.2712149337333067 -3.4023690844820362 -2.8176640414607754 -3.3856009287271753 -2.3270464183826589 -3.4023690844820362 -3.4023690844820362 -2.1927068239603074 -3.4023690844820362 -3.4023690844820362 -2.1215926720170639 -2.0308869732159005 -2.4236605701464136 -3.4023690844820362 -1.9747160690545904 -3.4023690844820362 -2.3654322495342406 -2.0676471495031805 -2.1927068239603074 -3.4023690844820362 -2.2410671400868889
leaf_weight=83.759657461196184 22.597905658185482 6.1240249276161185 3.3709308169782153 15.211879868060349 28.571093235164881 54.054573871195316 27.166710864752531 2.4886172525584689 13.231202859431503 1.2606723681092256 1.4400092810392378 2.4388617798686059 170.08606107532978 2.6522546708583827 1.309099346399307 28.80018562078476 2.3577073179185395 1.6363741829991338 2.3236513398587695 4.4535947665572166 4.1590474136173814 1.4570372700691212 2.7491086274385452 4.994262494146823 0.81818709149956648 2.7504371218383312 8.547187212854622 2.3577073179185395 1.5054642483592031 1.2279448844492433
leaf_count=110 30 22 103 52 873 83 32 21 19 11 44 47 5142 26 40 880 17 50 71 26 17 17 84 15 25 29 41 17 46 10
internal_value=-2.63849 -2.96848 -3.14074 -3.26485 -2.13478 -2.31285 -2.67146 -3.28106 -2.18226 -3.35549 -2.87435 -2.27388 -3.36167 -3.26022 -2.68241 -3.32351 -3.01513 -2.68831 -2.32012 -2.56072 -2.2635 -3.35886 -3.06334 -2.21082 -2.26938 -2.60317 -2.19749 -2.33582 -2.66411 -2.62457
internal_weight=505.901 305.655 250.723 228.125 200.247 116.487 62.4326 35.2659 54.9316 212.913 2.70068 41.7004 210.213 40.1266 3.96135 36.1652 7.36501 3.99408 35.5763 6.77725 28.7991 32.7772 4.20615 25.1323 20.138 3.56862 16.5694 8.02222 3.86317 3.66681
internal_count=8000 6780 6395 6365 1220 1110 1027 995 385 6313 55 366 6258 1116 66 1050 170 67 344 97 247 974 101 190 175 54 121 80 63 57
is_linear=0
shrinkage=1


Tree=1
num_leaves=31
num_cat=0
split_feature=3 5 7 7 3 8 2 4 6 7 5 8 7 2 2 7 7 6 4 4 2 5 3 3 4 4 7 8 6 8
split_gain=2438.26 2196.13 2714.41 1561.84 223.808 197.871 200.536 164.677 124.706 521.674 1073.65 102.633 861.49 161.268 155.912 81.2513 807.767 460.14 70.3757 114.556 41.8797 53.9947 134.504 197.726 38.5375 28.1072 25.3771 69.0326 97.818 23.7969
threshold=1405.5000000000002 202.50000000000003 3534.8850000000007 8982.2450000000008 1440.5000000000002 4536.4000000000005 309.85000000000008 44.750000000000007 8.6500000000000004 7445.2800000000007 202.50000000000003 10823.600000000002 8982.2450000000008 311.75000000000006 311.85000000000008 5102.3550000000005 5066.6950000000006 9.5500000000000025 45.250000000000007 48.750000000000007 307.65000000000003 213.50000000000003 1554.5000000000002 1920.5000000000002 48.050000000000004 30.650000000000002 6309.1500000000005 10823.600000000002 9.3500000000000032 10129.500000000002
decision_type=2 2 2 2 2 2 2 2 2 2 2 2 2 2 2 2 2 2 2 2 2 2 2 2 2 2 2 2 2 2
left_child=8 2 -2 4 5 6 -4 -8 -1 10 -10 12 13 -11 -15 16 -6 -18 -9 24 -3 22 26 -24 -20 -23 -22 28 -28 -27
right_child=1 20 3 -5 15 -7 7 18 9 11 -12 -13 -14 14 -16 -17 17 -19 19 -21 21 25 23 -25 -26 29 27 -29 -30 -31
leaf_value=0.37458426672761869 0.3764618748226517 0.4713688250501008 -0.052332436055687138 0.41598555279361565 -0.051692860440022463 -0.052214719639938879 -0.052167800032002221 0.49691614339485923 -0.051772467419219009 -0.052312814112235206 0.3717846043472709 0.38119240999178128 0.37976104446250275 0.5775471806844884 -0.051664714718849307 -0.051717083312470449 1.1481566211418281 -0.051692860440022428 0.27582113725712065 -0.052980632655195307 0.39558580068638149 0.43067434792626058 -0.054009668889596067 0.34653095365047493 0.52355980693489712 0.33072202660591749 0.35033331933319711 0.38212748528503093 -0.054454958393186738 0.39313116404172233
leaf_weight=296.99034768529236 78.852231591939926 8.1131604202091676 6.2966876700520542 24.129969850182533 28.666825499385595 13.302879136055706 3.1054140105843571 5.1669963542371979 25.308610826730728 15.75440886244178 36.59603313356638 185.30812579393387 104.34633777290583 2.2569803372025481 1.7462637871503828 133.00599243119359 2.3769894167780872 1.2036899104714391 4.318796653300522 2.1496873609721661 22.106509735807776 20.509895468130708 5.4591972865164262 7.0731749124825001 2.466147618368268 29.498218450695276 3.5108746327459839 12.973951339721678 2.5960204470902681 31.676973711699247
leaf_count=144 30 13 178 9 905 391 90 11 795 457 54 75 35 5 56 4185 20 38 48 54 55 27 97 14 6 117 15 4 47 25
internal_value=0.289909 0.199734 0.123848 0.0357842 -0.00961934 0.101882 0.189099 0.277448 0.350434 0.331117 0.198621 0.357626 0.322438 0.0196954 0.303077 -0.0344538 0.036749 0.744812 0.350035 0.265092 0.361027 0.354415 0.315481 0.172052 0.365868 0.38002 0.359123 0.316879 0.178259 0.363038
internal_weight=1116.87 448.56 305.042 226.19 202.06 36.8066 23.5037 17.207 668.307 371.317 61.9046 309.412 124.104 19.7577 4.00324 165.253 32.2475 3.58068 14.1016 8.93463 143.518 135.405 53.7197 12.5324 6.78494 81.6851 41.1874 19.0808 6.1069 61.1752
internal_count=8000 6379 5965 5935 5926 778 387 209 1621 1477 849 628 553 518 61 5148 963 58 119 108 414 401 232 111 54 169 121 66 62 142
is_linear=0
shrinkage=0.05


Tree=2
num_leaves=31
num_cat=0
split_feature=3 5 7 7 3 8 2 7 7 7 6 7 5 5 5 8 7 1 3 6 3 8 2 5 3 3 3 8 8 1
split_gain=1243.41 1162.17 1668.11 1014.79 189.327 142.763 125.859 91.9662 71.6476 324.746 55.6597 250.713 656.876 43.8391 109.91 43.5326 469.682 113.772 28.9457 105.676 19.5481 13.5145 12.7957 21.5592 64.0046 125.716 12.6397 29.0237 57.6745 99.3691
threshold=1405.5000000000002 202.50000000000003 3534.8850000000007 8982.2450000000008 1440.5000000000002 4536.4000000000005 309.85000000000008 6660.3400000000011 5102.3550000000005 5066.6950000000006 8.6500000000000004 7445.2800000000007 202.50000000000003 178.50000000000003 144.50000000000003 10823.600000000002 8982.2450000000008 302.25000000000006 1437.5000000000002 9.0500000000000025 1411.5000000000002 9826.3000000000011 307.75000000000006 213.50000000000003 1554.5000000000002 1920.5000000000002 1566.5000000000002 10129.500000000002 8377.4000000000033 297.45000000000005
decision_type=2 2 2 2 2 2 2 2 2 2 2 2 2 2 2 2 2 2 2 2 2 2 2 2 2 2 2 2 2 2
left_child=10 2 -2 4 5 6 -4 -8 9 -6 -1 12 -12 14 -11 16 17 -13 19 -9 -3 -14 -22 24 -24 -26 27 28 -25 -30
right_child=1 20 3 -5 8 -7 7 18 -10 13 11 15 21 -15 -16 -17 -18 -19 -20 -21 22 -23 23 26 25 -27 -28 -29 29 -31
leaf_value=0.27263129004867293 0.27372267607762957 -0.058565773015837402 -0.052216949436480246 0.29126307023715442 -0.051607579713352496 -0.052105718149359603 -0.052096749909507613 0.29092735305593515 -0.051630743122460902 -0.053680082671094545 -0.051683650453870793 -0.052136992699462148 0.29993933185413035 0.48030815474160837 0.4226360244915971 0.27582234010319401 0.27546630561446339 0.21954148084691308 0.32370476520572755 -0.052172498844514859 0.31243419320268973 0.2459858726141321 0.26105379315886407 0.27733204192562999 -0.053804165166970619 0.25419149413486036 0.29225518073250406 0.28173053624601035 0.28441619046115479 -0.056974870269754729
leaf_weight=384.69607152044773 102.23776602745056 0.47871370613574882 6.0025071129202869 32.450040176510811 27.312653679400682 12.679893605411051 2.9692256376147297 8.1816634386777896 126.72545212134719 2.0381822139024726 24.114621251821518 15.073986189439895 19.874450869858265 2.6628703959286213 2.9846430160105228 241.39623150229454 135.60423246026039 5.1770747061818829 7.4734870120882979 3.0925626605749121 11.504836268723009 27.899853818118572 53.422379666939378 12.738451398909094 5.2122819870710364 9.0932323262095434 44.659930597990751 41.678904213011265 4.1565052978694421 4.3751324005424976
leaf_count=144 30 4 178 9 905 391 89 27 4185 43 795 465 24 5 10 75 35 53 9 84 13 30 119 25 97 14 57 24 9 52
internal_value=0.221321 0.1607 0.105175 0.0317144 -0.00995508 0.0868656 0.150436 0.206449 -0.0341413 0.0291861 0.258534 0.246974 0.161051 0.316303 0.229355 0.262523 0.241924 0.0173161 0.247397 0.196814 0.260535 0.268431 0.261353 0.258001 0.235901 0.141972 0.271911 0.257477 0.209951 0.109347
internal_weight=1377.97 524.131 336.811 234.573 202.123 40.3993 27.7194 21.7169 161.724 34.9983 853.837 469.14 71.8889 7.6857 5.02283 397.252 155.855 20.2511 18.7477 11.2742 187.32 47.7743 186.842 175.337 67.7279 14.3055 107.609 62.949 21.2701 8.53164
internal_count=8000 6379 5965 5935 5926 778 387 209 5148 963 1621 1477 849 58 53 628 553 518 120 111 414 54 410 397 230 111 167 110 86 61
is_linear=0
shrinkage=0.05


Tree=3
num_leaves=31
num_cat=0
split_feature=3 5 7 7 3 8 2 7 7 4 6 7 5 6 0 8 5 8 7 7 3 5 2 2 2 3 5 7 6 2
split_gain=766.634 722.233 1163.57 749.045 165.039 111.822 90.5373 67.0431 227.846 62.1667 32.9543 106.924 259.65 355.123 17.6618 57.633 17.0548 13.0877 171.843 120.394 13.0187 8.06352 20.0538 23.7402 32.5481 68.8215 25.4608 14.0775 8.18739 21.7154
threshold=1405.5000000000002 202.50000000000003 3534.8850000000007 8982.2450000000008 1440.5000000000002 4536.4000000000005 309.85000000000008 5102.3550000000005 5066.6950000000006 44.750000000000007 8.5500000000000025 7696.4300000000012 194.50000000000003 8.6500000000000004 1.0000000180025095e-35 3777.1500000000005 178.50000000000003 10823.600000000002 8635.0550000000021 7716.3650000000007 1411.5000000000002 224.50000000000003 313.15000000000003 308.55000000000007 309.55000000000007 1456.5000000000002 218.50000000000003 6064.795000000001 11.250000000000002 311.05000000000007
decision_type=2 2 2 2 2 2 2 2 2 2 2 2 2 2 2 2 2 2 2 2 2 2 2 2 2 2 2 2 2 2
left_child=10 2 -2 4 5 6 -4 8 -6 -8 -1 12 13 -12 15 -11 -10 18 19 -13 -3 22 23 27 25 -25 28 -22 29 -26
right_child=1 20 3 -5 7 -7 9 -9 16 14 11 17 -14 -15 -16 -17 -18 -19 -20 -21 21 -23 -24 24 26 -27 -28 -29 -30 -31
leaf_value=0.22035254049137906 0.21988950886623662 -0.058085044581622107 -0.05210728428815399 0.23016368956076608 -0.051526721785500919 -0.052002150327516553 -0.051970874006310924 -0.051548868588481879 0.17789802870452076 -0.053430148635139257 0.20707950537407771 0.25651113003206677 0.21246527445081284 -0.051598032952724915 0.22783428167289679 0.23697735302969988 0.3124120673526497 0.22163065938302393 0.21867234482634165 -0.052953089214260354 0.25004988729015687 0.22251644359101508 0.2768480629815197 0.21758792269322008 0.21299439239089121 -0.05653148713404426 0.10964950679869774 0.19193253624078058 0.23585797438639827 0.15085482923664234
leaf_weight=400.594955265522 120.34212085604668 0.45903967320918937 5.7214749529957798 38.810854390263557 26.020340081304312 12.08490329235792 2.8421540986746576 120.73160392418504 6.0850682556629163 2.6542606465518501 26.266310781240463 4.5162422694265834 103.36189923062921 26.810754742473364 14.853959310799835 4.7942769192159176 3.8455908298492432 259.29305219650269 166.2157217822969 10.334873361513017 27.461981100961566 69.87120658159256 8.4464898370206338 5.1067328974604589 46.742306215688586 4.1508885230869055 8.2828487791120988 16.790295265614986 14.408492548391221 20.10766139626503
leaf_count=117 30 4 178 9 905 391 90 4185 53 60 16 16 103 925 46 13 5 66 73 305 34 53 4 12 94 58 31 31 24 69
internal_value=0.182669 0.136992 0.0931437 0.0291755 -0.00989869 0.0769313 0.127412 -0.0337012 0.0262354 0.16826 0.209259 0.201813 0.166305 0.076414 0.196326 0.133492 0.229988 0.214428 0.204112 0.0411554 0.207913 0.208465 0.201984 0.197564 0.183932 0.0946796 0.19316 0.227999 0.201672 0.194304
internal_weight=1578.01 580.615 358.787 238.444 199.634 42.951 30.8661 156.683 35.951 25.1447 997.394 596.799 156.439 53.0771 22.3025 7.44854 9.93066 440.36 181.067 14.8511 221.828 221.369 151.498 143.051 98.7989 9.25762 89.5413 44.2523 81.2585 66.85
internal_count=8000 6379 5965 5935 5926 778 387 5148 963 209 1621 1504 1044 941 119 73 58 460 394 321 414 410 357 353 288 70 218 65 187 163
is_linear=0
shrinkage=0.05


Tree=4
num_leaves=31
num_cat=0
split_feature=4 3 5 3 6 7 7 3 8 7 8 7 2 2 7 4 4 6 7 2 1 5 2 2 8 7 3 4 0 8
split_gain=537.866 465.338 944.052 250.112 119.018 68.1715 170.533 64.6665 191.059 299.476 86.5392 71.8991 54.4066 54.1768 45.089 51.6236 32.6365 17.4737 38.5695 89.8938 35.8992 150.519 15.4183 26.5545 22.2956 64.6004 21.1326 13.4927 49.8961 12.674
threshold=44.95000000000001 2089.5000000000005 202.50000000000003 1422.5000000000002 8.5500000000000025 5102.3550000000005 5066.6950000000006 1386.5000000000002 9579.5000000000018 8982.2450000000008 3807.4000000000005 7319.5300000000007 309.85000000000008 310.95000000000005 6403.5300000000007 44.150000000000013 22.850000000000005 8.5500000000000025 7445.2800000000007 310.95000000000005 301.95000000000005 202.50000000000003 308.55000000000007 310.15000000000003 5352.7000000000007 6288.1900000000014 1492.5000000000002 47.650000000000013 1.5000000000000002 10823.600000000002
decision_type=2 2 2 2 2 2 2 2 2 2 2 2 2 2 2 2 2 2 2 2 2 2 2 2 2 2 2 2 2 2
left_child=1 2 3 4 -1 6 -5 17 9 10 11 12 -9 27 16 -16 -4 -2 19 20 21 -19 -18 24 -24 -26 -25 28 -14 -20
right_child=7 -3 14 5 -6 -7 -8 8 -10 -11 -12 -13 13 -15 15 -17 22 18 29 -21 -22 -23 23 26 25 -27 -28 -29 -30 -31
leaf_value=0.18345510594675074 0.18789154182113085 0.18221975480803823 -0.064123424972275508 -0.051450046890439582 -0.051498888837218385 -0.05147622395459657 0.18441849494520587 -0.051581617917172556 0.18705039292048176 0.19645120032732072 -0.052301942902255996 -0.053483007542203337 -0.054296970088381351 -0.052518710233263002 -0.057457421298520273 0.16242348647442947 0.20230120802414908 -0.051447558818156727 0.16977533292642563 -0.055699132601343883 0.18737900087586687 0.177783010916606 0.1906757288088054 0.10357320677903639 -0.056975976803932897 0.18466874968826771 0.18658596191216345 0.22122953852521668 0.22265815649284018 0.18633943154689947
leaf_weight=22.767609998583797 423.46546134352684 159.79320328310132 1.4147960022091854 22.185290046036243 7.0617846082895985 105.62576967664063 11.706897158175705 3.9830481726676252 151.76329942978919 43.310332298278809 23.304243313148618 8.2564590573310834 2.4146658424288097 2.8260327558964482 4.6220779195427877 6.3185718320310116 42.795263394713402 9.4856528528034669 186.69759275391698 5.2892669681459656 44.717108441516757 29.223497092723846 5.5318764187395599 8.5518591031432134 5.3581635169684869 5.7166439928114414 74.063722837716341 10.039772137999533 4.9807152859866619 302.75254298746586
leaf_count=17 82 135 9 810 257 3835 58 142 121 9 737 227 60 81 53 15 51 348 464 136 12 22 3 32 72 9 114 16 4 69
internal_value=0.157197 0.112404 0.0779413 -0.00358152 0.127832 -0.0316782 0.0300227 0.174489 0.151788 0.0977956 0.0212288 0.0739532 0.117352 0.150562 0.167372 0.0695308 0.174835 0.180175 0.174523 0.14419 0.156863 0.12161 0.177216 0.166396 0.108703 0.0677573 0.177993 0.183479 0.13223 0.180021
internal_weight=1736.02 483.514 323.72 169.347 29.8294 139.518 33.8922 1252.51 250.879 99.1153 55.8049 32.5007 24.2442 20.2612 154.373 10.9406 143.432 1001.63 578.166 88.7155 83.4263 38.7091 142.018 99.2223 16.6067 11.0748 82.6156 17.4352 7.39538 489.45
internal_count=8000 5470 5335 4977 274 4703 868 2530 1397 1276 1267 530 303 161 358 68 290 1133 1051 518 382 370 281 230 84 81 146 80 64 533
is_linear=0
shrinkage=0.05


Tree=5
num_leaves=31
num_cat=0
split_feature=4 7 5 3 6 7 7 3 8 7 8 3 4 7 6 2 3 7 3 2 4 2 5 3 8 4 3 6 8 7
split_gain=397.911 359.063 789.417 219.833 94.4588 57.7408 144.946 48.0293 110.988 133.598 85.5845 57.171 43.6372 30.9539 67.7307 14.0161 42.7874 14.0236 22.159 14.2408 13.6078 58.0313 211.587 13.7315 131.635 11.9967 44.0483 11.9247 120.593 14.5802
threshold=44.95000000000001 3534.8850000000007 202.50000000000003 1422.5000000000002 8.5500000000000025 5102.3550000000005 5066.6950000000006 1405.5000000000002 9949.3000000000011 8982.2450000000008 3807.4000000000005 1440.5000000000002 48.650000000000013 6297.9800000000005 9.3500000000000032 308.55000000000007 1445.5000000000002 6189.1500000000005 1492.5000000000002 309.75000000000006 60.550000000000004 309.75000000000006 194.50000000000003 1380.5000000000002 9579.5000000000018 47.650000000000013 1438.5000000000002 8.6500000000000004 6420.9500000000016 7460.2850000000008
decision_type=2 2 2 2 2 2 2 2 2 2 2 2 2 2 2 2 2 2 2 2 2 2 2 2 2 2 2 2 2 2
left_child=1 -1 3 4 -3 6 -5 20 9 10 11 12 25 15 -15 -4 -17 18 -18 -20 21 22 -2 27 -25 26 -9 -23 -29 -30
right_child=7 2 13 5 -6 -7 -8 8 -10 -11 -12 -13 -14 14 -16 16 17 -19 19 -21 -22 23 -24 24 -26 -27 -28 28 29 -31
leaf_value=0.16397424845111763 -0.05287937459522532 0.15985972492706624 0.17566788231328467 -0.051423541211020066 -0.051423968261756638 -0.051402280301200746 0.15427665755167527 -0.054042916074571935 0.16298487778875881 0.16676827788606688 -0.052326173847769712 -0.05144337172441589 -0.053319709767904649 0.14681979085167737 -0.058618457530034418 -0.061012716325844221 -0.059765960529935262 0.18276756517008441 0.084153071572393975 0.14895116304119613 0.16364520785908132 0.16391702174071027 0.15481293816454722 -0.055962904445343131 0.16445752587153806 0.18092580297057798 0.18439004053944863 -0.051803834672068144 0.11189068008444024 0.16241264250855542
leaf_weight=157.38823372125626 15.61789074167609 24.76376694440842 46.929909609258175 24.219592325389385 6.7269170209765425 100.61523315124214 13.248755067586897 2.9412496853619903 103.93218334391713 29.973827332258224 18.433380268514156 6.0781894437968722 3.1185143515467635 13.420282561331989 5.722884275019168 2.5077565796673289 1.3817361257970322 22.866923267021775 9.4949305057525617 79.252250034362078 448.83698300272226 429.65950247645378 57.082818415015936 7.8700936995446673 48.606931990012527 11.563635706901549 5.6733556594699621 7.2148858178406945 15.896765142679213 140.45934403687716
leaf_count=32 510 17 46 905 257 3835 58 71 62 6 610 230 83 28 63 23 14 17 45 130 164 81 45 193 27 23 4 239 89 93
internal_value=0.138925 0.101218 0.0730909 -0.00448495 0.114726 -0.0316717 0.0213118 0.153097 0.12918 0.0840102 0.0321243 0.0851187 0.120748 0.145539 0.0854037 0.152626 0.143264 0.147797 0.138925 0.142019 0.156808 0.15256 0.110196 0.1573 0.133742 0.14765 0.102983 0.159543 0.148054 0.157276
internal_weight=1861.5 508.539 351.151 169.574 31.4907 138.084 37.4683 1352.96 181.714 77.7822 47.8083 29.3749 23.2968 181.577 19.1432 162.434 115.504 112.996 90.1289 88.7472 1171.25 722.408 72.7007 649.708 56.477 20.1782 8.61461 593.23 163.571 156.356
internal_count=8000 5470 5438 5072 274 4798 963 2530 1089 1027 1021 411 181 366 91 275 229 206 189 175 1441 1277 555 722 220 98 75 502 421 182
is_linear=0
shrinkage=0.05


Tree=6
num_leaves=31
num_cat=0
split_feature=4 7 5 3 4 4 3 8 7 8 3 3 8 1 6 7 5 1 2 6 3 3 5 1 1 1 3 4 2 3
split_gain=310.664 310.41 670.533 141.455 55.9008 161.982 45.5824 118.924 180.927 63.8374 61.7962 83.1513 39.9607 55.1707 11.5596 24.8296 65.3689 169.176 11.0448 43.7976 9.23637 10.5437 26.9591 70.5911 22.3045 36.5835 9.89509 7.65047 36.6763 6.15351
threshold=44.150000000000013 3534.8850000000007 202.50000000000003 1378.5000000000002 29.150000000000002 28.750000000000004 1380.5000000000002 8863.9000000000015 8982.2450000000008 4536.4000000000005 1418.5000000000002 1440.5000000000002 8646.9000000000015 297.45000000000005 8.5500000000000025 8056.6750000000002 193.50000000000003 302.05000000000007 310.95000000000005 9.4500000000000011 1428.5000000000002 1524.5000000000002 213.50000000000003 300.45000000000005 299.25000000000006 297.05000000000007 1510.5000000000002 45.250000000000007 310.65000000000003 1420.5000000000002
decision_type=2 2 2 2 2 2 2 2 2 2 2 2 2 2 2 2 2 2 2 2 2 2 2 2 2 2 2 2 2 2
left_child=1 -1 3 -3 5 -5 14 8 9 10 -8 27 20 -14 -2 16 17 -16 -19 -20 -4 26 23 24 25 -23 -22 -12 -29 -30
right_child=6 2 12 4 -6 -7 7 -9 -10 -11 11 -13 13 -15 15 -17 -18 18 19 -21 21 22 -24 -25 -26 -27 -28 28 29 -31
leaf_value=0.14656703857976872 0.14750836724629926 0.13909138851947886 -0.064265085975969791 -0.051734820178360785 -0.051556575904844998 0.16935605016979777 -0.05404822322039015 0.14213009140905131 0.15150763196716271 -0.05250309160539475 0.15450080569391289 -0.051389648031756288 0.14528253116673623 -0.059438714245722536 -0.052590538459800586 0.14409105108587281 0.14090581741354863 0.1472922636890375 -0.057168880734755914 0.16594606472731099 0.13803847420105664 0.13430314793335504 0.14246057642016305 -0.060030347309262745 0.15528190457188401 -0.058641196819018408 0.18469850846560448 -0.053587851395840408 0.17683911887996687 0.10940423841132284
leaf_weight=167.0015497803688 485.67543697357178 13.364606142044066 0.58582480996847053 25.476335965096951 96.943136526271701 12.276682114228604 10.022501232102512 225.2123134508729 50.494391262531281 18.624236488714814 12.692793846130373 8.6067842748016101 6.6169028431177122 6.5472982302308083 17.362349262461066 429.10760682076216 145.67289402149618 32.041956104338169 3.425848722457884 6.1447520162910223 34.280741386115551 6.8412508964538592 80.116459041833878 6.4116224236786357 19.068079616874456 3.8333351407200098 16.995602022856474 3.0583022199571159 5.8242817968130103 8.0706265047192556
leaf_count=32 76 27 4 946 3800 78 289 246 9 661 25 341 9 66 601 221 75 7 73 18 48 5 71 62 23 48 13 81 5 40
internal_value=0.125217 0.0910389 0.0628832 -0.0160612 -0.0314555 0.0201604 0.13682 0.120862 0.0800598 0.0261325 0.0564695 0.085426 0.127355 0.0434631 0.141704 0.137256 0.122926 0.0785128 0.133214 0.0860809 0.133924 0.134617 0.126287 0.090447 0.122885 0.0650152 0.153504 0.125146 0.103168 0.137671
internal_weight=1958.4 496.359 329.358 148.061 134.696 37.753 1462.04 342.606 117.394 66.8995 48.2753 38.2528 181.297 13.1642 1119.43 633.755 204.648 58.9749 41.6126 9.5706 168.133 167.547 116.271 36.1543 29.7427 10.6746 51.2763 29.646 16.9532 13.8949
internal_count=8000 5232 5200 4851 4824 1024 2768 1697 1451 1442 781 492 349 75 1071 995 774 699 98 91 274 270 209 138 76 53 61 151 126 45
is_linear=0
shrinkage=0.05


Tree=7
num_leaves=31
num_cat=0
split_feature=4 7 5 3 6 4 4 3 8 7 8 3 4 7 6 1 1 6 6 8 7 2 4 6 5 8 5 5 6 3
split_gain=249.556 235.212 527.862 173.117 66.8322 52.9312 135.148 31.3481 70.9194 108.841 73.912 40.8265 30.8508 19.2238 50.7522 9.90613 19.9082 43.654 9.07131 28.2556 103.035 108.493 58.3852 48.1881 42.2033 20.3139 37.2148 12.0729 58.9922 8.63002
threshold=44.95000000000001 3534.8850000000007 202.50000000000003 1422.5000000000002 8.5500000000000025 29.150000000000002 28.750000000000004 1405.5000000000002 10129.500000000002 8982.2450000000008 3807.4000000000005 1440.5000000000002 48.650000000000013 6297.9800000000005 9.3500000000000032 301.05000000000007 302.55000000000007 8.6500000000000004 8.5500000000000025 10823.600000000002 8982.2450000000008 309.35000000000008 49.45000000000001 9.5500000000000025 119.50000000000001 6420.9500000000016 10.500000000000002 202.50000000000003 8.6500000000000004 1437.5000000000002
decision_type=2 2 2 2 2 2 2 2 2 2 2 2 2 2 2 2 2 2 2 2 2 2 2 2 2 2 2 2 2 2
left_child=1 -1 3 4 -3 6 -5 18 9 10 11 12 29 15 -15 -4 17 -17 -2 20 21 -20 27 24 25 26 -24 28 -23 -9
right_child=7 2 13 5 -6 -7 -8 8 -10 -11 -12 -13 -14 14 -16 16 -18 -19 19 -21 -22 22 23 -25 -26 -27 -28 -29 -30 -31
leaf_value=0.1332392033187085 0.13301035407807102 0.12997994176518976 0.12761390286749455 -0.051651031042999646 -0.051319998504672351 -0.051409278200918868 0.14553410327692015 0.082585072418565261 0.13385681191764728 0.13535755595360097 -0.052979758954317981 -0.051303108332723828 -0.053277962529316818 0.11808442816973325 -0.058397742392421848 0.1252929127462937 0.12241772461731955 -0.065246799669561567 -0.053443726960636401 0.13285443129232583 0.13478281344510976 0.12808142346448967 0.12854077982102696 -0.052430847628499269 -0.058120684769420221 0.14645987161048288 -0.05509532578492099 0.13919319818341977 -0.051441706976311202 0.14494923546239633
leaf_weight=174.31394547224045 516.39235857501626 27.472806569188833 142.20009526982903 24.272161858156323 6.2371362242847672 91.302186049520969 13.535348834469913 9.6481353938579648 107.90061905235052 39.939764991402626 19.003818644210696 5.5143320634961119 2.9561850633472195 15.106189902871849 5.5779744759201995 7.2995241358876211 29.215254958719015 5.1106572821736336 14.012420659884809 437.38954165577888 213.19230146706104 27.565698087215424 6.8939724359661394 9.6138029973953945 4.8487706258893004 12.898960325866936 4.5996817164123058 39.672549098730087 5.4869465399533501 13.051272951066492
leaf_count=32 105 17 186 946 257 3774 78 90 45 7 626 230 83 28 63 12 36 41 449 94 35 11 9 284 102 8 115 12 217 8
internal_value=0.114475 0.0854087 0.062711 -0.00446373 0.0964352 -0.030808 0.0189426 0.125037 0.106511 0.073768 0.0247409 0.072126 0.0986555 0.116192 0.0704918 0.121334 0.099881 0.0468264 0.127875 0.124458 0.113619 0.0776932 0.0941616 0.0446798 0.0766072 0.103388 0.0550509 0.120598 0.0982795 0.118442
internal_weight=2032.22 541.643 367.329 162.82 33.7099 129.11 37.8075 1490.58 198.014 90.1135 50.1737 31.1699 25.6556 204.51 20.6842 183.826 41.6254 12.4102 1292.57 776.175 338.785 125.593 111.58 38.8552 29.2414 24.3926 11.4937 72.7252 33.0526 22.6994
internal_count=8000 5470 5438 5072 274 4798 1024 2530 1089 1044 1037 411 181 366 91 275 89 53 1441 1336 1242 1207 758 518 234 132 124 240 228 98
is_linear=0
shrinkage=0.05


Tree=8
num_leaves=31
num_cat=0
split_feature=4 3 5 3 7 7 3 8 7 4 3 3 8 1 8 6 7 5 1 8 7 3 5 2 2 5 5 3 1 5
split_gain=209.327 217.656 442.13 111.229 56.2283 90.6666 32.4926 76.6922 127.495 52.6107 53.823 58.9832 27.3043 43.9789 13.7586 8.12045 16.3035 41.2078 127.08 7.92756 12.6879 6.99977 6.68357 6.05277 16.8766 57.6674 5.80182 9.66585 34.7836 5.5857
threshold=44.150000000000013 2089.5000000000005 202.50000000000003 1378.5000000000002 5102.3550000000005 5066.6950000000006 1380.5000000000002 8863.9000000000015 8982.2450000000008 48.550000000000004 1440.5000000000002 1418.5000000000002 8646.9000000000015 297.45000000000005 948.05000000000007 8.5500000000000025 8056.6750000000002 193.50000000000003 302.05000000000007 6046.6000000000013 5021.0350000000008 1356.5000000000002 206.50000000000003 310.45000000000005 308.95000000000005 233.50000000000003 20.500000000000004 1437.5000000000002 303.55000000000007 178.50000000000003
decision_type=2 2 2 2 2 2 2 2 2 2 2 2 2 2 2 2 2 2 2 2 2 2 2 2 2 2 2 2 2 2
left_child=1 2 3 -1 5 -5 15 8 9 10 11 -8 19 -14 -13 -2 17 18 -17 22 -21 -20 -4 24 -22 -26 -16 28 -28 -7
right_child=6 -3 12 4 -6 29 7 -9 -10 -11 -12 14 13 -15 26 16 -18 -19 21 20 23 -23 -24 -25 25 -27 27 -29 -30 -31
leaf_value=0.11686835256836912 0.12365998283492274 0.11973900430672682 0.1150004547326258 -0.051213908719716456 -0.051313219551214255 0.086600364817012082 -0.053424045052415964 0.11809223603516027 0.12605690113991641 -0.053649168445440668 -0.05118078850421566 -0.055636122319008809 0.12013892749584161 -0.059411820390943088 0.15443528061190001 -0.052690606284362243 0.12068683418440983 0.11758060800944999 0.074077161302901984 0.16194696069393233 0.1106249037229728 0.12248015884545303 0.053937001364504571 0.11744306841378825 -0.060868857945394976 0.15164406281111961 -0.052575428131760665 0.12789651479683428 0.13412704347911697 0.1467128236726398
leaf_weight=14.35674888640642 522.0483603477478 196.95240979082882 7.4728205353021648 18.601742433384061 88.543376684188843 9.4770172201097029 7.2207849379628888 244.2489474285394 54.694966167211533 16.737662291154265 10.609306277707217 1.2842534985393275 7.2551812231540662 6.4356120582669973 6.2442202568054226 15.833805659785865 461.35815938562155 157.11558243446052 9.4862154740840179 12.138067096471785 45.31409227848053 35.130354734137654 11.193112593144177 81.462143264710903 6.3750423304736596 6.394079864025116 3.9722976330667752 13.937421588227151 6.7064870744943619 6.5252778083086005
leaf_count=27 76 135 13 811 3860 53 259 246 9 534 471 24 9 66 1 601 221 75 52 3 55 46 36 92 63 4 127 21 5 5
internal_value=0.105884 0.0783465 0.0529927 -0.0148374 -0.0301919 0.0238523 0.114998 0.101948 0.0694691 0.0230749 0.0487715 0.0757094 0.103671 0.0357378 0.104717 0.118971 0.115366 0.104083 0.0690019 0.109131 0.112915 0.112189 0.0783835 0.10865 0.0963178 0.045546 0.11139 0.100471 0.0646774 0.111113
internal_weight=2085.13 518.497 321.544 137.504 123.147 34.604 1566.63 365.656 121.407 66.7124 49.9748 39.3655 184.04 13.6908 32.1447 1200.97 678.924 217.566 60.4504 170.349 151.683 44.6166 18.6659 139.545 58.0832 12.7691 30.8604 24.6162 10.6788 16.0023
internal_count=8000 5232 5097 4756 4729 869 2768 1697 1451 1442 908 437 341 75 178 1071 995 774 699 266 217 98 49 214 122 67 154 153 132 58
is_linear=0
shrinkage=0.05


Tree=9
num_leaves=31
num_cat=0
split_feature=4 7 5 3 4 4 3 8 7 8 3 3 8 1 6 8 7 6 7 1 6 3 3 3 5 3 5 6 8 2
split_gain=177.825 188.249 407.841 100.853 48.2732 106.086 28.4479 62.0433 108.97 48.1891 45.0055 52.7075 22.7668 38.7065 7.27394 14.6223 58.0374 97.4794 54.4131 42.271 25.2575 7.01241 6.09087 31.0478 14.7816 41.317 33.4213 5.89892 5.58624 16.6248
threshold=44.150000000000013 3534.8850000000007 202.50000000000003 1378.5000000000002 29.150000000000002 28.750000000000004 1380.5000000000002 8863.9000000000015 8982.2450000000008 4536.4000000000005 1418.5000000000002 1440.5000000000002 8646.9000000000015 297.45000000000005 8.5500000000000025 10823.600000000002 8982.2450000000008 8.6500000000000004 6189.1500000000005 302.25000000000006 9.4500000000000011 1428.5000000000002 1524.5000000000002 1540.5000000000002 213.50000000000003 1554.5000000000002 205.50000000000003 9.6500000000000004 10823.600000000002 309.45000000000005
decision_type=2 2 2 2 2 2 2 2 2 2 2 2 2 2 2 2 2 2 2 2 2 2 2 2 2 2 2 2 2 2
left_child=1 -1 3 -3 5 -5 14 8 9 10 -8 -12 21 -14 -2 16 17 -16 -19 -20 -21 -4 27 -24 25 -25 -27 -23 29 -9
right_child=6 2 12 4 -6 -7 7 28 -10 -11 11 -13 13 -15 15 -17 -18 18 19 20 -22 22 23 24 -26 26 -28 -29 -30 -31
leaf_value=0.11434352711075234 0.11509188266425859 0.10825820486793412 -0.066283440196136786 -0.051636151053761327 -0.051410311439344707 0.11949519872510195 -0.054054967875086062 0.044827213793188582 0.11696669075597606 -0.052436797739620324 0.096171803843059844 -0.051191462649621981 0.11006100429866067 -0.058908292374292459 0.10932618894848929 0.11345909876908906 0.11492017399895296 0.14060897008961426 -0.053714826252236642 -0.053359737831054133 0.11605441186782668 0.12766688679077615 -0.064476432108936527 0.11927901160680124 0.10999066758192877 0.079964697997725098 -0.060150794403029575 0.095635329261268748 0.11534954998138586 0.10749103915979147
leaf_weight=183.2938180565834 532.56780910491943 14.713678691536186 0.62726755812764068 22.699674157425761 84.104790147393942 15.067022096365688 9.0711914077401143 11.983416540548204 55.962444052100182 16.318890605121851 33.093228714540601 7.4302177242934695 7.5162499472498876 6.1727433539927006 58.084069773554802 404.20930214226246 189.69912032783031 6.5515299998223773 23.736854925751686 3.1139147169888002 7.4964125789701939 34.869089547544718 2.9768756050616494 21.392712526023388 89.663313411176205 9.1864500492811221 7.9294610675424329 24.453015927225351 148.2430537045002 90.654117213562131
leaf_count=32 76 27 4 946 3800 78 289 82 9 661 151 341 9 66 18 82 30 3 769 71 22 26 21 12 65 33 78 35 30 134
internal_value=0.0987275 0.0734706 0.0515247 -0.0153945 -0.0303233 0.0166367 0.107019 0.0949237 0.0656566 0.0220929 0.0466165 0.0691519 0.0961572 0.0338681 0.110698 0.107321 0.0987259 0.0676898 0.00855814 -0.0166298 0.0663348 0.100619 0.101169 0.0951554 0.098863 0.0729533 0.015052 0.114463 0.109141 0.100175
internal_weight=2122.88 524.666 341.372 136.585 121.871 37.7667 1598.22 372.757 121.876 65.9135 49.5946 40.5234 204.787 13.689 1225.46 692.891 288.682 98.9828 40.8987 34.3472 10.6103 191.098 190.471 131.149 128.172 38.5086 17.1159 59.3221 250.881 102.638
internal_count=8000 5232 5200 4851 4824 1024 2768 1697 1451 1442 781 492 349 75 1071 995 913 883 865 862 93 274 270 209 188 123 111 61 246 216
is_linear=0
shrinkage=0.05


Tree=10
num_leaves=31
num_cat=0
split_feature=3 5 7 7 3 5 6 1 8 2 3 8 4 1 8 3 7 6 6 7 5 1 2 6 3 3 5 6 7 5
split_gain=154.333 111.767 290.834 229.954 66.2764 55.9719 64.6813 75.7161 46.506 30.0472 18.8035 16.2862 9.25753 32.6335 6.54154 16.031 11.1734 41.7653 5.7875 17.2752 59.8593 118.203 13.0514 30.6044 5.32852 33.717 8.19871 17.7431 44.8838 5.24031
threshold=1405.5000000000002 204.50000000000003 3534.8850000000007 8982.2450000000008 1440.5000000000002 144.50000000000003 9.5500000000000025 300.55000000000007 4536.4000000000005 309.85000000000008 1540.5000000000002 948.05000000000007 44.350000000000001 302.65000000000003 10129.500000000002 1428.5000000000002 6297.9800000000005 9.3500000000000032 8.5500000000000025 8056.6750000000002 193.50000000000003 302.05000000000007 310.95000000000005 9.4500000000000011 1524.5000000000002 1548.5000000000002 215.50000000000003 10.850000000000003 3721.1700000000005 145.50000000000003
decision_type=2 2 2 2 2 2 2 2 2 2 2 2 2 2 2 2 2 2 2 2 2 2 2 2 2 2 2 2 2 2
left_child=12 2 -2 4 8 -6 7 10 9 -4 -7 -11 13 -1 15 -3 24 -18 -14 20 21 -20 -23 -24 -17 -26 27 28 -27 -12
right_child=1 14 3 -5 5 6 -8 -9 -10 11 29 -13 18 -15 -16 16 17 -19 19 -21 -22 22 23 -25 25 26 -28 -29 -30 -31
leaf_value=-0.056297741846263141 0.10679317233249469 -0.0599127082440222 -0.051797735738733988 0.10967918361170897 -0.051268936307068858 -0.053492518448561399 -0.052015774504864665 -0.052164785891071402 -0.052523949094490423 -0.054644494749539321 0.15877181711618443 0.091824126039422971 0.10691987700284092 0.10248572599489957 0.10675109356960361 0.10772038862415895 0.099736358871854724 -0.058937227423834421 -0.052382986718135439 0.10549912751678624 0.10326815297847956 0.10717527398133271 -0.05703698770065431 0.10749466428818688 -0.067728805059017197 0.11964825456182238 0.10380197513686795 0.098258668929259621 -0.060862764798147666 0.10437087703753352
leaf_weight=4.1407711450010565 171.55269518494606 1.7358709797263134 4.6412241607904425 56.754848375916481 77.669147729873657 1.6891813501715685 22.47910981811583 10.878710463643072 10.03895743191242 2.0122240055352441 6.1530942916870144 33.402852645143867 556.58014953881502 14.807425338774918 101.67680017650127 67.759097542613745 15.926267810165884 5.6071999184787265 20.088254852220416 549.55448455363512 214.35644543170929 35.941714022308588 4.4574174750596267 7.7238791026175022 3.2844368666410437 6.9377961158752424 83.150229580700397 30.965015936642885 6.8376405611634254 15.777849234640597
leaf_count=117 30 18 178 9 3633 69 941 459 396 48 1 161 108 14 35 57 22 62 857 269 107 10 115 24 19 1 52 33 64 91
internal_value=0.0927945 0.0742566 0.0570139 0.0216521 -0.00539076 -0.0236577 0.0139804 0.0569828 0.0437075 0.0678252 0.107253 0.083502 0.102499 0.0677866 0.0962464 0.0914397 0.0926313 0.0584186 0.102973 0.100333 0.0902864 0.0494906 0.0920163 0.0472887 0.0963347 0.0904533 0.0945157 0.0772571 0.030049 0.119634
internal_weight=2144.58 736.93 413.05 241.497 184.742 134.647 56.9779 34.4988 50.0953 40.0563 23.6201 35.4151 1407.65 18.9482 323.88 222.204 220.468 21.5335 1388.7 832.122 282.568 68.2113 48.123 12.1813 198.934 131.175 127.891 44.7405 13.7754 21.9309
internal_count=8000 6379 6016 5986 5977 5194 1561 620 783 387 161 209 1621 131 363 328 310 84 1490 1382 1113 1006 149 139 226 169 150 98 65 92
is_linear=0
shrinkage=0.05


Tree=11
num_leaves=31
num_cat=0
split_feature=3 7 5 4 7 8 4 4 3 5 8 7 6 4 1 4 2 5 1 1 6 6 8 7 4 1 5 8 8 8
split_gain=135.226 95.4951 255.085 220.396 55.4102 47.6515 44.2591 83.7694 32.3694 13.7902 8.02673 16.7679 43.4832 7.98891 29.0699 5.92363 22.0644 5.8084 5.76739 13.9377 33.1735 5.42385 16.1513 59.0006 59.512 52.039 30.801 12.6017 28.2542 12.1619
threshold=1405.5000000000002 3534.8850000000007 202.50000000000003 44.750000000000007 8982.2450000000008 4536.4000000000005 29.150000000000002 28.750000000000004 1440.5000000000002 19.500000000000004 10129.500000000002 6297.9800000000005 9.3500000000000032 44.350000000000001 302.65000000000003 45.250000000000007 310.65000000000003 20.500000000000004 301.05000000000007 302.55000000000007 8.6500000000000004 8.5500000000000025 10823.600000000002 8982.2450000000008 49.45000000000001 300.75000000000006 119.50000000000001 6420.9500000000016 431.20000000000005 1656.1000000000001
decision_type=2 2 2 2 2 2 2 2 2 2 2 2 2 2 2 2 2 2 2 2 2 2 2 2 2 2 2 2 2 2
left_child=13 -2 3 6 5 8 7 -3 9 -5 11 18 -13 14 -1 -11 -17 -18 -4 20 -20 -15 23 24 29 -26 27 28 -27 -23
right_child=1 2 10 4 -6 -7 -8 -9 -10 15 -12 12 -14 21 -16 16 17 -19 19 -21 -22 22 -24 -25 25 26 -28 -29 -30 -31
leaf_value=-0.056034070337931979 0.10127741807572146 -0.05148661319312179 0.0924312788151435 -0.054370420781358647 0.10339824069474089 -0.05159889673621907 -0.051228198008697483 0.10021865904459873 -0.051086422862039876 0.10747322880501793 0.099830308753250302 0.087645751412689973 -0.058694122351254013 0.10100851241204352 0.096366085909354193 -0.053037898227465623 0.12415342355836204 0.064396238516004178 0.091950471966021394 0.089972057952439746 -0.069073817328435191 -0.051209964268671963 0.1007953769693728 0.1024320542164296 -0.052364852469129169 0.10033680609679969 -0.060234065282525055 0.10799970178080801 -0.055596856926996986 0.087686971510607586
leaf_weight=3.9568906296044615 186.69038596749306 20.665571400895715 151.99556569568813 1.9218176566064347 57.179554432630539 12.749734157696365 77.310987176373601 16.258897468447685 5.8034296706318846 14.595911329612134 103.03091334551573 16.860656380653385 7.262733655050396 559.60162469744682 14.956103643402455 3.2786831371486214 6.8602166175842312 9.9853827003389579 8.2410352416336519 32.402305748313665 5.2273633666336528 1.6045082844793785 469.78408639132977 228.68098989129066 17.495515681803226 7.3746623843908363 4.8827227819710961 14.425764195621012 4.7930086031556129 88.708080926910043
leaf_count=117 32 946 178 49 9 540 3848 78 293 14 37 28 82 108 14 101 1 56 12 35 40 80 94 35 595 8 99 8 122 341
internal_value=0.087716 0.0703673 0.0599062 0.0191866 0.0689029 0.0331673 -0.0297198 0.0153135 0.0586294 0.0760064 0.0882967 0.0829436 0.0435878 0.0967602 0.0644816 0.0832229 0.0656344 0.0887318 0.0877418 0.0722028 0.0294536 0.0971971 0.0946511 0.0868067 0.0611524 0.0167688 0.0551956 0.0763892 0.0389124 0.0852193
internal_weight=2154.59 738.321 551.631 226.61 112.375 55.1952 114.235 36.9245 42.4454 36.642 325.021 221.99 24.1234 1416.26 18.913 34.7202 20.1243 16.8456 197.866 45.8707 13.4684 1397.35 837.749 367.965 139.284 48.9717 31.4762 26.5934 12.1677 90.3126
internal_count=8000 6379 6347 5935 1063 1054 4872 1024 514 221 412 375 110 1621 131 172 158 57 265 87 52 1490 1382 1288 1253 832 237 138 130 421
is_linear=0
shrinkage=0.05


Tree=12
num_leaves=31
num_cat=0
split_feature=3 7 5 7 3 5 6 1 8 2 3 8 3 7 8 4 8 8 8 6 7 2 1 5 3 8 7 2 3 3
split_gain=120.821 85.6508 220.478 184.637 55.6981 50.9878 55.7447 60.5752 37.8511 23.5338 14.1729 12.5086 7.66989 44.8847 13.3235 46.0271 7.0998 10.8594 28.9446 6.36615 13.1097 40.1285 13.6776 58.4606 6.07096 4.59108 62.213 34.2716 4.33893 34.6622
threshold=1405.5000000000002 3534.8850000000007 204.50000000000003 8982.2450000000008 1440.5000000000002 144.50000000000003 9.5500000000000025 300.55000000000007 4536.4000000000005 309.85000000000008 1540.5000000000002 948.05000000000007 1380.5000000000002 6703.3950000000013 6224.5000000000009 61.45000000000001 10129.500000000002 9043.1000000000022 9238.2500000000018 8.5500000000000025 7445.2800000000007 310.95000000000005 302.05000000000007 206.50000000000003 1428.5000000000002 10823.600000000002 8635.0550000000021 311.75000000000006 1524.5000000000002 1548.5000000000002
decision_type=2 2 2 2 2 2 2 2 2 2 2 2 2 2 2 2 2 2 2 2 2 2 2 2 2 2 2 2 2 2
left_child=12 -2 3 4 8 -6 7 10 9 -3 -7 -11 19 -14 15 -15 17 24 -19 -1 21 22 23 -21 -4 26 27 -22 -26 -30
right_child=1 2 16 -5 5 6 -8 -9 -10 11 -12 -13 13 14 -16 -17 -18 18 -20 20 25 -23 -24 -25 28 -27 -28 -29 29 -31
leaf_value=0.097176316057989709 0.096186753510850598 -0.051630363676766523 -0.061683358086411039 0.098071183505724954 -0.051157059733779181 -0.053220831284380904 -0.051981868506723941 -0.052162843353947677 -0.052494397257671147 -0.054214026299658075 0.10354409627637912 0.079680747670336394 -0.061221615863826295 -0.055492505756875379 0.092549999621594228 0.10126449138849179 0.094903443513867064 0.093727246834785338 -0.059676099264126529 -0.055263496363282628 -0.055048127486763243 -0.060318792720777337 0.099110801726365827 0.087842507959144153 0.092233293588462051 0.096168384835058685 0.095518702203273451 0.075393794536941797 -0.066605427631167266 0.081538775034182887
leaf_weight=555.66930055618286 186.73696759343147 4.2294447608292094 0.73452838137745757 57.267516538500786 70.643864888697863 1.537630876526239 20.706815656274557 9.9905204996466619 9.151113096624611 1.8366037514060725 23.130601959303021 34.707125015556812 5.3285474237054578 6.9728313442319658 127.94857857376337 14.257924079895018 103.20181184262037 7.9801435489207488 5.0025676880031824 8.7323352526873332 11.166700359433891 5.3103046398609868 49.941114563494921 39.051545098423958 71.21352014131844 381.1409198641777 202.04109722003341 9.1710096113383752 4.0772334467619649 125.00523199513555
leaf_count=78 32 178 7 9 3633 69 941 459 396 48 92 161 148 220 142 2 35 12 50 363 330 136 8 21 71 67 61 45 27 159
internal_value=0.0833429 0.0669259 0.0569987 0.0200909 -0.00529217 -0.0230002 0.0129266 0.0517061 0.0394031 0.0600285 0.0937726 0.0729515 0.0918851 0.08137 0.0864632 0.0497807 0.0841315 0.0789371 0.034617 0.0931722 0.0900232 0.0735398 0.0808136 0.0616904 0.0817993 0.0928373 0.0871281 0.00377286 0.0823255 0.0768595
internal_weight=2153.89 737.153 550.416 233.201 175.934 126.009 55.3656 34.6588 49.9243 40.7732 24.6682 36.5437 1416.73 154.508 149.179 21.2308 317.215 214.013 12.9827 1262.22 706.555 103.035 97.725 47.7839 201.031 603.52 222.379 20.3377 200.296 129.082
internal_count=8000 6379 6347 5986 5977 5194 1561 620 783 387 161 209 1621 512 364 222 361 326 62 1109 1031 528 392 384 264 503 436 375 257 186
is_linear=0
shrinkage=0.05


Tree=13
num_leaves=31
num_cat=0
split_feature=3 7 5 7 3 5 6 1 8 2 3 3 7 8 4 8 3 5 3 5 5 7 1 7 8 7 5 3 1 6
split_gain=109.612 77.7026 191.762 166.907 51.1677 48.5668 51.224 53.6259 34.1438 20.8725 12.2639 7.32733 40.325 11.3149 41.7083 7.08828 12.4506 6.13863 8.58803 24.5248 37.8229 9.94973 16.1942 28.6291 5.98002 9.10105 7.82396 13.0015 43.3047 5.84715
threshold=1405.5000000000002 3534.8850000000007 204.50000000000003 8982.2450000000008 1440.5000000000002 144.50000000000003 9.5500000000000025 300.55000000000007 4536.4000000000005 309.85000000000008 1540.5000000000002 1380.5000000000002 6703.3950000000013 6224.5000000000009 61.45000000000001 10823.600000000002 1420.5000000000002 224.50000000000003 1570.5000000000002 215.50000000000003 205.50000000000003 6403.5300000000007 303.85000000000008 6692.5850000000009 7176.9500000000007 6189.1500000000005 206.50000000000003 1434.5000000000002 303.35000000000008 8.5500000000000025
decision_type=2 2 2 2 2 2 2 2 2 2 2 2 2 2 2 2 2 2 2 2 2 2 2 2 2 2 2 2 2 2
left_child=11 -2 3 4 8 -6 7 10 9 -3 -7 29 -13 14 -14 16 -4 18 21 20 -20 24 23 -23 -18 26 -26 -28 -29 -1
right_child=1 2 15 -5 5 6 -8 -9 -10 -11 -12 12 13 -15 -16 -17 17 -19 19 -21 -22 22 -24 -25 25 -27 27 28 -30 -31
leaf_value=0.09280770204435547 0.091798869738206515 -0.05155061424180795 -0.061059190313640238 0.093498504045550657 -0.051100741017466561 -0.053099686190595075 -0.051894206866135009 -0.052073004491966335 -0.052400681654939968 0.068274651420581492 0.09592662445273864 -0.060813749316453274 -0.055271267955477876 0.087699493794350575 0.096327413770159007 0.092436139408379275 0.10854619163698448 0.088608782157757235 0.085365294807362657 0.079127270958132059 -0.061984506424330878 0.075411822263039288 0.10952682919545853 -0.065815398973694969 0.088508097062572053 0.09603937568841775 0.096509506323192662 -0.069435566657714734 0.10165034115880188 0.085935191349478399
leaf_weight=552.79815816879272 185.89789390563965 4.0292391777038565 1.6658910214900959 57.068867072463036 67.270714269950986 1.4658928196877266 19.729367151856422 9.5192595422267896 8.719984192401169 37.07475340552628 23.703189628198743 5.1018102932721368 6.6586430184543159 128.26343164220452 14.239418983459471 78.828756913542747 21.42172808945179 69.57950696721673 8.0763215497136134 32.90835777297616 9.4519529286771995 8.8703234158456343 7.2185436040163031 6.0264998637139788 15.47052428871393 37.46646286547184 7.3529604673385647 7.4798974767327291 7.3166045993566513 703.18888058699667
leaf_count=78 32 178 16 9 3633 69 941 459 396 209 92 148 220 142 2 14 7 45 9 28 84 23 2 50 9 23 3 46 2 1031
internal_value=0.0795426 0.0638674 0.0543872 0.0194298 -0.00521576 -0.0226907 0.0124296 0.0490145 0.0374644 0.0565287 0.0872471 0.0876969 0.077413 0.0821409 0.0480243 0.0794257 0.0751578 0.0761087 0.070964 0.0536814 0.00590834 0.0783123 0.0480623 0.0182784 0.0852442 0.0785963 0.0612244 0.0421678 0.0151633 0.08896
internal_weight=2143.86 733.613 547.716 228.581 171.512 121.688 54.4177 34.6883 49.824 41.104 25.1691 1410.25 154.263 149.161 20.8981 319.134 240.306 238.64 169.06 50.4366 17.5283 118.624 22.1154 14.8968 96.5082 75.0864 37.62 22.1495 14.7965 1255.99
internal_count=8000 6379 6347 5986 5977 5194 1561 620 783 387 161 1621 512 364 222 361 347 331 286 121 93 165 75 73 90 83 60 51 48 1109
is_linear=0
shrinkage=0.05


Tree=14
num_leaves=31
num_cat=0
split_feature=4 3 5 3 4 4 3 8 7 3 3 4 8 1 8 6 7 2 1 5 8 4 2 5 7 3 3 1 4 8
split_gain=98.1354 108.576 199.246 64.4151 43.3257 59.2116 18.4516 33.3885 64.4346 38.1641 42.1885 21.6742 14.3849 27.6072 8.29311 5.44484 10.4778 34.9957 11.2549 49.1554 4.63525 59.8184 30.0479 4.6015 23.1698 8.15126 16.2571 33.2974 5.33931 4.55322
threshold=44.150000000000013 2089.5000000000005 202.50000000000003 1378.5000000000002 29.150000000000002 28.750000000000004 1380.5000000000002 8863.9000000000015 8982.2450000000008 1418.5000000000002 1440.5000000000002 48.550000000000004 8646.9000000000015 297.45000000000005 948.05000000000007 8.5500000000000025 7445.2800000000007 310.95000000000005 302.05000000000007 206.50000000000003 10823.600000000002 62.350000000000001 311.75000000000006 224.50000000000003 4667.3450000000003 1570.5000000000002 1689.5000000000002 297.35000000000008 33.650000000000013 10823.600000000002
decision_type=2 2 2 2 2 2 2 2 2 2 2 2 2 2 2 2 2 2 2 2 2 2 2 2 2 2 2 2 2 2
left_child=1 2 3 -1 5 -5 15 8 9 -8 11 14 23 -14 -11 -2 17 18 19 -17 21 22 -18 24 -4 28 27 -27 -26 -9
right_child=6 -3 12 4 -6 -7 7 29 -10 10 -12 -13 13 -15 -16 16 20 -19 -20 -21 -22 -23 -24 -25 25 26 -28 -29 -30 -31
leaf_value=0.083314637897591179 0.088970153213520142 0.085838934131729314 -0.070364651239855983 -0.051289017856198153 -0.051215332689151495 0.083497896890716197 -0.054513084508635935 0.074799425191317839 0.089566790409339569 -0.055392388734175839 -0.050956330756821967 -0.053523343921811073 0.081668001123470696 -0.059586165012995719 0.078705478482948898 -0.055486594221944831 -0.056386976994729734 -0.060807525657960361 0.09078217374042287 0.079943737981734153 0.088158787144399176 0.087466528227760021 0.063674100095566774 0.086155616722888254 0.10681492295411044 0.083315333749529041 0.076570405589754878 -0.064861435588387889 0.073871973400201393 0.088303176309550091
leaf_weight=14.876686576753853 533.55697441101074 202.03605587780476 2.9634082466363898 15.621575105935333 67.066806459799409 17.031312257051468 14.666361352428792 106.69956074468791 56.629611849784851 1.1940998304635275 10.578362019732593 3.6809494271874419 7.9245077408850175 6.1385886110365391 33.463641742244363 8.0949716288596374 11.351828556507828 5.0567133501172057 49.45081888884306 38.882446303963661 376.58620862662792 199.88806619867682 9.6341443955898267 46.123945794999599 14.40715756267309 7.7815869972109777 25.316440176218748 7.393619742244482 84.091853190213442 150.43431693315506
leaf_count=27 76 135 18 851 3800 78 527 216 9 24 616 121 9 66 154 337 323 128 8 19 67 68 45 25 5 6 43 67 102 30
internal_value=0.0761102 0.0571982 0.0389293 -0.0137399 -0.028219 0.019014 0.0822046 0.0725303 0.0507782 0.0162317 0.0374425 0.0618334 0.0687881 0.0200101 0.0740853 0.0851665 0.0822629 0.0674091 0.0741328 0.0566069 0.084786 0.0790354 -0.00126989 0.0724354 0.0679774 0.070927 0.0520417 0.0111211 0.0786904 0.0826997
internal_weight=2128.62 518.774 316.737 114.596 99.7197 32.6529 1609.85 377.347 120.213 63.5834 48.9171 38.3387 202.141 14.0631 34.6577 1232.5 698.945 101.485 96.4282 46.9774 597.46 220.874 20.986 188.078 141.954 138.991 40.4916 15.1752 98.499 257.134
internal_count=8000 5232 5097 4756 4729 929 2768 1697 1451 1442 915 299 341 75 178 1071 995 492 364 356 503 436 368 266 241 223 116 73 107 246
is_linear=0
shrinkage=0.05


Tree=15
num_leaves=31
num_cat=0
split_feature=3 7 5 7 3 5 6 1 8 4 3 4 2 8 3 7 8 4 6 7 2 1 5 5 8 1 3 6 1 8
split_gain=91.1029 65.9449 150.761 140.062 43.1907 43.9763 45.0102 44.7311 29.5961 17.3471 10.0575 7.14744 18.3005 7.1039 6.39464 34.132 8.44336 53.8689 5.78866 11.8641 33.2219 12.2341 48.0592 5.61175 9.51196 39.2643 10.3296 19.3126 36.4853 4.25702
threshold=1405.5000000000002 3534.8850000000007 204.50000000000003 8982.2450000000008 1440.5000000000002 144.50000000000003 9.5500000000000025 300.55000000000007 4536.4000000000005 44.750000000000007 1540.5000000000002 45.250000000000007 310.65000000000003 10823.600000000002 1380.5000000000002 6703.3950000000013 8863.9000000000015 61.45000000000001 8.5500000000000025 7445.2800000000007 310.95000000000005 302.05000000000007 206.50000000000003 224.50000000000003 9238.2500000000018 303.85000000000008 1524.5000000000002 10.750000000000002 301.85000000000008 10823.600000000002
decision_type=2 2 2 2 2 2 2 2 2 2 2 2 2 2 2 2 2 2 2 2 2 2 2 2 2 2 2 2 2 2
left_child=14 -2 3 4 8 -6 7 10 9 -3 -7 -11 -13 23 18 -16 17 -17 -1 20 21 22 -20 24 26 -26 -4 28 -28 -21
right_child=1 2 13 -5 5 6 -8 -9 -10 11 -12 12 -14 -15 15 16 -18 -19 19 29 -22 -23 -24 -25 25 -27 27 -29 -30 -31
leaf_value=0.085698120336655678 0.084703597974768452 -0.051451114550003479 0.078781710659450332 0.086282419415328993 -0.051011290145943911 -0.053273852390898747 -0.051926880120944111 -0.052098452465683613 -0.052446101228344678 0.087992110626154613 0.085997712560258677 -0.053506881161305642 0.064385997828953531 0.085079437965959848 -0.060936426617451689 -0.055276611588967607 0.082085608004552363 0.087974389911542952 -0.055180254045134262 0.075968201233675023 -0.060059388199110254 0.087223723342283621 0.075234179163910148 0.079597520681469372 -0.065786831817787758 0.10396462980902149 -0.066740003465828868 0.071912449692388997 0.057920148064212543 0.084762225281627718
leaf_weight=540.6454029083252 182.14900895953178 3.7569821607321492 80.411892838776112 56.022186666727066 61.378719545900822 1.3697352223098302 18.372820232063532 8.8144517522305232 8.3089955849572998 14.990926386788486 24.178389804437757 4.0030830958858159 18.525058578699827 77.340109825134277 4.7521262420341364 8.5739661268889886 110.75134328007698 27.97670841217041 8.6257756818085891 218.34803482703865 5.2019516993314019 48.90812511369586 39.022155910730362 69.886900316923857 6.5316866580396873 7.1197052001953125 8.4689938984811324 49.227934220805764 19.122683916240931 372.20086240768433
leaf_count=78 32 166 83 9 3633 69 941 459 396 17 92 129 75 14 148 290 70 4 363 436 136 8 21 47 55 1 64 60 37 67
internal_value=0.0731284 0.0587014 0.0498952 0.0180426 -0.00531087 -0.0222405 0.0112458 0.0450227 0.0336507 0.0509822 0.0785308 0.0612394 0.0434373 0.071896 0.0806282 0.0709537 0.0752086 0.0543709 0.0818213 0.0787937 0.0630255 0.0696567 0.0516251 0.0676612 0.0627796 0.0227448 0.0662555 0.0531436 0.0196569 0.0815107
internal_weight=2104.99 719.98 537.831 219.721 163.699 114.114 52.7354 34.3626 49.585 41.2761 25.5481 37.5191 22.5281 318.11 1385.01 152.054 147.302 36.5507 1232.95 692.307 101.758 96.5561 47.6479 240.77 170.883 13.6514 157.232 76.8196 27.5917 590.549
internal_count=8000 6379 6347 5986 5977 5194 1561 620 783 387 161 221 204 361 1621 512 364 294 1109 1031 528 392 384 347 300 56 244 161 101 503
is_linear=0
shrinkage=0.05


Tree=16
num_leaves=31
num_cat=0
split_feature=3 7 5 7 3 3 8 7 5 5 2 5 5 3 8 6 6 4 5 1 2 1 4 4 1 2 6 5 3 5
split_gain=83.7736 52.0724 125.587 155.533 47.9261 41.1695 19.6778 50.1963 26.8734 25.6926 18.671 17.0868 45.0352 9.11849 7.7026 7.48773 5.18882 11.0934 34.6977 75.4761 9.87683 19.9904 4.58851 6.54265 26.3865 4.32641 19.8299 3.80469 24.2277 21.974
threshold=1386.5000000000002 3534.8850000000007 175.50000000000003 8982.2450000000008 1440.5000000000002 1418.5000000000002 10129.500000000002 6830.4850000000015 202.50000000000003 179.50000000000003 309.85000000000008 144.50000000000003 145.50000000000003 1684.5000000000002 948.05000000000007 8.5500000000000025 8.5500000000000025 60.150000000000013 188.50000000000003 302.05000000000007 310.95000000000005 302.35000000000008 44.150000000000013 39.050000000000004 298.85000000000008 310.95000000000005 8.3500000000000032 213.50000000000003 1557.5000000000002 205.50000000000003
decision_type=2 2 2 2 2 2 2 2 2 2 2 2 2 2 2 2 2 2 2 2 2 2 2 2 2 2 2 2 2 2
left_child=16 -2 3 4 5 -3 7 8 9 13 -7 -6 -13 -4 -12 -10 -1 18 19 -18 -21 -22 23 27 -25 -16 -27 28 -17 -30
right_child=1 2 6 -5 11 10 -8 -9 15 -11 14 12 -14 -15 25 22 17 -19 -20 20 21 -23 -24 24 -26 26 -28 -29 29 -31
leaf_value=0.082220660277279228 0.08172778080649086 -0.052768947427474948 -0.051409915636547614 0.08338683944454299 -0.050962089677707025 -0.051334079787570819 0.079726656175576824 -0.057392010589376888 0.027573820169962911 -0.051477491800651712 -0.054701438181236697 0.1006175758357184 -0.051834722708037267 0.086426180417524881 0.076189515058851284 0.076934344004673458 -0.053926592796523433 0.081129627041700514 0.077180780025221538 0.082173068570618971 0.074776705695528509 -0.058983380710763048 0.086936660255783796 0.070795744574518565 -0.058970938900130582 0.086435294977120977 -0.055183800640659079 0.073989187006494747 0.056247904131033748 -0.060817261249573352
leaf_weight=540.67855285108089 179.41066426038742 13.248976833187042 1.4211480394005791 62.126785829663277 58.440189122222364 4.1991020599380127 165.22345847636461 9.1307868706062418 11.879089359194039 9.8486682809889299 1.4095360580831755 7.4374673217535046 13.893297449685631 7.7064169254153967 24.493578543886542 47.55860923230648 17.140959380194545 411.14905988611281 245.83149154111743 34.894608702510595 8.4500231882557255 4.1725046383216968 28.845016092061996 16.227168798446659 5.1640234161168328 7.3006969364359957 3.7371106427162886 118.77362767606974 9.4252704288810509 6.9752045702189198
leaf_count=87 32 553 79 10 3633 216 65 200 31 571 33 20 790 33 80 37 731 161 121 8 32 80 12 28 57 7 109 85 31 68
internal_value=0.0704525 0.0579443 0.051219 0.0179822 -0.0123053 0.0238866 0.0661077 0.057864 0.061853 0.00453148 0.0485732 -0.0369815 0.00132132 0.0649653 0.0599297 0.0662955 0.0785172 0.0757424 0.0686086 0.0360171 0.0684627 0.030561 0.0682699 0.0656321 0.0394689 0.0644772 0.0384868 0.0686948 0.0588631 0.0064595
internal_weight=2076.19 813.876 634.465 196.287 134.16 54.389 438.178 272.955 263.824 18.9762 41.14 79.771 21.3308 9.12756 36.9409 244.848 1262.32 721.639 310.49 64.6581 47.5171 12.6225 232.969 204.124 21.3912 35.5314 11.0378 182.733 63.9591 16.4005
internal_count=8000 6780 6748 5451 5441 998 1297 1232 1032 683 445 4443 810 112 229 349 1220 1133 972 851 120 112 318 306 85 196 116 221 136 99
is_linear=0
shrinkage=0.05


Tree=17
num_leaves=31
num_cat=0
split_feature=3 7 5 4 7 7 2 8 5 2 0 5 5 3 3 6 4 0 1 5 6 7 4 2 5 8 1 4 3 1
split_gain=77.6191 48.3799 111.576 144.127 40.9224 35.1293 20.992 19.2007 26.3651 39.0842 26.6081 17.5017 40.6114 14.8488 5.69021 5.09529 10.2981 32.1115 72.2558 25.5221 50.7428 4.77796 6.34597 6.13259 29.0728 4.56277 3.8258 13.437 3.39592 20.1852
threshold=1386.5000000000002 3534.8850000000007 175.50000000000003 44.750000000000007 8982.2450000000008 7319.5300000000007 309.85000000000008 10823.600000000002 204.50000000000003 309.25000000000006 1.0000000180025095e-35 144.50000000000003 145.50000000000003 1418.5000000000002 1393.5000000000002 8.5500000000000025 60.150000000000013 1.0000000180025095e-35 302.05000000000007 188.50000000000003 8.6500000000000004 6841.1400000000012 44.150000000000013 312.15000000000003 233.50000000000003 10823.600000000002 299.25000000000006 58.250000000000007 1422.5000000000002 300.65000000000003
decision_type=2 2 2 2 2 2 2 2 2 2 2 2 2 2 2 2 2 2 2 2 2 2 2 2 2 2 2 2 2 2
left_child=15 -2 3 11 5 6 -5 8 9 10 -4 -3 -13 -8 -10 -1 17 19 25 20 -17 22 -16 24 -23 -19 27 -12 -15 -30
right_child=1 2 7 4 -6 -7 13 -9 14 -11 26 12 -14 28 21 16 -18 18 -20 -21 -22 23 -24 -25 -26 -27 -28 -29 29 -31
leaf_value=0.079613349498824149 0.079077844570575526 -0.050965765924242748 -0.053734148714787426 -0.05104537155321881 0.080638565077243735 -0.053043582731036543 -0.051993531995551234 0.079463447748190918 -0.069131496920183819 -0.052368524458184844 -0.05371303443071495 0.09619276093859519 -0.05186062584025411 0.083029194048192589 0.061425738827546761 0.070946818273297907 0.078371704170729001 -0.055434379616983255 0.073156941357780517 0.078468481489793698 -0.052262618831632718 -0.065127319834014416 0.084332078807455801 0.073976267593508116 0.086835772014026494 -0.1197448787632463 0.090158591581486189 0.084344097732221582 0.076161035402074154 -0.053400253959238655
leaf_weight=530.71694180369377 176.23161193728447 55.166552419774234 4.9120129728689816 5.2345709921792141 61.058755874633789 12.362790227867661 2.9384456845000377 130.51553295552731 0.81959342956542869 12.989597847685216 2.3689686423167604 7.4308273550123003 12.296560327522455 14.941826973110436 204.71917432919145 29.107982650399208 404.5037961229682 7.5885887732729298 22.748145247809589 230.22887675464153 11.721696818247436 5.7414086833596247 35.475790251046419 8.0395040288567525 6.9662079811096191 4.3328338861465454 14.482565592974423 6.8844099044799805 15.674809840507807 3.7196172866970292
leaf_count=87 32 3520 190 314 10 530 118 26 6 593 108 18 726 13 293 14 161 305 56 85 494 46 12 6 1 18 15 1 63 139
internal_value=0.0680751 0.0559411 0.0494145 0.0175512 0.0524773 0.0211408 0.0427156 0.0634272 0.0565288 0.0195726 0.0521922 -0.0365119 0.00390749 0.0558826 0.0624073 0.075907 0.0731375 0.0662121 0.0209025 0.0720074 0.0355749 0.0628205 0.0648089 0.0397995 0.0181776 -0.078808 0.074113 0.0489999 0.0651145 0.0513127
internal_weight=2041.92 800.971 624.74 190.825 115.931 54.8721 42.5093 433.915 303.399 41.6376 28.648 74.8939 19.7274 37.2747 261.762 1240.95 710.232 305.728 34.6696 271.059 40.8297 260.942 240.195 20.7471 12.7076 11.9214 23.7359 9.25338 34.3363 19.3944
internal_count=8000 6780 6748 5451 1187 1177 647 1297 1271 907 314 4264 744 333 364 1220 1133 972 379 593 508 358 305 53 47 323 124 109 215 202
is_linear=0
shrinkage=0.05


Tree=18
num_leaves=31
num_cat=0
split_feature=3 7 5 7 3 5 6 1 8 4 8 3 3 4 4 3 7 8 4 6 7 2 1 5 7 5 5 3 6 1
split_gain=72.579 52.9908 105.27 108.705 34.5713 37.8683 36.8104 34.3812 23.8181 13.4702 7.58555 9.60664 7.45845 5.69899 15.6937 5.47707 28.3206 6.08819 28.0711 5.67191 9.89626 28.6136 10.5948 38.162 5.11192 19.4815 4.57574 5.98613 17.4049 31.7843
threshold=1405.5000000000002 3534.8850000000007 204.50000000000003 8982.2450000000008 1440.5000000000002 144.50000000000003 9.5500000000000025 300.55000000000007 4536.4000000000005 44.750000000000007 10823.600000000002 1420.5000000000002 1540.5000000000002 45.250000000000007 47.650000000000013 1380.5000000000002 6703.3950000000013 6224.5000000000009 61.45000000000001 8.5500000000000025 7445.2800000000007 310.95000000000005 302.05000000000007 206.50000000000003 7120.1350000000011 77.500000000000014 224.50000000000003 1524.5000000000002 10.750000000000002 301.85000000000008
decision_type=2 2 2 2 2 2 2 2 2 2 2 2 2 2 2 2 2 2 2 2 2 2 2 2 2 2 2 2 2 2
left_child=15 -2 3 4 8 -6 7 12 9 -3 11 -4 -7 -11 -15 19 -17 18 -18 -1 21 22 23 -21 -16 -26 27 -13 29 -29
right_child=1 2 10 -5 5 6 -8 -9 -10 13 -12 26 -14 14 24 16 17 -19 -20 20 -22 -23 -24 -25 25 -27 -28 28 -30 -31
leaf_value=0.077870619027375645 0.076703875667561691 -0.051289636202236255 -0.061163600783952478 0.078025836837189277 -0.050871384855875217 -0.052881195489061818 -0.051819511744274599 -0.051912714978181687 -0.05256508610647697 0.078294146156958427 0.076967157390534141 0.063614117901482387 0.074609890744614923 -0.057223891373640381 0.089690904351838865 -0.061916198696510466 -0.055129034815410607 0.071582897130492804 0.079899442380203994 -0.05590676296662165 0.073399432585952676 -0.06072021940957309 0.079204648031404812 0.065932959780838338 -0.054184052971109002 0.083888646387387744 0.070330833361238979 -0.067518840002536995 0.062674742755384344 0.048572932721005935
leaf_weight=511.21926689147949 172.69102358818054 3.3067311495542517 1.6628831643611182 53.192460730671883 53.022429380565882 1.2045753346756125 16.146572773344815 7.738488375209271 7.3525109374895683 14.611237687990068 73.498059198260307 91.752722475677729 24.073335884138942 3.6151547916233566 7.1754778791219023 4.3578304182738057 5.4070532871410277 122.01207594014704 13.35763645172119 7.7348247654736033 563.41493857838213 4.9712668703868976 46.591313254088163 38.003170907497406 3.9255370227619988 7.3159426618367434 68.492317795753479 8.4912787955254334 48.755564110353589 19.289607800543308
leaf_count=78 32 166 16 9 3633 69 941 459 396 17 14 123 92 81 5 148 220 142 2 363 503 136 8 21 106 12 45 65 61 37
internal_value=0.0659083 0.0527375 0.0446951 0.0166402 -0.00520266 -0.0215623 0.0100477 0.0403037 0.0301382 0.0453591 0.0629234 0.0585946 0.0685345 0.0540807 0.0380229 0.0727815 0.0636192 0.0675052 0.0409909 0.0739162 0.0708565 0.0561315 0.0624231 0.0453285 0.0567194 0.0356735 0.0594357 0.0550014 0.0446764 0.0130893
internal_weight=2004.38 687.314 514.623 202.68 149.488 102.185 49.163 33.0164 47.3026 39.9501 311.942 238.444 25.2779 36.6434 22.0321 1317.07 145.135 140.777 18.7647 1171.93 660.716 97.3006 92.3293 45.738 18.417 11.2415 236.781 168.289 76.5365 27.7809
internal_count=8000 6379 6347 5986 5977 5194 1561 620 783 387 361 347 161 221 204 1621 512 364 222 1109 1031 528 392 384 123 118 331 286 163 102
is_linear=0
shrinkage=0.05


Tree=19
num_leaves=31
num_cat=0
split_feature=3 7 8 4 5 4 8 4 5 5 7 5 2 3 1 5 6 8 7 6 7 1 3 7 3 2 2 4 4 7
split_gain=67.8381 40.0173 98.2319 43.8791 42.9701 41.3221 29.933 28.6027 20.07 31.3544 19.4719 88.6914 15.3833 11.713 6.70316 20.5834 5.79501 9.96722 41.3621 60.2135 25.2309 24.2348 14.2809 5.35424 5.60249 9.00565 23.4342 35.489 3.51898 4.18346
threshold=1380.5000000000002 3534.8850000000007 6046.6000000000013 61.45000000000001 178.50000000000003 44.750000000000007 5279.7000000000007 48.550000000000004 144.50000000000003 145.50000000000003 7716.3650000000007 202.50000000000003 309.85000000000008 1418.5000000000002 299.75000000000006 231.50000000000003 8.5500000000000025 10823.600000000002 8982.2450000000008 8.6500000000000004 6164.1600000000008 302.25000000000006 1362.5000000000002 5021.0350000000008 1456.5000000000002 310.55000000000007 308.45000000000005 30.650000000000002 48.150000000000013 6677.9800000000005
decision_type=2 2 2 2 2 2 2 2 2 2 2 2 2 2 2 2 2 2 2 2 2 2 2 2 2 2 2 2 2 2
left_child=16 -2 3 4 5 8 14 12 -3 -10 11 -4 -7 -14 -6 -16 -1 18 19 -18 -21 -22 -23 -13 28 26 -26 -28 29 -25
right_child=1 2 10 -5 6 7 -8 -9 9 -11 -12 23 13 -15 15 -17 17 -19 -20 20 21 22 -24 24 25 -27 27 -29 -30 -31
leaf_value=0.075782723608811178 0.074565536330801804 -0.050948392224854235 -0.051958355660491388 0.076771737048312361 0.074583640363581574 -0.050963011543915429 -0.066808650846685122 -0.056003371202114786 0.089003870312589106 -0.0522684310515815 0.073116063634869 0.088985438687674293 -0.054290331443814101 0.06170792932043731 -0.067293491143746428 0.080062340478717492 0.070234015689609949 0.073899667436790661 0.075849478208955032 0.072039423226355703 -0.056070511750677836 -0.055097758761831511 0.067403941724708843 0.055797321468443906 0.057967870999149046 0.060828337863707151 0.070925842786464258 -0.06580022914341975 0.052066546903799818 0.0807493593631914
leaf_weight=499.33911228179932 168.85814088582993 50.109689645469189 19.253631120547652 25.898603439331055 29.580734111368656 3.8657926227897397 5.0435377610847345 8.7958709802478534 7.3695960752665988 8.4092019489034993 168.07846034038812 14.155463844537733 2.3294162182137361 33.093684663064778 3.6704896595329028 6.6879072189331055 54.313664793968201 375.62299680709839 175.43411591649055 7.8675788044929496 23.618511415086687 3.3401105869561425 8.268802382051943 25.553136169910431 40.230664003640413 97.053667137399316 8.1398629583418387 11.383020879700778 30.608773224055767 49.029339142143726
leaf_count=78 32 3515 1169 4 59 254 110 372 15 491 136 3 87 197 76 1 18 82 30 23 785 61 32 49 50 110 10 102 30 19
internal_value=0.0638952 0.052885 0.0472384 0.0164208 0.00658788 -0.00974399 0.0479682 0.025498 -0.0354633 0.0137138 0.0595295 0.0517991 0.0437443 0.0540799 0.0624623 0.0278469 0.0717341 0.0686165 0.0613432 0.0352172 -0.00891539 -0.0269956 0.0321578 0.0590331 0.0574148 0.0514263 0.0361553 -0.00879372 0.0663418 0.0722004
internal_weight=1965 817.199 648.341 184.855 158.956 113.973 44.9827 48.0848 65.8885 15.7788 463.486 295.408 39.2889 35.4231 39.9391 10.3584 1147.8 648.466 272.843 97.4087 43.095 35.2274 11.6089 276.154 261.998 156.807 59.7535 19.5229 105.191 74.5825
internal_count=8000 6891 6859 5181 5177 4931 246 910 4021 506 1678 1542 538 284 136 77 1109 1031 949 919 901 878 93 373 370 272 162 112 98 68
is_linear=0
shrinkage=0.05


Tree=20
num_leaves=31
num_cat=0
split_feature=3 7 8 4 5 4 8 4 5 5 7 5 2 3 1 5 6 8 7 2 4 6 8 1 1 2 6 5 7 2
split_gain=64.7717 37.906 88.5207 40.6314 39.5639 38.7336 27.5577 26.3864 19.1868 28.7914 18.7836 80.9542 14.007 10.6021 5.91885 19.0918 5.57736 9.29863 26.2208 26.6822 14.1026 22.6539 8.44221 34.9399 38.9228 8.309 16.9378 5.06799 11.4131 38.8941
threshold=1380.5000000000002 3534.8850000000007 6046.6000000000013 61.45000000000001 178.50000000000003 44.750000000000007 5279.7000000000007 48.550000000000004 144.50000000000003 145.50000000000003 7716.3650000000007 202.50000000000003 309.85000000000008 1418.5000000000002 299.75000000000006 231.50000000000003 8.5500000000000025 11112.650000000001 8982.2450000000008 308.45000000000005 58.550000000000004 8.6500000000000004 10823.600000000002 302.05000000000007 297.15000000000003 310.95000000000005 9.4500000000000011 224.50000000000003 6830.4850000000015 311.85000000000008
decision_type=2 2 2 2 2 2 2 2 2 2 2 2 2 2 2 2 2 2 2 2 2 2 2 2 2 2 2 2 2 2
left_child=16 -2 3 4 5 8 14 12 -3 -10 11 -4 -7 -14 -6 -16 -1 18 19 -18 22 -22 23 24 -21 -25 -27 28 -13 -30
right_child=1 2 10 -5 6 7 -8 -9 9 -11 -12 27 13 -15 15 -17 17 -19 -20 20 21 -23 -24 25 -26 26 -28 -29 29 -31
leaf_value=0.07390108933226601 0.072629885998010554 -0.050904051824521006 -0.051886152445111057 0.074794173967322353 0.071612526472117688 -0.050916125751589103 -0.066144419177230504 -0.055864754990390446 0.08489213644148616 -0.052179450024250874 0.070929589704435123 0.056660775385536911 -0.054114045147484996 0.058695018425475733 -0.066462317250672587 0.077749304314293027 -0.066374478170480866 0.073039377998862606 0.073903552053346921 0.085373475759947942 0.069162629009945659 -0.058476820824062595 0.070004660260031923 0.07423376750929131 -0.059868513923822753 -0.058792490379923228 0.068840067748568753 0.067385313531137137 -0.074624323249875321 0.065403584250289498
leaf_weight=486.7686882019043 164.79341849684715 47.706284505315125 18.339465588331223 25.270099639892578 29.275279210880399 3.6805564491078249 4.844523291103541 8.3871302669867855 7.3408557660877696 8.0123780053108913 164.68288406264037 173.04455691576004 2.2228458346799007 33.053715610876679 3.5340352561324817 6.546107292175293 5.1484666075557461 306.50537987053394 177.52073909342289 6.9207925796508816 6.5761392563581449 7.3746157437562943 52.784993663430214 44.834904186427593 13.831601386889814 3.8628846425563079 7.9472628738731146 78.194741699844599 7.4443561881780651 14.853708676993845
leaf_count=78 32 3515 1169 4 59 254 110 372 15 491 136 260 87 197 76 1 166 60 31 1 2 118 15 9 528 81 20 46 57 10
internal_value=0.062112 0.0512575 0.0457235 0.016015 0.00640752 -0.00959648 0.0463827 0.0245829 -0.0352579 0.0133587 0.057428 0.0498101 0.0419025 0.0515867 0.0602344 0.0271896 0.0698766 0.0667834 0.060916 0.0454715 0.0494667 0.00169016 0.0545866 0.0440715 -0.0114312 0.0644054 0.0270938 0.0566284 0.0523224 0.0186543
internal_weight=1921.3 801.227 636.434 179.874 154.604 110.404 44.1999 47.3442 63.0595 15.3532 456.56 291.877 38.9571 35.2766 39.3554 10.0801 1120.08 633.308 326.802 149.282 144.133 13.9508 130.182 77.3974 20.7524 56.6451 11.8101 273.537 195.343 22.2981
internal_count=8000 6891 6859 5181 5177 4931 246 910 4021 506 1678 1542 538 284 136 77 1109 1031 971 940 774 120 654 639 529 110 101 373 327 67
is_linear=0
shrinkage=0.05


Tree=21
num_leaves=31
num_cat=0
split_feature=3 7 8 4 5 4 8 4 5 5 7 5 3 3 6 4 8 6 7 7 1 1 1 5 5 7 2 3 5 5
split_gain=62.4962 36.1317 79.7574 37.7164 36.479 36.3236 25.4137 24.3646 18.3412 26.5105 18.282 73.9331 13.2448 14.3159 5.31626 8.71632 27.296 31.8911 17.787 20.3321 22.4494 12.5941 5.2338 17.7413 4.96112 10.0718 35.9219 8.09121 27.6208 4.95526
threshold=1380.5000000000002 3534.8850000000007 6046.6000000000013 61.45000000000001 178.50000000000003 44.750000000000007 5279.7000000000007 48.550000000000004 144.50000000000003 145.50000000000003 7716.3650000000007 202.50000000000003 1440.5000000000002 1418.5000000000002 8.5500000000000025 65.000000000000014 10823.600000000002 8.8500000000000032 8982.2450000000008 6164.1600000000008 302.25000000000006 302.35000000000008 299.75000000000006 231.50000000000003 224.50000000000003 6830.4850000000015 311.85000000000008 1570.5000000000002 215.50000000000003 211.50000000000003
decision_type=2 2 2 2 2 2 2 2 2 2 2 2 2 2 2 2 2 2 2 2 2 2 2 2 2 2 2 2 2 2
left_child=14 -2 3 4 5 8 22 12 -3 -10 11 -4 13 -7 -1 16 17 -16 19 -19 -21 -22 -6 -24 25 27 -27 29 -29 -13
right_child=1 2 10 -5 6 7 -8 -9 9 -11 -12 24 -14 -15 15 -17 -18 18 -20 20 21 -23 23 -25 -26 26 -28 28 -30 -31
leaf_value=0.072198502795249322 0.07086973808833491 -0.050861757990681301 -0.051816268804738365 0.073008111770873838 0.068878663090881892 -0.052938952284296716 -0.06549907543523481 -0.055729181310282275 0.08122217912856193 -0.052093303337296351 0.068912205234090682 0.065481673648684249 -0.0507132918060509 0.059575143176799364 0.064588737670752627 0.072593005877450781 0.069097622792629043 0.06654360263985655 0.061477800220836154 -0.055413736794627071 0.067529788830863205 -0.053515654256691941 -0.065669037808540026 0.075673555461264225 0.0650524369208582 -0.073506089389169985 0.062949067072890288 -0.059888797277810046 0.055545508397481271 0.045268354669117203
leaf_weight=473.66722965240479 160.54958713054657 45.416405074298382 17.467975096777081 24.610594749450684 28.924269999377429 3.1022700499743214 4.6525107817724338 7.9970060493797055 7.2901468463242036 7.6338964700698853 161.11935884319246 97.2182258348912 3.6325844153761855 31.875061945058405 59.220156585797668 240.45166942104697 265.81759850680828 7.6895665936172 12.96456006169319 20.166314815171066 7.7734975032508355 2.9698390709236264 3.4012580756098014 6.3932509422302246 76.979891937226057 7.1862803176045444 14.666012965142725 6.5869255326688316 24.298078387975693 44.062093013897538
leaf_count=78 32 3515 1169 4 59 161 110 372 15 491 136 92 267 110 45 48 67 23 5 760 12 71 76 1 46 57 10 68 23 77
internal_value=0.0604715 0.049714 0.0442753 0.0156296 0.00623545 -0.00945014 0.0449139 0.0237056 -0.0350596 0.0130291 0.0554211 0.0478857 0.0401583 0.0495958 0.0682143 0.0651559 0.0604075 0.0395563 0.0108069 -0.00621229 -0.0243122 0.0340685 0.0581813 0.0265907 0.0543123 0.050051 0.0180748 0.0541096 0.0309265 0.0591776
internal_weight=1875.78 785.064 624.514 174.929 150.319 106.947 43.3713 46.6069 60.3404 14.924 449.585 288.465 38.6099 34.9773 1090.72 617.053 376.602 110.784 51.5638 38.5992 30.9097 10.7433 38.7188 9.79451 270.998 194.018 21.8523 172.165 30.885 141.28
internal_count=8000 6891 6859 5181 5177 4931 246 910 4021 506 1678 1542 538 271 1109 1031 983 916 871 866 843 83 136 77 373 327 67 260 91 169
is_linear=0
shrinkage=0.05


Tree=22
num_leaves=31
num_cat=0
split_feature=3 7 8 4 2 1 3 5 3 3 3 7 5 6 4 8 6 3 7 4 5 7 2 3 5 5 3 2 2 6
split_gain=59.9354 34.4136 72.1676 35.0784 34.8001 30.105 36.1949 25.8101 26.4818 22.1826 21.4031 17.6254 67.7948 5.19361 8.30541 25.4116 29.2598 16.82 32.4437 22.5238 4.7477 8.99692 33.214 7.2332 25.3828 4.70374 7.09476 9.46755 32.0324 3.11675
threshold=1380.5000000000002 3534.8850000000007 6046.6000000000013 61.45000000000001 309.15000000000003 300.75000000000006 1422.5000000000002 144.50000000000003 1440.5000000000002 1418.5000000000002 1437.5000000000002 7716.3650000000007 202.50000000000003 8.5500000000000025 65.000000000000014 10823.600000000002 8.8500000000000032 1362.5000000000002 6189.1500000000005 53.850000000000001 224.50000000000003 6830.4850000000015 311.85000000000008 1570.5000000000002 215.50000000000003 211.50000000000003 1520.5000000000002 308.45000000000005 308.55000000000007 11.15
decision_type=2 2 2 2 2 2 2 2 2 2 2 2 2 2 2 2 2 2 2 2 2 2 2 2 2 2 2 2 2 2
left_child=13 -2 3 4 -3 7 9 8 10 -7 -6 12 -4 -1 15 16 -15 18 -18 -19 21 23 -23 25 -25 -14 27 -27 -29 -9
right_child=1 2 11 -5 5 6 -8 29 -10 -11 -12 -13 20 14 -16 -17 17 19 -20 -21 -22 22 -24 24 -26 26 -28 28 -30 -31
leaf_value=0.070652332483856245 0.069262433442141641 -0.05171042693691974 -0.051748622223565022 0.071388837330058297 -0.055913027544624794 -0.05504317644351895 -0.053959848530556659 0.066189247614771921 -0.050671301847942933 0.067083808487774316 0.070452910397870452 0.067039237728859724 0.062918284820434919 0.062723182098252186 0.07095863543930421 0.067398771548263736 0.067968183575206981 -0.055543588731901565 -0.057974557208816647 0.061506305393681716 0.06287794872118678 -0.072443962796234593 0.06066131130643887 -0.059370515072171927 0.053214677601501906 0.069203831169582661 0.062342661900490308 0.078123926464242932 -0.074129273822575753 0.033551910618973273
leaf_weight=460.17345857620239 156.17256924510002 22.108042765408754 16.637226415798068 23.927689552307129 4.3925857953727272 4.9961112011224058 26.363511496223509 36.319842965342104 13.98191932402551 14.536230372264979 14.129387708380817 157.43357248045504 96.147321451455355 57.96448087412864 233.85762649774551 259.06346519291401 7.3605472855269936 5.1178387980908182 16.750858744606376 20.870045384392142 75.692787457257509 6.9334786497056511 14.463332399725912 6.3189877830445793 24.099288191646338 7.0645670145750072 22.982302775606513 6.5710058212280256 7.2840686999261379 9.1597956130281073
leaf_count=78 32 1629 1169 4 241 188 1681 136 1163 21 18 136 92 45 48 67 13 205 594 59 46 57 10 68 23 5 21 1 50 100
internal_value=0.0589559 0.0483143 0.0429646 0.0152736 0.00607614 0.016389 -0.0157406 0.0352983 0.00127282 0.0358454 0.0404845 0.0536187 0.0461842 0.0666549 0.063594 0.0589028 0.0385351 0.0105498 -0.0195277 0.0384555 0.0522739 0.0480904 0.0175295 0.0519264 0.0298266 0.0567264 0.0431658 0.0220981 -0.00192059 0.0596159
internal_weight=1828.87 767.716 611.543 169.915 145.987 123.879 45.8959 77.9835 32.5039 19.5323 18.522 441.628 284.194 1061.16 600.985 367.127 108.064 50.0993 24.1114 25.9879 267.557 191.864 21.3968 170.468 30.4183 140.049 43.9019 20.9196 13.8551 45.4796
internal_count=8000 6891 6859 5181 5177 3548 1890 1658 1422 209 259 1678 1542 1109 1031 983 916 871 607 264 373 327 67 260 91 169 77 56 51 236
is_linear=0
shrinkage=0.05


Tree=23
num_leaves=31
num_cat=0
split_feature=3 3 8 4 2 1 6 3 3 8 7 5 4 3 3 7 1 7 8 1 6 7 0 1 8 7 1 1 7 8
split_gain=57.4272 32.8114 66.2113 33.0336 32.0871 25.9445 36.2464 33.7939 20.4182 17.3079 15.9342 76.5927 13.6122 22.6046 14.2857 6.50239 39.7808 6.86822 11.6112 20.6775 5.10361 7.97224 14.2446 47.9041 12.8689 23.0254 10.5248 22.4641 4.72863 4.07788
threshold=1380.5000000000002 2267.5000000000005 6046.6000000000013 61.45000000000001 309.15000000000003 300.75000000000006 11.15 1422.5000000000002 1418.5000000000002 10823.600000000002 8982.2450000000008 202.50000000000003 29.150000000000002 1440.5000000000002 1437.5000000000002 6841.1400000000012 303.25000000000006 6677.9800000000005 8646.9000000000015 297.45000000000005 8.5500000000000025 8056.6750000000002 1.0000000180025095e-35 302.05000000000007 10823.600000000002 7265.6950000000006 302.05000000000007 297.15000000000003 5021.0350000000008 10823.600000000002
decision_type=2 2 2 2 2 2 2 2 2 2 2 2 2 2 2 2 2 2 2 2 2 2 2 2 2 2 2 2 2 2
left_child=20 2 3 4 -2 6 12 8 -7 10 11 -4 -6 14 -14 17 -17 18 28 -20 -1 22 24 29 25 26 27 -22 -13 -24
right_child=1 -3 9 -5 5 7 -8 -9 -10 -11 -12 15 13 -15 -16 16 -18 -19 19 -21 21 -23 23 -25 -26 -27 -28 -29 -30 -31
leaf_value=0.069243586684255787 -0.051654893896068199 0.067709398832994636 -0.052558862718452573 0.069915722462415494 0.063607650560805307 -0.054829604189785865 -0.057115405689445654 -0.053752329795629786 0.064574146219137624 0.067550324458432454 0.070520216254574816 0.078824930173131719 -0.05851983618694119 -0.051378708057120984 0.071070849767155747 -0.070605348050725131 0.073633535732336858 0.069841978775377969 0.058448785721342267 -0.066245137121475825 0.070318756063140947 0.066208296879204445 -0.056100625186163836 0.06198642853398062 0.068656852705295798 -0.058736035821554983 0.065897048583481166 -0.065616026360775764 0.047921486043019698 -0.13080705229011197
leaf_weight=446.40779495239258 20.873190782032907 152.73804519884288 20.395715004764497 23.227989196777344 42.031086415983737 4.7704932717606452 9.6947444425895792 24.699965812265873 14.35084174480289 126.44944863021374 52.917243003845215 13.527518257498739 2.5201512873172822 8.1352978227660042 13.61968930531293 7.4636100381612804 13.295871943235396 39.718086455017328 7.3603357002139074 6.0635785087943077 6.9948938591405732 393.8192952722311 5.2882828041911143 20.363947927951813 113.90445685386658 5.4688186403363934 30.648518970236182 5.374441378749907 145.70757848769426 2.7905777096748352
leaf_count=78 1620 60 1273 4 208 188 597 1667 21 30 9 3 157 677 14 62 4 23 7 55 17 221 265 51 25 207 29 204 212 12
internal_value=0.0575618 0.0470305 0.0417383 0.0146747 0.00555475 0.0155207 0.0331875 -0.0151194 0.0347847 0.0519864 0.0455643 0.0403555 0.0463908 0.0165809 0.0508359 0.048484 0.0217757 0.0510947 0.0467821 0.00212457 0.0652178 0.062144 0.0537565 0.0211155 0.0594735 0.0379002 0.0501854 0.0112555 0.0505468 -0.0819055
internal_weight=1780.62 749.56 596.822 163.923 140.695 119.822 76.001 43.8213 19.1213 432.899 306.45 253.532 66.3062 24.2751 16.1398 233.137 20.7595 212.377 172.659 13.4239 1031.06 584.653 190.834 28.4428 162.391 48.4867 43.0179 12.3693 159.235 8.07886
internal_count=8000 6891 6831 5153 5149 3529 1653 1876 209 1678 1648 1639 1056 848 171 366 66 300 277 62 1109 1031 810 328 482 457 250 221 215 277
is_linear=0
shrinkage=0.05


Tree=24
num_leaves=31
num_cat=0
split_feature=3 7 8 4 5 1 8 8 8 7 7 7 5 7 4 4 3 7 1 7 8 1 6 4 8 6 3 7 4 4
split_gain=54.7534 31.2811 59.8207 29.2463 35.4449 23.2613 16.1884 16.0437 23.987 23.943 18.3467 15.1677 65.5381 9.54567 8.81148 17.1245 8.1184 5.71021 36.9259 6.69679 10.3611 19.1757 5.15149 7.98947 23.4874 26.3425 15.1609 29.1694 19.5419 5.11375
threshold=1380.5000000000002 3534.8850000000007 6224.5000000000009 61.45000000000001 217.50000000000003 298.75000000000006 10823.600000000002 3777.1500000000005 5188.7500000000009 6805.5350000000008 7103.045000000001 8982.2450000000008 202.50000000000003 4667.3450000000003 29.150000000000002 44.750000000000007 1420.5000000000002 6841.1400000000012 303.25000000000006 6677.9800000000005 8646.9000000000015 297.45000000000005 8.5500000000000025 65.000000000000014 10823.600000000002 8.8500000000000032 1362.5000000000002 6189.1500000000005 53.850000000000001 31.050000000000004
decision_type=2 2 2 2 2 2 2 2 2 2 2 2 2 2 2 2 2 2 2 2 2 2 2 2 2 2 2 2 2 2
left_child=22 -2 3 4 5 -3 11 9 13 -7 -11 12 -4 -9 -15 -16 -17 19 -19 20 29 -22 -1 24 25 -24 27 -27 -28 -14
right_child=1 2 6 -5 -6 7 -8 8 -10 10 -12 -13 17 14 15 16 -18 18 -20 -21 21 -23 23 -25 -26 26 28 -29 -30 -31
leaf_value=0.067956208431174836 0.066441298395227347 -0.052672022300379553 -0.052610365707741358 0.068571372907360026 0.05954073954685575 -0.051526778550992802 0.066074461096715553 -0.060259799130406834 -0.05366074522456752 0.048845505481847101 -0.05412814073614345 0.06912379429966839 0.067090146790111341 0.066807060041452954 -0.051160303341118651 -0.063719021441094703 0.06015818870698976 -0.069644935780552891 0.071507292717421553 0.067771316430238926 0.056275721461351506 -0.065416456041880774 0.059534866429458468 0.068161944146764172 0.06442659583358222 0.063855371784920192 -0.055320943844039051 -0.057885262196470826 0.057420732215113193 0.04386249539067727
leaf_weight=432.47467613220215 147.20038895308971 20.553536129184067 17.991134336218238 22.517228126525879 26.607962638139725 23.245194374583662 122.90032531321049 2.3149678092449895 8.3340694019570929 16.121949549764398 5.9117217781022182 51.327262401580811 29.453355640172958 21.300320121459663 5.8981755804270533 1.4572961665689934 14.309147570282219 7.1950248070061233 13.013815194368361 38.905726037919521 7.2647723555564863 5.8390650078654289 55.234325484372675 220.58240889012814 245.08635297417641 7.1158786658197668 4.7487143892794874 15.947339680045841 20.165673620998859 121.21489536017179
leaf_count=78 32 1654 1141 4 14 1884 30 58 529 151 250 9 24 108 510 67 92 62 4 23 7 55 45 48 67 13 205 594 59 183
internal_value=0.0562486 0.0458435 0.0406488 0.0155302 0.0073528 -0.00427263 0.0508494 0.00578653 0.0242941 -0.016128 0.0212173 0.0444457 0.0391872 0.0386422 0.0439711 0.0215191 0.0487082 0.046597 0.0212524 0.0491241 0.0446943 0.00204973 0.0638431 0.0607162 0.0560007 0.0359926 0.00888947 -0.0203237 0.035932 0.0484031
internal_weight=1732.23 730.877 583.677 168.572 146.054 119.446 415.105 98.8928 53.614 45.2789 22.0337 292.205 240.878 45.2799 42.9649 21.6646 15.7664 222.887 20.2088 202.678 163.772 13.1038 1001.36 568.881 348.298 103.212 47.9776 23.0632 24.9144 150.668
internal_count=8000 6891 6859 5321 5317 5303 1538 3649 1364 2285 401 1508 1499 835 777 669 159 358 66 292 269 62 1109 1031 983 916 871 607 264 207
is_linear=0
shrinkage=0.05


Tree=25
num_leaves=31
num_cat=0
split_feature=3 7 8 4 5 1 7 5 8 7 8 7 7 4 3 6 4 8 6 3 1 4 3 4 4 6 6 2 3 8
split_gain=52.6814 29.9198 54.6112 27.3594 32.6902 22.0652 16.0358 48.034 14.8902 22.673 22.3163 16.8891 8.83363 7.94842 15.9845 5.09574 7.71511 22.103 24.2937 14.0451 27.5596 18.0364 4.52287 7.55812 7.7596 21.7328 10.4909 22.3333 5.80493 10.6561
threshold=1380.5000000000002 3534.8850000000007 6224.5000000000009 61.45000000000001 217.50000000000003 298.75000000000006 7716.3650000000007 202.50000000000003 3777.1500000000005 6805.5350000000008 5188.7500000000009 7103.045000000001 4667.3450000000003 29.150000000000002 1438.5000000000002 8.5500000000000025 65.000000000000014 10823.600000000002 8.8500000000000032 1362.5000000000002 297.15000000000003 53.850000000000001 1456.5000000000002 31.050000000000004 34.350000000000001 11.350000000000003 10.950000000000001 311.75000000000006 1566.5000000000002 7885.6500000000005
decision_type=2 2 2 2 2 2 2 2 2 2 2 2 2 2 2 2 2 2 2 2 2 2 2 2 2 2 2 2 2 2
left_child=15 -2 3 4 5 -3 7 -4 9 -7 12 -11 -10 -14 -15 -1 17 18 -17 20 -20 -21 -9 -24 25 -25 28 -28 29 -26
right_child=1 2 6 -5 -6 8 -8 22 10 11 -12 -13 13 14 -16 16 -18 -19 19 21 -22 -23 23 24 26 -27 27 -29 -30 -31
leaf_value=0.066776540858128522 0.065188833723540993 -0.052607523146730867 -0.051659324195233038 0.067341043092232752 0.057753748304210387 -0.051466141130102672 0.062769120324773317 0.055508656085555191 -0.059742045493336539 0.04662945519124248 -0.053522818919742157 -0.053942107416711717 0.064352071593074406 0.047177197173123978 -0.05106996921137285 0.057959849210670093 0.066900411922047515 0.063069740557125456 0.061364301303702407 -0.055107070254213908 -0.058146314015034617 0.055415623672350617 0.064572479566052388 -0.072200708136246322 0.055648264671887021 0.058404749476168874 -0.070178708634325598 0.059326034990049362 0.062985107059567128 0.014811896003466822
leaf_weight=418.46423053741455 142.64278407394886 19.574498978443444 13.003282288089393 21.800365447998047 26.073358312249184 22.136909802444279 144.61294671334326 94.828530553728342 2.2206663945689789 16.045702408999208 7.947527506388723 5.6423083320260039 21.014577543362975 15.49825513456017 5.6489946097135535 53.931808357127011 213.67992173135281 238.02072682976723 7.078686359338465 4.5342066893354085 15.144380046054719 19.85847788490355 29.081108707934618 5.8027908951044065 35.711713701486588 7.0609400719404221 6.2359656747430545 7.1415475234389305 33.671595020219684 28.905595941469073
leaf_count=78 32 1654 1039 4 14 1884 134 98 58 151 529 250 108 152 517 45 48 67 43 205 564 59 24 43 27 6 49 5 26 87
internal_value=0.0550371 0.0447103 0.0395824 0.0151931 0.00717597 -0.004219 0.0494091 0.0420192 0.00563157 -0.015869 0.0236377 0.020465 0.0374547 0.0425741 0.0209328 0.0626149 0.0594614 0.0547664 0.0351105 0.008675 -0.0200787 0.0348712 0.0469223 0.0416217 0.0362621 -0.000510985 0.0404983 -0.00104297 0.0461522 0.0373807
internal_weight=1683.01 712.302 569.659 163.603 141.803 115.729 406.056 261.443 96.1549 43.8249 52.33 21.688 44.3825 42.1618 21.1472 970.712 552.248 338.568 100.548 46.6158 22.2231 24.3927 248.44 153.611 124.53 12.8637 111.666 13.3775 98.2889 64.6173
internal_count=8000 6891 6859 5321 5317 5303 1538 1404 3649 2285 1364 401 835 777 669 1109 1031 983 916 871 607 264 365 267 243 49 194 54 140 114
is_linear=0
shrinkage=0.05


Tree=26
num_leaves=31
num_cat=0
split_feature=3 3 8 4 2 1 6 3 3 8 7 5 8 8 3 7 1 7 8 1 6 4 8 6 3 7 8 7 2 6
split_gain=51.176 28.8739 50.3961 27.1033 27.0322 21.5958 30.8682 29.4794 17.037 16.4905 15.0738 61.2433 11.6553 9.5513 8.63942 5.07713 34.389 6.4764 9.09657 18.1075 5.06206 7.48547 20.8821 22.4389 13.0098 25.9733 17.0931 4.36792 4.13175 14.4369
threshold=1380.5000000000002 2267.5000000000005 6046.6000000000013 61.45000000000001 309.15000000000003 300.75000000000006 11.15 1422.5000000000002 1418.5000000000002 10823.600000000002 8982.2450000000008 202.50000000000003 1448.3000000000002 5279.7000000000007 1437.5000000000002 6841.1400000000012 303.25000000000006 6677.9800000000005 8646.9000000000015 297.45000000000005 8.5500000000000025 65.000000000000014 10823.600000000002 8.8500000000000032 1362.5000000000002 6189.1500000000005 6467.4000000000005 5021.0350000000008 311.75000000000006 10.950000000000001
decision_type=2 2 2 2 2 2 2 2 2 2 2 2 2 2 2 2 2 2 2 2 2 2 2 2 2 2 2 2 2 2
left_child=20 2 3 4 -2 6 12 8 -7 10 11 -4 -6 14 -14 17 -17 18 27 -20 -1 22 23 -22 25 -25 -26 -13 29 -29
right_child=1 -3 9 -5 5 7 -8 -9 -10 -11 -12 15 13 -15 -16 16 -18 -19 19 -21 21 -23 -24 24 26 -27 -28 28 -30 -31
leaf_value=0.065692866493784349 -0.05152689953798914 0.063939592831131306 -0.052451351148617001 0.066212135400126854 -0.05263456064375887 -0.054232642274616695 -0.057498583565199934 -0.053889358411165801 0.059715826563143296 0.063544514887051443 0.066762049560080902 0.072745580527012618 -0.062038669773841204 -0.06139290234511028 0.055336415008591183 -0.069417641210389708 0.068563739799054141 0.064466250549780543 0.054357211389543872 -0.065060252833892177 0.056457085589253254 0.065737036937588658 0.061801033185141824 0.060443660661943434 0.05236594662074863 -0.057556775431162083 -0.062749833960215634 0.044832148118639857 0.059780501521344537 -0.0088329505268535478
leaf_weight=404.45404148101807 18.135961816646159 139.18071921169758 18.048845805227757 21.081676483154297 3.0064390916377297 4.3138946443796184 8.6430154349654895 21.965238270349801 13.691334021277724 116.02787907421589 48.225014686584473 12.812343344092367 1.61353757418692 1.9196400623768557 55.22948429081589 7.0467158444225815 12.571802169084547 37.30254290625453 7.1034683734178525 5.73910953104496 52.632221762090921 206.76388104259968 230.94168747961521 6.856258304789665 20.039102515205744 14.580451794899998 3.8431549351662389 99.530387004837394 27.152734844014049 14.337587552145122
leaf_count=78 1620 60 1273 4 272 188 597 1667 21 30 9 3 90 110 584 62 4 23 7 55 45 48 67 13 158 594 106 134 20 58
internal_value=0.053866 0.0435747 0.0384722 0.0136655 0.00504594 0.0143409 0.0310038 -0.0150125 0.0324148 0.0476151 0.041239 0.0361454 0.0433875 0.0483002 0.0520046 0.043297 0.0190026 0.0456336 0.0414188 0.000991765 0.0614705 0.0582824 0.0535959 0.0342506 0.00846054 -0.0198158 0.0338414 0.0447938 0.0422542 0.038075
internal_weight=1634.79 694.679 555.499 149.6 128.519 110.383 70.4121 39.9705 18.0052 405.898 289.871 241.646 61.7691 58.7627 56.843 223.597 19.6185 203.978 166.676 12.8426 940.111 535.657 328.893 97.9512 45.319 21.4367 23.8823 153.833 141.021 113.868
internal_count=8000 6891 6831 5153 5149 3529 1653 1876 209 1678 1648 1639 1056 784 674 366 66 300 277 62 1109 1031 983 916 871 607 264 215 212 192
is_linear=0
shrinkage=0.05


Tree=27
num_leaves=31
num_cat=0
split_feature=3 7 8 4 2 1 3 5 3 3 3 8 7 5 6 4 0 1 8 7 1 1 8 4 4 6 6 2 8 6
split_gain=49.3891 27.7232 45.916 24.1421 28.8739 25.9079 29.0851 19.4905 20.5591 15.8361 15.8288 15.5059 14.4259 52.7414 5.05224 7.3973 22.8587 54.5221 15.5386 24.9079 8.76441 18.5006 7.2358 4.78903 9.23877 19.8822 9.01208 15.9558 3.80982 12.0895
threshold=1380.5000000000002 3534.8850000000007 6224.5000000000009 61.45000000000001 309.15000000000003 300.75000000000006 1422.5000000000002 144.50000000000003 1440.5000000000002 1437.5000000000002 1418.5000000000002 10823.600000000002 8982.2450000000008 202.50000000000003 8.5500000000000025 60.150000000000013 1.0000000180025095e-35 302.05000000000007 10823.600000000002 7265.6950000000006 302.05000000000007 297.15000000000003 10823.600000000002 31.050000000000004 34.350000000000001 11.350000000000003 11.050000000000002 311.75000000000006 5279.7000000000007 11.450000000000001
decision_type=2 2 2 2 2 2 2 2 2 2 2 2 2 2 2 2 2 2 2 2 2 2 2 2 2 2 2 2 2 2
left_child=14 -2 3 4 -3 7 10 8 9 -6 -7 12 13 -4 -1 16 18 22 19 20 21 -16 -18 -15 25 -25 -26 -28 -9 -30
right_child=1 2 11 -5 5 6 -8 28 -10 -11 -12 -13 -14 23 15 -17 17 -19 -20 -21 -22 -23 -24 24 26 -27 27 -29 29 -31
leaf_value=0.064695112790359555 0.062960819310765845 -0.051943826174700884 -0.052499273328771939 0.065173819742891242 -0.055686308846090452 -0.054022381972709234 -0.054524197702689008 0.059369880476834426 -0.050574225035247604 0.062006909652886133 0.057692588345337359 0.062352031230352802 0.065680101903054414 0.06083113902866516 0.063883895002880456 0.062295618402806466 -0.055772819316926805 0.055825421444054925 0.064170090462834145 -0.060543228619252556 0.060944394679046943 -0.065796832849998044 -0.14727375426106371 -0.071666306324894388 0.045013143871904311 0.054938686948238225 -0.064617121837726985 0.049201384640510763 -0.061322488031826675 0.064039138605800502
leaf_weight=390.51056814193726 133.5809720903635 18.123387021943927 15.962036063894628 20.364833831787109 3.6688985554501476 4.1470784582197693 22.345650053583086 38.807744558900595 11.683337302878497 12.933969172649084 13.468620261177419 112.42608352005482 46.609411716461182 28.431973151862621 6.4471197267994267 298.66568116284907 5.0731216669082659 18.81242760270834 147.66614785790443 6.4212707253172985 27.562553036957979 4.7963131088763475 3.7634136378765106 5.6936075855046493 159.73987129889429 6.8101239092648029 5.3309782985597831 7.2896810099482536 2.8667149599641544 5.8430473320186138
leaf_count=78 32 1675 1141 4 250 191 1726 137 1165 18 21 30 9 24 17 158 279 53 34 240 29 204 17 43 229 6 48 8 119 15
internal_value=0.0527916 0.0425564 0.0375327 0.0144548 0.00674024 0.0159274 -0.0166504 0.0331015 0.000240835 0.0359991 0.0313927 0.0467006 0.040322 0.0351666 0.0603986 0.0571671 0.050222 0.00770435 0.0563164 0.0306741 0.0457679 0.00856366 -0.0947424 0.0417271 0.0387889 -0.00271124 0.0417995 0.00112434 0.0526627 0.0227778
internal_weight=1585.85 676.128 542.547 154.253 133.888 115.765 39.9613 75.8037 28.2862 16.6029 17.6157 388.294 275.868 229.258 909.719 519.208 220.542 27.649 192.893 45.2273 38.806 11.2434 8.83654 213.296 184.864 12.5037 172.361 12.6207 47.5175 8.70976
internal_count=8000 6891 6859 5321 5317 3642 1938 1704 1433 268 212 1538 1508 1499 1109 1031 873 349 524 490 250 221 296 358 334 49 285 56 271 134
is_linear=0
shrinkage=0.05


Tree=28
num_leaves=31
num_cat=0
split_feature=3 7 8 4 2 1 3 5 3 7 5 3 3 3 6 4 8 6 3 1 8 3 4 2 2 5 2 2 7 8
split_gain=47.7039 26.6608 41.7833 22.6571 27.2449 24.0664 27.4699 17.8327 19.3482 15.5385 37.6438 14.6906 14.6429 9.3841 5.08114 7.25601 19.4397 20.2139 11.7656 23.5522 15.3039 4.34415 6.51482 6.81842 45.4055 6.26912 9.63425 6.92963 26.9158 2.78603
threshold=1380.5000000000002 3534.8850000000007 6224.5000000000009 61.45000000000001 309.15000000000003 300.75000000000006 1422.5000000000002 144.50000000000003 1440.5000000000002 7716.3650000000007 202.50000000000003 1437.5000000000002 1418.5000000000002 1660.5000000000002 8.5500000000000025 65.000000000000014 10823.600000000002 8.8500000000000032 1362.5000000000002 297.15000000000003 6467.4000000000005 1456.5000000000002 31.050000000000004 310.55000000000007 308.45000000000005 226.50000000000003 311.75000000000006 310.65000000000003 6390.2850000000008 5727.5000000000009
decision_type=2 2 2 2 2 2 2 2 2 2 2 2 2 2 2 2 2 2 2 2 2 2 2 2 2 2 2 2 2 2
left_child=14 -2 3 4 -3 7 12 8 11 10 -4 -6 -7 -9 -1 16 17 -16 19 -19 29 -12 -23 24 -24 26 27 -25 -29 -20
right_child=1 2 9 -5 5 6 -8 13 -10 -11 21 -13 -14 -15 15 -17 -18 18 20 -21 -22 22 23 25 -26 -27 -28 28 -30 -31
leaf_value=0.063774526295463776 0.061954957665085547 -0.051885239734669832 -0.051474481466843615 0.064216741589537898 -0.055621959958856576 -0.05384607859152938 -0.054403264462145162 -0.054400239198242308 -0.050546141821457446 0.059305080144599967 0.050985684856721503 0.060184716205772697 0.055764518501648756 0.055915625502709357 0.053918507538777527 0.063697676087963451 0.059558675326570845 0.056729540206404319 0.026094459810690931 -0.057931735768069807 -0.062903502804751862 0.058719039553486035 0.045318167318114125 0.044063425918696074 -0.069368269560385207 0.06250994475314596 0.050937688742461129 -0.091996367405428353 0.047899531553210056 0.064984883898368706
leaf_weight=376.69044971466064 129.07654422521591 17.258476446848363 11.211395343765615 19.652974128723145 3.4939016420394244 3.957413628697398 21.30190592771396 2.0150791499763718 11.119553202763198 131.6400549467653 89.379398811608553 12.666140346787868 13.243371509015558 44.496282672509551 49.879517060704529 193.27945810556412 216.76163610816002 6.6536423899233368 7.6412503803148928 13.699996365234254 3.5916604446247211 27.993152599781752 34.845081679522991 7.8025853652507093 11.471477432176469 23.794454284012318 27.428619362413883 6.231895122677086 7.6698045991361141 11.590054382570086
leaf_count=78 32 1675 1039 4 250 191 1726 130 1165 134 98 18 21 141 45 48 67 43 135 564 106 24 45 12 100 10 28 33 15 23
internal_value=0.0517681 0.0415824 0.0366084 0.0141916 0.00660276 0.0155918 -0.0164527 0.032312 0.000217008 0.0454225 0.0380485 0.0351466 0.0305462 0.0511363 0.0593832 0.0560952 0.0513525 0.0322372 0.00718996 -0.0204488 0.0318383 0.0422903 0.0370118 0.0319159 0.0169131 0.0414442 0.0312424 0.00635252 -0.0148134 0.0495324
internal_weight=1537.54 657.75 528.673 149.205 129.552 112.294 38.5027 73.791 27.2796 379.468 247.828 16.16 17.2008 46.5114 879.788 503.097 309.818 93.0561 43.1766 20.3536 22.823 236.616 147.237 119.244 46.3166 72.9274 49.1329 21.7043 13.9017 19.2313
internal_count=8000 6891 6859 5321 5317 3642 1938 1704 1433 1538 1404 268 212 271 1109 1031 983 916 871 607 264 365 267 243 145 98 88 60 48 158
is_linear=0
shrinkage=0.05


Tree=29
num_leaves=31
num_cat=0
split_feature=3 3 8 4 2 6 1 3 8 7 5 3 8 8 3 6 4 8 6 3 7 4 7 1 7 8 1 7 2 6
split_gain=46.3438 25.7402 38.5673 22.4857 22.641 18.0532 25.8895 24.721 15.6945 14.3313 49.5692 13.4383 9.60704 8.04615 6.9885 5.08675 7.09851 18.4827 18.7091 10.9101 22.3708 14.5314 4.95334 31.623 6.27359 8.64653 16.5219 3.99939 3.73042 12.5464
threshold=1380.5000000000002 2267.5000000000005 6046.6000000000013 61.45000000000001 309.15000000000003 11.15 300.75000000000006 1422.5000000000002 10823.600000000002 8982.2450000000008 202.50000000000003 1418.5000000000002 1448.3000000000002 5279.7000000000007 1437.5000000000002 8.5500000000000025 65.000000000000014 10823.600000000002 8.8500000000000032 1362.5000000000002 6189.1500000000005 53.850000000000001 6841.1400000000012 303.25000000000006 6677.9800000000005 8646.9000000000015 297.45000000000005 5021.0350000000008 311.75000000000006 10.950000000000001
decision_type=2 2 2 2 2 2 2 2 2 2 2 2 2 2 2 2 2 2 2 2 2 2 2 2 2 2 2 2 2 2
left_child=15 2 3 4 -2 6 12 11 9 10 -4 -8 -6 14 -14 -1 17 18 -17 20 -20 -21 24 -24 25 27 -27 -12 29 -29
right_child=1 -3 8 -5 5 -7 7 -9 -10 -11 22 -13 13 -15 -16 16 -18 -19 19 21 -22 -23 23 -25 -26 26 -28 28 -30 -31
leaf_value=0.062923511666835075 -0.051366388828534532 0.060907080048762954 -0.052357237384893479 0.063332771828262191 -0.053097235096829822 -0.058040101268688582 -0.053720884699698927 -0.053623085525222818 0.060250056131618934 0.063838760396757843 0.068177343783562147 0.054023623023213396 -0.06163320998706398 -0.061421765994042227 0.051116692305447943 0.052583029667252347 0.062765829629155528 0.058495810554063304 0.056534086519260729 -0.054250696022621808 -0.057337818322176305 0.049996966628595443 -0.069746089813687615 0.064437799749855085 0.060436078622313351 0.050020022445827178 -0.065276605640556748 0.040440198802712574 0.055147597469676846 -0.010445834077453857
leaf_weight=363.04165077209473 15.64303726935759 125.74248629808426 15.991459429729728 18.948762893676758 2.6326292627491048 8.1598804509267193 3.7223069956526187 18.695015039760619 105.50032423436642 43.541011810302734 11.962329432368277 13.004565560258923 1.4117676559835661 1.7306419825181354 51.827253892086446 48.621231770142913 186.51312815397978 209.84117104113102 6.4014028441160944 4.0923241870477822 13.221191985066978 18.252516429871321 7.0029508937150267 11.771304741501806 35.04053620249033 6.779330372810362 5.7363103125244379 95.459776697680354 25.717236949130893 13.873760001733897
leaf_count=78 1620 60 1273 4 272 632 186 1635 30 9 3 20 90 110 584 45 48 67 13 205 594 59 62 4 23 7 55 134 20 58
internal_value=0.0507925 0.040629 0.0356698 0.0128093 0.00461467 0.0132693 0.0195244 -0.0141126 0.0438729 0.0375412 0.0325484 0.0300467 0.0402092 0.0446779 0.0481268 0.0584438 0.055104 0.0503474 0.0314723 0.00701454 -0.0201898 0.0309046 0.0389126 0.0143861 0.0412792 0.0370714 -0.00282404 0.0404678 0.0380134 0.0339831
internal_weight=1489.88 639.895 514.152 135.776 116.827 101.184 93.0242 35.4219 378.376 272.876 229.335 16.7269 57.6023 54.9697 53.239 849.985 486.943 300.43 90.5887 41.9674 19.6226 22.3448 213.344 18.7743 194.569 159.529 12.5156 147.013 135.051 109.334
internal_count=8000 6891 6831 5153 5149 3529 2897 1841 1678 1648 1639 206 1056 784 674 1109 1031 983 916 871 607 264 366 66 300 277 62 215 212 192
is_linear=0
shrinkage=0.05


Tree=30
num_leaves=31
num_cat=0
split_feature=3 7 8 4 2 1 3 5 3 7 5 3 3 3 6 4 0 1 8 7 1 1 8 8 7 1 4 4 4 6
split_gain=44.9774 24.8462 35.2095 20.1235 24.2552 20.7752 24.6317 15.6944 17.8602 15.0143 32.2061 12.7753 12.5537 8.30628 5.09689 6.97905 21.7248 49.8149 13.896 22.1981 7.6476 16.0268 6.51591 4.3805 5.51326 32.4886 6.2143 4.74536 7.41119 17.4404
threshold=1380.5000000000002 3534.8850000000007 6224.5000000000009 61.45000000000001 309.15000000000003 300.75000000000006 1422.5000000000002 144.50000000000003 1440.5000000000002 7716.3650000000007 202.50000000000003 1437.5000000000002 1418.5000000000002 1660.5000000000002 8.5500000000000025 60.150000000000013 1.0000000180025095e-35 302.05000000000007 10823.600000000002 7265.6950000000006 302.05000000000007 297.15000000000003 10823.600000000002 11112.650000000001 6841.1400000000012 303.25000000000006 45.850000000000001 31.050000000000004 34.350000000000001 11.350000000000003
decision_type=2 2 2 2 2 2 2 2 2 2 2 2 2 2 2 2 2 2 2 2 2 2 2 2 2 2 2 2 2 2
left_child=14 -2 3 4 -3 7 12 8 11 10 -4 -6 -7 -9 -1 16 18 22 19 20 21 -16 -18 24 26 -26 27 -12 29 -29
right_child=1 2 9 -5 5 6 -8 13 -10 -11 23 -13 -14 -15 15 -17 17 -19 -20 -21 -22 -23 -24 -25 25 -27 -28 28 -30 -31
leaf_value=0.062135386436868813 0.060143384530598837 -0.051828991314269407 -0.051361212916615287 0.062514805774774598 -0.055466387878419003 -0.05351380521182314 -0.054291610325367529 -0.0542760301759634 -0.050525469555407154 0.057245046520069565 0.055567898068005044 0.057402491892966138 0.052155482245562226 0.053119648237592722 0.059923370403323267 0.059421947955313782 -0.055849581455774233 0.052208406117848695 0.061282295111480527 -0.061685907056947736 0.057869128244358331 -0.065826821975373512 -0.1445812730402056 0.05965183930929651 -0.07389442748959206 0.062978321327928383 0.065170183023220932 -0.070233527974407003 0.036318867142434721 0.051123502456575834
leaf_weight=349.60454511642456 120.28757400810719 15.67842330643907 10.157007218804209 18.254451751708984 3.1598525876179364 3.602269834373149 19.423783639911562 1.8798439973033954 10.53204837720841 123.34696370735765 27.260723486542702 12.135029042139648 12.790805644355713 42.610826590098441 6.0116896918043476 269.82623568177223 4.5486537776887435 17.53422886505723 133.70500533282757 5.8962605372071257 25.300506669096649 4.3797582415863872 3.7953077256679535 24.404218763113022 6.9774199984967735 11.450071081519125 21.398933321237564 5.5044407695531827 124.72396047972143 6.4057911038398743
leaf_count=78 32 1675 1039 4 250 191 1726 130 1165 134 24 18 21 141 17 158 279 53 34 240 29 204 17 7 62 4 5 43 214 6
internal_value=0.0498752 0.0397344 0.0348412 0.0135577 0.00622113 0.0147964 -0.0161993 0.0305844 -0.000418996 0.0430847 0.0357547 0.0340843 0.0289354 0.0485819 0.0575616 0.0541666 0.0471178 0.0043536 0.053431 0.0281892 0.0430364 0.00692253 -0.0962098 0.0396334 0.0372353 0.0111526 0.0398293 0.0365206 0.0327204 -0.00496294
internal_weight=1442.59 621.984 501.697 140.067 121.813 106.134 35.8169 70.3176 25.8269 361.63 238.283 15.2949 16.3931 44.4907 820.602 470.998 201.171 25.8782 175.293 41.5882 35.692 10.3914 8.34396 228.126 203.721 18.4275 185.294 163.895 136.634 11.9102
internal_count=8000 6891 6859 5321 5317 3642 1938 1704 1433 1538 1404 268 212 271 1109 1031 873 349 524 490 250 221 296 365 358 66 292 287 263 49
is_linear=0
shrinkage=0.05


Tree=31
num_leaves=31
num_cat=0
split_feature=3 7 7 5 4 7 7 8 3 3 5 7 6 4 7 3 3 5 5 6 4 8 6 3 7 8 2 2 1 7
split_gain=43.831 24.0599 32.3594 58.1691 15.6901 19.0987 20.7323 14.2583 7.60294 7.04912 6.22034 8.16103 19.0304 8.10493 7.84942 10.9604 6.01381 13.803 13.247 5.14443 6.9321 17.3402 16.9081 9.94234 20.3155 13.3283 4.78772 11.892 29.3115 3.76996
threshold=1380.5000000000002 3534.8850000000007 7716.3650000000007 202.50000000000003 44.750000000000007 5102.3550000000005 5066.6950000000006 4536.4000000000005 1418.5000000000002 1440.5000000000002 224.50000000000003 7161.0150000000012 11.15 45.850000000000001 6403.5300000000007 1442.5000000000002 1570.5000000000002 215.50000000000003 205.50000000000003 8.5500000000000025 65.000000000000014 10823.600000000002 8.8500000000000032 1362.5000000000002 6189.1500000000005 6467.4000000000005 309.05000000000007 311.75000000000006 300.95000000000005 8982.2450000000008
decision_type=2 2 2 2 2 2 2 2 2 2 2 2 2 2 2 2 2 2 2 2 2 2 2 2 2 2 2 2 2 2
left_child=19 -2 3 4 5 6 -3 8 -6 -10 11 13 -13 14 16 -16 26 18 -18 -1 21 22 -21 24 -24 -25 -5 28 -28 -4
right_child=1 2 29 10 7 -7 -8 -9 9 -11 -12 12 -14 -15 15 -17 17 -19 -20 20 -22 -23 23 25 -26 -27 27 -29 -30 -31
leaf_value=0.061404313715713359 0.059313480681424925 -0.050612138535100548 0.045249051492622233 0.055559227262868972 -0.052062501938106465 -0.050577596744211778 0.048596504153516337 -0.051510186270504923 0.044707913837475508 -0.05046072054715306 0.050323015262302866 -0.083203958804727307 0.055888132849692455 0.060683628787702573 0.031388383858867164 -0.063480564085186084 0.029428750279279922 0.040819625803341371 -0.061552752765781676 0.050328279189147007 0.061113788810414994 0.056614681303268813 0.053963198276090134 0.046179832361319145 -0.057315133772441407 -0.063282234603238507 -0.075542799540891589 0.058673529792411264 0.039599692470750542 0.061708182825151871
leaf_weight=336.41270112991333 115.98134110867977 8.6299344440922159 63.621104588266462 37.351131618022919 2.5693004908971515 31.743687145411968 13.510180200450121 6.4169482402503482 26.521733115892861 2.0998001629486671 73.279129918664694 4.7493269182741624 5.0997040048241615 27.174215026199818 7.5924515109509212 5.0826355889439583 7.7314248662441996 27.271824687719345 8.2915340084582549 45.981426311656833 173.55809139460325 196.15580730140209 6.101227872073653 17.943039914593104 12.514059181325136 3.2909648092463604 7.3397281914949444 23.657092705368996 22.382506772875786 76.773787200450897
leaf_count=78 32 906 300 25 212 4005 58 575 113 242 53 36 5 14 18 50 30 27 80 45 48 67 13 158 594 106 50 11 31 18
internal_value=0.0489744 0.0388398 0.0339827 0.0258179 -0.00841913 -0.0257174 0.00992624 0.0163655 0.0303297 0.0377259 0.0380061 0.0330935 -0.0111838 0.0356015 0.0309554 -0.00665351 0.0345122 0.0191798 -0.0176522 0.0567149 0.0532519 0.048413 0.029669 0.00583056 -0.0208433 0.0292148 0.0418285 0.0322207 0.0111659 0.0542496
internal_weight=1396.83 604.871 488.889 348.494 91.4916 53.8838 22.1401 37.6078 31.1908 28.6215 257.003 183.724 9.84903 173.875 146.7 12.6751 134.025 43.2948 16.023 791.957 455.545 281.987 85.8307 39.8493 18.6153 21.234 90.7305 53.3793 29.7222 140.395
internal_count=8000 6891 6859 6541 6111 4969 964 1142 567 355 430 377 41 336 322 68 254 137 110 1109 1031 983 916 871 607 264 117 92 81 318
is_linear=0
shrinkage=0.05


Tree=32
num_leaves=31
num_cat=0
split_feature=3 3 7 5 2 8 8 6 1 3 5 7 6 7 4 7 3 6 4 8 6 7 5 8 6 7 8 5 3 3
split_gain=42.7834 23.3716 30.5885 46.6964 15.0239 14.5849 11.2117 9.26128 9.28782 21.0024 6.30714 7.23472 17.7192 13.9193 7.042 7.75506 10.2172 5.18444 6.82703 16.5763 15.6738 9.24033 10.6186 9.81995 6.01857 4.4328 10.4452 20.8526 5.14282 10.4098
threshold=1380.5000000000002 2267.5000000000005 7716.3650000000007 202.50000000000003 309.15000000000003 5188.7500000000009 948.05000000000007 11.15 300.65000000000003 1422.5000000000002 224.50000000000003 7161.0150000000012 11.15 4667.3450000000003 45.850000000000001 6403.5300000000007 1442.5000000000002 8.5500000000000025 65.000000000000014 10823.600000000002 8.8500000000000032 8982.2450000000008 118.50000000000001 9238.2500000000018 9.4500000000000011 6189.1500000000005 7822.8500000000013 219.50000000000003 1557.5000000000002 1689.5000000000002
decision_type=2 2 2 2 2 2 2 2 2 2 2 2 2 2 2 2 2 2 2 2 2 2 2 2 2 2 2 2 2 2
left_child=17 2 3 4 -2 6 -6 8 -8 -10 11 13 -13 -5 15 25 -17 -1 19 20 -19 22 -22 24 -24 26 28 -28 -15 -30
right_child=1 -3 -4 10 5 -7 7 -9 9 -11 -12 12 -14 14 -16 16 -18 18 -20 -21 21 -23 23 -25 -26 -27 27 -29 29 -31
leaf_value=0.060725120686342698 -0.050569419364064651 0.058424914048387677 0.053117753853797134 -0.071688267743625578 -0.057844622406074256 -0.051372501359849179 0.040793300907643749 -0.05279402243530619 0.042142581540282685 -0.051325856685809496 0.048943435086593004 -0.081569095291028917 0.054618390541414756 0.047105761843826283 0.059403001876210851 0.030023492819334686 -0.062786177224145465 0.04910471173047274 0.060347649204487125 0.055694804310287852 -0.052310088931495614 0.047824962733064254 -0.053636335873904831 -0.059253276534171818 0.041229137554679197 0.050967483621147149 -0.080443975113794169 0.050348282691249906 -0.013341168552887009 0.043385573307993343
leaf_weight=323.49377632141113 15.249184964224694 112.91091589909047 136.32603995455429 3.0705062560737124 5.2498625242151311 10.391665888484566 33.086439652834088 4.2670047185383728 13.353393354453148 10.928922510705886 71.620017744600773 4.6059412378817779 4.9609002582728863 44.9294094145298 26.391984399408102 7.5420432314276677 4.8868660610169172 44.80106439627707 167.13624095916748 189.59272742271423 9.3561381623148936 9.7374819964170438 1.9002805589698279 3.8459964147768906 13.913158851210026 32.046388063579798 5.97357947565615 6.2212642729282379 13.228254824876784 20.809719642624259
leaf_count=78 1941 60 318 22 562 1176 647 450 126 1183 53 36 5 40 14 18 50 45 48 67 505 5 80 93 188 40 33 7 67 43
internal_value=0.0481143 0.037977 0.0331178 0.0250705 -0.00521388 0.00373617 0.0122981 0.0182726 0.0235584 7.45463e-05 0.0364479 0.0313243 -0.0109489 0.0337739 0.0357724 0.0311744 -0.00646792 0.0559193 0.0523882 0.0475179 0.0289637 0.00567929 -0.00846459 0.012402 0.0298293 0.0349717 0.0293486 -0.0137196 0.0359996 0.0213397
internal_weight=1351.83 588.05 475.139 338.813 92.5265 77.2773 66.8856 61.6358 57.3688 24.2823 246.287 174.667 9.56684 165.1 162.03 135.638 12.4289 763.777 440.283 273.147 83.5541 38.7531 29.0156 19.6594 15.8134 123.209 91.1622 12.1948 78.9674 34.038
internal_count=8000 6891 6831 6513 6085 4144 2968 2406 1956 1309 428 375 41 334 312 298 68 1109 1031 983 916 871 866 361 268 230 190 40 150 110
is_linear=0
shrinkage=0.05


Tree=33
num_leaves=31
num_cat=0
split_feature=3 7 8 1 2 7 6 7 5 2 6 8 6 2 7 4 7 7 8 8 7 6 4 8 6 7 7 2 2 5
split_gain=42.1626 22.8082 28.9031 20.1719 19.9536 16.5178 12.5786 11.7243 28.5678 22.1519 11.4314 10.8111 11.85 13.1954 8.65683 20.1247 6.79245 32.1958 5.99862 6.25413 5.98576 5.23351 6.73551 15.8685 14.7373 14.8268 10.7766 12.4788 10.3885 4.78785
threshold=1380.5000000000002 3534.8850000000007 7677.1000000000013 300.75000000000006 310.85000000000008 5440.5250000000005 9.3500000000000032 8982.2450000000008 178.50000000000003 309.75000000000006 11.15 10823.600000000002 11.050000000000002 311.75000000000006 5386.7750000000005 35.750000000000007 8982.2450000000008 7214.8950000000013 1778.5500000000004 4233.3000000000011 7103.045000000001 8.5500000000000025 65.000000000000014 10823.600000000002 8.6500000000000004 8982.2450000000008 6164.1600000000008 311.75000000000006 311.85000000000008 205.50000000000003
decision_type=2 2 2 2 2 2 2 2 2 2 2 2 2 2 2 2 2 2 2 2 2 2 2 2 2 2 2 2 2 2
left_child=21 -2 3 7 -5 -6 20 8 9 -3 18 12 16 -14 -10 -16 17 29 -11 -20 -7 -1 23 24 -23 26 -26 -28 -29 -4
right_child=1 2 11 4 5 6 -8 -9 14 10 -12 -13 13 -15 15 -17 -18 -19 19 -21 -22 22 -24 -25 25 -27 27 28 -30 -31
leaf_value=0.060093225463222322 0.05780477367798921 -0.050757037694858037 0.0078279790037478428 -0.062930074949502424 -0.065408749635854926 0.041181749833908064 -0.055868375660500624 0.058763403205133957 0.048728965107997575 -0.055156177041235446 -0.052508505380970731 0.056887417851463951 -0.062100395294029331 0.038685747218161731 -0.066303972085949681 0.04546282181566437 0.061063827233219237 -0.062501821200950963 0.050425890707021373 -0.050699098988909119 -0.053252365198618402 0.051190080435459431 0.059626382577668939 0.054812762855197365 0.048230311284652674 0.051385943242003289 -0.054698489868441127 0.05934431723945887 -0.053090403530213083 0.043934844665104354
leaf_weight=310.87024760246277 107.70466943085194 19.439899052493274 10.010980794671921 12.842430597171186 6.2776201362721613 26.668799162842337 4.3701473134569815 24.738666102290154 59.652626949828118 1.7203533235006094 4.5619481350295237 92.759755745530128 6.3054238944314402 6.6967026712372899 5.9339446262456503 12.536717137321828 29.594097137451172 8.0214730044826847 18.565733816940341 1.6661501522175957 1.7907105139456678 37.669790655374527 160.85922066122293 183.17468449473381 6.0626776749268201 13.794149428606032 14.79468573536724 5.8577333493158203 3.1641726153902709 110.77092840149999
leaf_count=78 32 2402 230 817 397 484 408 7 175 172 519 30 141 22 116 111 7 177 227 177 101 18 48 67 23 6 760 12 97 139
internal_value=0.0472478 0.0370722 0.0322693 0.0179692 -0.00885532 0.00890228 0.0231119 0.0273333 0.0210667 -0.010215 0.01951 0.0431376 0.0356963 -0.0101908 0.0394674 0.00955626 0.039463 0.0345 0.0344764 0.042098 0.0352398 0.055162 0.0515583 0.0466519 0.0282745 0.00850905 -0.0112856 -0.0264358 0.0199111 0.0409421
internal_weight=1308.88 572.63 464.925 200.766 51.9497 39.1073 32.8297 148.816 124.077 45.9541 26.5142 264.159 171.4 13.0021 78.1233 18.4707 158.397 128.803 21.9522 20.2319 28.4595 736.247 425.377 264.518 81.3432 43.6734 29.8793 23.8166 9.02191 120.782
internal_count=8000 6891 6859 6113 2207 1390 993 3906 3899 3497 1095 746 716 163 402 227 553 546 576 404 585 1109 1031 983 916 898 892 869 109 369
is_linear=0
shrinkage=0.05


Tree=34
num_leaves=31
num_cat=0
split_feature=3 3 7 5 8 2 8 6 1 3 5 3 5 3 7 2 6 4 0 1 8 7 1 1 8 4 8 2 1 2
split_gain=41.2936 22.1116 28.127 39.6613 13.8101 13.1122 10.1291 8.171 7.8013 18.8291 5.86028 6.70074 9.46617 12.8796 6.08405 20.1975 5.21987 6.64962 20.7796 46.1091 12.2605 19.2574 6.58123 13.824 6.31299 4.84288 5.27206 5.23127 12.7023 18.1592
threshold=1380.5000000000002 2267.5000000000005 7716.3650000000007 202.50000000000003 5188.7500000000009 309.15000000000003 948.05000000000007 11.15 300.65000000000003 1422.5000000000002 224.50000000000003 1570.5000000000002 215.50000000000003 1920.5000000000002 6830.4850000000015 311.85000000000008 8.5500000000000025 60.150000000000013 1.0000000180025095e-35 302.05000000000007 10823.600000000002 7265.6950000000006 302.05000000000007 297.15000000000003 10823.600000000002 45.850000000000001 7176.9500000000007 309.05000000000007 300.95000000000005 311.75000000000006
decision_type=2 2 2 2 2 2 2 2 2 2 2 2 2 2 2 2 2 2 2 2 2 2 2 2 2 2 2 2 2 2
left_child=16 2 3 4 5 -2 -7 8 -8 -10 11 14 13 -13 25 -16 -1 18 20 24 21 22 23 -18 -20 26 -5 -28 29 -29
right_child=1 -3 -4 10 -6 6 7 -9 9 -11 -12 12 -14 -15 15 -17 17 -19 19 -21 -22 -23 -24 -25 -26 -27 27 28 -30 -31
leaf_value=0.059504567009418891 -0.050528277975726357 0.056966109554630856 0.051362163457174814 0.05961497343443263 -0.051073790772495409 -0.058166715712821115 0.038332058508813042 -0.052661733884961738 0.04005816771037863 -0.051209235198491132 0.046620227373509779 -0.059244947353129275 0.032000605479393977 0.032585763010081079 -0.072722963482469538 0.045256182472955708 0.056485480559836168 0.056355444075033213 -0.056222552609301452 0.048620843494724765 0.058207961563353797 -0.063873571888303948 0.054489130321289048 -0.066081224947133074 -0.14665170243433776 0.061627381225144974 0.045056910689194818 -0.072649496336177802 0.034708103394461821 0.041273754111737747
leaf_weight=298.55992436408997 9.7575124036520702 104.80368956923485 127.54580876976252 16.644433684647083 13.801604663487522 4.7941808151081196 31.984375139232725 3.8852036511525503 12.918784982990475 10.045400094240902 68.245479341596365 8.7728557083755714 21.399521715939045 6.7608319632709017 5.4382462706416872 10.896018050611017 5.4461193140596169 233.47280946560204 3.9535418911837068 15.84675222635269 116.25325466692448 5.2155599156394592 22.448627986013889 3.9830293417908251 3.7707995921373367 19.033432304859161 30.215255208313465 7.7758476547896844 35.225081531330943 6.358118012547493
leaf_count=78 1385 60 318 10 1732 562 647 450 126 1183 53 101 27 12 56 10 17 158 279 53 34 240 29 204 17 5 34 61 51 8
internal_value=0.046473 0.0362759 0.0314732 0.0236426 -0.00518748 0.00344236 0.0117189 0.0174137 0.0223684 0.000134366 0.0342591 0.0292532 0.0104339 -0.0192768 0.0345353 0.00597681 0.0544745 0.0508151 0.0435037 -0.000203212 0.0502219 0.025193 0.0397653 0.00471126 -0.100367 0.0385828 0.0340243 0.0286715 0.0186411 -0.0214015
internal_weight=1265.25 556.302 451.498 323.952 87.1871 73.3855 63.6279 58.8338 54.9486 22.9642 236.765 168.52 36.9332 15.5337 131.586 16.3343 708.95 410.39 176.918 23.5711 153.347 37.0933 31.8778 9.42915 7.72434 115.252 96.2187 79.5743 49.359 14.134
internal_count=8000 6891 6831 6513 6085 4353 2968 2406 1956 1309 428 375 140 113 235 66 1109 1031 873 349 524 490 250 221 296 169 164 154 120 69
is_linear=0
shrinkage=0.05


Tree=35
num_leaves=31
num_cat=0
split_feature=3 7 4 8 8 5 6 7 5 4 5 1 4 0 7 5 2 6 8 7 2 4 6 1 7 1 8 8 3 6
split_gain=40.6711 21.6224 26.5686 41.4926 12.8013 11.4088 22.5841 9.52683 25.5402 16.5551 8.46359 7.70995 13.381 6.28954 12.5185 23.5205 5.64946 5.28292 6.61969 18.3413 16.209 11.5082 13.3536 5.42745 11.6163 4.53942 17.0619 3.97951 3.78253 3.47679
threshold=1380.5000000000002 3534.8850000000007 45.150000000000013 3526.2000000000003 9238.2500000000018 204.50000000000003 9.5500000000000025 8982.2450000000008 189.50000000000003 48.550000000000004 78.500000000000014 300.55000000000007 44.750000000000007 1.0000000180025095e-35 7161.0150000000012 247.50000000000003 310.95000000000005 8.5500000000000025 11112.650000000001 8982.2450000000008 308.45000000000005 58.550000000000004 8.6500000000000004 302.35000000000008 8056.6750000000002 302.05000000000007 9147.6000000000004 948.05000000000007 1540.5000000000002 9.2500000000000018
decision_type=2 2 2 2 2 2 2 2 2 2 2 2 2 2 2 2 2 2 2 2 2 2 2 2 2 2 2 2 2 2
left_child=17 -2 3 -3 5 6 11 8 9 10 16 28 -13 -10 -15 -16 27 -1 19 20 -19 23 -23 25 -25 26 -22 -4 -5 -7
right_child=1 2 7 4 -6 29 -8 -9 13 -11 -12 12 -14 14 15 -17 -18 18 -20 -21 21 22 -24 24 -26 -27 -28 -29 -30 -31
leaf_value=0.058955509463633593 0.056448886848201367 -0.050854602955131736 -0.057707696931281527 -0.051372503279515737 -0.066720878876465772 0.020007375582683066 -0.052369521561435678 0.059125888058103128 0.053848269434441057 -0.053972957756158471 -0.05123652772868284 -0.052234830794633626 0.056075390433624299 0.051169530616422987 -0.115632820406392 0.0595784137824295 -0.056426809822276096 -0.075447800105629348 0.056817978510462157 0.05818308044727119 -0.053420975074316757 0.050847117478128812 -0.063295873576473913 -0.075106775137816786 0.052005923407572756 0.055406732590122625 0.043111528504845065 0.046847967642382478 0.052626985722131481 0.037110287009563453
leaf_weight=286.57671141624451 99.831144988536835 19.510018495377153 0.95918062329293263 0.91994239669293776 3.7067297864705315 39.019431533291936 12.544011325109748 66.477600455284119 88.966875548474491 10.445759838446973 3.4183784220367661 6.4764825706370157 5.0948979933746159 14.724355595186355 3.8137558815069488 3.8480410575866699 1.5986580266617227 3.6192805035971096 188.80772763490677 107.72649709880352 5.2204402540810397 4.3253839761018735 6.286507049575448 3.1552817029878488 4.1762347649782896 35.780582377687097 37.162652088794857 17.774460965767503 17.621210761833936 124.61784714087844
leaf_count=78 32 2638 63 116 34 82 1479 18 103 585 374 740 15 26 40 1 77 166 60 31 464 2 118 70 5 38 77 160 113 195
internal_value=0.0456693 0.035434 0.0306826 0.0188939 0.0253739 0.0270287 0.00399864 0.0434434 0.0362806 -0.00151467 0.021557 0.02748 -0.00454566 0.0478875 0.0241981 -0.0276352 0.0337954 0.053784 0.0500439 0.0438787 0.0284268 0.0323386 -0.0167714 0.0384343 -0.00269986 0.0422926 0.0312214 0.0414946 0.0474669 0.0330321
internal_weight=1224.21 541.369 441.538 229.511 210.001 206.294 42.6565 212.027 145.549 34.1964 23.7507 30.1125 11.5714 111.353 22.3862 7.6618 20.3323 682.837 396.261 207.453 99.7264 96.1071 10.6119 85.4952 7.33152 78.1637 42.3831 18.7336 18.5412 163.637
internal_count=8000 6891 6859 5412 2774 2740 2463 1447 1429 1259 674 984 755 170 67 41 300 1109 1031 971 940 774 120 654 75 579 541 223 229 277
is_linear=0
shrinkage=0.05


Tree=36
num_leaves=31
num_cat=0
split_feature=3 7 7 5 4 4 3 8 3 3 6 4 8 1 1 4 7 5 6 7 8 3 5 5 8 3 7 3 7 5
split_gain=40.0806 21.028 25.8169 38.7671 12.2578 15.9613 18.809 10.8834 6.30523 5.47248 5.24981 6.51984 14.1785 13.3313 13.9822 19.0596 17.8561 5.12134 6.24717 4.27953 31.5621 3.89784 10.3657 11.1821 4.5631 3.24707 5.44629 12.8252 6.95298 15.2075
threshold=1380.5000000000002 3534.8850000000007 7716.3650000000007 202.50000000000003 44.750000000000007 29.150000000000002 1686.5000000000002 4536.4000000000005 1418.5000000000002 1440.5000000000002 8.5500000000000025 65.000000000000014 10823.600000000002 302.35000000000008 302.05000000000007 62.350000000000001 6164.1600000000008 224.50000000000003 8.5500000000000025 8982.2450000000008 10823.600000000002 1570.5000000000002 215.50000000000003 205.50000000000003 7176.9500000000007 1431.5000000000002 6403.5300000000007 1442.5000000000002 6199.1450000000013 206.50000000000003
decision_type=2 2 2 2 2 2 2 2 2 2 2 2 2 2 2 2 2 2 2 2 2 2 2 2 2 2 2 2 2 2
left_child=10 -2 3 4 5 6 -3 8 -6 -10 -1 12 13 14 15 16 -12 18 -5 20 -4 24 23 -23 -20 -26 28 -28 29 -27
right_child=1 2 19 17 7 -7 -8 -9 9 -11 11 -13 -14 -15 -16 -17 -18 -19 21 -21 -22 22 -24 -25 25 26 27 -29 -30 -31
leaf_value=0.058442799172609486 0.055811053140630333 0.049667237996140062 -0.054482696394277663 -0.0084743150409527981 -0.052072745270319222 -0.050725871023600669 -0.050722621077223799 -0.051263154594896304 0.040817668657021744 -0.050401073729357995 0.046922083254221342 0.057815847463382634 0.052493860640833681 -0.065866447486693 0.053475131622264693 0.045994677720101719 -0.06100561120753395 0.044490316899251682 0.060318250056950545 0.05853124589220457 0.054686574987868775 0.02796455054156782 0.036177672699060755 -0.060910884037699078 0.043121115141945991 0.046362099264984989 0.043755943355976989 -0.06175824406566565 0.052264635307690259 -0.024728285921856292
leaf_weight=274.93095231056213 96.020100891590118 11.598084792960437 7.6871585506014517 10.988791313022373 2.2894435403868583 25.836775933392346 7.8061623009853056 5.2147523183375588 23.858477997127924 1.7659013462252904 5.5634866990149048 143.20033442974091 164.61742204427719 3.7376355803571633 34.937368574552238 17.485719036310911 12.315965340472756 65.143018528819084 15.553938366472719 63.861574977636337 47.723313003778458 6.9473689068108779 25.131410155445337 7.2143355291336775 36.70567712187767 17.464376121759418 6.0312570109963399 5.5118533037602901 22.649281766265631 13.215117827057837
leaf_count=78 32 126 283 33 212 3945 898 575 113 242 22 48 67 84 40 30 740 53 8 18 17 29 27 75 50 15 9 66 21 44
internal_value=0.0449367 0.0346548 0.0299327 0.0223464 -0.00806684 -0.0249883 0.00928126 0.0150415 0.0274282 0.0345313 0.0531745 0.0493815 0.0443206 0.0261487 0.0310407 0.00887759 -0.0274221 0.0325955 0.027967 0.0497091 0.0395414 0.030527 0.0168998 -0.0173109 0.0350984 0.0312367 0.0245122 -0.00662725 0.0312524 0.0157401
internal_weight=1183.01 526.218 430.198 310.926 78.3696 45.241 19.4042 33.1286 27.9138 25.6244 656.789 381.858 238.658 74.0402 70.3025 35.3652 17.8795 232.556 167.413 119.272 55.4105 156.425 39.2931 14.1617 117.132 101.578 64.8719 11.5431 53.3288 30.6795
internal_count=8000 6891 6859 6541 6111 4969 1024 1142 567 355 1109 1031 983 916 832 792 762 430 377 318 300 344 131 104 213 205 155 75 80 59
is_linear=0
shrinkage=0.05


Tree=37
num_leaves=31
num_cat=0
split_feature=3 3 7 5 8 2 8 6 1 3 5 3 2 8 1 7 2 6 4 8 1 1 4 7 4 8 2 1 2 7
split_gain=39.2039 20.4518 25.2231 30.5899 12.0252 11.3136 8.92937 6.99207 6.38243 16.1345 5.27721 6.02187 8.88687 19.3565 7.10869 5.36451 17.7875 5.26933 6.39533 13.4314 12.49 13.0287 17.7348 16.8384 4.77742 4.83968 4.50818 12.0755 16.2655 4.07769
threshold=1380.5000000000002 2267.5000000000005 7716.3650000000007 202.50000000000003 5188.7500000000009 309.15000000000003 948.05000000000007 11.15 300.65000000000003 1422.5000000000002 224.50000000000003 1570.5000000000002 310.65000000000003 7677.1000000000013 300.15000000000003 6830.4850000000015 311.85000000000008 8.5500000000000025 65.000000000000014 10823.600000000002 302.35000000000008 302.05000000000007 62.350000000000001 6164.1600000000008 45.850000000000001 7176.9500000000007 309.05000000000007 300.95000000000005 311.75000000000006 8982.2450000000008
decision_type=2 2 2 2 2 2 2 2 2 2 2 2 2 2 2 2 2 2 2 2 2 2 2 2 2 2 2 2 2 2
left_child=17 2 3 4 5 -2 -7 8 -8 -10 11 15 13 -13 -14 24 -17 -1 19 20 21 22 23 -19 25 -5 -27 28 -28 -4
right_child=1 -3 29 10 -6 6 7 -9 9 -11 -12 12 14 -15 -16 16 -18 18 -20 -21 -22 -23 -24 -25 -26 26 27 -29 -30 -31
leaf_value=0.057963528422662294 -0.050492550547815429 0.055081334219219881 0.03906693460757997 0.056316538249339777 -0.050986339756507459 -0.059166770449245426 0.035986502396514811 -0.052696628218501664 0.037532166785140743 -0.05120505434858013 0.043271144312125281 -0.069835434429906501 0.057824764782108212 0.047501646702500316 -0.00040651238794278314 -0.071793221072273969 0.042171320011564754 0.045416730392122094 0.057235531645384252 0.051721811863706474 -0.065315608609620476 0.052424660548330851 0.044841235794084833 -0.060831933056112487 0.059393773160036259 0.041345724905638925 -0.072210365406237542 0.032085384161900869 0.03785641907699628 0.057972308977221332
leaf_weight=263.62992763519287 8.5588992079719883 93.460171438753605 53.327845897525549 15.428315125405787 12.084336494095622 4.2018403373658648 29.882028531748801 3.4216263759881249 12.115141755435618 8.8750502686016244 63.667459402233362 8.6095545366406423 10.560896318405868 5.9395011253654948 10.40440292470157 5.1669349689036599 10.149191424250601 5.4630928440019515 137.56249886006117 158.86719751358032 3.5845793271437278 33.882526150904596 17.049933213740587 11.747923139017074 17.340125516057014 28.513565021567047 7.6005228571593744 34.17794637568295 6.0113037824630737 61.317836657166481
leaf_count=78 1385 60 300 10 1732 562 647 450 126 1183 53 79 6 9 46 56 10 22 48 67 84 40 30 740 5 34 61 51 8 18
internal_value=0.0442396 0.0339395 0.0292051 0.0216405 -0.00507468 0.00319936 0.0110554 0.0164899 0.0211434 1.2391e-05 0.0310971 0.0262499 0.0080907 -0.0219338 0.0289265 0.0314345 0.00372509 0.0525674 0.0487034 0.0436135 0.0256546 0.03044 0.00869815 -0.0271067 0.0353256 0.0307759 0.0256117 0.016224 -0.0236023 0.0491784
internal_weight=1142.6 510.814 417.354 302.709 79.1389 67.0546 58.4957 54.2938 50.8722 20.9902 223.57 159.902 35.5144 14.5491 20.9653 124.388 15.3161 631.788 368.158 230.595 71.7281 68.1435 34.2609 17.211 109.072 91.7317 76.3033 47.7898 13.6118 114.646
internal_count=8000 6891 6831 6513 6085 4353 2968 2406 1956 1309 428 375 140 88 52 235 66 1109 1031 983 916 832 792 762 169 164 154 120 69 318
is_linear=0
shrinkage=0.05


Tree=38
num_leaves=31
num_cat=0
split_feature=3 7 8 7 5 8 8 7 7 6 0 1 6 4 8 1 7 1 2 3 6 8 1 1 6 5 7 1 3 6
split_gain=38.6861 19.9187 24.2079 24.6698 38.7067 12.9099 12.9923 12.1525 10.4934 10.325 5.65357 5.49823 5.29881 6.28331 12.7668 8.87349 18.104 6.60468 7.70804 3.99325 6.5337 17.7647 3.58218 4.13597 8.48413 3.31762 5.61139 17.1442 6.6269 8.00851
threshold=1380.5000000000002 3534.8850000000007 10823.600000000002 8982.2450000000008 202.50000000000003 5188.7500000000009 3777.1500000000005 6805.5350000000008 7103.045000000001 10.15 1.0000000180025095e-35 297.25000000000006 8.5500000000000025 65.000000000000014 11112.650000000001 298.85000000000008 6164.1600000000008 302.35000000000008 312.65000000000003 1362.5000000000002 8.8500000000000032 10823.600000000002 299.65000000000003 300.65000000000003 8.2500000000000018 224.50000000000003 6830.4850000000015 303.85000000000008 1524.5000000000002 11.050000000000002
decision_type=2 2 2 2 2 2 2 2 2 2 2 2 2 2 2 2 2 2 2 2 2 2 2 2 2 2 2 2 2 2
left_child=12 -2 3 4 5 6 7 -3 10 22 -9 -6 -1 14 15 16 -14 19 -19 20 -17 -22 -8 -24 -25 26 28 -28 -13 -30
right_child=1 2 -4 -5 11 -7 9 8 -10 -11 -12 25 13 -15 -16 17 -18 18 -20 -21 21 -23 23 24 -26 -27 27 -29 29 -31
leaf_value=0.05751506568549454 0.054630816401532716 -0.050768389345922774 0.053475925010972529 0.057106739001461959 -0.0088097220198726216 -0.052131524381345808 -0.051185051765217038 -0.056167314441717443 -0.053230052590128286 -0.05073941804615572 0.044317652708084194 0.039059078896032384 0.056903805229634077 0.056681346797363488 0.05382710974330273 0.046287618179437856 -0.076293627400753364 -0.075174458310290126 0.029757729208739831 0.048772645413812432 -0.062231337938981994 0.041999552945315426 0.054262016767068814 0.052489677370564258 -0.051863947690213019 0.042353207693213803 -0.066109576865786696 0.062921809814190974 0.0027641026743999565 0.040766737527137734
leaf_weight=252.67828917503357 88.801464319229126 18.286241064313799 78.383737832307816 44.677788347005844 9.291586581617592 16.116784271784127 1.1497232359834075 1.6020444738678659 5.1097118626348665 4.0906892567872992 11.087135172449051 79.299751468002796 4.7717767553403956 132.10050574690104 121.70401038229465 20.173561682924628 5.4816478071734309 2.8397888359613708 4.5609600245952606 45.474611912854016 6.3639177661389121 11.430492475628853 15.560658281203361 4.8025624467991275 3.2766240811906755 45.648387730121613 5.7607362475246173 4.6541976928710938 37.12232118844986 22.126208766363561
leaf_count=78 32 2755 30 14 32 1860 146 144 363 514 93 113 11 48 46 22 317 54 33 165 328 7 100 42 375 40 60 1 137 40
internal_value=0.0435189 0.0331706 0.0285003 0.0225619 0.0171462 -0.0120752 -0.00213789 -0.0221415 0.00726916 0.0228561 0.0316311 0.0287661 0.0519812 0.0480413 0.0429185 0.0297864 -0.0143057 0.034763 -0.0105065 0.0387781 0.0268075 0.00472286 0.0350006 0.0391923 0.0101676 0.0305602 0.0269463 -0.00844838 0.029607 0.0169561
internal_weight=1104.43 496.848 408.047 329.663 284.985 81.0822 64.9654 36.0851 17.7989 28.8803 12.6892 203.903 607.58 354.901 222.801 101.097 10.2534 90.8433 7.40075 83.4426 37.968 17.7944 24.7896 23.6398 8.07919 194.612 148.963 10.4149 138.548 59.2485
internal_count=8000 6891 6859 6829 6815 6392 4532 3355 600 1177 237 423 1109 1031 983 937 328 609 87 522 357 335 663 517 417 391 351 61 290 177
is_linear=0
shrinkage=0.05


Tree=39
num_leaves=31
num_cat=0
split_feature=3 3 4 8 7 5 7 7 7 5 6 7 6 8 6 3 3 6 4 8 1 7 1 7 5 7 8 8 5 6
split_gain=37.9759 19.3798 23.8683 28.0777 20.8494 12.2094 11.3712 9.31218 7.97326 20.937 10.3111 17.6779 9.65488 8.58619 8.15904 7.82328 6.48752 5.33018 6.1734 12.3062 8.23564 17.0712 6.17915 7.33402 4.14203 7.67166 5.69782 18.9854 14.9388 12.3829
threshold=1380.5000000000002 2267.5000000000005 44.150000000000013 4198.5000000000009 6403.5300000000007 234.50000000000003 3534.8850000000007 6660.3400000000011 8982.2450000000008 206.50000000000003 9.8500000000000032 7103.045000000001 11.15 11548.100000000002 9.0500000000000025 1428.5000000000002 1440.5000000000002 8.5500000000000025 65.000000000000014 11112.650000000001 298.85000000000008 6164.1600000000008 302.35000000000008 8056.6750000000002 224.50000000000003 4667.3450000000003 8232.5500000000011 7822.8500000000013 218.50000000000003 8.5500000000000025
decision_type=2 2 2 2 2 2 2 2 2 2 2 2 2 2 2 2 2 2 2 2 2 2 2 2 2 2 2 2 2 2
left_child=17 2 3 6 5 15 -2 -4 9 10 11 14 16 -13 -9 -5 -12 -1 19 20 21 -19 -22 -24 25 -17 27 28 29 -27
right_child=1 -3 7 4 -6 -7 -8 8 -10 -11 12 13 -14 -15 -16 24 -18 18 -20 -21 22 -23 23 -25 -26 26 -28 -29 -30 -31
leaf_value=0.057095036696353102 0.044581062621059597 0.053913540241616487 -0.070944200201126781 -0.065193533012508867 -0.059369570511480757 -0.084259469725002825 -0.052289133030098633 0.041591474346330842 0.056960116343994886 0.050767241227210838 0.043246726064744632 -0.055993667426265908 -0.055863271769676759 -0.28305161373650262 -0.056447645446204703 -0.067325971126893674 -0.051188726245479259 0.055767029155987913 0.056150384187836147 0.053184733873698944 0.037978784102546757 -0.076067527306034985 -0.073894126121598847 0.029523587344917054 0.044324664726393931 -0.074497825630934267 0.043954604302530065 -0.079914394984660436 -0.091596848495493002 0.032188493495399061
leaf_weight=242.07838797569275 3.6024042218923595 86.444150317460299 1.8717957395128895 2.2423526812344781 7.4860760834999374 2.4775721281766883 19.047602321021259 10.874541346915068 56.503467962145805 82.760530145838857 28.951385530643169 9.1445273081771994 3.0550479847006491 0.43621961772441942 2.6367304199375203 2.223702299874275 1.9405479193665076 4.6292367335408908 126.81607326865196 117.13135981559753 80.993344243615866 5.2294309907592833 2.7842092933133236 4.4612397719174623 34.143325597047806 2.8119477019645265 33.747989622410387 4.5257868883199981 2.6609809249639502 83.049617076758295
leaf_count=78 2 60 89 98 475 11 2982 92 18 64 284 490 244 3 183 48 230 11 48 46 522 317 71 16 24 92 40 39 12 1311
internal_value=0.0428423 0.0324639 0.0277839 0.0155067 0.0222731 0.0259136 -0.0368823 0.0400514 0.0411097 0.0347034 0.0113956 -0.0143797 0.028929 -0.0663318 0.0224591 0.0275638 0.0373145 0.0514176 0.0473995 0.0422433 0.0291789 -0.0141633 0.0340214 -0.0102167 0.0288386 0.0247404 0.0263551 0.0199718 0.0250786 0.0286945
internal_weight=1066.76 482.638 396.194 198.019 175.369 167.883 22.65 198.175 196.303 139.8 57.039 23.092 33.947 9.58075 13.5113 165.406 30.8919 584.123 342.045 215.229 98.0975 9.85867 88.2388 7.24545 163.163 129.02 126.796 93.0483 88.5225 85.8616
internal_count=8000 6891 6831 5134 2150 1675 2984 1697 1608 1590 1526 768 758 493 275 1664 514 1109 1031 983 937 328 609 87 1566 1542 1494 1454 1415 1403
is_linear=0
shrinkage=0.05


Tree=40
num_leaves=31
num_cat=0
split_feature=3 7 4 5 7 5 7 5 6 7 6 0 3 3 8 6 4 8 1 7 1 8 5 5 7 6 5 3 1 3
split_gain=37.046 18.8347 22.6417 36.7448 17.6498 11.3032 8.87271 19.7844 9.85711 15.4735 8.95262 8.07992 6.71593 5.8786 5.64174 5.5036 6.22584 12.1828 7.54582 16.0901 5.68643 6.95911 4.82005 12.0629 9.62804 5.16537 11.467 5.47383 17.7017 4.1295
threshold=1380.5000000000002 3534.8850000000007 44.150000000000013 144.50000000000003 6403.5300000000007 234.50000000000003 8982.2450000000008 206.50000000000003 9.8500000000000032 7103.045000000001 11.15 1.0000000180025095e-35 1428.5000000000002 1440.5000000000002 11548.100000000002 8.5500000000000025 65.000000000000014 11112.650000000001 298.85000000000008 6164.1600000000008 302.35000000000008 10823.600000000002 213.50000000000003 211.50000000000003 4667.3450000000003 9.6500000000000004 204.50000000000003 1512.5000000000002 300.55000000000007 1548.5000000000002
decision_type=2 2 2 2 2 2 2 2 2 2 2 2 2 2 2 2 2 2 2 2 2 2 2 2 2 2 2 2 2 2
left_child=15 -2 3 -3 5 12 7 8 9 11 13 -4 -5 -10 -11 -1 17 18 19 -17 -20 -22 23 24 -14 27 -27 -26 -29 -28
right_child=1 2 6 4 -6 -7 -8 -9 10 14 -12 -13 22 -15 -16 16 -18 -19 20 -21 21 -23 -24 -25 25 26 29 28 -30 -31
leaf_value=0.056701298329065057 0.053530874279208232 -0.050431644058427497 -0.05639023289510086 -0.066364339335180614 -0.06025981305755429 -0.081750859954063837 0.056490356491491839 0.048465838004878213 0.040871680980861178 -0.055756384936365033 -0.055585383162920825 0.037760110202226034 -0.061215668471557072 -0.051133790462717113 -0.2257245657578956 0.05464932780744336 0.055639973738877795 0.052561785293594267 0.036793303841040924 -0.075787571591823338 -0.063596830876832502 0.035794377431246929 0.036024675903705831 -0.072738963940613174 0.056620940027417979 -0.054729172465144887 -0.004146207545761873 0.045182182849725396 -0.063754312394144863 0.040456237422257957
leaf_weight=231.83057188987732 82.001872658729553 19.245524911675602 2.8749107248149821 1.9070827080868173 6.2383447880856684 2.4271909296512595 54.183391973376274 80.941524693742394 28.722561262547973 8.7346292445436085 2.9723541410639873 10.989788016537204 3.2332786745391777 1.8478394760750223 0.51712773740291673 4.4912477592006308 121.70982129871845 112.70593945682049 79.462443251162767 4.9923182330094278 3.2623348003253332 3.8273086994886398 87.829483397305012 3.4308654200285664 20.596870203036815 5.4272694704122868 7.7091179043054607 16.424962029792372 4.824490835890173 15.877443896606563
leaf_count=78 32 3421 195 57 288 11 18 68 318 490 253 122 149 230 3 11 48 46 522 317 84 3 96 28 103 579 18 115 266 31
internal_value=0.0421407 0.0317638 0.027151 0.0151617 0.0223374 0.0253739 0.039352 0.0326034 0.00994281 -0.0151788 0.0272557 0.0182376 0.0269285 0.0353104 -0.0652568 0.0507954 0.0466521 0.0414116 0.0283259 -0.014015 0.0329652 -0.00994098 0.0280044 0.0189181 0.0231622 0.0270123 0.0108 0.038253 0.0204492 0.0258782
internal_weight=1031.24 468.958 386.956 195.172 175.926 169.688 191.784 137.601 56.6592 23.1165 33.5428 13.8647 167.261 30.5704 9.25176 562.282 330.451 208.742 96.0357 9.48357 86.5521 7.08964 165.354 77.5243 74.0934 70.8602 29.0138 41.8463 21.2495 23.5866
internal_count=8000 6891 6859 5162 1741 1453 1697 1679 1611 810 801 317 1442 548 493 1109 1031 983 937 328 609 87 1385 1289 1261 1112 628 484 381 49
is_linear=0
shrinkage=0.05


Tree=41
num_leaves=31
num_cat=0
split_feature=3 3 7 5 8 2 8 6 6 7 8 6 1 2 2 1 5 6 1 3 3 2 7 3 0 6 3 7 8 5
split_gain=36.0042 18.2993 22.1986 22.0652 10.3727 9.3987 7.81138 5.68955 5.67449 6.28946 18.1771 21.682 8.59168 9.53378 7.53127 5.27979 6.1007 5.62496 4.81944 13.2079 3.89173 7.73664 24.2248 6.59972 5.16885 7.94508 8.37577 3.74603 25.8853 3.16293
threshold=1380.5000000000002 2267.5000000000005 7716.3650000000007 202.50000000000003 5188.7500000000009 309.15000000000003 948.05000000000007 11.15 8.5500000000000025 8982.2450000000008 10823.600000000002 8.6500000000000004 297.15000000000003 311.75000000000006 311.85000000000008 297.25000000000006 224.50000000000003 8.5500000000000025 300.65000000000003 1422.5000000000002 1524.5000000000002 310.65000000000003 5982.1650000000009 1689.5000000000002 1.0000000180025095e-35 9.4500000000000011 1401.5000000000002 8982.2450000000008 10823.600000000002 39.500000000000007
decision_type=2 2 2 2 2 2 2 2 2 2 2 2 2 2 2 2 2 2 2 2 2 2 2 2 2 2 2 2 2 2
left_child=8 2 3 4 5 -2 -7 18 -1 10 11 -10 -13 -14 -15 -5 17 -17 29 -20 24 22 -22 -23 -19 -26 -27 28 -4 -8
right_child=1 -3 27 15 -6 6 7 -9 9 -11 -12 12 13 14 -16 16 -18 20 19 -21 21 23 -24 -25 25 26 -28 -29 -30 -31
leaf_value=0.056331902038698638 -0.050455291420589438 0.052840763245291272 -0.053860303825761124 -0.0099561884233519294 -0.050876915899377644 -0.061086498848589812 -0.061059646255637215 -0.05265046021363743 0.045546089824543584 0.055511476939184172 0.049699936645219052 0.042952496284060171 -0.055855034413579974 0.051722070020387305 -0.053387280434572498 -0.011810074331263007 0.043120689250129726 0.040044917614729024 0.03499157610785536 -0.051055144733808344 -0.070838369919429989 0.0077578286066565128 0.038858741315443583 0.054526848375677478 0.042604580322526869 0.026223959539795463 -0.071333103630274855 0.056045649561189931 0.051741649673240714 0.036422118480883996
leaf_weight=221.93349838256836 7.2178327785804859 79.88130268920213 6.7753395992331198 9.0323942340910417 10.506741320248691 3.5585372739005825 0.85926393233239906 2.8684724860358974 29.527811631560326 111.34750914573669 152.44915519654751 4.8367628045380142 13.599354939768093 4.8135851547121993 2.6382887409999967 10.386676868423818 55.894079729914665 62.438804212026298 11.054312535561623 7.4755850024521342 8.7965949196368474 14.740689843893053 11.762478237040339 15.448221957311032 8.974272748455407 4.253658961504696 4.5573084261268377 51.939443558454514 40.433706372976303 26.335767338983715
leaf_count=78 1385 60 283 32 1732 562 82 450 18 40 72 56 733 12 100 33 45 100 126 1183 74 40 30 18 16 6 34 18 17 565
internal_value=0.0414741 0.0311106 0.0264856 0.0191994 -0.00508403 0.00301999 0.010421 0.0156575 0.0501914 0.0459222 0.0407854 0.0162617 -0.0171401 -0.0309471 0.0145088 0.0274251 0.0291368 0.0236075 0.0199427 0.00027743 0.0264163 0.0155797 -0.00807728 0.0316904 0.0332714 0.00949135 -0.0242356 0.04678 0.0365859 0.033342
internal_weight=996.337 455.191 375.31 276.162 69.8765 59.3698 52.1519 48.5934 541.146 319.212 207.865 55.4158 25.888 21.0512 7.45187 206.285 197.253 141.359 45.7249 18.5299 130.972 50.748 20.5591 30.1889 80.224 17.7852 8.81097 99.1485 47.209 27.195
internal_count=8000 6891 6831 6513 6085 4353 2968 2406 1109 1031 991 919 901 845 112 428 396 351 1956 1309 318 162 104 58 156 56 40 318 300 647
is_linear=0
shrinkage=0.05


Tree=42
num_leaves=31
num_cat=0
split_feature=3 7 7 5 4 4 4 3 3 6 4 8 2 1 7 6 3 6 6 7 8 1 7 8 7 1 7 8 1 5
split_gain=35.5059 17.8003 21.547 23.9444 9.05133 13.0008 14.5107 8.3 6.32163 5.66383 6.26032 11.7355 8.739 4.64971 6.66031 5.53357 13.5394 5.30338 17.4733 9.37506 4.35169 4.48013 3.59 24.3543 3.28381 20.653 5.74903 6.42005 16.2381 3.30807
threshold=1380.5000000000002 3534.8850000000007 7716.3650000000007 202.50000000000003 44.750000000000007 29.150000000000002 28.750000000000004 1418.5000000000002 1440.5000000000002 8.5500000000000025 65.000000000000014 11112.650000000001 308.15000000000003 302.35000000000008 8056.6750000000002 8.8500000000000032 1322.5000000000002 11.050000000000002 9.7500000000000018 7265.6950000000006 11112.650000000001 297.25000000000006 8982.2450000000008 10823.600000000002 6841.1400000000012 303.25000000000006 6677.9800000000005 8646.9000000000015 297.45000000000005 213.50000000000003
decision_type=2 2 2 2 2 2 2 2 2 2 2 2 2 2 2 2 2 2 2 2 2 2 2 2 2 2 2 2 2 2
left_child=9 -2 3 4 5 6 -3 -6 -9 -1 11 12 -11 15 -15 -14 -17 18 19 -18 21 -5 23 -4 26 -26 27 29 -29 -23
right_child=1 2 22 20 7 -7 -8 8 -10 10 -12 -13 13 14 -16 16 17 -19 -20 -21 -22 24 -24 -25 25 -27 -28 28 -30 -31
leaf_value=0.055985077772638406 0.052510052165051446 -0.050577737579580617 -0.053686252840781025 -0.0094516603471514384 -0.051775827054985506 -0.050709483814190916 0.046433112544415962 0.033334630836008253 -0.050304056179361123 -0.079776181134352628 0.05479221206573355 0.051390512412741875 0.04738421767019204 -0.074790553074561866 0.02812227499324968 -0.07449220406459868 -0.075956229247083548 0.045799136808760729 -0.085685648025481218 0.044173934055006865 0.051667961834600956 0.018045234772835934 0.05562389892500226 0.051105956978881255 -0.071163800957633555 0.053495077730747347 0.05093174801226822 0.058960591720365052 -0.068223037488793978 0.034161285435009812
leaf_weight=212.38435459136963 75.682236060500145 6.2579580172896412 6.4652697937563053 9.0386513359844667 4.1626625966746387 20.417824604315683 10.037216042168437 21.742449305485938 2.5211693418677887 1.8829757145140309 111.96868431568146 104.47367884218693 35.036719860509038 2.5399182992987326 4.1261589080095291 3.4308569070417425 1.8083855137229026 22.219380765920505 3.8413105998188248 15.93623229023069 16.50560374557972 53.363043960183859 49.7714534252882 38.928064838051796 5.5712499301880589 8.2320446372032148 24.496207982301712 4.4085198715329152 5.826495798304677 78.953446939587593
leaf_count=78 32 946 283 32 431 3945 78 237 474 109 48 46 34 71 16 176 93 151 198 89 7 165 18 17 58 4 20 2 55 87
internal_value=0.0408437 0.0304329 0.0258765 0.0187013 -0.00772814 -0.0241286 0.00917731 0.0134533 0.024644 0.0497064 0.0453666 0.0399626 0.0268169 0.0290737 -0.0110897 0.0323279 0.02116 0.0286516 0.0110008 0.0319313 0.0270425 0.024902 0.0463495 0.0361806 0.026619 0.00318058 0.0285557 0.0247106 -0.0134413 0.0276617
internal_weight=962.03 442.382 366.699 271.535 65.1393 36.713 16.2952 28.4263 24.2636 519.649 307.264 195.296 90.8219 88.939 6.66608 82.2729 47.2362 43.8053 21.5859 17.7446 206.395 189.89 95.1648 45.3933 180.851 13.8033 167.048 142.552 10.235 132.316
internal_count=8000 6891 6859 6541 6111 4969 1024 1142 711 1109 1031 983 937 828 87 741 707 531 380 182 430 423 318 300 391 62 329 309 57 252
is_linear=0
shrinkage=0.05


Tree=43
num_leaves=31
num_cat=0
split_feature=3 3 7 5 8 2 8 6 4 0 1 8 7 8 1 1 6 4 2 3 3 4 2 3 3 4 1 2 2 5
split_gain=34.8803 17.2981 21.0928 18.5386 9.4493 8.50005 7.23526 5.69976 6.16368 21.5247 42.563 9.53157 13.8633 7.77009 5.18903 10.3122 5.16507 4.58708 4.26604 3.99228 4.23048 13.1892 6.60986 3.94877 6.35887 11.5797 12.7936 4.64513 11.3148 17.6889
threshold=1380.5000000000002 2267.5000000000005 7716.3650000000007 202.50000000000003 5188.7500000000009 309.15000000000003 948.05000000000007 8.5500000000000025 60.150000000000013 1.0000000180025095e-35 302.05000000000007 10823.600000000002 7265.6950000000006 10823.600000000002 302.05000000000007 297.15000000000003 11.15 45.850000000000001 311.85000000000008 1418.5000000000002 1440.5000000000002 29.150000000000002 309.85000000000008 1440.5000000000002 1456.5000000000002 39.050000000000004 297.45000000000005 310.55000000000007 308.45000000000005 224.50000000000003
decision_type=2 2 2 2 2 2 2 2 2 2 2 2 2 2 2 2 2 2 2 2 2 2 2 2 2 2 2 2 2 2
left_child=7 2 3 4 5 -2 -7 -1 9 11 13 12 14 -11 15 -9 18 23 19 -8 -21 22 -22 -5 -25 27 -27 28 -26 -30
right_child=1 -3 -4 17 -6 6 16 8 -10 10 -12 -13 -14 -15 -16 -17 -18 -19 -20 20 21 -23 -24 24 25 26 -28 -29 29 -31
leaf_value=0.05565921291904613 -0.050425452248979721 0.051814605636757549 0.045933245539557611 -0.010476294399310956 -0.050806712955858972 -0.061874615378388932 -0.052766391445327215 0.051908218366429872 0.051224335539647704 -0.057581221843998678 0.041839069408841287 0.053444850441213068 -0.065676535272277653 -0.16709983171110565 0.049519316702503979 -0.066826136503570013 -0.052757275210982148 0.040188588114508622 -0.051705130103244457 0.042694105881691577 0.049195635650121916 -0.05089726009178757 -0.051230534533004739 0.05098508245810375 0.033574775619529221 0.034175056819415357 -0.067091555177584541 0.032973200403920357 -0.066859986668642526 0.02795187585201377
leaf_weight=203.17907452583313 6.5989537208806714 73.775330057367682 91.321393619291484 8.9854959640651924 9.5938928260002267 3.2721831775270394 1.685362888034432 4.1295405998826089 164.73083272110671 3.0266314467880884 12.334848235826939 84.06638353317976 4.054150436539202 3.4835777282714844 16.875056021846831 3.282080369303003 2.6473647188395253 42.7369688404724 2.0247778776101759 19.218599359504879 12.649111679755153 6.2042384557425967 1.8822875167243172 18.608206366188824 27.056166913360357 5.3117928057908994 7.5547935580834746 68.90984726883471 9.2044143006205577 10.567268833518026
leaf_count=78 1385 60 318 41 1732 562 125 17 158 279 53 34 240 17 29 204 450 61 319 100 103 1052 257 16 38 10 68 97 85 12
internal_value=0.0402202 0.0297792 0.0252131 0.018065 -0.0049463 0.00288491 0.00997981 0.0492105 0.0447838 0.0367005 -0.0127516 0.0449911 0.019915 -0.116184 0.0342027 -0.000670792 0.0150567 0.0256735 0.0191683 0.0226146 0.0257943 0.010131 0.0361872 0.0217021 0.0236662 0.0197133 -0.025285 0.0247158 0.0125646 -0.0161864
internal_weight=928.971 429.808 356.033 264.712 65.7768 56.1829 49.5839 499.162 295.983 131.252 18.8451 112.407 28.3408 6.51021 24.2867 7.41162 46.3117 198.935 43.6644 41.6396 39.9542 20.7356 14.5314 156.198 147.212 128.604 12.8666 115.738 46.8279 19.7717
internal_count=8000 6891 6831 6513 6085 4353 2968 1109 1031 873 349 524 490 296 250 221 2406 428 1956 1637 1512 1412 360 367 326 310 78 232 135 97
is_linear=0
shrinkage=0.05


Tree=44
num_leaves=31
num_cat=0
split_feature=3 7 7 5 1 8 8 7 8 6 7 8 6 1 2 2 1 5 6 6 7 8 6 3 6 8 7 2 5 7
split_gain=34.3576 16.8775 19.7945 20.1879 8.09788 7.85669 8.51348 10.2765 6.5376 5.77967 6.19666 16.6094 19.0728 7.56781 8.29557 6.73236 4.88099 5.29074 5.43232 4.77824 3.74918 23.4115 3.30522 4.73396 23.0806 4.87372 7.45734 12.1903 12.7123 4.84646
threshold=1380.5000000000002 3534.8850000000007 7716.3650000000007 202.50000000000003 298.75000000000006 5188.7500000000009 3777.1500000000005 6805.5350000000008 1816.8000000000004 8.5500000000000025 8982.2450000000008 10823.600000000002 8.6500000000000004 297.15000000000003 311.75000000000006 311.85000000000008 297.25000000000006 224.50000000000003 8.5500000000000025 10.15 8982.2450000000008 10823.600000000002 8.6500000000000004 1570.5000000000002 10.750000000000002 7176.9500000000007 6199.1450000000013 308.65000000000003 206.50000000000003 6830.4850000000015
decision_type=2 2 2 2 2 2 2 2 2 2 2 2 2 2 2 2 2 2 2 2 2 2 2 2 2 2 2 2 2 2
left_child=9 -2 3 4 -3 6 7 -6 -9 -1 11 12 -11 -14 -15 -16 -5 18 -18 -8 21 -4 -20 25 -25 -24 27 -27 -29 -28
right_child=1 2 20 16 5 -7 19 8 -10 10 -12 -13 13 14 15 -17 17 -19 22 -21 -22 -23 23 24 -26 26 29 28 -30 -31
leaf_value=0.055352834534235978 0.051539696438012594 -0.050449835757098042 -0.053661771261640581 -0.010590403113402352 -0.050878418760559985 -0.050928657827763561 0.036793148667998585 0.033824145887273074 -0.055357554487375261 0.043357008888651072 0.054335225243360957 0.047921725375998377 0.040814946266545998 -0.055792270259301419 0.049126857771789094 -0.053506535706386284 -0.01314073957155918 0.040679336513127218 0.051830857588308736 -0.05068822293988387 0.054904822660148969 0.049930032858138712 0.056554806174908184 -0.072724494107528903 0.030726393698179123 0.042030300275483434 0.04165648036232026 0.01769188466368633 -0.080004828504349867 0.0052363483746991624
leaf_weight=194.31256747245789 69.77612330019474 9.3156154949683678 6.4216722082346669 9.0170326344668847 10.243914222111927 6.5585202043876043 20.174964670790363 10.373959241667761 2.5626024354714891 26.825927600264549 98.323135793209076 136.31052643060684 4.445160387549552 12.526078833499925 4.4567145495675495 2.4908528300002217 10.215880325064061 51.838104244321585 10.35374562628567 1.691798158455639 45.996316850185394 36.195780403912067 12.836927600204943 7.2062615975737598 21.410809768363833 9.7387183010578173 41.203986888751388 6.6031468212604505 6.7165415249764919 11.736202812753616
leaf_count=78 32 1925 283 32 1881 1199 561 170 158 18 40 72 56 733 12 100 33 45 9 217 18 17 7 73 46 7 70 12 40 56
internal_value=0.0395694 0.0290941 0.0245989 0.0176386 -0.00754423 0.000200876 0.00764493 -0.0134666 0.0161582 0.0487016 0.0441728 0.0388311 0.0144119 -0.0180511 -0.0314882 0.0123306 0.0253528 0.0270598 0.0219447 0.0300248 0.0450052 0.0343206 0.0247491 0.0223618 0.00467571 0.0280591 0.0232459 -0.00048626 -0.0315723 0.0335826
internal_weight=897.88 418.189 348.413 259.799 60.9214 51.6058 45.0472 23.1805 12.9366 479.691 285.378 187.055 50.7447 23.9188 19.4736 6.94757 198.877 189.86 138.022 21.8668 88.6138 42.6175 127.806 117.453 28.6171 88.8355 75.9986 23.0584 13.3197 52.9402
internal_count=8000 6891 6859 6541 6111 4186 2987 2209 328 1109 1031 991 919 901 845 112 430 398 353 778 318 300 320 311 119 192 185 59 52 126
is_linear=0
shrinkage=0.05


Tree=45
num_leaves=31
num_cat=0
split_feature=3 3 7 5 8 2 8 6 4 8 2 2 1 4 6 3 6 8 1 6 3 3 4 2 7 8 2 7 4 5
split_gain=33.7711 16.3951 19.3694 15.5609 8.52867 7.66169 6.72528 5.77977 6.14583 11.0806 8.09129 4.69375 4.48708 6.09148 4.96047 12.4661 6.60479 4.45521 3.86755 3.78099 3.63285 3.69675 12.0154 5.96778 3.59797 22.0371 3.31155 4.32451 14.6795 14.8144
threshold=1380.5000000000002 2267.5000000000005 7716.3650000000007 202.50000000000003 5188.7500000000009 309.15000000000003 948.05000000000007 8.5500000000000025 65.000000000000014 11112.650000000001 308.15000000000003 311.85000000000008 302.35000000000008 56.550000000000004 8.8500000000000032 1322.5000000000002 9.2500000000000018 11112.650000000001 297.25000000000006 11.15 1418.5000000000002 1440.5000000000002 29.150000000000002 309.85000000000008 8982.2450000000008 10823.600000000002 308.55000000000007 6189.1500000000005 35.95000000000001 206.50000000000003
decision_type=2 2 2 2 2 2 2 2 2 2 2 2 2 2 2 2 2 2 2 2 2 2 2 2 2 2 2 2 2 2
left_child=7 2 3 4 5 -2 -7 -1 9 10 -9 19 14 -14 -12 -16 -17 18 -5 20 -8 -22 23 -23 25 -4 -20 28 -28 -30
right_child=1 -3 24 17 -6 6 11 8 -10 -11 12 -13 13 -15 15 16 -18 -19 26 -21 21 22 -24 -25 -26 -27 27 -29 29 -31
leaf_value=0.055064594955413562 -0.050390888731932683 0.050856481315634521 -0.053496188655797354 -0.010053288744034418 -0.050738962306396462 -0.062576770996925532 -0.052507346377511623 -0.080961791677497175 0.053616457196949567 0.049851783118774001 0.045398753236952229 -0.05344164213334579 -0.0759709670006119 0.02553225071407654 -0.076587538454195817 -0.081631617185229571 0.030741757808118178 0.050188355419908542 0.03884261053882785 -0.050496789600239428 0.040914943063235412 0.047700888050324873 -0.050902621241327585 -0.051213579866295295 0.054538171663093861 0.049330353681179301 0.022865787355582885 0.029752362249021704 0.022143504149229547 -0.081008446919174165
leaf_weight=185.77887845039368 6.019935904769226 68.102758617140353 6.1269138487987211 9.0236710943281633 8.6920287138782424 3.0246171893086276 1.580536477267741 1.7730512318667013 98.899838268756866 93.192487925291061 31.746120478957891 2.401874784147366 2.411114514572545 3.8197146337479353 3.1399251653347156 1.3537928708828975 38.315465316409245 15.032311379909514 29.226526932790875 1.897153382655232 18.430407021660358 11.98374991072342 5.7641086361836633 1.747191862668841 44.03975935280323 34.838487774133682 59.593330336734653 64.675462772138417 6.397623382508753 7.6342667527496815
leaf_count=78 1385 60 283 32 1732 562 125 109 48 46 34 385 68 19 176 67 464 7 40 384 100 103 1052 257 18 17 142 151 11 45
internal_value=0.0389823 0.0284745 0.0239665 0.0170316 -0.00484175 0.00270685 0.00953254 0.0482532 0.0436459 0.0380351 0.0246966 0.0145115 0.0270155 -0.013746 0.0304221 0.0193158 0.0269068 0.0240579 0.021833 0.0184536 0.0217647 0.02486 0.00968181 0.0351145 0.044617 0.0339513 0.0235505 0.0203189 0.0120322 -0.0339779
internal_weight=866.663 406.233 338.13 253.125 61.5416 52.8496 46.8296 460.43 274.652 175.752 82.5592 43.805 80.7861 6.23083 74.5553 42.8092 39.6693 191.583 176.551 41.4031 39.506 37.9255 19.4951 13.7309 85.0052 40.9654 167.527 138.301 73.6252 14.0319
internal_count=8000 6891 6831 6513 6085 4353 2968 1109 1031 983 937 2406 828 87 741 707 531 428 421 2021 1637 1512 1412 360 318 300 389 349 198 56
is_linear=0
shrinkage=0.05


Tree=46
num_leaves=31
num_cat=0
split_feature=3 7 7 5 1 8 8 7 6 7 0 1 8 8 7 5 8 8 1 1 6 8 1 7 8 7 1 7 7 4
split_gain=33.1467 15.9623 18.8105 16.9549 7.38936 7.04904 7.54596 9.29585 5.90372 6.17474 16.9564 17.1567 19.1461 15.2977 17.3842 7.98703 6.58243 5.90295 4.69434 9.29957 4.21386 4.20408 3.68292 3.45611 20.7451 3.19123 19.0905 5.39563 6.13823 15.5092
threshold=1380.5000000000002 3534.8850000000007 7716.3650000000007 202.50000000000003 298.75000000000006 5188.7500000000009 3777.1500000000005 6805.5350000000008 8.5500000000000025 8982.2450000000008 1.0000000180025095e-35 300.45000000000005 12337.600000000002 10823.600000000002 7265.6950000000006 112.50000000000001 10823.600000000002 1816.8000000000004 302.05000000000007 297.15000000000003 10.15 11112.650000000001 297.25000000000006 8982.2450000000008 10823.600000000002 6841.1400000000012 303.25000000000006 6677.9800000000005 6297.9800000000005 39.050000000000004
decision_type=2 2 2 2 2 2 2 2 2 2 2 2 2 2 2 2 2 2 2 2 2 2 2 2 2 2 2 2 2 2
left_child=8 -2 3 4 -3 6 7 -6 -1 10 13 12 16 14 18 -13 -12 -9 19 -10 -8 22 -5 24 -4 27 -27 28 -24 -30
right_child=1 2 23 21 5 -7 20 17 9 -11 11 15 -14 -15 -16 -17 -18 -19 -20 -21 -22 -23 25 -25 -26 26 -28 -29 29 -31
leaf_value=0.054793254566717103 0.05061278635677461 -0.050419098781682874 -0.053337692720232734 -0.0095437787384251398 -0.050826330214289908 -0.050851578701463999 0.03509594344392105 0.032130034248991683 0.05013186349125668 0.05362615292482769 -0.053721498232789093 -0.056578552839227497 0.055495043205511824 0.052854000493761932 -0.062237470276914647 0.036722208616855871 -0.16212765767982038 -0.055059453336196384 0.047985102672569578 -0.067114478968967925 -0.050642522417559704 0.049596358927789658 0.024683676704197816 0.05418792773896014 0.048739562403796732 -0.071201929363155475 0.051391951815763726 0.048128677695305461 0.050272038711752842 -0.067582280900917086
leaf_weight=177.5713050365448 64.303641341626644 8.4816889530047757 5.8449825048446646 9.0299766436219198 9.3953230553306657 5.9440416987054041 19.334753056988124 9.9626395290251804 3.8167065540328684 90.316918581724167 2.7034284495748597 2.5855637302156564 2.5444073677062988 115.31937420368195 6.189061145996674 20.326956891920418 2.9049824625253677 2.411043530330061 15.273823079187421 3.0369541875552386 1.5477972112130363 14.465552493929861 122.58958882838488 42.155841618776321 33.530965566635132 5.5114245228469354 7.492671862244606 22.057379126548767 5.1268174275755864 6.1283572083339095
leaf_count=78 32 1925 283 32 1881 1199 561 170 17 40 220 89 1 51 291 75 14 158 29 204 217 7 250 18 17 58 4 20 5 54
internal_value=0.0383399 0.0278173 0.0233889 0.016575 -0.00735663 0.000159326 0.00726835 -0.01333 0.0477385 0.0430115 0.037524 0.00402877 -0.0582631 0.0447683 0.011839 0.0261937 -0.109873 0.0151409 0.0325582 -0.00182165 0.0287411 0.0236745 0.0215672 0.0442387 0.0335872 0.0232304 -0.000566055 0.0252153 0.0214392 -0.0138987
internal_weight=837.904 395.314 331.011 249.479 57.0773 48.5956 42.6516 21.769 442.589 265.018 174.701 31.0653 8.15282 143.636 28.3165 22.9125 5.60841 12.3737 22.1275 6.85366 20.8826 192.402 177.936 81.5318 39.3759 168.906 13.0041 155.902 133.845 11.2552
internal_count=8000 6891 6859 6541 6111 4186 2987 2209 1109 1031 991 399 235 592 541 164 234 328 250 221 778 430 423 318 300 391 62 329 309 59
is_linear=0
shrinkage=0.05


Tree=47
num_leaves=31
num_cat=0
split_feature=3 3 7 5 8 2 8 6 4 8 2 8 2 1 7 6 3 6 6 7 6 7 8 3 1 3 4 2 2 2
split_gain=32.7953 15.5322 18.439 12.9414 7.69881 6.91038 6.26411 5.84726 6.04734 10.5445 7.19336 4.26896 4.26877 4.18437 5.65183 4.61513 11.4666 4.69514 15.0534 7.91264 3.34958 3.3229 19.5301 3.3099 3.27171 3.23329 10.9627 5.39732 3.18682 3.15793
threshold=1380.5000000000002 2267.5000000000005 7716.3650000000007 202.50000000000003 5188.7500000000009 309.15000000000003 948.05000000000007 8.5500000000000025 65.000000000000014 11112.650000000001 308.15000000000003 11112.650000000001 311.85000000000008 302.35000000000008 8056.6750000000002 8.8500000000000032 1322.5000000000002 11.050000000000002 9.7500000000000018 7265.6950000000006 11.15 8982.2450000000008 10823.600000000002 1418.5000000000002 297.25000000000006 1440.5000000000002 29.150000000000002 309.85000000000008 311.55000000000007 308.55000000000007
decision_type=2 2 2 2 2 2 2 2 2 2 2 2 2 2 2 2 2 2 2 2 2 2 2 2 2 2 2 2 2 2
left_child=7 2 3 4 5 -2 -7 -1 9 10 -9 24 20 15 -15 -12 -17 18 19 -18 23 22 -4 -8 -5 -25 27 -27 -20 -26
right_child=1 -3 21 11 -6 6 12 8 -10 -11 13 -13 -14 14 -16 16 17 -19 28 -21 -22 -23 -24 25 29 26 -28 -29 -30 -31
leaf_value=0.05453768804121787 -0.050359644980577781 0.049917469257151181 -0.053186003668287456 -0.0090604225932310635 -0.050676288139008721 -0.0633177208964079 -0.052274095357020371 -0.079477752510235422 0.052912603436255493 0.048873794523304898 0.044085036598254149 0.049013473900177157 -0.053165406322767297 -0.075555139603285359 0.02444583354062807 -0.078191136007595086 -0.078621371578156185 0.043022295628266316 -0.070686530622475582 0.04091719794772241 -0.050450013471279101 0.053852691514403028 0.048156098185975271 0.039200203000129656 0.037032452049638842 0.046265264181979605 -0.05091033342720596 -0.051201297550945671 -0.2260497722936087 0.018656585160897268
leaf_weight=169.68255376815796 5.4938912494108072 62.870229860767722 5.5753766065463415 9.0359648764133436 7.8741778184194109 2.7978745256550601 1.4828079768922169 1.6601939934771497 90.756627693772316 86.178512915968895 29.753303025849164 13.919573739171026 2.2393410920631132 2.3170383346732697 3.6210407484322786 2.869819230400025 1.5397881164681191 18.952296014176682 3.0150819865521039 13.713409441523252 1.7184519274160255 40.34319706261158 32.272356502711773 17.692145643755794 28.296503955498338 11.36020188033581 5.3610004293732336 1.623360636178403 0.37064125761389721 134.56478869821876
leaf_count=78 1385 60 283 32 1732 562 125 109 48 46 34 7 385 71 16 176 93 151 194 89 384 18 17 100 40 103 1052 257 4 349
internal_value=0.0377645 0.0271876 0.0227448 0.0159604 -0.00473695 0.0025313 0.00909428 0.0473469 0.0425572 0.0368262 0.0234834 0.0223811 0.0139789 0.025728 -0.0145745 0.0291365 0.0181439 0.0254984 0.0076799 0.02885 0.0178109 0.0438691 0.0332273 0.0209373 0.0202245 0.0239497 0.00924166 0.0340788 -0.0876944 0.0218493
internal_weight=808.952 384.521 321.651 243.46 57.6433 49.7691 44.2752 424.43 254.748 163.991 77.8126 185.817 41.4773 76.1524 5.93808 70.2143 40.461 37.5912 18.6389 15.2532 39.238 78.1909 37.8477 37.5195 171.897 36.0367 18.3446 12.9836 3.38572 162.861
internal_count=8000 6891 6831 6513 6085 4353 2968 1109 1031 983 937 428 2406 828 87 741 707 531 380 182 2021 318 300 1637 421 1512 1412 360 198 389
is_linear=0
shrinkage=0.05


Tree=48
num_leaves=31
num_cat=0
split_feature=3 7 7 5 1 8 8 7 6 7 0 1 8 8 7 5 8 8 1 1 8 6 7 8 1 5 7 1 3 6
split_gain=32.4729 15.167 17.9431 14.1492 6.74664 6.32565 6.69621 8.4219 5.90137 6.02899 16.4747 15.7804 17.0123 14.328 16.0711 7.2725 5.34067 5.27984 4.29999 8.56341 4.03986 3.72188 3.19769 18.387 3.10792 2.9647 6.09416 14.6905 6.38003 6.95282
threshold=1380.5000000000002 3534.8850000000007 7716.3650000000007 202.50000000000003 298.75000000000006 5188.7500000000009 3777.1500000000005 6805.5350000000008 8.5500000000000025 8982.2450000000008 1.0000000180025095e-35 300.45000000000005 12337.600000000002 10823.600000000002 7265.6950000000006 112.50000000000001 1816.8000000000004 11112.650000000001 302.05000000000007 297.15000000000003 11112.650000000001 10.15 8982.2450000000008 10823.600000000002 297.25000000000006 224.50000000000003 6830.4850000000015 303.85000000000008 1524.5000000000002 11.050000000000002
decision_type=2 2 2 2 2 2 2 2 2 2 2 2 2 2 2 2 2 2 2 2 2 2 2 2 2 2 2 2 2 2
left_child=8 -2 3 4 -3 6 7 -6 -1 10 13 12 17 14 18 -13 -9 -12 19 -10 24 -8 23 -4 -5 26 28 -28 -26 -30
right_child=1 2 22 20 5 -7 21 16 9 -11 11 15 -14 -15 -16 -17 -18 -19 -20 -21 -22 -23 -24 -25 25 -27 27 -29 29 -31
leaf_value=0.05429684126312341 0.049718009819517892 -0.050392037450203486 -0.053040851059626221 -0.0086018468097268774 -0.050779895719258131 -0.050780098158439091 0.033473755789588146 0.030522934889135836 0.049072119389816038 0.052978816557095215 -0.067912944308182815 -0.056668174855440956 0.054950447997421929 0.05210414687317319 -0.062297129147215337 0.034919027547909286 -0.054782546786272625 -0.16883243677777474 0.046970731629689483 -0.067259760114393372 0.048438133400570557 -0.050602615673295881 0.053531165459243857 0.047578516597903485 0.031318146344501738 0.033946050965231893 -0.070257271504097552 0.058631653243929799 -0.0056401785301123594 0.032362454396125145
leaf_weight=162.10488271713257 59.247678361833096 7.7255920211318871 5.317609855439513 9.0416515022516233 8.6243795880582201 5.38650760333985 18.544172700494531 9.5737033267505449 3.58142902795226 82.878194376826286 3.4349376552272615 2.4421278848312822 2.3378992080688477 106.4741837978363 5.8297334166709325 19.272572338115424 2.269765473669394 2.0812992304563522 14.275311576668171 2.8335159015841782 13.394017331302164 1.4168687316123385 38.600315019488335 31.061693109571934 65.892772629857063 37.107928272336721 5.7788370531052333 3.5805821418762207 33.674701334908605 18.730141985230148
leaf_count=78 32 1925 283 32 1881 1199 561 170 17 40 224 89 1 51 291 75 158 10 29 204 7 217 18 17 113 40 60 1 137 40
internal_value=0.0371234 0.0265046 0.0221485 0.0154963 -0.00716948 0.000118898 0.00690038 -0.0131949 0.0468934 0.0420037 0.0364083 0.00265109 -0.0580839 0.0439136 0.0110299 0.0246187 0.0141744 -0.10599 0.0316907 -0.0023123 0.0219789 0.0275059 0.043507 0.0328709 0.0199399 0.0215061 0.0178901 -0.0209489 0.0209629 0.00794243
internal_weight=782.515 374.969 315.721 240.742 53.541 45.8154 40.4289 20.4678 407.546 245.441 162.563 29.5688 7.85414 132.994 26.52 21.7147 11.8435 5.51624 20.6903 6.41494 187.201 19.961 74.9796 36.3793 173.807 164.765 127.657 9.35942 118.298 52.4048
internal_count=8000 6891 6859 6541 6111 4186 2987 2209 1109 1031 991 399 235 592 541 164 328 234 250 221 430 778 318 300 423 391 351 61 290 177
is_linear=0
shrinkage=0.05


Tree=49
num_leaves=31
num_cat=0
split_feature=3 3 7 5 8 2 8 6 4 8 1 7 1 4 4 4 6 4 2 2 2 4 1 4 4 4 3 1 6 5
split_gain=32.1972 14.7632 17.5952 10.6967 6.95064 6.23669 5.84633 5.84444 5.88109 9.94873 5.08629 11.9526 4.40362 5.26743 4.32787 3.89947 10.9644 3.92683 3.88597 3.71207 15.6722 16.6062 6.17603 4.28278 7.57075 3.64216 3.61686 5.21633 5.38211 10.8543
threshold=1380.5000000000002 2267.5000000000005 7716.3650000000007 202.50000000000003 5188.7500000000009 309.15000000000003 948.05000000000007 8.5500000000000025 65.000000000000014 11112.650000000001 298.85000000000008 6164.1600000000008 302.35000000000008 56.550000000000004 45.850000000000001 41.350000000000001 9.3500000000000032 40.850000000000001 311.85000000000008 308.55000000000007 310.55000000000007 30.650000000000002 301.05000000000007 36.050000000000004 34.350000000000001 46.850000000000001 1362.5000000000002 302.15000000000003 8.8500000000000032 188.50000000000003
decision_type=2 2 2 2 2 2 2 2 2 2 2 2 2 2 2 2 2 2 2 2 2 2 2 2 2 2 2 2 2 2
left_child=7 2 3 4 5 -2 -7 -1 9 10 11 -9 26 -14 15 17 -17 19 -8 -5 21 -21 -22 24 -24 -16 27 28 -12 -30
right_child=1 -3 -4 14 -6 6 18 8 -10 -11 12 -13 13 -15 25 16 -18 -19 -20 20 22 -23 23 -25 -26 -27 -28 -29 29 -31
leaf_value=0.054069761717924318 -0.050331444313439722 0.04900437404146251 0.043151262770572282 0.031190988525055665 -0.050618396597070153 -0.064096816832679329 0.017180767919561808 0.051405216227462004 0.052259137595504337 0.047950913975251315 0.044471844178302855 -0.077344391885848518 -0.075558694272440136 0.023284717096548332 0.051750648796066528 0.0258536616887949 -0.064372725422005742 0.051402823181371043 -0.052904142283977044 0.017550794675117883 0.038252467929324713 -0.071221296866755462 -0.013556318516932512 -0.019430916291891032 0.046265954312291135 0.020201624321871659 0.042057728743301062 -0.068401109283901126 -0.079118684942788314 0.027320276076846835
leaf_weight=154.83015096187592 5.0158830992877474 58.015327930450439 71.894706812687218 34.034338528290391 7.132623902289196 2.5901061098556957 37.22996178874746 3.3749033072963348 83.234140202403069 79.693888321518898 13.691105828620499 3.8694515244569629 2.2139547779224804 3.4454354383051395 18.408027419820428 9.0054820571094734 5.3778441548347464 9.0080174915492517 2.0888021620921782 10.783677689731123 34.651697378605604 10.299973301589487 9.3691079393029266 9.970057085156439 12.143744580447672 18.185455559752882 32.485785120399669 1.6632156390696753 3.2711272349115452 8.9447664427570981
leaf_count=78 1385 60 318 50 1732 562 2021 11 48 46 17 317 68 19 16 22 57 8 385 32 36 84 41 29 8 45 165 22 292 26
internal_value=0.0365452 0.0258718 0.021503 0.0148884 -0.0046318 0.00235822 0.00866441 0.0465217 0.0415674 0.0357377 0.0223972 -0.0173642 0.0267805 -0.0153828 0.0207107 0.0168244 -0.00788147 0.0195524 0.0134575 0.0171862 0.0117212 -0.0258169 0.0236883 0.00765825 0.0202126 0.0360721 0.0307538 0.0174344 0.022945 -0.00118156
internal_weight=755.923 365.205 307.19 235.295 54.0574 46.9248 41.9089 390.718 235.888 152.654 72.9597 7.24435 65.7154 5.65939 181.237 144.644 14.3833 130.261 39.3188 121.253 87.2183 21.0837 66.1346 31.4829 21.5129 36.5935 60.056 27.5702 25.907 12.2159
internal_count=8000 6891 6831 6513 6085 4353 2968 1109 1031 983 937 328 609 87 428 367 79 288 2406 280 230 116 114 78 49 61 522 357 335 318
is_linear=0
shrinkage=0.05


Tree=50
num_leaves=31
num_cat=0
split_feature=3 7 7 5 8 7 2 2 3 3 4 3 6 7 0 1 8 8 7 5 3 6 4 1 1 8 6 6 1 7
split_gain=31.9135 14.4559 16.6144 19.723 9.94562 12.3906 9.60226 7.10421 9.2528 6.75667 6.0261 11.486 5.89744 5.88121 15.9433 14.561 15.2434 13.4914 14.6268 6.54001 4.98656 17.6842 11.8154 4.0824 7.94262 4.00155 3.86495 3.66379 11.6696 4.51782
threshold=1380.5000000000002 3534.8850000000007 8982.2450000000008 178.50000000000003 10823.600000000002 7214.8950000000013 309.75000000000006 309.95000000000005 1438.5000000000002 1418.5000000000002 45.850000000000001 1428.5000000000002 8.5500000000000025 8982.2450000000008 1.0000000180025095e-35 300.45000000000005 12337.600000000002 10823.600000000002 7265.6950000000006 112.50000000000001 1456.5000000000002 8.5500000000000025 40.550000000000004 302.05000000000007 297.15000000000003 11112.650000000001 8.6500000000000004 8.9500000000000011 302.55000000000007 5141.4150000000009
decision_type=2 2 2 2 2 2 2 2 2 2 2 2 2 2 2 2 2 2 2 2 2 2 2 2 2 2 2 2 2 2
left_child=12 -2 3 6 5 10 -3 -8 9 -9 11 -5 -1 14 17 16 25 18 23 -17 -13 -22 26 24 -14 -16 -23 28 -28 -29
right_child=1 2 -4 4 -6 -7 7 8 -10 -11 -12 20 13 -15 15 19 -18 -19 -20 -21 21 22 -24 -25 -26 -27 27 29 -30 -31
leaf_value=0.053855553163064521 0.048856795597941378 -0.051111950682048303 0.052980114881047237 -0.070324083898769041 0.044907049292410545 -0.062254523772463946 0.040594499812683121 -0.052700661062096844 -0.051690406628427332 0.023762200496460363 0.04597099895535825 0.041168466086240696 0.047982532705285963 0.052372790021351236 -0.067549633831375355 -0.056451296609713979 0.054466366313675997 0.051393360498784957 -0.062178204562045127 0.033107017256120072 -0.081180613279803387 0.05266716407284118 -0.060947922492375753 0.045937140851514742 -0.067351221949283932 -0.1553969207335642 -0.10142051872732286 0.036585608113735742 0.035099828684589038 0.014064979755367482
leaf_weight=147.849968791008 54.639992997050285 11.958615402923895 35.617264062166214 3.7050921667832872 41.971861377358437 4.7020722532179198 8.4849912188947183 3.5821248602587792 9.5173601577989739 14.934876257088034 19.781922025606036 21.331840419443324 3.3370310510508778 76.008074179291725 3.2014386532828238 2.2945436351001289 2.1469497680664062 98.332072325050831 5.4546744185499838 18.266526501392946 4.6019345000386229 9.2883079431485367 4.4879863006062797 13.347484600730239 2.7010133846197277 2.1783796548843384 2.5294414043892166 33.053091451060027 4.1066698576323688 68.257530300877988
leaf_count=78 32 2505 18 75 26 116 218 327 2361 214 66 71 17 40 224 89 1 51 291 75 51 15 129 29 204 10 39 161 14 453
internal_value=0.0359021 0.0251913 0.0209083 0.0166187 0.0230382 0.0178184 -0.0122248 0.000509126 -0.0116233 0.00897041 0.0200184 0.0166265 0.0460828 0.0410262 0.0353245 0.00133108 -0.0581701 0.0430763 0.0101523 0.0231126 0.0188084 0.0150325 0.01867 0.0305046 -0.00361 -0.10312 0.0217179 0.0190549 -0.0169367 0.0214124
internal_weight=731.671 356.553 301.913 266.296 217.818 175.846 48.478 36.5194 28.0344 18.517 171.144 151.362 375.118 227.268 151.26 28.0878 7.52677 123.172 24.8402 20.5611 147.657 126.325 121.723 19.3855 6.03804 5.37982 117.235 107.947 6.63611 101.311
internal_count=8000 6891 6859 6841 1216 1190 5625 3120 2902 541 1074 1008 1109 1031 991 399 235 592 541 164 933 862 811 250 221 234 682 667 53 614
is_linear=0
shrinkage=0.05


Tree=51
num_leaves=31
num_cat=0
split_feature=3 7 7 5 8 7 2 2 3 3 6 4 0 1 8 7 4 3 3 6 4 1 6 6 8 6 0 7 8 6
split_gain=31.4713 13.9999 16.0877 18.1937 9.60305 11.5494 9.17122 6.54813 8.80406 6.29683 5.84326 5.81755 18.6941 32.1697 7.49957 10.0456 5.71577 10.6685 4.6554 16.3445 10.9704 3.80636 7.49008 3.68695 3.63815 3.33646 10.8724 4.2465 12.2375 6.39774
threshold=1380.5000000000002 3534.8850000000007 8982.2450000000008 178.50000000000003 10823.600000000002 7214.8950000000013 309.75000000000006 309.95000000000005 1438.5000000000002 1418.5000000000002 8.5500000000000025 60.150000000000013 1.0000000180025095e-35 302.05000000000007 10823.600000000002 7265.6950000000006 45.850000000000001 1428.5000000000002 1456.5000000000002 8.5500000000000025 40.550000000000004 302.05000000000007 11.350000000000003 8.6500000000000004 10624.100000000002 8.9500000000000011 1.5000000000000002 5141.4150000000009 6881.8500000000013 10.950000000000001
decision_type=2 2 2 2 2 2 2 2 2 2 2 2 2 2 2 2 2 2 2 2 2 2 2 2 2 2 2 2 2 2
left_child=10 -2 3 6 5 16 -3 -8 9 -9 -1 12 14 24 15 21 17 -5 -19 -20 23 22 -12 -21 -14 26 -25 -27 -29 -30
right_child=1 2 -4 4 -6 -7 7 8 -10 -11 11 -13 13 -15 -16 -17 -18 18 19 20 -22 -23 -24 25 -26 27 -28 28 29 -31
leaf_value=0.053653405861663422 0.04841902355695258 -0.051067768429035112 0.0526909053928468 -0.069299306909206257 0.044277449200630606 -0.061762632339359913 0.039260659934288171 -0.052581052207749092 -0.051660074203790853 0.022721434544061954 -0.066745931181155821 0.048079616820261135 -0.051607018474118943 0.038194066363339399 0.050124941406356704 -0.066332589885815196 0.045008337806739497 0.039977110491814349 -0.079345584879331243 0.051573894990453839 -0.060390695378123332 0.045107840383321551 0.047286255222218437 -0.096495672407013386 -0.13357686151957765 0.035408429380543595 0.03572321733698354 -0.067142610128039085 0.02766056798319462 -0.01009564700774543
leaf_weight=141.15572690963745 52.433282963931561 11.384980900213121 34.061463013291359 3.5751867792569092 40.478284403681755 4.5074726610910139 8.3384082308039051 3.4149782946333351 9.0583760868757945 14.840508207911624 2.5990224321140039 118.70546451257542 2.0000929528614533 9.916619361843912 61.690315693616867 3.1642075093695885 19.209456289885566 20.880814080825076 4.4761423319578162 9.0178569420240802 4.3074977905489495 12.924066229723392 3.2292409897781909 2.5667800230439743 4.188374409917742 32.459741611965001 3.9436972592957318 4.40749303321354 48.986784021602944 14.553179602604358
leaf_count=78 32 2505 18 75 26 116 218 327 2361 214 201 158 274 53 34 240 66 71 51 15 129 29 20 46 22 161 7 211 157 85
internal_value=0.0353593 0.0246153 0.0203768 0.01615 0.0223553 0.0172227 -0.0119981 0.000478217 -0.0113613 0.00863491 0.0457248 0.0406008 0.0316973 -0.01763 0.0411992 0.0160751 0.0193371 0.0160314 0.0181267 0.0144684 0.0179607 0.0299803 -0.00356461 0.0208718 -0.107084 0.0182822 -0.0164046 0.0205314 0.0134243 0.0190129
internal_weight=706.476 346.902 294.469 260.408 213.37 172.892 47.0373 35.6523 27.3139 18.2555 359.573 218.417 99.7119 16.1051 83.6069 21.9165 168.385 149.175 145.6 124.719 120.243 18.7523 5.82826 115.936 6.18847 106.918 6.51048 100.407 67.9475 63.54
internal_count=8000 6891 6859 6841 1216 1190 5625 3120 2902 541 1109 1031 873 349 524 490 1074 1008 933 862 811 250 221 682 296 667 53 614 453 242
is_linear=0
shrinkage=0.05


Tree=52
num_leaves=31
num_cat=0
split_feature=3 7 7 5 8 7 2 2 3 6 3 7 0 8 7 6 8 8 5 4 3 3 6 4 1 2 3 1 7 3
split_gain=30.6874 13.5199 15.5487 16.8222 9.22635 10.7816 8.76055 6.03046 8.37776 5.91137 5.87048 5.7524 14.8962 12.648 13.2971 12.4943 22.6867 6.68451 6.09592 5.39302 9.92608 4.31979 15.1389 10.2105 3.5341 13.9192 13.2394 4.52724 11.5544 10.9296
threshold=1380.5000000000002 3534.8850000000007 8982.2450000000008 178.50000000000003 10823.600000000002 7214.8950000000013 309.75000000000006 309.95000000000005 1438.5000000000002 8.5500000000000025 1418.5000000000002 8982.2450000000008 1.0000000180025095e-35 10823.600000000002 7265.6950000000006 9.5500000000000025 12337.600000000002 9474.8000000000011 112.50000000000001 45.850000000000001 1428.5000000000002 1456.5000000000002 8.5500000000000025 40.550000000000004 299.15000000000003 308.35000000000008 2267.5000000000005 300.05000000000007 5330.3350000000009 2089.5000000000005
decision_type=2 2 2 2 2 2 2 2 2 2 2 2 2 2 2 2 2 2 2 2 2 2 2 2 2 2 2 2 2 2
left_child=9 -2 3 6 5 19 -3 -8 10 -1 -9 12 13 14 17 18 -17 -11 -14 20 -5 -22 -23 24 25 -24 -27 -26 29 -29
right_child=1 2 -4 4 -6 -7 7 8 -10 11 -12 -13 15 -15 -16 16 -18 -19 -20 -21 21 22 23 -25 27 26 -28 28 -30 -31
leaf_value=0.053462552752515748 0.047983293068356303 -0.051025020350709306 0.052411208255429935 -0.068326252236335192 0.043648269616049416 -0.061286549807732918 0.037936008282733726 -0.05246627180317659 -0.051629244297123289 0.038465181404022365 0.021716682467884149 0.051787213483013128 -0.056716240910809873 0.050626336567015484 -0.061524246528774931 -0.094720416990082601 0.054159230314997843 -0.072721994092389136 0.040154272758536558 0.044042341066313051 0.038799542048783484 -0.077643225885728459 0.02864332624229304 -0.059862727110530103 0.044661642991532267 -0.0705418163873687 0.056039736728633327 -0.08085513978161224 0.027852793484677271 0.03488662840352888
leaf_weight=134.73868715763092 50.317621439695358 10.838573729852213 32.568814590573311 3.4480252654757342 39.045191332697868 4.3201072106603524 8.2016505915671569 3.2553553220350357 8.6216108864173275 16.676292197313167 14.753067233832551 69.800314024090767 1.8340471934061557 90.429242953658104 5.157981759752146 6.9763880816753936 4.040984034538269 1.4709992774296541 14.182955263997426 18.663260347442701 20.449950563255697 4.3488054445479056 23.425829908810556 4.1326409738976499 22.96155280363746 8.3704761972185207 2.7425193786621085 5.1760996708180738 48.149549165740609 3.3661428983323276
leaf_count=78 32 2505 18 75 26 116 218 327 2361 230 214 40 74 51 291 254 2 20 69 66 71 51 99 129 79 167 1 110 217 9
internal_value=0.0348076 0.0240777 0.0198841 0.0157178 0.0217354 0.0166893 -0.0117678 0.000447924 -0.0110978 0.0452843 0.00830674 0.0400512 0.0342318 0.0421617 0.00931728 0.000870602 -0.0401139 0.0294525 0.029062 0.018728 0.0155047 0.0175243 0.0139776 0.017345 0.0201392 0.00678121 -0.0393034 0.0259314 0.0183451 -0.0352461
internal_weight=682.465 337.157 286.839 254.27 208.6 169.555 45.6703 34.8317 26.63 345.308 18.0084 210.569 140.769 113.735 23.3053 27.0344 11.0174 18.1473 16.017 165.235 146.572 143.124 122.674 118.325 114.192 34.5388 11.113 79.6533 56.6918 8.54224
internal_count=8000 6891 6859 6841 1216 1190 5625 3120 2902 1109 541 1031 991 592 541 399 256 250 143 1074 1008 933 862 811 682 267 168 415 336 119
is_linear=0
shrinkage=0.05


Tree=53
num_leaves=31
num_cat=0
split_feature=3 3 7 8 4 5 8 8 8 6 1 6 4 8 5 5 7 1 7 1 7 5 5 3 6 4 6 6 7 8
split_gain=30.0507 13.0232 15.0571 13.7194 16.7573 9.25368 7.87261 7.4501 7.14671 6.03066 6.07823 5.84661 5.64986 9.2452 4.43561 11.293 5.42338 4.23937 10.5261 4.22326 4.82846 4.01192 5.92822 4.93171 10.3705 10.3192 3.56848 5.97905 4.38382 14.4356
threshold=1380.5000000000002 2267.5000000000005 8982.2450000000008 10823.600000000002 48.550000000000004 234.50000000000003 3777.1500000000005 1816.8000000000004 948.05000000000007 11.550000000000002 296.85000000000008 8.5500000000000025 65.000000000000014 11112.650000000001 231.50000000000003 228.50000000000003 4552.505000000001 298.85000000000008 6164.1600000000008 302.35000000000008 8056.6750000000002 224.50000000000003 222.50000000000003 1456.5000000000002 8.5500000000000025 40.550000000000004 8.6500000000000004 8.9500000000000011 5141.4150000000009 6881.8500000000013
decision_type=2 2 2 2 2 2 2 2 2 2 2 2 2 2 2 2 2 2 2 2 2 2 2 2 2 2 2 2 2 2
left_child=11 2 3 4 5 6 7 8 -2 10 -8 -1 13 17 15 16 -12 18 -13 -19 -21 22 23 -18 -25 26 -26 -28 -29 -30
right_child=1 -3 -4 -5 -6 -7 9 -9 -10 -11 14 12 -14 -15 -16 -17 21 19 -20 20 -22 -23 -24 24 25 -27 27 28 29 -31
leaf_value=0.053282299132743342 -0.062712736582506326 0.047248624562898515 0.052140087804868597 0.043018689980352028 -0.055601246127095785 -0.080820943024036085 -0.066911465937836298 -0.053720689194912678 0.023874960254539973 -0.063799749880344522 -0.069217911128578349 0.04989621677504865 0.051118900775933777 0.04639212999457841 0.048774853617077285 -0.11815893852757411 0.032525300394016972 0.02840006813708932 -0.079848393391112896 -0.076950053715772349 0.021368374023423623 0.042849563193185149 -0.072855572325141435 -0.073602875348954683 0.049818290514980858 -0.056387090888184978 -0.078744833550016879 0.037336613318094874 -0.059645596722166939 0.020049945386576506
leaf_weight=128.59003555774689 2.9589702318189692 49.348467506468296 31.137450575828552 37.670810930430889 9.2371243794914317 2.5787595659494391 2.0264772307127705 7.5572674509603521 12.243737606797366 2.218190055107697 1.714006392052396 2.9400548795238128 70.124223977327347 68.077997207641602 12.574715986847876 1.5100857019424427 43.027693533338606 52.659501138608903 3.3381864170078188 2.1185926146572447 3.0415176842361689 17.374819327145815 1.7976222224533547 3.405215934268198 8.6279389343690109 4.7506819600239387 1.6334490182343859 20.936801027739421 6.473049556137993 46.501135498750955
leaf_count=78 819 60 18 26 643 12 94 1560 721 91 47 11 48 46 8 7 633 522 317 71 16 15 13 136 28 548 103 201 900 208
internal_value=0.0343204 0.0235783 0.0193759 0.0152425 0.0102396 0.0132819 0.0145116 -0.0131471 0.00702201 0.0181176 0.0191719 0.044946 0.0396471 0.0335608 0.0201961 0.017918 0.0192332 0.0199328 -0.0190899 0.02417 -0.0189983 0.0202143 0.0173468 0.0185448 0.0120294 0.0153086 0.0193552 0.015876 0.0179671 0.0103117
internal_weight=658.195 327.304 277.956 246.819 209.148 199.911 197.332 22.76 15.2027 174.572 172.354 330.89 202.3 132.176 170.327 157.752 156.242 64.0979 6.27824 57.8196 5.16011 154.528 137.154 135.356 92.3283 88.9231 84.1724 75.5444 73.911 52.9742
internal_count=8000 6891 6831 6813 6787 6144 6132 3100 1540 3032 2941 1109 1031 983 2847 2839 2832 937 328 609 87 2785 2770 2757 2124 1988 1440 1412 1309 1108
is_linear=0
shrinkage=0.05


Tree=54
num_leaves=31
num_cat=0
split_feature=3 7 7 5 8 4 2 6 7 0 8 7 1 4 8 2 3 3 4 3 3 6 4 3 4 7 4 3 3 0
split_gain=29.0784 12.5996 14.4987 14.5003 8.44927 9.46413 8.13004 6.01528 5.7099 14.4539 12.2131 12.3121 11.8612 21.0112 6.15491 5.37473 7.74271 5.27622 4.91209 9.23146 3.75921 13.3079 8.99851 3.5587 11.9212 4.55261 10.5674 4.42443 11.6176 4.9991
threshold=1380.5000000000002 3534.8850000000007 8982.2450000000008 178.50000000000003 10823.600000000002 48.050000000000004 309.75000000000006 8.5500000000000025 8982.2450000000008 1.0000000180025095e-35 10823.600000000002 7265.6950000000006 302.05000000000007 61.150000000000013 9474.8000000000011 309.95000000000005 1438.5000000000002 1418.5000000000002 45.850000000000001 1428.5000000000002 1456.5000000000002 8.5500000000000025 40.550000000000004 1507.5000000000002 37.750000000000007 5909.9600000000009 40.45000000000001 1524.5000000000002 1540.5000000000002 1.0000000180025095e-35
decision_type=2 2 2 2 2 2 2 2 2 2 2 2 2 2 2 2 2 2 2 2 2 2 2 2 2 2 2 2 2 2
left_child=7 -2 3 6 5 18 -3 -1 9 10 11 14 13 -11 -9 -8 17 -17 19 -5 -21 -22 23 24 -23 -26 -27 -25 -29 -30
right_child=1 2 -4 4 -6 -7 15 8 -10 12 -12 -13 -14 -15 -16 16 -18 -19 -20 20 21 22 -24 27 25 26 -28 28 29 -31
leaf_value=0.053111990511409538 0.047136030827468221 -0.050976842886558682 0.051876654703116802 -0.067555758891972781 0.042387978674587642 -0.06076014732009382 0.03657453401575516 0.036968510926680881 0.051238122454635465 -0.099140483774997012 0.049973916265194838 -0.061454638301361768 0.037602429602113102 0.022630843494862555 -0.072250574633604833 -0.05224578548656858 -0.051653261371849092 0.020591082174713476 0.04242613680748044 0.036747246384228251 -0.075250063537965484 -0.10424761141345769 -0.05899773396693371 0.04710350468062894 0.059696126922337535 -0.080887232077406307 0.048907033254710838 -0.079450343562707401 0.0064958556484476905 0.031983873581765937
leaf_weight=122.70093870162964 46.410286340862513 9.968053146847522 29.765479445457458 3.3459235723130396 36.35334800183773 3.946543338475748 7.880262912483885 15.925861495896248 64.012067168951035 6.3040218239184496 83.571404919028282 4.9265482462942591 11.376840228214858 8.0865000914782268 1.4036109508015204 3.0070765446871581 7.9293140899389973 14.357783975312485 17.733472872292623 19.648630697280169 4.1112730492604888 2.4806197120342395 3.8321020004805169 15.08391078468412 3.9856289215385896 2.8104141843505204 3.5478833890520036 2.9696231614798299 33.150281591806561 45.84049472771585
leaf_count=78 32 2505 18 75 26 97 218 230 40 309 51 291 56 34 20 327 2361 214 83 71 51 40 131 30 5 48 5 43 314 197
internal_value=0.0337488 0.023059 0.018947 0.0148964 0.0205976 0.0157224 -0.01138 0.0444335 0.0389897 0.0330316 0.0412084 0.00829369 -0.00055041 -0.0307132 0.0281222 0.000517786 -0.0107155 0.00797791 0.0176263 0.014503 0.0165004 0.0131236 0.0163191 0.0189461 -0.00580779 0.0177995 -0.00846298 0.0222173 0.0176373 0.0212872
internal_weight=636.466 318.158 271.748 241.983 198.84 162.487 43.1425 318.308 195.607 131.595 105.827 22.256 25.7674 14.3905 17.3295 33.1744 25.2942 17.3649 158.54 140.807 137.461 117.812 113.701 109.869 12.8245 10.3439 6.3583 97.0443 81.9604 78.9908
internal_count=8000 6891 6859 6841 1216 1190 5625 1109 1031 991 592 541 399 343 250 3120 2902 541 1093 1010 935 864 813 682 98 58 53 584 554 511
is_linear=0
shrinkage=0.05


Tree=55
num_leaves=31
num_cat=0
split_feature=3 7 7 5 8 7 2 6 7 0 8 7 6 8 5 8 8 0 5 4 3 1 1 3 6 4 1 3 4 7
split_gain=28.4581 12.15 14.0046 13.4059 8.09181 8.98615 7.76665 6.00674 5.60487 13.8308 11.7414 11.5425 10.956 19.7782 5.70737 5.10562 5.4654 5.52799 4.84348 4.73396 8.59937 3.56198 6.61835 3.47282 12.3537 8.38078 3.32211 3.22916 10.9494 4.28924
threshold=1380.5000000000002 3534.8850000000007 8982.2450000000008 178.50000000000003 10823.600000000002 7214.8950000000013 309.75000000000006 8.5500000000000025 8982.2450000000008 1.0000000180025095e-35 10823.600000000002 7265.6950000000006 9.5500000000000025 12337.600000000002 112.50000000000001 4536.4000000000005 3777.1500000000005 1.0000000180025095e-35 40.500000000000007 45.850000000000001 1428.5000000000002 302.05000000000007 297.15000000000003 1456.5000000000002 8.5500000000000025 40.550000000000004 301.95000000000005 1507.5000000000002 37.750000000000007 5909.9600000000009
decision_type=2 2 2 2 2 2 2 2 2 2 2 2 2 2 2 2 2 2 2 2 2 2 2 2 2 2 2 2 2 2
left_child=7 -2 3 6 5 19 -3 -1 9 10 11 21 14 -14 -11 16 17 -8 26 20 -5 22 -9 -22 -25 27 -19 28 -26 -30
right_child=1 2 -4 4 -6 -7 15 8 -10 12 -12 -13 13 -15 -16 -17 -18 18 -20 -21 23 -23 -24 24 25 -27 -28 -29 29 -31
leaf_value=0.052951019222472855 0.046700648775694222 -0.050937449492125524 0.051620069684158346 -0.066675422355602962 0.041755493658269492 -0.060086163427945843 -0.052783941065306872 0.046187416416095993 0.050955080908109962 -0.056977856604469967 0.04959929053327438 -0.061145853289102083 -0.091191983640418042 0.053677241618280892 0.038138889409903787 -0.051152541410192792 0.033770872350802957 0.038525508057479424 -0.052797620736705013 0.041858468577022329 0.035608895806187466 0.042946189331329813 -0.065120300829896324 -0.073832946747134948 -0.10052827901257007 -0.058552183558403172 -0.05701255483309231 0.0214016520946806 0.059079651561383784 -0.0082998686196468392
leaf_weight=117.06259620189667 44.548070162534714 9.4890539987245557 28.450995877385139 3.2236972426762796 35.090991370379925 3.8640057360753408 5.2819969033589649 2.8290070663206341 61.219888478517532 1.7911997169721896 80.080928333103657 4.7093503220239645 6.6887640962377173 3.6370967626571655 13.19496671867091 4.1715529429493463 11.965102047659455 7.5687191146425885 2.43806533969473 17.181001788936555 19.272651872597635 11.578935606870798 2.5296587658813223 3.9839096697978666 2.4446805135812602 3.6688236491754642 1.0342527631437404 95.749812018591911 3.8298038351349515 6.1623692160937935
leaf_count=78 32 2505 18 75 26 116 1132 17 40 74 51 291 254 2 69 903 348 178 457 66 71 29 204 51 40 129 102 584 5 53
internal_value=0.0332276 0.0225412 0.0184778 0.0144895 0.0200192 0.0152335 -0.0111462 0.0440574 0.0385272 0.0325382 0.0407676 0.00809566 -0.000535306 -0.0401644 0.0267702 0.000486175 0.00810116 -0.0107152 0.00941029 0.017105 0.0140306 0.0273476 -0.00635748 0.0159562 0.0126865 0.0157681 0.0270399 0.0182884 -0.00568013 0.0175254
internal_weight=614.742 309.42 264.871 236.42 194.472 159.381 41.9487 305.322 188.26 127.04 101.728 21.647 25.312 10.3259 14.9862 32.4597 28.2881 16.323 11.041 155.517 138.336 16.9376 5.35867 135.112 115.839 111.855 8.60297 108.187 12.4369 9.99217
internal_count=8000 6891 6859 6841 1216 1190 5625 1109 1031 991 592 541 399 256 143 3120 2217 1869 737 1074 1008 250 221 933 862 811 280 682 98 58
is_linear=0
shrinkage=0.05


Tree=56
num_leaves=31
num_cat=0
split_feature=3 3 7 8 4 5 8 8 8 6 6 4 8 1 5 5 7 3 6 5 5 3 7 6 7 4 6 6 8 8
split_gain=28.0908 11.7959 13.6097 11.7162 14.081 8.41442 6.48935 6.61236 6.40879 5.91661 5.6179 5.52131 8.72778 5.48207 4.14659 9.87765 5.00694 3.96372 10.7239 3.84501 5.31315 4.17977 9.48762 8.2121 3.40645 8.73182 3.182 5.52163 3.89228 15.5505
threshold=1380.5000000000002 2267.5000000000005 8982.2450000000008 10823.600000000002 48.550000000000004 234.50000000000003 3777.1500000000005 1816.8000000000004 948.05000000000007 8.5500000000000025 11.550000000000002 65.000000000000014 11112.650000000001 296.85000000000008 231.50000000000003 228.50000000000003 4552.505000000001 1322.5000000000002 8.8500000000000032 224.50000000000003 222.50000000000003 1446.5000000000002 6403.5300000000007 8.5500000000000025 6660.3400000000011 41.050000000000004 8.6500000000000004 8.9500000000000011 8308.3500000000022 7822.8500000000013
decision_type=2 2 2 2 2 2 2 2 2 2 2 2 2 2 2 2 2 2 2 2 2 2 2 2 2 2 2 2 2 2
left_child=9 2 3 4 5 6 7 8 -2 -1 13 12 17 -8 15 16 -15 18 -11 20 21 24 23 -23 25 -18 -25 -28 29 -29
right_child=1 -3 -4 -5 -6 -7 10 -9 -10 11 -12 -13 -14 14 -16 -17 19 -19 -20 -21 -22 22 -24 26 -26 -27 27 28 -30 -31
leaf_value=0.052798826009414296 -0.06416404377394043 0.045966695465148519 0.051369539377707024 0.041120673442330537 -0.054946596366456261 -0.079042731011457326 -0.066710805938351242 -0.053913349157854097 0.022542165351618772 0.03413393395596747 -0.063668144996612941 0.050331552902006707 0.045215079273390898 -0.068819148657312354 0.04752129090873123 -0.11125501519243251 0.036024366409233975 0.023288764511613061 -0.083965876165361025 0.041569498834983648 -0.071408588383438568 -0.071778511345626905 -0.05592088012969635 0.047742043745952596 0.042072168607062727 -0.060938007794009874 -0.07728115461226584 0.017916728543081344 0.038275175977926019 -0.081104517937031939
leaf_weight=111.66624748706818 2.6177663011476424 43.861611056141555 27.192093133926392 33.881926402449608 8.1776023184647766 2.5001474767923346 1.9020811246009532 6.7012742541264734 11.464860968757419 4.6458710152655831 2.1505745402537277 61.484160795807838 60.512834504246712 1.6521627736510698 11.562105037271975 1.4991953969001759 8.3760053011355904 50.844260919722728 3.2787424230482429 16.344093969091773 1.7218859223648895 2.6323092717211685 4.9566590075846753 8.078980439109726 24.383827859070152 3.2123513295082367 1.5958917152602214 54.306687869364396 16.354367351392284 4.2771239555440834
leaf_count=78 819 60 18 26 643 12 94 1560 721 10 91 48 46 47 8 7 63 699 228 15 13 106 689 28 232 214 103 1265 23 34
internal_value=0.0327097 0.021998 0.017916 0.0139669 0.00928408 0.0120737 0.0132998 -0.0130299 0.00642468 0.04375 0.0166163 0.0381602 0.0318865 0.0176764 0.0186737 0.016441 0.0177355 0.0181623 -0.0147289 0.0187134 0.0158375 0.0170096 0.0113698 0.0151928 0.031465 0.0091459 0.0178985 0.0147482 0.016708 0.0106873
internal_weight=593.836 301.404 257.542 230.35 196.468 188.29 185.79 20.7839 14.0826 292.432 165.006 180.766 119.282 162.856 160.954 149.392 147.892 58.7689 7.92461 146.24 129.896 128.174 92.202 87.2454 35.9722 11.5884 84.6131 76.5341 74.9382 58.5838
internal_count=8000 6891 6831 6813 6787 6144 6132 3100 1540 1109 3032 1031 983 2941 2847 2839 2832 937 238 2785 2770 2757 2248 1559 509 277 1453 1425 1322 1299
is_linear=0
shrinkage=0.05


Tree=57
num_leaves=31
num_cat=0
split_feature=3 7 7 5 8 4 2 6 7 0 8 7 1 4 8 2 3 3 4 3 3 6 4 6 6 8 7 8 1 3
split_gain=27.0437 11.332 13.0742 11.6253 7.39532 7.92421 7.22092 6.1125 5.55516 13.4396 11.311 10.7164 10.5501 18.2422 5.47147 4.71481 6.90518 4.51803 4.26099 7.67866 3.06892 10.8918 7.46762 3.04037 2.89224 9.25522 3.63922 10.3035 5.79713 6.83549
threshold=1380.5000000000002 3534.8850000000007 8982.2450000000008 178.50000000000003 10823.600000000002 48.050000000000004 309.75000000000006 8.5500000000000025 8982.2450000000008 1.0000000180025095e-35 10823.600000000002 7265.6950000000006 302.05000000000007 61.150000000000013 9474.8000000000011 309.95000000000005 1438.5000000000002 1418.5000000000002 45.850000000000001 1428.5000000000002 1456.5000000000002 8.5500000000000025 40.550000000000004 8.6500000000000004 8.9500000000000011 7822.8500000000013 5141.4150000000009 6881.8500000000013 300.05000000000007 2089.5000000000005
decision_type=2 2 2 2 2 2 2 2 2 2 2 2 2 2 2 2 2 2 2 2 2 2 2 2 2 2 2 2 2 2
left_child=7 -2 3 6 5 18 -3 -1 9 10 11 14 13 -11 -9 -8 17 -17 19 -5 -21 -22 23 -23 25 -25 28 -28 -26 -30
right_child=1 2 -4 4 -6 -7 15 8 -10 12 -12 -13 -14 -15 -16 16 -18 -19 -20 20 21 22 -24 24 26 -27 27 -29 29 -31
leaf_value=0.052654888317341768 0.045848406033952294 -0.050887051832602809 0.051124308137071466 -0.065402576086369166 0.040483036560787972 -0.059645925245718781 0.035201563844086611 0.034860227165344933 0.050427432847078471 -0.095781724280170871 0.04896957822242351 -0.061160380775669987 0.035347187026970164 0.020864946699857282 -0.070699730266940417 -0.051953332089573062 -0.051632834547326326 0.019152477068854735 0.040245928550315752 0.033857399213634128 -0.071896259930046044 0.047098344042270743 -0.057888707820384959 -0.099168835917752621 0.04256182875347201 0.02987211545165119 -0.065846104654666893 0.015524174494293205 -0.068073578464945425 0.042443131447332937
leaf_weight=106.50325310230255 41.117878343909979 8.7970202697906625 25.986872434616089 3.043015382019802 32.724345356225967 3.5391027065925291 7.4201296293176737 14.82517526694574 56.14103639125824 6.0479259191779438 74.059606492519379 4.4949136805953449 10.65284538362175 7.5184748489409685 1.3383911387063552 2.6743865621974754 7.1129515491193152 13.565803876379503 16.226063043111935 18.422610812820494 3.753629020182415 7.8189289441797873 3.4280719722155473 2.2438593265833324 23.263815788552169 3.6496245169546455 4.1677307756617656 58.466911861905828 2.8651415831409386 2.7343792612664402
leaf_count=78 32 2505 18 75 26 97 218 230 40 309 51 291 56 34 20 327 2361 214 83 71 51 15 131 47 88 6 211 242 66 7
internal_value=0.0321443 0.0215109 0.0175384 0.013675 0.0189016 0.0143044 -0.0109385 0.0432097 0.037464 0.0313449 0.0398439 0.00712901 -0.00189354 -0.0311363 0.0261196 0.000481384 -0.0105505 0.00744298 0.0160483 0.013115 0.0149415 0.0118409 0.0147342 0.0171005 0.0146921 -0.0192584 0.0168789 0.0101098 0.0315683 -0.0141056
internal_weight=574.604 293.022 251.904 225.918 186.347 153.623 39.5703 281.582 175.078 118.937 94.7181 20.6585 24.2192 13.5664 16.1636 30.7733 23.3531 16.2402 150.084 133.858 130.815 112.392 108.638 105.21 97.3915 5.89348 91.498 62.6346 28.8633 5.59952
internal_count=8000 6891 6859 6841 1216 1190 5625 1109 1031 991 592 541 399 343 250 3120 2902 541 1093 1010 935 864 813 682 667 53 614 453 161 73
is_linear=0
shrinkage=0.05


Tree=58
num_leaves=31
num_cat=0
split_feature=3 7 7 5 8 7 2 6 4 8 8 8 0 5 4 3 6 3 6 6 7 5 2 1 3 6 7 3 3 3
split_gain=26.4286 10.9094 12.6189 10.7423 7.06134 7.49415 6.89842 6.10541 5.47123 8.50988 4.56251 4.62269 4.94432 4.25895 4.06596 7.16069 3.81792 11.2076 5.09374 12.2024 9.51699 4.53453 3.8271 2.91307 2.82682 10.1284 7.02386 3.50214 9.66968 4.0423
threshold=1380.5000000000002 3534.8850000000007 8982.2450000000008 178.50000000000003 10823.600000000002 7214.8950000000013 309.75000000000006 8.5500000000000025 65.000000000000014 11112.650000000001 4536.4000000000005 3777.1500000000005 1.0000000180025095e-35 40.500000000000007 45.850000000000001 1428.5000000000002 8.8500000000000032 1322.5000000000002 11.050000000000002 9.7500000000000018 7265.6950000000006 218.50000000000003 311.55000000000007 301.95000000000005 1456.5000000000002 8.5500000000000025 6403.5300000000007 1507.5000000000002 1494.5000000000002 1524.5000000000002
decision_type=2 2 2 2 2 2 2 2 2 2 2 2 2 2 2 2 2 2 2 2 2 2 2 2 2 2 2 2 2 2
left_child=7 -2 3 6 5 14 -3 -1 9 16 11 12 -8 23 15 -5 -9 -18 19 20 21 -19 -21 -14 -17 -26 27 28 -27 -29
right_child=1 2 -4 4 -6 -7 10 8 -10 -11 -12 -13 13 -15 -16 24 17 18 -20 22 -22 -23 -24 -25 25 26 -28 29 -30 -31
leaf_value=0.052518708997792742 0.045406194335065236 -0.050850891624819143 0.050883653305896226 -0.06462887423271238 0.039842179094666197 -0.05901651660481573 -0.052712787820325506 0.032646383960447584 0.049708346449665874 0.044397994443067135 -0.051020834499414372 0.031922905449836357 0.036692966832235462 -0.052679166436983164 0.039560005429858804 0.03276273190937809 -0.085289480072051435 -0.053732898367077619 0.038791781637145702 -0.074098770283425694 0.032910583379594592 -0.26521368093636105 -0.25435052759369908 -0.056514813444532352 -0.070698430921013564 0.012898223667272163 -0.057449159399158435 0.044805894158706089 -0.099539430784140001 0.015470557150117204
leaf_weight=101.56508100032806 39.48389471322298 8.3737853445345518 24.833450645208359 2.9283795304363585 31.616453230381012 3.4477040821220717 4.7267237419728252 22.770167644135654 56.375160694122314 56.054833993315697 3.7670763722853726 11.330197141389361 7.1601147047476825 2.1985086076892904 15.756883519468827 18.094735711580142 3.0488366984063751 1.6083438626956255 13.092016644543035 2.6911545960465442 12.317352383164687 0.30089223384857167 0.33065825910307456 0.94942883204203088 3.6295164159964761 10.148642524611203 3.3115064485464236 13.849433578317983 2.3561102710664263 77.216288531199098
leaf_count=78 32 2505 18 75 26 116 1132 46 48 46 903 348 178 457 66 71 228 130 162 237 128 2 4 102 51 83 138 30 27 533
internal_value=0.0316277 0.0210112 0.0170909 0.0132913 0.0183584 0.0138523 -0.0107056 0.0428345 0.0370003 0.030616 0.000450952 0.00780534 -0.0103696 0.00904666 0.015558 0.0126827 0.0168596 0.0060937 0.0152766 -0.00257211 0.01681 -0.0870619 -0.0938226 0.0257806 0.0144431 0.0114436 0.0142329 0.0165249 -0.00828696 0.0199319
internal_weight=555.333 285.179 245.695 220.861 182.356 150.739 38.5058 270.154 168.589 112.214 30.132 26.365 15.0348 10.3081 147.291 131.535 56.1594 33.3893 30.3404 17.2484 14.2266 1.90924 3.02181 8.10954 128.606 110.511 106.882 103.57 12.5048 91.0657
internal_count=8000 6891 6859 6841 1216 1190 5625 1109 1031 983 3120 2217 1869 737 1074 1008 937 891 663 501 260 132 241 280 933 862 811 673 110 563
is_linear=0
shrinkage=0.05


Tree=59
num_leaves=31
num_cat=0
split_feature=4 3 7 5 6 7 0 8 7 8 8 2 8 3 8 3 4 3 6 7 6 3 4 6 3 7 4 8 3 3
split_gain=25.7868 16.8444 9.34417 7.21363 5.87909 10.0694 16.2406 20.285 16.1194 11.9154 41.3095 8.48183 7.33763 7.05048 5.61318 6.26197 5.4408 4.40776 4.09522 3.94664 3.86761 5.21889 3.77951 10.1473 6.74206 8.26501 14.0224 3.76211 3.7236 10.5342
threshold=44.150000000000013 2267.5000000000005 6403.5300000000007 234.50000000000003 8.5500000000000025 8982.2450000000008 1.0000000180025095e-35 10823.600000000002 7319.5300000000007 10326.900000000003 12337.600000000002 311.05000000000007 9694.8000000000011 1341.5000000000002 4198.5000000000009 1378.5000000000002 41.350000000000001 1380.5000000000002 11.550000000000002 3534.8850000000007 9.6500000000000004 1438.5000000000002 40.45000000000001 8.5500000000000025 1507.5000000000002 5909.9600000000009 37.650000000000013 11112.650000000001 1524.5000000000002 1540.5000000000002
decision_type=2 2 2 2 2 2 2 2 2 2 2 2 2 2 2 2 2 2 2 2 2 2 2 2 2 2 2 2 2 2
left_child=1 2 3 14 17 6 7 8 11 13 27 12 -6 -8 15 -1 18 -2 22 -17 -15 -22 23 -16 25 26 -25 -11 -26 -30
right_child=4 -3 -4 -5 5 -7 9 -9 -10 10 -12 -13 -14 20 16 19 -18 -19 -20 -21 21 -23 -24 24 28 -27 -28 -29 29 -31
leaf_value=0.046725689441531562 0.052386697476604543 0.044635987078902636 -0.055118363837786094 -0.077756688021334563 0.037580339280803288 0.050115001699546496 -0.059060166957673049 0.049275588657893027 -0.057993490172971951 -0.086205155585209262 0.053143691989083121 -0.061937123587170267 -0.065957485105865896 0.035939078759734552 -0.070357337053149532 0.027148051728716677 -0.062753001877153894 0.021797467201356821 -0.063620721802057731 -0.053880035821123197 -0.05519032539024487 0.035194087762082549 0.046307528852167809 -0.086963988867122477 0.047232434353537515 -0.081366597772477373 0.045007392062309526 -0.16119556268777158 -0.079956894736144646 0.021855689503468095
leaf_weight=2.7443741103634229 94.252422213554382 38.986990598030388 5.718197240959852 2.2942958176136008 26.003040534909822 73.80940754711628 2.66605629725382 94.679377809166908 7.7981474032858378 3.2420085216872376 6.345672607421875 2.7073533269576719 1.8317292751744378 21.986673221923414 3.3915206480305633 1.8500263541936863 2.2076373150339341 13.458192703197708 1.5744276809273277 8.0064576874719915 3.0739840223686761 3.3241906716721132 10.409203990711829 2.8013499006628972 13.047505771508439 3.5110246846452347 7.1506579499691725 3.4546581208705902 2.6324244261486447 72.850418104790151
leaf_count=13 76 60 885 11 595 57 159 67 648 31 4 194 25 315 103 2 122 110 50 2577 319 151 64 86 83 153 37 17 76 910
internal_value=0.0310549 0.0155653 0.0074807 0.0101426 0.0387936 0.0345993 0.0281334 0.0368505 0.00616739 0.00183565 -0.0382693 0.0225492 0.0307668 0.018681 0.0116684 -0.0200725 0.0150132 0.0485646 0.0164759 -0.0386714 0.0259828 -0.00823083 0.017565 0.014726 0.0175552 -0.0154099 0.00785931 -0.124891 0.0225683 0.018305
internal_weight=537.809 179.177 140.19 134.471 358.633 250.922 177.113 133.02 38.3403 44.0932 13.0423 30.5421 27.8348 31.0509 132.177 12.6009 119.576 107.711 117.369 9.85648 28.3848 6.39817 115.794 105.385 101.993 13.463 9.95201 6.69667 88.5303 75.4828
internal_count=8000 5232 5172 4287 2768 2582 2525 1529 1462 996 52 814 620 944 4276 2592 1684 186 1562 2579 785 470 1512 1448 1345 276 123 48 1069 986
is_linear=0
shrinkage=0.05


Tree=60
num_leaves=31
num_cat=0
split_feature=3 7 7 5 8 4 2 6 4 8 8 8 0 5 4 3 6 3 6 6 6 7 5 2 1 6 6 6 2 2
split_gain=25.3486 10.1551 11.8167 9.43857 6.38347 6.66503 6.3691 6.08719 5.30983 8.15414 4.22682 4.18905 4.51888 3.8367 3.73242 6.51837 3.60569 4.77843 5.96858 4.49357 11.2256 10.1869 3.41432 2.87907 2.68933 2.64086 8.28778 2.54217 3.52537 10.8664
threshold=1380.5000000000002 3534.8850000000007 8982.2450000000008 178.50000000000003 10823.600000000002 48.050000000000004 309.75000000000006 8.5500000000000025 65.000000000000014 11112.650000000001 4536.4000000000005 3777.1500000000005 1.0000000180025095e-35 40.500000000000007 45.850000000000001 1428.5000000000002 8.6500000000000004 1322.5000000000002 8.8500000000000032 11.050000000000002 9.7500000000000018 7265.6950000000006 218.50000000000003 311.55000000000007 301.95000000000005 7.9500000000000011 8.5500000000000025 8.6500000000000004 311.85000000000008 313.65000000000003
decision_type=2 2 2 2 2 2 2 2 2 2 2 2 2 2 2 2 2 2 2 2 2 2 2 2 2 2 2 2 2 2
left_child=7 -2 3 6 5 14 -3 -1 9 16 11 12 -8 24 15 -5 -9 18 -18 20 21 22 -19 -22 -14 -17 -27 -28 -29 -30
right_child=1 2 -4 4 -6 -7 10 8 -10 -11 -12 -13 13 -15 -16 25 17 19 -20 -21 23 -23 -24 -25 -26 26 27 28 29 -31
leaf_value=0.05226825354442708 0.044523829425441898 -0.05081824608061225 0.050423455056540417 -0.064104360777209365 0.038537838336312968 -0.058697064795474166 -0.052794116267981472 0.034794450556793609 0.04920519706462264 0.043729787192475222 -0.050991024712485622 0.030631803466926028 0.035168245303702717 -0.052533766842845178 0.038217844992231464 0.045117796463833307 0.025101997184317167 -0.056374309349208777 -0.086531163824372537 0.037654591967051662 -0.073314206318493988 0.031745343597402186 -0.22902720410325206 -0.22496204406223314 -0.056449637476840231 -0.070628148887724798 0.04208154080341335 0.014317921652611146 -0.074781376201097247 0.055744538627727325
leaf_weight=92.342787504196167 36.46491764485836 7.7739114840514949 22.719692274928093 2.7651877179741851 29.421334207057953 3.1705717951990655 4.3741315260995242 17.048121079802513 51.64918752014637 51.821312516927719 3.533617509296163 10.954538537887855 6.8348689302802068 2.0474421179387718 14.969497840618713 6.2756602173903948 2.0844857487827531 2.0263180260080911 2.8134404097800143 12.274188020383006 2.5182466474361713 13.632022627512923 0.33347493410110463 0.35740246367640782 0.90731094276998181 2.9705078206025055 7.5115857613272956 101.29378881980665 4.0354105770820743 2.6361770629882812
leaf_count=78 32 2505 18 75 26 97 1132 18 48 46 903 348 178 457 83 19 8 140 228 162 237 138 2 4 102 36 17 771 91 1
internal_value=0.0305703 0.0199795 0.0161579 0.0124766 0.0172951 0.0130035 -0.0106797 0.042087 0.0360818 0.0296208 0.000210779 0.0074138 -0.0105435 0.00833466 0.0145993 0.011826 0.0158484 0.00688618 -0.0390217 0.0141065 -0.00121262 0.0151419 -0.0807728 -0.0921619 0.0244315 0.0135094 0.0118347 0.013956 0.0119992 -0.023206
internal_weight=519.561 270.66 234.195 211.476 175.05 145.628 36.4258 248.901 156.558 104.909 28.6519 25.1183 14.1638 9.78962 142.458 127.488 53.0877 36.0396 4.89793 31.1417 18.8675 15.9918 2.35979 2.87565 7.74218 124.723 118.447 115.477 107.965 6.67159
internal_count=8000 6891 6859 6841 1216 1190 5625 1109 1031 983 3120 2217 1869 737 1093 1010 937 919 236 683 521 280 142 241 280 935 916 880 863 92
is_linear=0
shrinkage=0.05


Tree=61
num_leaves=31
num_cat=0
split_feature=3 3 7 8 4 5 6 7 0 8 7 1 4 8 8 1 6 8 5 3 7 6 2 8 5 8 7 8 7 8
split_gain=24.7106 9.84707 11.4761 8.88585 6.76181 6.22625 6.1689 5.34277 12.3686 10.2933 9.37094 9.01932 14.7717 5.22588 4.61752 4.46668 4.54505 3.93782 3.04784 4.33283 7.2296 5.70796 4.7508 4.22807 13.7772 12.6739 6.6138 5.37997 5.37979 3.8246
threshold=1380.5000000000002 2267.5000000000005 8982.2450000000008 10129.500000000002 48.550000000000004 234.50000000000003 8.5500000000000025 8982.2450000000008 1.0000000180025095e-35 10823.600000000002 7265.6950000000006 302.05000000000007 61.150000000000013 948.05000000000007 9474.8000000000011 296.85000000000008 11.550000000000002 9826.3000000000011 224.50000000000003 1446.5000000000002 6403.5300000000007 8.5500000000000025 311.85000000000008 8308.3500000000022 218.50000000000003 7822.8500000000013 6064.795000000001 4198.5000000000009 3534.8850000000007 7677.1000000000013
decision_type=2 2 2 2 2 2 2 2 2 2 2 2 2 2 2 2 2 2 2 2 2 2 2 2 2 2 2 2 2 2
left_child=6 2 3 4 5 13 -1 8 9 10 14 12 -10 -2 -8 -15 17 18 19 22 21 -21 -17 24 25 26 27 28 -23 -29
right_child=1 -3 -4 -5 -6 -7 7 -9 11 -11 -12 -13 -14 15 -16 16 -18 -19 -20 20 -22 23 -24 -25 -26 -27 -28 29 -30 -31
leaf_value=0.052152736432035413 -0.067177158585407334 0.043711899144261719 0.050192413917662985 0.033932681639516231 -0.051804043640908681 -0.076641783706277153 0.032730930554012529 0.049464171642322939 -0.09080997363388349 0.047788317772800647 -0.061452517232908704 0.032415390136055391 0.017957015049055985 -0.065016053444090061 -0.069689816892265874 0.028609966875509093 -0.062082404639295645 -0.067492727741243652 0.03064920651432387 -0.064577016937874876 -0.054196355224110253 0.053141624481366161 -0.063561418109299259 0.034324510822786529 -0.087909486456491936 -0.078538479196718691 -0.062673038721841254 0.017705903252416316 -0.0541671177684706 0.051702016961323254
leaf_weight=88.028819680213928 2.1703991084359577 36.108523797243834 21.708623796701431 37.669064715970308 4.7392954820534205 2.1060097813606253 13.344439021893779 47.176346883177757 5.7528531817952189 63.23828336596489 4.0813709659269071 9.6782829253934306 6.824863069690764 1.9126941189169873 1.1993613441009063 36.202763950685039 2.0515706561272955 1.5111890388652671 22.437700217589736 2.6134692797204471 4.892418266972526 1.5863845348358143 1.4541782457381476 15.246611820301039 3.7544439882040015 3.7745817864779374 2.580132335308007 45.21003508917056 4.4283936488209292 10.126072014449162
leaf_count=78 819 60 18 67 611 10 230 40 309 51 291 56 34 173 20 691 151 16 25 223 1034 1 90 25 18 33 531 946 1341 8
internal_value=0.02999 0.0194504 0.015611 0.011975 0.00707498 0.00877586 0.0416287 0.0355055 0.0291809 0.0381664 0.00549698 -0.00387028 -0.0317913 0.00988662 0.0242848 0.0109334 0.0118536 0.0128271 0.0136137 0.0107151 0.00498509 0.00822669 0.0250506 0.0104211 0.00532111 0.010491 0.0157474 0.0190454 -0.0258647 0.0239269
internal_weight=503.609 264.285 228.176 206.467 168.798 164.059 239.325 151.296 104.119 81.8635 18.6252 22.256 12.5777 161.953 14.5438 159.783 157.87 155.818 154.307 131.869 94.2125 89.3201 37.6569 86.7067 71.46 67.7056 63.931 61.3509 6.01478 55.3361
internal_count=8000 6891 6831 6813 6746 6135 1109 1031 991 592 541 399 343 6125 250 5306 5133 4982 4966 4941 4160 3126 781 2903 2878 2860 2827 2296 1342 954
is_linear=0
shrinkage=0.05


Tree=62
num_leaves=31
num_cat=0
split_feature=3 3 7 3 8 4 6 5 7 0 8 4 1 4 8 1 6 8 2 1 5 1 5 8 8 3 8 1 3 1
split_gain=24.1323 9.42539 11.0642 8.71144 10.509 6.30521 6.15899 5.76972 5.23645 11.7866 10.1067 8.96907 8.27834 13.6819 4.94668 4.17339 4.25122 3.67093 2.83999 7.62897 3.46466 10.6576 7.35875 5.35664 7.2024 3.59704 3.03623 4.49028 9.98001 5.87764
threshold=1380.5000000000002 2267.5000000000005 8982.2450000000008 1382.5000000000002 10129.500000000002 48.550000000000004 8.5500000000000025 234.50000000000003 8982.2450000000008 1.0000000180025095e-35 11112.650000000001 58.550000000000004 302.05000000000007 61.150000000000013 948.05000000000007 296.85000000000008 11.550000000000002 9826.3000000000011 307.85000000000008 297.25000000000006 213.50000000000003 298.35000000000008 211.50000000000003 8498.5000000000018 7822.8500000000013 1520.5000000000002 7772.3000000000011 300.65000000000003 1509.5000000000002 301.85000000000008
decision_type=2 2 2 2 2 2 2 2 2 2 2 2 2 2 2 2 2 2 2 2 2 2 2 2 2 2 2 2 2 2
left_child=6 2 3 -2 5 7 -1 14 9 10 11 -8 13 -11 -5 -16 17 18 -17 -20 21 -21 23 24 26 -22 27 -23 29 -29
right_child=1 -3 -4 4 -6 -7 8 -9 -10 12 -12 -13 -14 -15 15 16 -18 -19 19 20 25 22 -24 -25 -26 -27 -28 28 -30 -31
leaf_value=0.052043344147206773 -0.16604061667510386 0.04317866099943618 0.04996338364453843 -0.067521189869171702 0.036652361233382356 -0.051738586539531201 0.023528849436257295 -0.07481227134569407 0.049195717570435532 -0.088323531787226045 0.052519851764405212 -0.077711577282527033 0.03133927539547246 0.017192940694431599 -0.064348851956252437 0.038244508012322972 -0.061510757695277432 -0.066552402731623689 -0.075934558986352998 -0.067142362540862921 -0.0039288832290557294 0.018497160640656502 -0.069984836818124826 0.036171163973208055 -0.069493080965876045 0.02890437737934198 0.056522201794010275 -0.058289988258761062 -0.062885090159180992 0.030275813641040844
leaf_weight=83.907169103622437 0.68766466446686436 34.76103366818279 20.742165371775627 2.0529761499492443 36.132645722478628 4.4626045220065853 29.603222104953606 2.0510298013687125 45.114270053803921 5.6223985404358263 46.806219696998596 2.3622260093688956 9.5143442223779839 6.7731155958026648 1.8357037854148064 10.521421941113656 1.9691918047610659 1.4572815592400719 2.4616396657656869 4.6410599005175746 10.286263390909879 31.94064132089261 2.7219244865700594 19.674069888191298 2.9998694907408199 44.127008534502238 3.3070008974755174 2.298732063383798 6.4221109095960847 10.12242401705589
leaf_count=78 32 60 18 818 62 595 470 10 40 309 36 86 56 34 172 190 151 16 152 724 45 1684 24 116 123 60 16 314 1177 332
internal_value=0.0294671 0.0189625 0.0151862 0.0116182 0.0122246 0.00688667 0.041251 0.00851275 0.0350399 0.0286969 0.0377193 0.0160472 -0.00374113 -0.0306676 0.00958869 0.0105984 0.0114863 0.0124259 0.0131855 0.0113156 0.0128659 0.00650683 0.010807 0.0136718 0.00591823 0.0226976 0.0101005 0.00707759 -0.0122794 0.0138853
internal_weight=487.379 257.676 222.915 202.173 201.486 165.353 229.703 160.89 145.796 100.682 78.7717 31.9654 21.9099 12.3955 158.839 156.786 154.951 152.981 151.524 141.003 138.541 84.1278 79.4868 76.7648 57.0908 54.4133 54.0909 50.7839 18.8433 12.4212
internal_count=8000 6891 6831 6813 6781 6719 1109 6124 1031 991 592 556 399 343 6114 5296 5124 4973 4957 4767 4615 4510 3786 3762 3646 105 3523 3507 1823 646
is_linear=0
shrinkage=0.05


Tree=63
num_leaves=31
num_cat=0
split_feature=3 7 7 3 8 7 6 5 7 0 8 4 1 4 8 7 6 1 5 5 5 5 3 7 6 1 0 2 2 8
split_gain=23.442 9.08536 10.6235 8.08904 9.80906 9.46148 6.20361 6.04242 5.17714 11.1643 10.0527 8.38685 7.59558 12.6843 4.76204 6.25494 4.23343 4.1282 3.77529 8.63772 3.19375 4.26833 2.88493 6.40675 5.43483 2.89757 6.59272 3.51288 6.19354 5.5181
threshold=1380.5000000000002 3534.8850000000007 8982.2450000000008 1382.5000000000002 10823.600000000002 7319.5300000000007 8.5500000000000025 234.50000000000003 8982.2450000000008 1.0000000180025095e-35 11112.650000000001 58.550000000000004 302.05000000000007 61.150000000000013 3526.2000000000003 6805.5350000000008 11.550000000000002 296.85000000000008 231.50000000000003 228.50000000000003 224.50000000000003 222.50000000000003 1446.5000000000002 6403.5300000000007 8.5500000000000025 296.95000000000005 1.5000000000000002 311.75000000000006 311.45000000000005 6881.8500000000013
decision_type=2 2 2 2 2 2 2 2 2 2 2 2 2 2 2 2 2 2 2 2 2 2 2 2 2 2 2 2 2 2
left_child=6 -2 3 -3 5 7 -1 14 9 10 11 -8 13 -11 15 -5 17 -16 19 20 21 22 -19 24 -24 -26 27 28 -27 -29
right_child=1 2 -4 4 -6 -7 8 -9 -10 12 -12 -13 -14 -15 16 -17 -18 18 -20 -21 -22 -23 23 -25 25 26 -28 29 -30 -31
leaf_value=0.051939721634849105 0.043184193863270083 -0.16217870556063194 0.049735771987179156 -0.051747114965279832 0.040229653799937849 -0.054486017451235297 0.022661737418311664 -0.071530604247264123 0.048927044963143089 -0.085970454260599266 0.052390947139315816 -0.077400801978443082 0.03027257419686559 0.016454228977860592 -0.064901854799485945 0.013206560678127291 -0.061340094345211385 0.025970926099440586 0.045447348642942524 -0.10748217760328148 0.036717411008936655 -0.070109355337728829 -0.065136226827181565 -0.054761947607106058 0.057432371928359462 0.011731403560574694 -0.069398477547497381 -0.05552875017031296 -0.083332256079142145 0.049152520504895242
leaf_weight=79.970180869102478 32.42949989810586 0.66932574263773759 19.818589106202126 6.7281188068445763 26.531738713383675 5.9313264235388479 29.20940322754905 2.2536118850111952 43.143769569694996 5.4908313197665866 44.630232453346252 2.2558179419720537 9.3611054732464236 6.7246061069890857 1.6164102451875795 8.2527634116122481 1.860353739815763 31.409181818482466 9.7800147607922536 1.464726373553275 14.54900413751602 1.5656374101527024 2.2665880771237417 3.8509859258774659 3.5659302247222504 59.563171072280966 2.4485665617976329 1.4136806244496245 1.7641116770682845 11.498151100473477
leaf_count=78 32 32 18 2580 24 651 470 12 40 309 36 86 56 34 100 331 97 582 8 7 16 12 122 650 14 1188 152 156 84 23
internal_value=0.028932 0.0184863 0.0148258 0.0113487 0.0119344 0.00756422 0.0408181 0.00978333 0.0345021 0.0281302 0.0371317 0.015488 -0.00361579 -0.0295856 0.0109035 -0.015965 0.0136119 0.014562 0.015447 0.0132794 0.0146004 0.0119042 0.0129944 0.00827549 0.0112173 0.0133737 0.011325 0.0139874 0.00899685 0.0376913
internal_weight=472.017 251.231 218.802 198.983 198.314 171.782 220.786 165.851 140.816 97.672 76.0955 31.4652 21.5765 12.2154 163.597 14.9809 148.617 146.756 145.14 135.36 133.895 119.346 117.78 86.3712 82.5202 80.2536 76.6877 74.2391 61.3273 12.9118
internal_count=8000 6891 6859 6841 6809 6785 1109 6134 1031 991 592 556 399 343 6122 2911 3211 3114 3014 3006 2999 2983 2971 2389 1739 1617 1603 1451 1272 179
is_linear=0
shrinkage=0.05


Tree=64
num_leaves=31
num_cat=0
split_feature=3 3 7 8 4 6 5 7 8 4 6 8 2 5 6 1 1 4 3 7 6 8 7 4 7 8 1 3 1 7
split_gain=22.7432 8.72903 10.28 7.53783 9.41025 6.24862 5.59823 5.11789 10.5884 6.28072 6.40189 4.7809 4.26513 3.94616 3.76885 3.74457 3.1336 5.29929 3.06345 8.89749 7.27041 5.04285 5.21143 4.15457 3.21013 10.5913 4.63823 7.70997 4.06404 8.84041
threshold=1380.5000000000002 2267.5000000000005 8982.2450000000008 10823.600000000002 48.550000000000004 8.5500000000000025 234.50000000000003 8982.2450000000008 11112.650000000001 58.550000000000004 8.6500000000000004 948.05000000000007 308.45000000000005 233.50000000000003 11.550000000000002 296.85000000000008 302.35000000000008 56.550000000000004 1446.5000000000002 6403.5300000000007 8.5500000000000025 4198.5000000000009 3534.8850000000007 37.650000000000013 5141.4150000000009 6604.0500000000011 300.55000000000007 2089.5000000000005 301.85000000000008 5795.9300000000012
decision_type=2 2 2 2 2 2 2 2 2 2 2 2 2 2 2 2 2 2 2 2 2 2 2 2 2 2 2 2 2 2
left_child=5 2 3 4 6 -1 11 8 9 12 -11 -2 -7 14 15 -13 -14 -18 23 20 -20 22 -22 -17 26 -26 -23 -28 29 -27
right_child=1 -3 -4 -5 -6 7 -8 -9 -10 10 -12 13 16 -15 -16 18 17 -19 19 -21 21 24 -24 -25 25 28 27 -29 -30 -31
leaf_value=0.051841549208390791 -0.068657858135619684 0.042263799355990811 0.049509007810424242 0.036015514056442266 -0.053912081047791771 -0.082060559082691706 -0.070166584904352181 0.048657554913950206 0.043507123000930861 0.038713156780948769 -0.068517908233992647 -0.063013787397102547 0.025307361088164417 0.055669054715758587 -0.060189688123519859 -0.084247580994744706 -0.076069144492254284 0.042509037376346995 -0.066275406948576615 -0.054965719229514737 0.052800835071887611 0.040306932262160089 -0.055962021268306177 0.025592976628817151 -0.05967778261219242 -0.037565177406490374 -0.077662537355841665 0.054308798524654325 0.036606601170907589 0.018573267716144343
leaf_weight=76.210409224033356 1.8885038183070708 32.243135889060795 18.936207495629787 25.905293062329292 6.1024936452740794 1.0424597556702782 2.1843087896704665 41.261224955320358 49.616910636425018 2.0149547010660163 4.501369871199131 1.6970931810792524 33.818118382187095 4.8722883462905875 1.8910081236390386 0.87959852488711376 2.0876819709083061 1.7172298077493904 2.9891112913610405 5.4566777001600704 1.4326152801513661 21.519199133152146 4.7634798167273402 40.445269587100483 5.0441376224625847 8.6648046562913787 2.3609481672756365 2.0832417011260986 16.870808750158176 36.782287935726345
leaf_count=78 819 60 18 26 643 141 12 40 51 2 143 173 579 2 152 15 68 7 226 1050 1 120 1601 775 792 71 77 1 44 213
internal_value=0.0283993 0.0180203 0.0143465 0.0109113 0.00703864 0.0403792 0.00933711 0.0339588 0.0275612 0.0100499 -0.0353603 0.0104249 0.0177029 0.0113717 0.0099599 0.0108385 0.0204672 -0.0225525 0.011678 0.00724683 0.0105584 0.0128661 -0.0308147 0.023255 0.0157662 0.0100091 0.030703 -0.0158002 0.0156497 0.00787008
internal_weight=457.283 245.013 212.769 193.833 167.928 212.27 161.825 136.06 94.7987 45.1818 6.51632 159.641 38.6655 157.753 152.88 150.989 37.623 3.80491 149.292 107.967 102.511 99.5215 6.1961 41.3249 93.3254 67.362 25.9634 4.44419 62.3179 45.4471
internal_count=8000 6891 6831 6813 6787 1109 6144 1031 991 940 145 6132 795 5313 5311 5159 654 75 4986 4196 3146 2920 1602 790 1318 1120 198 78 328 284
is_linear=0
shrinkage=0.05


Tree=65
num_leaves=31
num_cat=0
split_feature=3 7 7 3 8 6 4 4 0 1 8 7 5 2 1 6 8 8 7 1 6 0 2 1 3 4 4 4 2 2
split_gain=21.9715 8.34818 9.84345 7.57519 8.96945 6.30239 5.2961 5.25024 11.5698 15.7081 6.01053 6.12984 4.63718 4.41042 4.6566 5.38522 3.64196 3.88142 5.81604 3.46522 3.05907 2.64894 2.29094 6.95754 2.80753 11.6073 3.63888 16.8116 9.01184 8.61825
threshold=1380.5000000000002 3534.8850000000007 8982.2450000000008 1382.5000000000002 10129.500000000002 8.5500000000000025 48.550000000000004 60.150000000000013 1.0000000180025095e-35 302.05000000000007 10823.600000000002 7265.6950000000006 234.50000000000003 310.95000000000005 302.05000000000007 11.350000000000003 9826.3000000000011 3526.2000000000003 6805.5350000000008 296.85000000000008 11.550000000000002 1.0000000180025095e-35 307.85000000000008 297.25000000000006 1660.5000000000002 33.050000000000004 37.45000000000001 35.95000000000001 311.85000000000008 311.45000000000005
decision_type=2 2 2 2 2 2 2 2 2 2 2 2 2 2 2 2 2 2 2 2 2 2 2 2 2 2 2 2 2 2
left_child=5 -2 3 -3 6 -1 12 8 10 -10 11 13 16 14 15 -7 17 18 -5 -19 22 -20 -21 -24 25 -25 27 29 -28 -27
right_child=1 2 -4 4 -6 7 -8 -9 9 -11 -12 -13 -14 -15 -16 -17 -18 19 21 20 -22 -23 23 24 -26 26 28 -29 -30 -31
leaf_value=0.05174851408733766 0.042246738297014287 -0.16139503775238867 0.049282538902025511 -0.051802694344720152 0.03501961494890752 -0.065840004010249656 -0.051507637147956378 0.043248881857615884 -0.085793196340295197 0.026985597722177259 0.045073842820468044 -0.065474108891825547 -0.070280884970048293 -0.06509778666941525 0.053177288851338038 0.045225487878672192 -0.06597835435959741 -0.063467755251492453 -0.058497628290419296 0.037077780077243598 -0.059782006363123599 0.024381374405536175 -0.07458412590417017 -0.068730093101134274 0.025891697848906693 -0.021576073789538928 0.024118710418517975 -0.082877772254010579 -0.069035492214153255 0.047381446302458774
leaf_weight=72.620624959468842 29.998167052865028 0.63735374942188983 18.093377992510796 6.1776900533586732 32.874452804215252 2.2106223732698735 3.8646874290425322 66.689579263562337 5.2465315120061842 7.502820688765496 36.00043524056673 2.3951703400234683 1.8802446722984303 1.3357339322101314 8.0104548931121808 2.1556773267220706 1.6140381353907276 1.498822754016145 1.121123761869965 9.7630499997176212 1.4290391997201357 6.8835881107952446 2.2816460477188221 4.5707007368328041 33.339293622295372 7.7389260320924285 56.075150212156586 5.1973168877884737 2.7223029022570691 10.930861181695944
leaf_count=78 32 32 18 2580 62 177 595 158 296 53 34 240 10 55 5 13 19 101 202 125 93 136 106 249 450 275 1338 216 193 59
internal_value=0.0278834 0.0175833 0.0140381 0.0106924 0.0112697 0.0399252 0.00629952 0.0333981 0.0232691 -0.0194244 0.0337149 0.00832793 0.00775757 0.021219 0.0305345 -0.0110061 0.00872709 0.00953239 -0.0153551 0.0121364 0.0129817 0.0127735 0.0137658 0.0119133 0.0135501 0.00883338 0.013122 -0.00334342 0.0198057 0.0187974
internal_weight=442.859 238.692 208.694 190.6 189.963 204.168 157.088 131.547 64.8574 12.7494 52.1081 16.1077 153.224 13.7125 12.3768 4.3663 151.344 149.73 14.1824 135.547 134.048 8.00471 132.619 122.856 120.575 87.2353 82.6646 23.8671 58.7975 18.6698
internal_count=8000 6891 6859 6841 6809 1109 6747 1031 873 349 524 490 6152 250 195 190 6142 6123 2918 3205 3104 338 3011 2886 2780 2330 2081 550 1531 334
is_linear=0
shrinkage=0.05


Tree=66
num_leaves=31
num_cat=0
split_feature=3 3 7 3 8 7 6 4 8 5 8 5 6 5 3 7 2 1 5 7 6 1 2 1 3 6 7 7 8 0
split_gain=21.3999 8.03877 9.52622 6.93997 8.49339 8.11833 6.2887 5.06357 7.46977 4.88737 4.43586 3.72338 3.402 4.35888 11.873 6.04671 5.19289 6.71173 5.09263 4.63622 3.31971 3.2317 2.42814 6.31893 3.20379 7.03085 6.3153 4.10639 7.91584 5.82483
threshold=1380.5000000000002 2267.5000000000005 8982.2450000000008 1382.5000000000002 10823.600000000002 7319.5300000000007 8.5500000000000025 65.000000000000014 11112.650000000001 234.50000000000003 948.05000000000007 233.50000000000003 8.6500000000000004 188.50000000000003 1362.5000000000002 7445.2800000000007 308.75000000000006 299.45000000000005 119.50000000000001 8982.2450000000008 11.550000000000002 296.85000000000008 307.85000000000008 297.25000000000006 1446.5000000000002 8.5500000000000025 6403.5300000000007 6251.0150000000012 7885.6500000000005 1.0000000180025095e-35
decision_type=2 2 2 2 2 2 2 2 2 2 2 2 2 2 2 2 2 2 2 2 2 2 2 2 2 2 2 2 2 2
left_child=6 2 3 -2 5 9 -1 8 12 10 -5 20 -8 14 19 16 -15 -18 -16 -14 21 -12 -23 -24 -25 -26 27 28 -27 -29
right_child=1 -3 -4 4 -6 -7 7 -9 -10 -11 11 -13 13 15 18 -17 17 -19 -20 -21 -22 22 23 24 25 26 -28 29 -30 -31
leaf_value=0.051660328983719944 -0.15568962434812314 0.041315940741103424 0.049055823296391361 -0.070087127802403087 0.03853035274923141 -0.054338619681551861 0.032043690481377805 0.047653868539528944 0.0416660909320795 -0.06773163194930687 -0.062010235462519096 0.055223895107611456 -0.063876828297734028 0.03285018357549193 0.033517492388015241 0.050165912003053308 0.019411081920509096 -0.10277928832357813 -0.077331213757252534 -0.26476722829616967 -0.05920329918399786 0.03511012365464327 -0.072177114339464332 0.022383579488853306 -0.064196602496233879 0.012214331383614527 -0.053756740165215047 0.045421844034488928 -0.04006360350774988 -0.070335670261365071
leaf_weight=69.193814516067505 0.62793506542220612 29.9195507299155 17.288503400981426 1.7196321021183383 24.052571550011635 5.2730232031317419 14.799053594470022 39.962931886315346 40.99535870552063 2.0616053119301787 1.5365996037726279 4.5490838289260855 5.1989781552110825 3.8443539566360432 7.6639593585859966 8.4129979384597373 2.0929217517841607 2.4271085821092129 1.198130471515469 0.30399407446384419 1.7477732705883671 9.6525828897720185 2.346847678651101 40.127104012528434 3.4859558786265543 62.399129708763212 3.9311687818262717 12.92752930568531 8.1916125090792757 1.1864769222447638
leaf_count=78 32 60 18 811 24 651 18 48 46 12 170 2 589 8 159 19 17 30 95 2 154 191 151 791 279 2433 843 138 35 96
internal_value=0.0273625 0.0171198 0.0135554 0.0102524 0.0108151 0.00667807 0.0395344 0.0329226 0.0261509 0.00874234 0.00976742 0.0106704 0.0123061 0.0029267 -0.017289 0.0202357 -0.00986838 -0.0462012 0.018531 -0.0749744 0.00929657 0.0101178 0.0108861 0.00914891 0.0105921 0.00545587 0.00819523 0.0110704 0.00614781 0.0356908
internal_weight=429.118 233.025 203.105 185.817 185.189 161.136 196.094 126.9 86.9369 155.863 153.801 152.082 45.9415 31.1424 14.3651 16.7774 8.36438 4.52003 8.86209 5.50297 147.533 145.785 144.248 134.596 132.249 92.1219 88.6359 84.7047 70.5907 14.114
internal_count=8000 6891 6831 6813 6781 6757 1109 1031 983 6106 6094 5283 937 919 845 74 55 47 254 591 5281 5127 4957 4766 4615 3824 3545 2702 2468 234
is_linear=0
shrinkage=0.05


Tree=67
num_leaves=31
num_cat=0
split_feature=3 3 7 3 8 4 6 7 0 8 4 6 8 2 5 5 6 7 7 6 2 8 2 1 7 5 3 1 1 8
split_gain=20.8713 7.72951 8.57615 6.44265 7.17356 8.09878 6.29832 5.01146 10.3264 9.73979 7.28519 7.10792 11.1056 7.76173 4.76568 3.42681 3.23116 2.71253 8.20851 7.17112 7.55862 15.0238 3.76192 8.69033 3.42834 3.4126 6.44019 4.17015 3.6654 6.22201
threshold=1380.5000000000002 2651.0000000000005 8982.2450000000008 1382.5000000000002 10823.600000000002 48.550000000000004 8.5500000000000025 8982.2450000000008 1.0000000180025095e-35 11112.650000000001 58.550000000000004 8.6500000000000004 12337.600000000002 311.75000000000006 234.50000000000003 233.50000000000003 11.550000000000002 5141.4150000000009 5369.4550000000008 9.2500000000000018 310.45000000000005 267.35000000000008 311.75000000000006 300.55000000000007 3534.8850000000007 205.50000000000003 1542.5000000000002 298.45000000000005 299.35000000000008 7176.9500000000007
decision_type=2 2 2 2 2 2 2 2 2 2 2 2 2 2 2 2 2 2 2 2 2 2 2 2 2 2 2 2 2 2
left_child=6 2 3 -2 5 14 -1 8 9 10 -8 -10 13 -13 15 16 17 19 -19 20 24 -22 -21 -24 -5 26 27 -20 -29 -30
right_child=1 -3 -4 4 -6 -7 7 -9 11 -11 -12 12 -14 -15 -16 -17 -18 18 25 22 21 -23 23 -25 -26 -27 -28 28 29 -31
leaf_value=0.051576737310357494 -0.14932600365442161 0.051875151862363848 0.048828337191003067 0.037071662732101371 0.037913459297747164 -0.053433846440030033 0.020349181900207267 0.047964938977060625 0.045509323375287736 0.051992145418617623 -0.076958850644554336 -0.075875897443490894 0.052356308320501255 0.013775117340889971 -0.066655434832339919 0.054946541285762041 -0.058644387202572312 -0.065528189830782013 -0.060872019893279727 0.033558818403012947 -0.94223910851540804 -0.081252480469105229 -0.23923025980938115 0.017111220768715265 -0.062462063239608512 0.015080543584086456 -0.055759910209765708 0.036214204794466687 0.010131834153914585 -0.068067381990609369
leaf_weight=65.923176944255829 0.62212424055905913 14.5614090077579 16.520031847059727 3.3274368159472933 23.242422394454479 5.1496770782396188 26.38463748886716 36.407936871051788 5.0604219585657146 37.754008114337921 2.0747090365039176 7.7054478809586708 3.6752560138702384 3.5158846014528535 1.9919143319129933 4.3485120534896842 1.6979023863095779 3.8067149318521833 2.2252688120934208 35.393868451239541 0.051865306566469704 2.1932426426792517 0.41974274511448917 1.5572852902696468 1.1691022005397824 76.471746400464326 5.085007158748339 9.1612250157631951 16.041241368511695 3.0230796991963862
leaf_count=78 32 15 18 4 24 624 470 40 4 36 86 341 3 51 12 2 177 438 720 697 15 166 12 68 110 219 1529 421 1319 269
internal_value=0.0268036 0.0166286 0.0142246 0.0113225 0.0118315 0.00832972 0.039114 0.0324115 0.02584 0.0353426 0.0132553 -0.00568757 -0.0230793 -0.0477863 0.0102233 0.011146 0.00996755 0.010696 0.00667718 0.0212471 -0.0262172 -0.101143 0.0298095 -0.0373126 0.0111928 0.00913117 -0.00367166 0.0050266 0.010222 -0.00226842
internal_weight=416.562 228.061 213.499 196.979 196.357 173.115 188.501 122.578 86.1704 66.2134 28.4593 19.957 14.8966 11.2213 167.965 165.973 161.625 159.927 115.814 44.1125 6.74165 2.24511 37.3709 1.97703 4.49654 112.008 35.5358 30.4508 28.2255 19.0643
internal_count=8000 6891 6876 6858 6826 6802 1109 1031 991 592 556 399 395 392 6178 6166 6164 5987 4915 1072 295 181 777 80 114 4477 4258 2729 2009 1588
is_linear=0
shrinkage=0.05


Tree=68
num_leaves=31
num_cat=0
split_feature=3 3 7 6 3 8 4 8 7 4 4 7 4 5 2 1 1 1 4 2 1 5 1 6 5 2 7 8 3 7
split_gain=20.3773 7.50531 8.27177 6.26205 5.85742 6.8109 4.90908 6.89477 4.73409 5.55818 5.66312 4.25764 9.57798 4.05997 3.82699 3.35536 3.21108 5.59525 3.18137 3.12159 6.44061 4.29435 10.0609 7.73204 5.95695 4.40001 6.44097 7.80822 6.17202 8.48554
threshold=1380.5000000000002 2651.0000000000005 8982.2450000000008 8.5500000000000025 1382.5000000000002 10129.500000000002 65.000000000000014 11112.650000000001 6830.4850000000015 47.650000000000013 48.550000000000004 6660.3400000000011 41.350000000000001 234.50000000000003 308.15000000000003 302.35000000000008 302.05000000000007 301.35000000000008 56.550000000000004 307.85000000000008 297.25000000000006 213.50000000000003 298.35000000000008 9.8500000000000032 211.50000000000003 310.75000000000006 5542.0000000000009 6881.8500000000013 2471.5000000000005 3534.8850000000007
decision_type=2 2 2 2 2 2 2 2 2 2 2 2 2 2 2 2 2 2 2 2 2 2 2 2 2 2 2 2 2 2
left_child=3 2 4 -1 -2 8 7 14 11 -10 -11 12 13 19 -5 16 17 -16 -17 -6 -21 22 23 -22 25 -24 27 28 29 -27
right_child=1 -3 -4 6 5 -7 -8 -9 9 10 -12 -13 -14 -15 15 18 -18 -19 -20 20 21 -23 24 -25 -26 26 -28 -29 -30 -31
leaf_value=0.051497475566579236 -0.14260982505356939 0.051766097788129434 0.048599566983325959 -0.088403605845017344 0.035762238436765452 0.033351854350486494 0.047161408569906887 0.040759653488797433 -0.062322295317662479 0.028023342910837124 -0.051308479437050185 0.033952534291633911 -0.059046960299508178 -0.066743154052593942 0.013607491368400552 -0.074672759230415262 0.036827953622331218 -0.082168900986001908 0.014249752717417031 -0.070622469431366075 -0.51588884192693862 0.020793825600062439 0.019072586823897696 -0.068852089713152168 -0.068553602515440071 -0.36962320435736457 -0.069067037935447537 0.052876904090314293 0.020504583450625558 -0.055157456001520791
leaf_weight=62.802144169807434 0.61894382594618846 13.879685694351791 15.786460012197493 0.93600006826454674 11.494319619494489 29.981005119625479 36.648217879235744 37.838136032223701 5.0015762642724431 6.8618950683157873 3.3467651458922774 16.673415397992358 5.2491343468427649 1.7049415037035931 22.546601014619231 1.9870409903232928 14.595488882623611 1.6355204103747372 2.0369615601375699 2.5202802312560371 0.099593440303578418 51.255073664709926 37.27355955686653 3.3607798097655177 2.5446090875193468 0.22982805594801758 3.8123200116096987 5.0156999442260712 3.174064427614212 3.2212646608531941
leaf_count=78 32 15 18 109 276 62 48 46 688 173 595 386 599 10 633 68 40 68 19 128 36 92 1727 641 22 2 745 4 5 635
internal_value=0.026274 0.0161606 0.0137986 0.0387383 0.0109585 0.0114514 0.0319604 0.0251313 0.00741926 -0.0191407 0.00201552 0.0101557 0.0071259 0.00988909 0.011611 0.0137982 0.0183079 0.0071298 -0.0296599 0.0109427 0.00840704 0.010218 0.000988403 -0.0817183 0.00616642 0.00977243 -0.0126598 0.00581323 -0.0298172 -0.0760995
internal_weight=404.131 223.105 209.226 181.026 193.439 192.82 118.224 81.5757 162.839 15.2102 10.2087 147.629 130.955 125.706 43.7376 42.8016 38.7776 24.1821 4.024 124.001 112.507 109.987 58.7317 3.46037 55.2713 52.7267 15.4532 11.6409 6.62516 3.45109
internal_count=8000 6891 6876 1109 6858 6826 1031 983 6764 1456 768 5308 4922 4323 937 828 741 701 87 4313 4037 3909 3817 677 3140 3118 1391 646 642 637
is_linear=0
shrinkage=0.05


Tree=69
num_leaves=31
num_cat=0
split_feature=3 3 7 6 3 8 7 7 0 8 4 6 8 2 5 5 6 7 7 6 2 8 7 2 1 5 3 1 1 1
split_gain=19.5905 7.27766 7.9675 6.3705 5.31351 6.47978 7.45561 4.93542 9.9445 9.54485 6.84507 6.81302 10.3019 7.22338 4.1742 3.25683 2.97839 2.51645 7.62975 6.71169 6.84411 6.53152 3.22718 3.1957 6.75445 3.05299 5.79458 3.78626 3.41588 5.68481
threshold=1380.5000000000002 2651.0000000000005 8982.2450000000008 8.5500000000000025 1382.5000000000002 10823.600000000002 7319.5300000000007 8982.2450000000008 1.0000000180025095e-35 11112.650000000001 58.550000000000004 8.6500000000000004 12337.600000000002 311.75000000000006 234.50000000000003 233.50000000000003 11.550000000000002 5141.4150000000009 5369.4550000000008 9.2500000000000018 310.45000000000005 267.35000000000008 3534.8850000000007 311.75000000000006 300.55000000000007 205.50000000000003 1542.5000000000002 298.45000000000005 299.35000000000008 303.55000000000007
decision_type=2 2 2 2 2 2 2 2 2 2 2 2 2 2 2 2 2 2 2 2 2 2 2 2 2 2 2 2 2 2
left_child=3 2 4 -1 -2 6 14 8 9 10 -5 -10 13 -13 15 16 17 19 -19 20 22 -22 -6 -21 -25 26 27 -20 -29 -30
right_child=1 -3 -4 7 5 -7 -8 -9 11 -11 -12 12 -14 -15 -16 -17 -18 18 25 23 21 -23 -24 24 -26 -27 -28 28 29 -31
leaf_value=0.051422312335726063 -0.13582711650319412 0.051661287885612743 0.048369014471587118 0.019360682745587006 0.036159176020718047 0.036729463167018861 -0.054296200689511021 0.047459969982989694 0.044894127628475049 0.051814513019777457 -0.076693850884920867 -0.075261006687632151 0.05214681533381807 0.01238943623124019 -0.064731008969884443 0.05458236864286075 -0.05843660037691395 -0.065233578005089485 -0.060832163985399958 0.032300135051660586 -0.52061422723061312 -0.080770631636871995 -0.062110205965678324 -0.20469329193074484 0.017088996888605306 0.014095406937802538 -0.055430374482181348 0.034868519708780681 -0.018886348041427244 0.044943298268249783
leaf_weight=59.824365139007568 0.61740424513118242 13.228876196779309 15.086331203579901 25.650418006232943 3.1596449874341479 21.807096611708403 4.7051490925950921 33.467002704739571 4.7537847757339504 34.618216335773468 1.9993011376354832 7.5003700027882569 3.3754401206970206 3.4234543134225532 1.8696505203843106 4.0675973892211905 1.6078454239177506 3.6326889923075205 2.0753230225527686 34.121758066525217 0.087932819616981184 2.1025829376885667 1.1357814829098059 0.44481950200861198 1.5042504817829467 74.651753018144518 4.7118985104025333 8.8062684703618306 13.954085953242613 4.6509306289372025
leaf_count=78 32 15 18 470 4 24 651 40 4 36 86 341 3 51 12 2 178 438 724 697 15 166 110 12 68 219 1511 418 1442 135
internal_value=0.0257132 0.0157184 0.0133967 0.0381933 0.0106157 0.0110938 0.00775212 0.0312987 0.0246476 0.0343195 0.0124152 -0.00696137 -0.0242007 -0.0477919 0.00954777 0.0104119 0.00926493 0.00996703 0.00604885 0.0203233 -0.0265034 -0.0984271 0.0101751 0.0287432 -0.0335265 0.00842778 -0.00394405 0.00428335 0.00921329 -0.00293005
internal_weight=392.642 218.03 204.801 174.612 189.714 189.097 167.29 114.788 81.321 62.2679 27.6497 19.053 14.2993 10.9238 162.585 160.715 156.648 155.04 112.483 42.5568 6.48594 2.19052 4.29543 36.0708 1.94907 108.85 34.1985 29.4866 27.4113 18.605
internal_count=8000 6891 6876 1109 6858 6826 6802 1031 991 592 556 399 395 392 6151 6139 6137 5959 4887 1072 295 181 114 777 80 4449 4230 2719 1995 1577
is_linear=0
shrinkage=0.05


Tree=70
num_leaves=31
num_cat=0
split_feature=3 3 7 6 4 8 3 8 7 5 5 6 5 3 7 2 1 5 7 6 7 7 6 2 8 7 2 1 0 4
split_gain=19.0947 7.05991 7.6759 6.32871 4.83248 6.45092 4.81402 6.12465 7.00832 3.89282 3.12726 2.81806 3.93643 10.2702 5.72585 4.65804 6.06914 4.52332 3.69485 2.7894 2.34704 7.14434 6.16661 6.23517 3.2528 3.03132 2.93813 6.11977 2.93163 5.46937
threshold=1380.5000000000002 2651.0000000000005 8982.2450000000008 8.5500000000000025 65.000000000000014 11112.650000000001 1382.5000000000002 10823.600000000002 7319.5300000000007 234.50000000000003 233.50000000000003 8.6500000000000004 188.50000000000003 1362.5000000000002 7445.2800000000007 308.75000000000006 299.45000000000005 119.50000000000001 8982.2450000000008 11.550000000000002 5141.4150000000009 5369.4550000000008 9.2500000000000018 310.45000000000005 267.35000000000008 3534.8850000000007 311.75000000000006 300.55000000000007 1.5000000000000002 37.45000000000001
decision_type=2 2 2 2 2 2 2 2 2 2 2 2 2 2 2 2 2 2 2 2 2 2 2 2 2 2 2 2 2 2
left_child=3 2 6 -1 5 11 -2 8 9 10 19 -5 13 18 15 -14 -17 -15 -13 20 22 -22 23 25 -25 -8 -24 -28 29 -23
right_child=1 -3 -4 4 -6 -7 7 -9 -10 -11 -12 12 14 17 -16 16 -18 -19 -20 -21 21 28 26 24 -26 -27 27 -29 -30 -31
leaf_value=0.051351021118145962 -0.1292061157208024 0.051560332249942067 0.048136190478642815 0.029668386680166688 0.04666369508252443 0.039836897264154771 0.035550513778620542 0.036095879347195471 -0.054138277148874953 -0.063867337737538818 0.054341589684862628 -0.062918322196886672 0.031292999694945374 0.031384002147650858 0.049701730125319976 0.018293671109703175 -0.10039160679197233 -0.078090745695184371 -0.23577055436621688 -0.058034997834001803 -0.064631900697324732 -0.013805005379787641 0.03128766907962683 -0.34123784624631737 -0.07949782342498897 -0.061600586078776776 -0.19522413226412744 0.016326361828982155 0.027975932956266561 0.012717510876247893
leaf_weight=56.983704149723053 0.6166123662260351 12.607714572921394 14.418236307799814 13.463301390409468 33.625859513878822 34.951802164316177 3.0557105988264075 21.098492637276649 4.488403735915198 1.8019041493535031 3.8859283924102774 4.706956947688016 3.5821341041009855 7.0096101288218033 7.6770751450676471 1.9959471281617878 2.3399124089628458 1.0903288418776353 0.33089663088321675 1.5397460139356542 3.4868776773218988 27.90862365195062 33.481256388884503 0.12606893412885289 2.0312503549503163 1.0891014161752535 0.44311729737091687 1.4960082322941162 15.809733890811911 64.041597833915148
leaf_count=78 32 15 18 18 48 46 4 24 651 12 2 589 8 159 19 17 30 95 2 178 438 1422 697 15 166 110 12 68 447 2580
internal_value=0.0251883 0.0152668 0.0129882 0.0378107 0.0308453 0.0239507 0.0102695 0.0107324 0.00748301 0.00920952 0.0100408 0.0107919 0.00194693 -0.0182165 0.0189332 -0.0108991 -0.0457566 0.0166477 -0.0742716 0.00892667 0.00960069 0.0058078 0.0197138 -0.0258574 -0.0947933 0.0100228 0.0278221 -0.0320159 0.00808708 0.00466743
internal_weight=381.184 213.426 200.819 167.758 110.774 77.148 186.4 185.784 164.685 160.197 158.395 42.1962 28.7329 13.1378 15.5951 7.91799 4.33586 8.09994 5.03785 154.509 152.969 111.247 41.7225 6.30213 2.15732 4.14481 35.4204 1.93913 107.76 91.9502
internal_count=8000 6891 6876 1109 1031 983 6858 6826 6802 6151 6139 937 919 845 74 55 47 254 591 6137 5959 4887 1072 295 181 114 777 80 4449 4002
is_linear=0
shrinkage=0.05


Tree=71
num_leaves=31
num_cat=0
split_feature=3 3 7 6 7 0 8 1 4 4 8 4 8 5 4 4 5 2 1 8 1 7 0 2 2 8 1 3 3 5
split_gain=18.6265 6.86199 7.40689 6.33054 4.80414 9.30611 9.3754 6.50347 9.1253 6.20243 4.52605 3.96256 3.22589 3.23943 2.42106 8.63389 6.50544 4.96089 4.17957 3.77002 3.16975 3.2301 3.08746 4.48267 4.33232 10.4053 10.2555 6.30954 3.61188 9.86874
threshold=1380.5000000000002 2651.0000000000005 8982.2450000000008 8.5500000000000025 8982.2450000000008 1.0000000180025095e-35 11112.650000000001 302.05000000000007 61.150000000000013 58.550000000000004 10129.500000000002 48.550000000000004 9826.3000000000011 234.50000000000003 31.050000000000004 33.050000000000004 228.50000000000003 311.75000000000006 300.45000000000005 138.95000000000002 298.05000000000007 3534.8850000000007 1.5000000000000002 311.55000000000007 310.45000000000005 7581.3000000000011 299.35000000000008 1578.5000000000002 1566.5000000000002 216.50000000000003
decision_type=2 2 2 2 2 2 2 2 2 2 2 2 2 2 2 2 2 2 2 2 2 2 2 2 2 2 2 2 2 2
left_child=3 2 10 -1 5 6 9 8 -7 -5 11 12 13 14 17 -16 22 20 -19 -20 21 -2 24 -24 25 -17 -27 28 29 -26
right_child=1 -3 -4 4 -6 7 -8 -9 -10 -11 -12 -13 -14 -15 15 16 -18 18 19 -21 -22 -23 23 -25 27 26 -28 -29 -30 -31
leaf_value=0.051283394961598699 0.051727690518130733 0.051462855105756482 0.047900615570163389 0.018087711147041545 0.047005586326682135 -0.082484812428447657 0.05165448676442122 0.027233930080759639 0.011220659428398163 -0.075863298493103581 0.028380763529861699 -0.051132318197448783 -0.065082462514728254 -0.063928986488798523 -0.069547792332116803 -0.058727364967498391 -0.09343567027835982 -0.19464997685261368 0.051640821805922221 -0.080340617127673014 0.025396059200299775 -0.059890846092250649 0.037286629853978619 -0.068741620983088267 0.019745058363506617 0.020786731771852182 -0.069747298306383793 -0.072101051428012597 0.054464565221272604 -0.0829321969163474
leaf_weight=54.274250149726868 0.92075484991073553 12.014973614364861 13.780814468860624 24.661858132749334 30.76624159514904 4.9663519483583531 31.755371570587158 7.6581253914628169 5.4483884065411985 1.8914358727051865 28.059991455171257 2.9199004314432377 1.508716664277016 1.5326543822884549 3.7710271495743646 7.8895570557215242 1.5682683251798142 0.41411707451334168 0.97725662749144282 1.2122744565713217 43.717774130709586 2.1893452687072568 14.192084709706249 1.072167501959483 36.693387203849852 20.9336264457088 3.6775639501283868 1.9938561260933045 6.1315728892222969 2.4996212823316446
leaf_count=78 1 15 18 470 40 309 36 56 34 86 67 611 19 10 469 1955 10 7 5 185 1015 268 363 65 1222 178 94 235 60 19
internal_value=0.0246042 0.0147752 0.0125451 0.0373709 0.0303238 0.0236044 0.0333208 -0.00774383 -0.0334635 0.0113954 0.00989534 0.0065664 0.00766829 0.00839332 0.00913301 0.00467415 0.00757004 0.0181914 -0.0489837 -0.0214331 0.0219264 -0.0268458 0.00923599 0.0298392 0.00529593 -0.00875953 0.00725855 0.01495 0.0187794 0.0131966
internal_weight=371.093 209.671 197.656 161.422 107.148 76.3815 58.3087 18.0729 10.4147 26.5533 183.876 155.816 152.896 151.387 149.854 100.423 96.6517 49.4315 2.60365 2.18953 46.8279 3.1101 95.0834 15.2643 79.8192 32.5007 24.6112 47.3184 45.3246 39.193
internal_count=8000 6891 6876 1109 1031 991 592 399 343 556 6858 6791 6180 6161 6151 4670 4201 1481 197 190 1284 269 4191 428 3763 2227 272 1536 1301 1241
is_linear=0
shrinkage=0.05


Tree=72
num_leaves=31
num_cat=0
split_feature=3 3 7 6 7 0 8 6 8 2 4 3 8 4 5 5 6 4 7 7 4 2 1 5 1 7 5 1 5 3
split_gain=17.9681 6.64144 7.11943 6.34344 4.71334 8.74867 9.2713 6.15273 9.17207 6.33291 5.79442 4.43232 5.55079 6.42613 3.42518 2.96017 2.45236 2.38101 9.63098 4.16579 8.84939 2.89032 5.71109 3.26182 9.09364 14.2781 5.30182 4.96084 6.01868 5.8558
threshold=1380.5000000000002 2651.0000000000005 8982.2450000000008 8.5500000000000025 8982.2450000000008 1.0000000180025095e-35 11112.650000000001 8.6500000000000004 12337.600000000002 311.75000000000006 58.550000000000004 1382.5000000000002 10823.600000000002 48.550000000000004 234.50000000000003 233.50000000000003 11.550000000000002 47.650000000000013 6841.1400000000012 6660.3400000000011 41.350000000000001 307.85000000000008 297.25000000000006 213.50000000000003 298.35000000000008 3534.8850000000007 211.50000000000003 300.05000000000007 215.50000000000003 1627.5000000000002
decision_type=2 2 2 2 2 2 2 2 2 2 2 2 2 2 2 2 2 2 2 2 2 2 2 2 2 2 2 2 2 2
left_child=3 2 11 -1 5 6 10 -7 9 -9 -5 -2 13 14 15 16 17 18 19 20 21 -13 -23 24 25 -24 -26 -25 -29 -30
right_child=1 -3 -4 4 -6 7 -8 8 -10 -11 -12 12 -14 -15 -16 -17 -18 -19 -20 -21 -22 22 23 27 26 -27 -28 28 29 -31
leaf_value=0.051219237044601719 -0.1244899460377627 0.051368476874206273 0.047661819712936905 0.017356306013782675 0.046709025115764649 0.043978902471513592 0.051571207832600545 -0.073175649402872467 0.051926393619961264 0.010797749520430411 -0.075313214997072775 0.034321452241212698 0.03494207488700022 -0.053312072543937265 -0.062323123908064326 0.054010756833569019 -0.057185618294465626 0.034727321937365246 -0.06297384363067747 0.032658727657618791 -0.058787056704113522 -0.069466014621360386 -0.90491739635355251 0.038540919415130083 0.008682187557252162 -0.070512028442312968 -0.068449825076708701 0.036987696868887768 -0.042987894871923442 0.014608858352902402
leaf_weight=51.690300941467285 0.61432191380299528 11.449466928839682 13.17275173217058 24.422328371554617 29.446919426321983 4.3823925703763988 30.254191160202026 7.1049266034679004 3.0542206168174735 3.2825392812374048 1.8120025405660261 10.493253335705957 19.904157008975744 4.3058730614138758 1.6834348663687695 3.628641963005065 1.4158229663735244 8.4380548881599662 4.7014355666469774 17.402910429053009 4.9783514603041104 2.3991023770067832 0.05220069363713209 18.379743561148643 49.456815090437885 2.8733750841347501 2.3329931590706101 9.5232893116772193 8.2809488195925969 9.4476865231990796
leaf_count=78 32 15 18 470 40 4 36 341 3 51 86 276 24 624 12 2 177 167 651 401 582 128 1 24 3079 596 21 13 33 15
internal_value=0.0240901 0.0143665 0.0121769 0.036909 0.02978 0.0230718 0.0327086 -0.00746945 -0.0242432 -0.0466392 0.0109556 0.0095846 0.0100429 0.00694148 0.00861006 0.00938644 0.0083082 0.00893154 0.00738035 0.00981925 0.00645704 0.00932537 0.00677257 0.00859529 0.000362888 -0.0854002 0.0052076 0.0184665 0.0049275 -0.0122943
internal_weight=360.384 204.935 193.485 155.45 103.76 74.3126 56.4885 17.8241 13.4417 10.3875 26.2343 180.312 179.698 159.794 155.488 153.805 150.176 148.76 140.322 135.621 118.218 113.239 102.746 100.347 54.7154 2.92558 51.7898 45.6317 27.2519 17.7286
internal_count=8000 6891 6876 1109 1031 991 592 399 395 392 556 6858 6826 6802 6178 6166 6164 5987 5820 5169 4768 4186 3910 3782 3697 597 3100 85 61 48
is_linear=0
shrinkage=0.05


Tree=73
num_leaves=31
num_cat=0
split_feature=3 3 7 6 4 0 1 8 7 3 8 2 1 3 4 8 5 4 4 5 2 1 8 5 5 3 8 7 1 3
split_gain=17.4198 6.42582 6.8393 6.29674 4.62016 8.30789 11.5628 5.47277 5.26791 4.0172 5.27929 3.87454 4.43578 4.55551 3.49586 2.88352 2.82956 2.09971 8.02329 5.75788 4.58392 3.71722 3.58622 2.9489 6.40911 3.13938 2.9157 7.00671 7.03791 2.71605
threshold=1380.5000000000002 2651.0000000000005 8982.2450000000008 8.5500000000000025 60.150000000000013 1.0000000180025095e-35 302.05000000000007 10823.600000000002 7265.6950000000006 1382.5000000000002 10129.500000000002 310.95000000000005 302.05000000000007 1326.5000000000002 48.550000000000004 9826.3000000000011 234.50000000000003 31.050000000000004 33.050000000000004 228.50000000000003 311.75000000000006 300.45000000000005 138.95000000000002 219.50000000000003 217.50000000000003 1615.5000000000002 6604.0500000000011 5141.4150000000009 301.85000000000008 1612.5000000000002
decision_type=2 2 2 2 2 2 2 2 2 2 2 2 2 2 2 2 2 2 2 2 2 2 2 2 2 2 2 2 2 2
left_child=3 2 9 -1 5 7 -7 8 11 -2 14 12 13 -5 15 16 17 20 -19 23 26 -22 -23 24 25 29 27 28 -11 -20
right_child=1 -3 -4 4 -6 6 -8 -9 -10 10 -12 -13 -14 -15 -16 -17 -18 18 19 -21 21 22 -24 -25 -26 -27 -28 -29 -30 -31
leaf_value=0.051158359674230963 -0.11845464930779022 0.051276826599262852 0.047419341547659644 0.041522042708414114 0.040458307350744613 -0.079402313390883508 0.0248513433067989 0.042363742868003595 -0.065978534832420818 0.026059326205286001 0.030527690534362203 -0.065417087097227253 0.052532378741820963 -0.066209349090803823 -0.051030802294596438 -0.063762712993579634 -0.062359940988452336 -0.068927821369981573 0.0067626448152632778 -0.089410313349116935 -0.18666772338047033 0.05150916659318279 -0.080702865727761031 0.029977050784640448 -0.081664947166035881 -0.06358359927681069 0.055886673453281022 -0.063394581656207857 -0.083304955385567717 0.054273128549708241
leaf_weight=49.226369559764862 0.61336260352982108 10.910046793520449 12.592781163752077 1.8815785768674671 48.272148070973344 4.6626133789250144 6.1911811186000705 27.097353219985962 2.2633304650080381 36.14829772048688 26.00800852291286 1.2624154109507788 6.5422413349151611 2.0508224536897615 2.6280457756365641 1.4198988834395994 1.4216966181993473 3.6025269791716701 71.249921821872704 1.5197915341705073 0.40969718593987581 0.92410039319656823 1.1526689049787817 13.846706244628875 2.079378865659236 1.5301134958863247 5.2110552787780753 2.59097300923895 1.5334722876868898 3.1407526325201607
leaf_count=78 32 15 18 49 158 296 53 34 240 811 62 55 5 141 595 19 10 469 3852 10 7 5 185 34 15 261 2 333 138 18
internal_value=0.0235926 0.0139627 0.0118158 0.0365141 0.0293214 0.0189733 -0.0199343 0.0292486 0.00386476 0.0092832 0.00972732 0.0173331 0.0273062 -0.0146619 0.00613062 0.00714714 0.00783506 0.0085236 0.00429083 0.00711595 0.0170799 -0.0490259 -0.0218725 0.00871317 0.00493837 0.00731033 0.0206937 0.01614 0.0216087 0.00876852
internal_weight=349.983 200.533 189.623 149.45 100.224 51.9515 10.8538 41.0977 14.0004 177.03 176.417 11.7371 10.4746 3.9324 150.409 147.781 146.361 144.939 96.9692 93.3667 47.9703 2.48647 2.07677 91.8469 78.0002 75.9208 45.4838 40.2727 37.6818 74.3907
internal_count=8000 6891 6876 1109 1031 873 349 524 490 6858 6826 250 195 190 6764 6169 6150 6140 4659 4190 1481 197 190 4180 4146 4131 1284 1282 949 3870
is_linear=0
shrinkage=0.05


Tree=74
num_leaves=31
num_cat=0
split_feature=3 7 7 7 5 6 7 0 8 6 8 2 4 5 1 2 8 3 3 4 7 4 7 2 4 7 1 2 7 5
split_gain=16.9761 6.47229 7.26347 14.5475 5.94028 5.07723 4.62919 9.18138 9.14865 5.97291 8.53949 5.89258 5.61564 3.34514 5.06155 3.34478 4.87983 3.30635 2.89238 5.51986 2.68645 8.385 9.02078 3.7567 2.98018 5.48469 3.78686 3.18623 2.87108 5.79075
threshold=1386.5000000000002 3534.8850000000007 7617.3650000000007 7530.4800000000005 217.50000000000003 8.5500000000000025 8982.2450000000008 1.0000000180025095e-35 11112.650000000001 8.6500000000000004 12337.600000000002 311.75000000000006 58.550000000000004 204.50000000000003 298.75000000000006 308.45000000000005 5188.7500000000009 1686.5000000000002 1660.5000000000002 44.750000000000007 6189.1500000000005 36.150000000000013 5909.9600000000009 309.65000000000003 34.95000000000001 5456.2900000000009 300.45000000000005 310.65000000000003 6260.9550000000008 208.50000000000003
decision_type=2 2 2 2 2 2 2 2 2 2 2 2 2 2 2 2 2 2 2 2 2 2 2 2 2 2 2 2 2 2
left_child=5 -2 3 13 -5 -1 7 8 12 -9 11 -11 -7 14 -3 -16 17 18 19 -17 21 24 -23 28 25 26 27 -15 -22 -30
right_child=1 2 -4 4 -6 6 -8 9 -10 10 -12 -13 -14 20 15 16 -18 -19 -20 -21 23 22 -24 -25 -26 -27 -28 -29 29 -31
leaf_value=0.048889151135605005 0.038612582306411639 -0.055246975919969535 0.034641530422623017 -0.13385915809758445 -0.47783358541341459 0.017407635645228594 0.046387826870474345 0.043341249512567862 0.05147747113873357 -0.072110622635317964 0.051756406626463441 0.0091262234464517516 -0.074933017828443513 0.0098011021318662166 0.051234191993900814 -0.050989560214870139 -0.05226084944688264 -0.050637828910434002 0.045271926420925743 0.016656126731118184 0.034716420230080668 0.0038635469623581747 -0.077979344931167704 0.029124734199259868 0.033722661491565935 -0.035445029844626018 -0.011395090084480223 0.048478934708749699 0.023023379250712978 -0.073349792653160981
leaf_weight=48.373884983360767 21.913081962615252 4.6845567756972732 24.873739963688422 0.38129287847550486 0.18710681051015854 25.662301804230086 28.519978001713753 4.1150129586458233 29.879048705101013 7.1113217100792081 2.8030213713645926 3.2534971152781509 1.7593452039873216 12.127947596833115 2.9404930898454067 3.9355142057757027 4.5475375676178365 2.4635917949053683 4.682501605275319 12.902885863790287 2.7880818452686054 8.1674231030046922 5.7281313799321643 31.48351329471916 13.857921484857796 6.4294335842132559 9.2849451852962357 9.4920921847224218 3.0445417538285255 3.1938276696018875
leaf_count=87 32 1882 361 72 2 536 42 4 38 369 3 53 88 41 57 1670 1149 711 128 355 5 19 38 88 24 37 45 7 16 41
internal_value=0.0230524 0.0130618 0.00971308 0.00535636 -0.247089 0.035525 0.0292549 0.0227034 0.0323379 -0.00923954 -0.0256713 -0.0466105 0.0114832 0.0063686 -0.0067576 0.000459846 -0.00477293 0.00423094 0.010512 0.000845803 0.0108631 0.00457143 -0.0298744 0.0209719 0.0139213 0.0065714 0.0153124 0.0267823 -0.00746459 -0.0263163
internal_weight=340.588 189.11 167.197 142.323 0.5684 151.477 103.104 74.5835 57.3007 17.2829 13.1678 10.3648 27.4216 141.755 36.1571 31.4725 28.532 23.9845 21.5209 16.8384 105.598 65.0879 13.8956 40.51 51.1923 37.3344 30.905 21.62 9.02645 6.23837
internal_count=8000 6780 6748 6387 74 1220 1133 1091 662 429 425 422 624 6313 5952 4070 4013 2864 2153 2025 361 211 57 150 154 130 93 48 62 57
is_linear=0
shrinkage=0.05


Tree=75
num_leaves=31
num_cat=0
split_feature=3 6 3 7 4 8 6 8 4 5 1 1 1 2 4 5 5 7 4 1 5 3 4 6 8 8 5 5 6 6
split_gain=16.4569 6.21491 6.11418 6.41873 4.47928 5.81306 3.65334 4.12077 6.16185 3.03056 2.73413 3.74119 4.47786 3.29548 2.81204 2.73335 3.93599 2.55335 9.79491 3.57039 2.99772 6.77275 2.46402 2.39617 2.29622 8.58388 7.00876 4.58215 4.44162 8.57959
threshold=1380.5000000000002 8.5500000000000025 2651.0000000000005 8982.2450000000008 65.000000000000014 11112.650000000001 7.7500000000000009 10823.600000000002 48.550000000000004 234.50000000000003 302.35000000000008 302.05000000000007 301.35000000000008 308.15000000000003 56.550000000000004 224.50000000000003 222.50000000000003 7265.6950000000006 50.050000000000004 299.05000000000007 188.50000000000003 1341.5000000000002 62.350000000000001 11.450000000000001 8232.5500000000011 7822.8500000000013 218.50000000000003 215.50000000000003 9.6500000000000004 10.050000000000002
decision_type=2 2 2 2 2 2 2 2 2 2 2 2 2 2 2 2 2 2 2 2 2 2 2 2 2 2 2 2 2 2
left_child=1 -1 3 6 5 10 -2 8 9 15 11 12 13 -3 -12 16 23 18 19 -15 21 -19 -23 24 25 26 27 28 -8 -30
right_child=2 4 -4 -5 -6 -7 7 -9 -10 -11 14 -13 -14 17 -16 -17 -18 20 -20 -21 -22 22 -24 -25 -26 -27 -28 -29 29 -31
leaf_value=0.05104807826426077 -0.086393561030737767 -0.092091547123556564 0.051137980690046284 0.046977270070936432 0.045434483511675464 0.038395984448521825 0.016002239039325683 0.031409160464348579 -0.053360922102837355 -0.060941924284087262 -0.074099014379439151 0.034794375958859328 -0.082693663818878452 0.037127013141886059 0.013152483046626459 0.025923743957693243 -0.068108156625028171 -0.10613129685515631 -0.17880433959192038 -0.059078264381900031 0.044934937377652313 -0.05188461331592388 0.037834802268508605 -0.056474416283948871 0.018804578173695057 -0.069241486037454406 -0.084398151266298627 0.039494762580701344 -0.081073449925175622 0.00016302702603722416
leaf_weight=44.732396602630615 1.0065349751384918 0.81176594711724348 10.021900104358791 11.625970430672167 27.298863314092159 28.536458879709244 38.784658449309063 18.520589418709278 4.1906374579411922 1.571321740746497 1.9289012505905696 12.420410919468848 1.5096065930556495 3.3689171650330563 1.7716092367190865 20.233551781624556 1.7608153750188638 1.2607950834790225 0.80807015919708636 1.3512017671018837 7.0842442802386358 0.9224715731688774 4.4904695702716708 1.4611261598765839 34.782972228073049 3.8640305663575409 2.0469390749931327 10.872864879667757 3.6722283390408874 28.277868026052602
leaf_count=78 35 109 15 18 48 46 2420 25 642 12 68 40 68 86 19 35 15 163 86 117 24 148 9 281 262 127 9 11 700 2284
internal_value=0.0225584 0.0357187 0.0131133 0.0110271 0.0283898 0.0213679 0.0085836 0.00914581 0.0064245 0.00812505 0.00848853 0.0129272 0.000357618 0.00659581 -0.0323276 0.00886962 0.00612061 0.0107496 -0.0179508 0.00958687 0.0222819 -0.00176451 0.0225449 0.00717669 0.00793712 0.00361801 0.00698342 0.00927551 0.00463041 -0.009174
internal_weight=330.99 138.296 192.694 182.672 93.5638 66.2649 171.046 170.04 151.519 147.328 37.7285 34.028 21.6075 20.0979 3.70051 145.757 125.524 19.2862 5.52819 4.72012 13.758 6.67374 5.41294 123.763 122.302 87.5186 83.6546 81.6076 70.7348 31.9501
internal_count=8000 1109 6891 6876 1031 983 6858 6823 6798 6156 937 850 810 742 87 6144 6109 633 289 203 344 320 157 6094 5813 5551 5424 5415 5404 2984
is_linear=0
shrinkage=0.05


Tree=76
num_leaves=31
num_cat=0
split_feature=3 6 3 7 4 8 3 8 2 7 4 8 7 4 1 1 1 4 4 5 2 1 5 1 5 4 8 4 4 7
split_gain=15.9725 6.18512 5.92209 6.16976 4.3037 5.44517 3.66531 4.58956 3.16023 3.12439 5.34451 4.62168 3.27957 8.01225 2.82411 2.71626 4.54722 2.65297 2.62372 2.51053 2.62887 5.01395 3.35221 7.99123 4.87775 4.4423 4.17385 7.01035 3.83695 10.0788
threshold=1380.5000000000002 8.5500000000000025 2651.0000000000005 8982.2450000000008 65.000000000000014 11112.650000000001 1382.5000000000002 10129.500000000002 308.15000000000003 6830.4850000000015 47.650000000000013 3807.4000000000005 6660.3400000000011 41.350000000000001 302.35000000000008 302.05000000000007 301.35000000000008 56.550000000000004 44.150000000000013 234.50000000000003 307.85000000000008 297.25000000000006 213.50000000000003 298.35000000000008 211.50000000000003 13.750000000000002 8498.5000000000018 37.850000000000001 37.45000000000001 5542.0000000000009
decision_type=2 2 2 2 2 2 2 2 2 2 2 2 2 2 2 2 2 2 2 2 2 2 2 2 2 2 2 2 2 2
left_child=1 -1 3 6 5 8 -2 9 -3 12 -11 -12 13 19 15 16 -10 -16 -14 20 -8 -22 23 25 26 -23 27 28 29 -25
right_child=2 4 -4 -5 -6 -7 7 -9 14 10 11 -13 18 -15 17 -17 -18 -19 -20 -21 21 22 -24 24 -26 -27 -28 -29 -30 -31
leaf_value=0.050995918240464781 -0.11466507478357922 -0.091411234660644158 0.051053561293866935 0.046722198745002039 0.044959223211905305 0.037688228509905518 0.033136287046062175 0.028898908687623154 0.010563167871596373 -0.062280124623924155 0.027646891352359988 -0.052205935635093792 -0.053593115995240859 -0.058598758536698582 -0.073026011074436389 0.033843663750793188 -0.080817669890941052 0.012547751681253059 0.035198443154225094 -0.060957797414277842 -0.068049647168541144 -0.3902518143886089 0.017621072404217144 0.012836579048070097 -0.066989222903780982 -0.068784746433114857 0.050876732468370447 -0.061723750028806271 0.045918533999614319 -0.0696045305705775
leaf_weight=42.593196392059326 0.60417265060823311 0.77778223744826291 9.548494251444934 11.117831416428087 26.235129430890083 27.641650184988976 9.7852188263786939 24.110261385794729 18.666669195867147 4.4730915636755517 6.3226526368525793 2.5399163834517822 0.88503688131458957 4.7702533812844186 1.861105851887259 12.138146720826624 1.468465916434069 1.7643324581440536 13.878594901878385 1.320324234664439 2.2359717129147603 0.11170705407857839 45.387821909040213 28.168724123184802 2.3179546026512972 2.8312895244162064 4.9221261739730826 3.8907800568267694 5.8693391626584335 4.2692167024360961
leaf_count=78 32 109 15 18 48 46 276 62 633 688 293 475 220 599 68 40 68 19 166 10 128 1 92 1439 22 676 4 718 81 876
internal_value=0.022013 0.0352828 0.0126824 0.0106448 0.027892 0.0209303 0.00826714 0.008709 0.00830046 0.00532809 -0.0177255 0.00476194 0.00768131 0.00485367 0.0104608 0.0151612 0.00389872 -0.0313812 0.0298756 0.00757785 0.00840205 0.00598187 0.00767497 -0.000943251 0.00382164 -0.0809866 0.007305 0.00222264 0.00871753 0.00198635
internal_weight=322.507 133.146 189.361 179.812 90.5533 64.3182 168.694 168.09 36.6765 143.98 13.3357 8.86257 130.644 115.881 35.8987 32.2733 20.1351 3.62544 14.7636 111.11 109.79 100.005 97.769 52.3811 49.4381 2.943 47.1202 42.1981 38.3073 32.4379
internal_count=8000 1109 6891 6876 1031 983 6858 6826 937 6764 1456 768 5308 4922 828 741 701 87 386 4323 4313 4037 3909 3817 3140 677 3118 3114 2396 2315
is_linear=0
shrinkage=0.05


Tree=77
num_leaves=31
num_cat=0
split_feature=3 6 3 7 7 0 8 6 8 2 4 6 8 4 5 5 6 5 7 7 5 6 2 1 1 6 6 8 2 2
split_gain=15.2099 6.25052 5.71552 5.91025 4.31313 7.7785 8.61421 5.42024 7.51342 5.18091 4.89744 3.36607 3.69509 5.72855 2.68266 2.61926 2.25727 2.34084 2.1977 5.6658 5.41203 4.34955 3.85586 2.77158 4.52731 2.61466 6.5694 7.17161 2.55058 4.04659
threshold=1380.5000000000002 8.5500000000000025 2651.0000000000005 8982.2450000000008 8982.2450000000008 1.0000000180025095e-35 11112.650000000001 8.6500000000000004 12337.600000000002 311.75000000000006 58.550000000000004 7.7500000000000009 10823.600000000002 48.550000000000004 234.50000000000003 233.50000000000003 7.9500000000000011 232.50000000000003 5141.4150000000009 5369.4550000000008 228.50000000000003 9.2500000000000018 310.45000000000005 301.45000000000005 299.95000000000005 9.6500000000000004 10.350000000000003 102.90000000000002 313.15000000000003 312.05000000000007
decision_type=2 2 2 2 2 2 2 2 2 2 2 2 2 2 2 2 2 2 2 2 2 2 2 2 2 2 2 2 2 2
left_child=1 -1 3 11 5 6 10 -7 9 -9 -3 -2 13 14 15 16 -13 18 21 -20 28 22 23 24 -18 -23 -27 -28 29 -21
right_child=2 4 -4 -5 -6 7 -8 8 -10 -11 -12 12 -14 -15 -16 -17 17 -19 19 20 -22 25 -24 -25 -26 26 27 -29 -30 -31
leaf_value=0.050946407972283218 -0.085367152209066308 0.01525782737234848 0.05097063960259373 0.046461775570798003 0.045308344022364576 0.042668528922932401 0.051258299601972604 -0.070835675486510472 0.051545635973604842 0.0075962638084762363 -0.073394456979354469 0.04220295633390448 0.030231397921714698 -0.053332515883859122 -0.059776858695813312 0.053409893211762177 0.046257233773919854 -0.10453489194023163 -0.063326112470505999 0.0062816227579134357 -0.088474601474739942 0.04161054831496093 -0.08312733011972856 0.049434850939012148 -0.11009809823110746 -0.079520707341228306 -0.20573177232302808 0.026239400243348962 0.046784955973290486 -0.063422035343971658
leaf_weight=40.554283320903778 0.9596066705416878 22.037651299498979 9.0972140431404096 10.633404918015001 24.008587628602982 3.7612652778625479 24.516862332820892 6.613682441893614 2.486854910850524 3.0889031499973498 1.6763652051740781 4.4759967871214021 17.555315647274256 3.9636950946442076 1.4620588794350613 3.14643371105194 0.86526123015209966 0.47634666226804157 3.1601923129346678 85.701216263580136 1.5312296729534853 12.627457036287526 1.8440616244188275 1.8149505271576343 0.9957831630599685 1.7683235213044124 0.33988280664198356 16.913577825966058 3.7333386292448258 2.1340262293233527
leaf_count=78 35 470 15 18 40 4 36 341 3 51 86 88 25 642 12 2 13 4 438 4140 10 200 174 23 59 183 6 420 65 319
internal_value=0.0215004 0.0347001 0.0123245 0.0103281 0.0272292 0.0204663 0.0304764 -0.00980185 -0.0259925 -0.0458662 0.00899092 0.00800603 0.00855069 0.00596068 0.00760429 0.00830038 0.0072747 0.00610717 0.00650217 0.0025147 0.00474961 0.0168288 -0.0241264 0.00547133 -0.0374033 0.023972 0.0122627 0.0216697 0.00630852 0.00458812
internal_weight=313.944 128.744 185.199 176.102 88.1902 64.1816 48.2309 15.9507 12.1894 9.70259 23.714 165.469 164.509 146.954 142.99 141.528 138.382 133.906 133.429 96.26 93.0998 37.1693 5.52006 3.67599 1.86104 31.6492 19.0218 17.2535 91.5686 87.8352
internal_count=8000 1109 6891 6876 1031 991 592 399 395 392 556 6858 6823 6798 6156 6144 6142 6054 6050 4972 4534 1078 269 95 72 809 609 426 4524 4459
is_linear=0
shrinkage=0.05


Tree=78
num_leaves=31
num_cat=0
split_feature=3 6 3 7 4 8 4 8 4 5 5 1 1 1 2 4 7 4 1 5 3 4 6 4 7 7 4 2 2 1
split_gain=14.7415 6.18766 5.52523 5.68466 4.18556 5.0391 3.41066 3.48873 4.91224 2.48451 2.55243 2.32699 3.24083 3.88381 2.90371 2.52247 2.40564 8.81832 3.2753 2.8828 6.16519 2.23834 1.92919 2.05794 8.27408 3.49916 7.52361 2.63728 2.49072 4.55189
threshold=1380.5000000000002 8.5500000000000025 2651.0000000000005 8554.2200000000012 65.000000000000014 11112.650000000001 58.250000000000007 10823.600000000002 48.550000000000004 234.50000000000003 233.50000000000003 302.35000000000008 302.05000000000007 301.35000000000008 308.15000000000003 56.550000000000004 7265.6950000000006 50.050000000000004 299.05000000000007 188.50000000000003 1341.5000000000002 62.350000000000001 11.550000000000002 47.650000000000013 6841.1400000000012 6660.3400000000011 41.350000000000001 309.45000000000005 307.85000000000008 297.25000000000006
decision_type=2 2 2 2 2 2 2 2 2 2 2 2 2 2 2 2 2 2 2 2 2 2 2 2 2 2 2 2 2 2
left_child=1 -1 3 6 5 11 7 8 9 10 22 12 13 14 -3 -13 17 18 -16 20 -18 -22 23 24 25 26 28 -27 -2 -30
right_child=2 4 -4 -5 -6 -7 -8 -9 -10 -11 -12 15 -14 -15 16 -17 19 -19 -20 -21 21 -23 -24 -25 -26 27 -28 -29 29 -31
leaf_value=0.050899396434307735 0.03207923219229316 -0.09186369826818655 0.050888843282954746 0.043962767525356411 0.044399312013981118 0.036722776377066835 -0.12546628560323481 0.030250665840109981 -0.053390577915514228 -0.059234654025591554 0.05323404892913134 -0.072263545344755056 0.032910721295142886 -0.0798307416149244 0.035482403320314451 0.012257445829169492 -0.10591123078379037 -0.17123105882676426 -0.058511289478639684 0.044266017933384687 -0.051807441187240511 0.036427745761587332 -0.056042638597964503 0.032140921392765386 -0.062843426762505317 -0.053984661607131279 -0.058221857865368744 0.034811207412189481 -0.0667086121909055 0.0067953283392912581
leaf_weight=38.611157566308975 9.420060165866742 0.73122904720367543 8.6670979708433133 11.490242306375874 24.149173960089684 25.609015688300133 0.48036611918359895 15.832907762378452 3.4527925305737872 1.4031605683267105 3.0026168823242179 1.8029931611381464 11.650401012971995 1.4226600347610645 3.2370968663599369 1.7295284336432812 1.180336293997241 0.80259078281233076 1.2986252443224655 6.672098457114771 0.86974419132457104 4.1403825460001826 1.2168684177449893 7.7938512116088523 4.2592907788930452 0.88530908722896029 4.5361322039971119 15.075080072740091 2.1554977095802306 92.196512104797876
leaf_count=78 276 109 15 48 48 46 3 23 613 12 2 68 40 68 86 19 163 86 117 24 148 9 177 169 652 151 586 254 128 3782
internal_value=0.0209918 0.0342923 0.0119301 0.00998053 0.0267748 0.0198142 0.00756594 0.0079623 0.00553522 0.00696859 0.00762956 0.00762953 0.0118802 -0.000157025 0.00583009 -0.0308819 0.00975498 -0.0184614 0.00857101 0.0214655 -0.00310886 0.0211104 0.00663397 0.00719345 0.00568065 0.0080293 0.00480851 0.0298858 0.00756373 0.00511611
internal_weight=305.775 123.907 181.868 173.201 85.2959 61.1467 161.71 161.23 145.397 141.944 140.541 35.5377 32.0052 20.3548 18.9321 3.53252 18.2009 5.33831 4.53572 12.8626 6.19046 5.01013 137.539 136.322 128.528 124.269 108.308 15.9604 103.772 94.352
internal_count=8000 1109 6891 6876 1031 983 6828 6825 6802 6189 6177 937 850 810 742 87 633 289 203 344 320 157 6175 5998 5829 5177 4772 405 4186 3910
is_linear=0
shrinkage=0.05


Tree=79
num_leaves=31
num_cat=0
split_feature=3 3 7 7 6 7 0 8 6 8 4 8 8 6 8 5 5 5 3 5 8 8 5 5 2 4 7 1 5 1
split_gain=14.2878 5.4729 5.2692 13.1112 4.91362 4.19592 8.60869 8.29711 5.41694 7.50875 4.55146 3.77571 3.12747 2.5955 2.56866 2.09623 2.21871 4.40575 3.05908 1.97346 1.98127 1.74821 4.47788 1.73174 3.79401 5.72911 2.19359 2.33762 2.41416 4.35837
threshold=1386.5000000000002 2651.0000000000005 7617.3650000000007 7530.4800000000005 8.5500000000000025 8982.2450000000008 1.0000000180025095e-35 11112.650000000001 9.5500000000000025 12337.600000000002 58.550000000000004 6283.0500000000002 10823.600000000002 7.7500000000000009 10129.500000000002 208.50000000000003 188.50000000000003 41.500000000000007 1376.5000000000002 234.50000000000003 9826.3000000000011 7129.1500000000005 206.50000000000003 19.500000000000004 313.05000000000007 13.750000000000002 3534.8850000000007 296.85000000000008 204.50000000000003 298.75000000000006
decision_type=2 2 2 2 2 2 2 2 2 2 2 2 2 2 2 2 2 2 2 2 2 2 2 2 2 2 2 2 2 2
left_child=4 2 3 13 -1 6 7 10 11 -10 15 -8 -5 -2 19 16 17 -6 -19 20 23 -13 -23 24 25 -15 -25 -28 29 -29
right_child=1 -3 -4 12 5 -7 8 -9 9 -11 -12 21 -14 14 -16 -17 -18 18 -20 -21 -22 22 -24 26 -26 -27 27 28 -30 -31
leaf_value=0.048250528803679381 -0.088614315268904176 0.050807808711800295 0.032444792751262795 -0.051458617836743097 0.041786490975877284 0.045001174477034021 -0.058011984902858443 0.05119601286747516 -0.074145553205195627 0.051428132091003914 -0.071549910703766484 0.050752213990096218 -0.30739980094191877 -0.45575447457178275 0.034447422063457682 -0.018095638989974676 0.03618065939602156 -0.064630169679351174 0.024295448194312643 -0.059224678084441255 -0.059560875611398924 -0.069136410904653597 0.051772807214433808 0.030609103677265211 0.049876938544858633 -0.058946949409367323 -0.060246668240512294 -0.055729771904310998 0.010596716131799891 0.0012935157264886135
leaf_weight=38.073237523436546 0.71201249706791614 8.25721877068281 21.045022147533018 0.16883591224905004 3.6941086939768963 23.209916368126869 1.5098364413715879 24.369844377040863 5.2599853345309375 1.5386843085288999 1.5935928446997412 4.0354644206236117 0.40729684382677078 0.097672306001185816 8.0890533272176963 3.8238434977829447 11.720304639544336 2.7183321993798018 1.5012006697506874 1.1698827929794777 1.1423467812128354 1.3196994660247583 1.8243509531021118 9.3813872411847097 0.80060408264398564 1.324342467531096 1.3368326993077051 3.8035583924502161 86.181354227941483 28.155868603498675
leaf_count=87 33 15 361 71 95 42 89 38 274 2 88 13 3 1 22 13 50 308 70 10 26 49 2 15 14 597 184 1506 294 3628
internal_value=0.0204617 0.0110902 0.0090882 0.00564534 0.0332406 0.0267553 0.020231 0.0304246 -0.012296 -0.0457255 0.0102183 0.0138598 -0.232396 0.00660982 0.00708903 0.0157732 0.0223693 0.0019144 -0.0329927 0.00543001 0.00600206 0.0289743 0.00102177 0.00657343 -0.0371853 -0.086202 0.0073282 0.00550018 0.00624414 -0.00549295
internal_weight=298.266 172.073 163.816 142.771 126.192 88.1192 64.9092 49.4212 15.488 6.79867 25.0514 8.68935 0.576133 142.195 141.483 23.4578 19.6339 7.91364 4.21953 133.394 132.224 7.17951 3.14405 131.082 2.22262 1.42201 128.859 119.478 118.141 31.9594
internal_count=8000 6780 6765 6404 1220 1133 1091 662 429 276 624 153 74 6330 6297 536 523 473 378 6275 6265 64 51 6239 612 598 5627 5612 5428 5134
is_linear=0
shrinkage=0.05


Tree=80
num_leaves=31
num_cat=0
split_feature=3 6 3 7 4 8 5 5 3 8 0 8 8 8 5 5 5 2 2 1 8 7 7 7 4 4 4 4 7 8
split_gain=14.0691 6.01247 5.17761 5.32348 3.95189 4.54519 3.12846 4.98197 2.91433 2.71432 7.79395 11.6084 7.45254 7.4268 6.25606 4.34568 3.76426 6.00429 3.48683 6.97713 2.63429 2.50719 7.50696 2.88972 3.46499 2.49843 5.49893 2.78613 2.46869 2.36338
threshold=1380.5000000000002 8.5500000000000025 2651.0000000000005 8982.2450000000008 65.000000000000014 11112.650000000001 224.50000000000003 222.50000000000003 1382.5000000000002 8232.5500000000011 1.0000000180025095e-35 10326.900000000003 7822.8500000000013 9579.5000000000018 218.50000000000003 215.50000000000003 209.50000000000003 311.75000000000006 307.85000000000008 298.35000000000008 7772.3000000000011 5542.0000000000009 6054.1000000000013 6064.795000000001 44.750000000000007 45.250000000000007 47.650000000000013 48.550000000000004 3534.8850000000007 10823.600000000002
decision_type=2 2 2 2 2 2 2 2 2 2 2 2 2 2 2 2 2 2 2 2 2 2 2 2 2 2 2 2 2 2
left_child=1 -1 3 6 5 -3 7 8 -2 12 29 13 14 -12 15 16 18 -18 -10 28 21 -21 -23 -24 -25 -26 -27 -28 -20 -11
right_child=2 4 -4 -5 -6 -7 -8 -9 9 10 11 -13 -14 -15 -16 -17 17 -19 19 20 -22 22 23 24 25 26 27 -29 -30 -31
leaf_value=0.050814502612882131 -0.10488598956625401 0.0071760135297303622 0.050727148605886369 0.045726451955366738 0.043854190184117015 0.035761627797024194 0.023146967760570691 -0.076257230092987793 0.039182811301217292 0.018050627390429431 -0.061151357404932521 -0.1662726407683533 -0.067737270369064531 0.038146404484248185 -0.080753553516655321 0.036032524264865175 -0.066205589727389991 0.027730543608866256 -0.27081338311040082 0.013532377393170559 0.054394467569108207 -0.068661557602424983 0.053648135915097456 -0.052711590686077663 0.040090984147324135 -0.064905841631277328 0.03278403945494459 -0.050878595296242383 -0.062966351804230949 0.046650397200420142
leaf_weight=35.083466768264771 0.59876069940219068 33.552864117533318 7.8666861169040194 9.4322645738720876 22.243611320853233 23.748140633106232 25.422206478193402 1.9054411929100741 6.7948845822247668 26.684581406996585 3.223565938358659 1.2691586734727023 3.8300827909843056 4.5282252512406558 2.1396096944808951 10.39462251216173 4.7246142746880642 2.658241393044591 0.15054112672805731 26.136692836960719 2.6116667077294542 4.3033235572511357 2.578768058097924 2.9180123292608213 4.0789965136209494 2.8481726192403567 5.5802885230514221 1.2111000400036571 2.8008988056972157 9.9047063961625081
leaf_count=78 32 937 15 18 48 46 55 16 387 265 115 18 166 25 10 12 48 8 1 1424 17 961 24 1279 67 317 100 330 1169 12
internal_value=0.0199312 0.0335718 0.0110771 0.00922851 0.0259669 0.0190232 0.0070674 0.00401397 0.00517296 0.00567459 0.0155298 -0.0260966 0.000433295 -0.00314636 0.00362013 0.00588263 0.00136658 -0.0323833 0.0053846 0.00122557 0.00544904 0.00287472 -0.00896933 0.0043989 -0.00323503 0.00728891 -0.00659135 0.0178646 -0.0735678 0.0257926
internal_weight=291.224 114.628 176.596 168.729 79.5446 57.301 159.297 133.875 131.97 131.371 45.6102 9.02095 85.7605 7.75179 81.9304 79.7908 69.3962 7.38286 62.0133 55.2185 52.267 49.6554 23.5187 19.2153 16.6366 13.7186 9.63956 6.79139 2.95144 36.5893
internal_count=8000 1109 6891 6876 1031 983 6858 6803 6787 6755 435 158 6320 140 6154 6144 6132 56 6076 5689 4519 4502 3078 2117 2093 814 747 430 1170 277
is_linear=0
shrinkage=0.05


Tree=81
num_leaves=31
num_cat=0
split_feature=3 6 3 7 7 0 8 6 8 1 4 6 8 4 5 5 6 5 7 7 5 6 2 1 1 2 1 0 2 2
split_gain=13.21 6.11713 4.98152 5.082 3.93222 7.06686 7.98264 4.92924 6.44386 4.57548 4.12613 2.88193 2.98431 4.91548 2.26383 2.3583 2.06509 2.18146 1.90025 5.1576 5.00266 4.14113 3.42321 2.68798 4.26952 2.42684 3.54954 2.3266 3.98682 11.4244
threshold=1380.5000000000002 8.5500000000000025 2651.0000000000005 8982.2450000000008 8982.2450000000008 1.0000000180025095e-35 11112.650000000001 8.6500000000000004 12337.600000000002 302.25000000000006 58.550000000000004 7.7500000000000009 10823.600000000002 48.550000000000004 234.50000000000003 233.50000000000003 7.9500000000000011 232.50000000000003 5141.4150000000009 5369.4550000000008 228.50000000000003 9.2500000000000018 310.45000000000005 301.45000000000005 299.95000000000005 311.75000000000006 303.75000000000006 1.5000000000000002 311.75000000000006 311.05000000000007
decision_type=2 2 2 2 2 2 2 2 2 2 2 2 2 2 2 2 2 2 2 2 2 2 2 2 2 2 2 2 2 2
left_child=1 -1 3 11 5 6 10 -7 9 -9 -3 -2 13 14 15 16 -13 18 21 -20 27 22 23 24 -18 -23 -27 28 29 -21
right_child=2 4 -4 -5 -6 7 -8 8 -10 -11 -12 12 -14 -15 -16 -17 17 -19 19 20 -22 25 -24 -25 -26 26 -28 -29 -30 -31
leaf_value=0.050774148356885797 -0.08226604415712431 0.013796558755292961 0.050646463652570195 0.045442573966916422 0.044054510668382278 0.041631247554961878 0.051054817948165312 -0.070415422035796135 0.051296770299552132 0.0051970806338360147 -0.070984643738069508 0.040915874618225462 0.02803095005018193 -0.0530300524856714 -0.058468940035495687 0.052959281842295793 0.045313049528865661 -0.10377938612194658 -0.062594461996303169 0.0032832424472527492 -0.086856618847862666 0.026122574015606515 -0.082514267749958459 0.048939811639396202 -0.11183482575957249 -0.096706089397781719 0.045228612453785788 0.024642521242108025 0.024542365588732264 -0.07115289878603219
leaf_weight=33.398280322551727 0.90184832407976401 20.720076333615001 7.4946461990475646 9.0268972218036634 20.408240169286728 3.3485190570354453 20.706512033939362 6.1317202209174848 2.1067102551460257 2.96973876375705 1.5419009142206039 4.1595392602466736 15.713325072079895 3.5507008022977962 1.3251470029354084 2.7584483027458182 0.79602904838975452 0.45825548842549224 3.0139720664010374 52.896502944553504 1.4925688114017237 28.152929718082309 1.7620534486341055 1.6574555449187753 0.94570029812166467 0.9967422232730303 0.7893067963887006 13.387479028315282 15.502798843110211 5.7112722916644989
leaf_count=78 35 470 15 18 40 4 36 349 3 43 86 88 25 642 12 2 13 4 438 3028 10 721 174 23 59 81 7 457 490 549
internal_value=0.019444 0.0328708 0.010778 0.00896709 0.0251983 0.0185087 0.028709 -0.0116004 -0.0275037 -0.0457436 0.00792447 0.00685607 0.00737438 0.00504523 0.00656363 0.00720444 0.00624628 0.00511578 0.00550838 0.00173228 0.00391092 0.0154063 -0.0259571 0.00336076 -0.0400129 0.022537 -0.033981 0.00545926 0.00199396 -0.00397049
internal_weight=283.825 111.332 172.494 164.999 77.9334 57.5252 42.9685 14.5567 11.2082 9.10146 22.262 155.972 155.07 139.357 135.806 134.481 131.723 127.563 127.105 92.0046 88.9906 35.1002 5.16124 3.39918 1.74173 29.939 1.78605 87.4981 74.1106 58.6078
internal_count=8000 1109 6891 6876 1031 991 592 399 395 392 556 6858 6823 6798 6156 6144 6142 6054 6050 4972 4534 1078 269 95 72 809 88 4524 4067 3577
is_linear=0
shrinkage=0.05


Tree=82
num_leaves=31
num_cat=0
split_feature=3 6 3 7 4 8 5 5 3 2 3 2 8 0 8 8 8 5 5 1 8 5 8 7 4 4 3 1 1 2
split_gain=12.7411 6.04466 4.80387 4.8609 3.88539 4.23235 2.90759 4.582 2.70662 2.70648 6.43156 2.92632 3.7242 7.24517 11.3238 6.70713 6.39857 4.61311 5.68631 8.14483 2.82638 5.63096 2.76964 4.15839 2.61261 2.59899 2.25177 2.11293 2.05543 3.0203
threshold=1380.5000000000002 8.5500000000000025 2651.0000000000005 8982.2450000000008 65.000000000000014 11112.650000000001 224.50000000000003 222.50000000000003 1382.5000000000002 307.55000000000007 1413.5000000000002 307.85000000000008 8232.5500000000011 1.0000000180025095e-35 10326.900000000003 9579.5000000000018 7822.8500000000013 218.50000000000003 215.50000000000003 298.35000000000008 7677.1000000000013 209.50000000000003 10823.600000000002 6724.505000000001 46.45000000000001 15.750000000000002 1418.5000000000002 298.95000000000005 302.35000000000008 308.15000000000003
decision_type=2 2 2 2 2 2 2 2 2 2 2 2 2 2 2 2 2 2 2 2 2 2 2 2 2 2 2 2 2 2
left_child=1 -1 3 6 5 28 7 8 -2 10 -10 -11 16 22 15 -15 17 18 19 -13 21 26 23 27 -25 -12 -21 -14 29 -3
right_child=2 4 -4 -5 -6 -7 -8 -9 9 11 25 12 13 14 -16 -17 -18 -19 -20 20 -22 -23 -24 24 -26 -27 -28 -29 -30 -31
leaf_value=0.050735821418337858 -0.10236188034569767 -0.094329504914244217 0.050565359213968125 0.045151440119832457 0.043315208012870941 0.034766487670962291 0.022424110956775774 -0.074623862850714429 -0.40335527807350768 0.03839998723246927 0.051231865162231133 -0.071809941892240228 0.047084078984903001 -0.060816076197197179 -0.16874164955227003 0.037761988459593748 -0.066739256210049544 -0.077081029037279078 0.038380204591271068 -0.051611430064010623 0.037530734245932049 -0.063266373355785888 0.051550579345656766 0.010805367731106809 -0.068433657948795759 -0.069417716699611776 0.0052616677719197974 0.014959706042405202 -0.0307103583504253 0.013090800277817644
leaf_weight=31.792820274829865 0.58705185554572281 0.66951933565724431 7.1402770578861228 8.6406339071691018 20.511689305305481 22.049374997615814 24.440873494371772 1.8444670289754856 0.12184188462560941 6.6787904340890227 0.66928052902221713 3.9811614969221401 8.2332352231605963 2.8862884275149536 1.1846366534009574 4.2904652999714017 3.6646640657272647 1.843248277902602 9.7953888699412328 1.809248578007099 5.1419356518308623 3.4267654726281753 8.2909566164016706 2.1567808751133262 2.0094248417881317 1.3401926221558822 45.736105464005959 13.530910352943463 3.3418417246430172 28.903391366300639
leaf_count=78 32 109 15 18 48 46 55 16 20 217 1 1184 21 110 18 24 156 9 11 414 52 38 10 48 130 183 4055 54 87 741
internal_value=0.0189636 0.0324481 0.010427 0.00866124 0.0247448 0.0178146 0.00660937 0.00361821 0.00475117 0.00524711 -0.0506214 0.00620229 0.00437962 0.0162004 -0.0255237 -0.00188334 -0.00229636 0.000995826 0.00305497 -0.00270296 0.00220002 -0.00136405 0.0263949 0.0183517 -0.0274128 -0.0292338 0.00309747 0.0271121 0.00645862 0.0106588
internal_weight=276.713 107.269 169.445 162.304 75.4758 54.9641 153.664 129.223 127.378 126.791 2.13132 124.66 117.981 42.5827 8.36139 7.17675 75.3985 71.7339 69.8906 60.0952 56.1141 50.9721 34.2213 25.9304 4.16621 2.00947 47.5454 21.7641 32.9148 29.5729
internal_count=8000 1109 6891 6876 1031 983 6858 6803 6787 6755 204 6551 6334 415 152 134 5919 5763 5754 5743 4559 4507 263 253 178 184 4469 75 937 850
is_linear=0
shrinkage=0.05


Tree=83
num_leaves=31
num_cat=0
split_feature=3 6 3 7 7 7 0 8 1 4 4 8 4 5 5 5 8 7 2 6 6 8 5 1 4 2 1 8 5 8
split_gain=12.011 4.78172 4.72286 4.33007 8.93622 3.88517 7.73663 7.85031 4.97125 5.31277 4.00313 2.17507 2.85217 2.12082 2.27861 2.01111 2.13283 4.92521 3.83855 1.94849 6.83248 9.57442 4.80907 4.23239 2.61691 2.56782 6.29047 3.73473 3.25143 5.57078
threshold=1386.5000000000002 8.5500000000000025 2651.0000000000005 7617.3650000000007 7530.4800000000005 8982.2450000000008 1.0000000180025095e-35 11112.650000000001 302.05000000000007 61.150000000000013 58.550000000000004 11112.650000000001 48.550000000000004 234.50000000000003 233.50000000000003 208.50000000000003 10823.600000000002 7265.6950000000006 310.95000000000005 9.6500000000000004 10.050000000000002 8591.8000000000011 39.500000000000007 300.75000000000006 13.750000000000002 310.65000000000003 298.85000000000008 8433.3000000000011 216.50000000000003 2186.6500000000005
decision_type=2 2 2 2 2 2 2 2 2 2 2 2 2 2 2 2 2 2 2 2 2 2 2 2 2 2 2 2 2 2
left_child=1 -1 3 4 11 6 7 10 9 -8 15 12 13 14 19 16 17 18 -3 -2 21 -21 24 25 -22 26 28 -27 29 -24
right_child=2 5 -4 -5 -6 -7 8 -9 -10 -11 -12 -13 -14 -15 -16 -17 -18 -19 -20 20 22 -23 23 -25 -26 27 -28 -29 -30 -31
leaf_value=0.047644900522136352 0.011146627941421895 0.032819960364828253 0.050483401228546332 0.03074043668365355 -0.17542903683783392 0.043753387094468958 -0.075849932430412575 0.05100906921972384 0.021559779175397108 0.0034804567661792791 -0.070423251706584561 0.051580090815559414 -0.068778211157063091 -0.058180851937022285 0.052746044960529863 -0.018958925244950409 0.045936604338007482 -0.06516782074628516 -0.061897627234868191 -0.08369315550073933 -0.28795503232005265 0.026016202598097261 0.044991458223921824 -0.073689638548464942 -0.062610421102558794 0.030134855994668815 -0.061583030096538552 -0.067296316999659475 0.033362233059597388 -0.021421669125453888
leaf_weight=31.471846107393503 66.677513437804009 9.7192851177242208 6.8027933929115525 18.283554804278538 0.68420199968386342 19.793503507971764 4.4609189600741939 20.653478443622589 5.8693602538551195 4.0055026686750352 1.4899763096764207 2.5376595854759207 1.3024441743036721 1.2911874018609513 2.5789602398872367 3.7979876250028601 5.861238330602645 1.882740703789749 1.2019391795620311 5.3339702040248067 0.14348798990249534 3.1708989596227184 4.3108912157476977 1.530398835428058 1.2616140327882019 18.274596093891891 3.4915946240653275 1.0395138717722137 9.3899970697239024 11.80190250452142
leaf_count=87 2626 220 15 361 74 42 336 38 59 34 88 3 210 12 2 13 7 236 60 718 1 29 190 134 494 411 303 24 23 1150
internal_value=0.0184713 0.0311716 0.00971827 0.00790698 0.00481044 0.0245869 0.0181506 0.02842 -0.013803 -0.0383184 0.0089427 0.00572981 0.00484566 0.00558161 0.00621979 0.014207 0.0209556 0.00952012 0.0223958 0.00527071 -0.0012866 -0.0427898 0.00560162 0.00817349 -0.0856224 0.0107669 0.00135837 0.024891 0.0099757 -0.00365319
internal_weight=270.115 110.208 159.907 153.104 134.821 78.7359 58.9424 44.6066 14.3358 8.46642 23.9532 134.137 131.599 130.297 129.005 22.4632 18.6652 12.804 10.9212 126.426 59.7489 8.50487 51.244 49.8389 1.4051 48.3085 28.9944 19.3141 25.5028 16.1128
internal_count=8000 1220 6780 6765 6404 1133 1091 662 429 370 624 6330 6327 6117 6105 536 523 516 280 6103 3477 747 2730 2235 495 2101 1666 435 1363 1340
is_linear=0
shrinkage=0.05


Tree=84
num_leaves=31
num_cat=0
split_feature=3 6 3 7 4 8 2 6 8 5 4 3 3 3 4 1 5 4 3 5 2 4 7 7 4 6 5 2 2 7
split_gain=11.6484 6.02479 4.4601 4.5123 3.67389 3.94034 2.63599 2.55586 2.63439 2.75853 2.37287 2.15029 2.02763 1.79471 6.00111 5.75903 6.58396 3.44189 2.23188 1.707 1.68485 4.35213 7.46979 4.95984 4.57436 4.63966 4.04888 3.63368 3.61929 3.21268
threshold=1380.5000000000002 8.5500000000000025 2651.0000000000005 8982.2450000000008 65.000000000000014 11112.650000000001 308.15000000000003 7.7500000000000009 10129.500000000002 214.50000000000003 48.550000000000004 1376.5000000000002 1372.5000000000002 1356.5000000000002 63.050000000000004 302.15000000000003 208.50000000000003 47.750000000000007 1345.5000000000002 234.50000000000003 310.95000000000005 35.95000000000001 6199.1450000000013 6692.5850000000009 33.050000000000004 9.2500000000000018 214.50000000000003 310.85000000000008 310.75000000000006 5102.3550000000005
decision_type=2 2 2 2 2 2 2 2 2 2 2 2 2 2 2 2 2 2 2 2 2 2 2 2 2 2 2 2 2 2
left_child=1 -1 3 7 5 6 -3 -2 10 -10 19 12 13 14 15 16 18 -15 -8 20 27 24 -23 26 25 -22 -24 28 29 -9
right_child=2 4 -4 -5 -6 -7 11 8 9 -11 -12 -13 -14 17 -16 -17 -18 -19 -20 -21 21 22 23 -25 -26 -27 -28 -29 -30 -31
leaf_value=0.05066687743362383 -0.078628727479682956 -0.094957910761214001 0.050400149136575173 0.044626937542966719 0.04247219342263174 0.033870377569032668 0.034094630739038838 0.022009575169555366 -0.0030047421935481284 0.036899657183972583 -0.050807871281661122 0.040773653082483291 -0.062422581174991755 -0.070664927099947997 -0.17159336765161862 -0.065937800977821412 -0.11326824662889504 0.02766571118755641 -0.066212657805376052 -0.058139161458430039 -0.087727899400359272 -0.082600031131126836 0.031403186783632929 -0.056345130032628588 0.038298793029001132 0.0040594907289514433 -0.066128214487231649 0.037112545372112948 -0.073628052336575253 0.00015134015704562569
leaf_weight=28.892423272132874 0.884628427476854 0.63604834438592917 6.4814395736902943 8.0118231587111932 18.968292385339737 20.565967053174973 9.2279919939173869 24.199545905648847 6.4708316007163402 13.095880486071108 1.944361733883851 4.2832452702277797 1.146565941045991 0.96821956848725577 0.53066056687384922 2.6642267293646009 0.89949386753141958 11.006836122192906 0.59001343787531446 1.066469084471463 1.6470502679148946 3.9894602783606379 7.1484674983075802 3.1906302394345394 8.8563518504961376 8.3897228087298554 1.2502132086083291 10.176459108362904 1.4229842966378772 55.053955393508659
leaf_count=78 35 109 15 18 48 46 317 677 40 26 610 63 59 59 15 66 9 141 99 10 207 272 326 327 201 353 12 166 179 3417
internal_value=0.017995 0.0313987 0.00975478 0.00807466 0.0236113 0.0167993 0.00581193 0.00610641 0.00661323 0.023703 0.00400763 0.00785855 0.00264351 0.00552531 -0.00668876 -0.000149362 0.0162048 0.0197154 0.0280667 0.00485089 0.00538691 -0.0040248 -0.0235895 -0.00327597 0.0121078 -0.011003 0.0168848 0.00895795 0.00540656 0.00682561
internal_weight=263.66 100.38 163.28 156.799 71.4876 52.5193 31.9533 148.787 147.902 19.5667 128.336 31.3173 27.034 25.8874 13.9124 13.3817 10.7175 11.9751 9.81801 126.391 125.325 34.4719 15.5788 11.5893 18.8931 10.0368 8.39868 90.8529 80.6765 79.2535
internal_count=8000 1109 6891 6876 1031 983 937 6858 6823 66 6757 828 765 706 506 491 425 200 416 6147 6137 1698 937 665 761 560 338 4439 4273 4094
is_linear=0
shrinkage=0.05


Tree=85
num_leaves=31
num_cat=0
split_feature=3 6 3 7 8 7 0 6 8 4 8 5 5 2 3 2 8 0 8 8 4 5 5 1 8 8 7 4 8 5
split_gain=11.181 5.97447 4.29759 4.31076 3.62415 3.9237 7.38105 7.10362 6.07348 3.62025 3.14045 2.56806 3.97598 2.565 5.27563 2.89157 2.9188 8.0489 13.0985 5.66785 5.07888 4.10975 5.06482 7.46739 2.72948 2.69678 3.90836 2.41908 2.41677 3.01971
threshold=1380.5000000000002 8.5500000000000025 2651.0000000000005 8982.2450000000008 12337.600000000002 8982.2450000000008 1.0000000180025095e-35 9.5500000000000025 11112.650000000001 58.550000000000004 6283.0500000000002 224.50000000000003 222.50000000000003 307.55000000000007 1413.5000000000002 307.85000000000008 8232.5500000000011 1.0000000180025095e-35 10823.600000000002 7822.8500000000013 45.850000000000001 218.50000000000003 215.50000000000003 298.35000000000008 7772.3000000000011 10823.600000000002 6724.505000000001 46.45000000000001 7129.1500000000005 212.50000000000003
decision_type=2 2 2 2 2 2 2 2 2 2 2 2 2 2 2 2 2 2 2 2 2 2 2 2 2 2 2 2 2 2
left_child=1 -1 3 11 5 6 8 10 9 -3 -8 12 13 14 -2 -15 19 25 20 21 -19 22 23 -17 -25 26 -18 -28 -12 -30
right_child=2 4 -4 -5 -6 -7 7 -9 -10 -11 28 -13 -14 15 -16 16 17 18 -20 -21 -22 -23 -24 24 -26 -27 27 -29 29 -31
leaf_value=0.050633931169732797 -0.35977961644824014 0.012337353059913627 0.050315143264050691 0.044314022687778662 0.05088511955625951 0.041111294052655033 -0.058135289286684266 -0.071104497331160504 0.050902687801786986 -0.07037802822498139 0.050323749060006945 0.021155270708411441 -0.071750403156929307 0.037594972102472701 -0.030595423698390658 -0.071344109776178638 0.025929969149249554 -0.061257060453243486 -0.19153416221161906 -0.064976192312249215 0.025380003408608933 -0.074497930295375867 0.036611244329997766 -0.00088211519133678186 0.053650929622251313 0.051400167309978199 0.0096834441116833859 -0.067851854810765222 -0.067652674960917966 0.051734249371372013
leaf_weight=27.500754117965698 0.13010617176769246 19.432541294605475 6.1754924692213526 7.6735528707504264 10.03972467780113 14.412497669458388 1.4203003053698902 4.6328024996328168 12.39359876513481 1.4194654690218147 3.5511730881989934 23.157620433717966 1.7530520725995291 6.4495209515735032 1.8866910596552768 3.7587737638095851 20.936491489468612 2.6369762353133392 1.08827768266201 3.4931476585625196 4.7185337918053847 1.788867913186549 9.2693136036396009 51.966828806340345 2.4005616470822124 7.5244149565696707 2.0780578436097121 1.9499587036261798 1.2410098136315357 0.92401582002639759
leaf_count=78 21 470 15 18 21 33 79 254 25 86 13 55 16 218 184 1189 75 67 6 156 82 9 11 4559 17 10 48 135 49 1
internal_value=0.0174982 0.0309086 0.0094131 0.00777991 0.0230998 0.0184057 0.011136 -0.0228925 0.0231824 0.00670664 0.0084053 0.00587263 0.00301459 0.00408824 -0.0518315 0.00502759 0.00317878 0.0138577 -0.0296335 -0.00283571 -0.00567969 0.000301794 0.00228719 -0.00318643 0.00152576 0.025161 0.0172524 -0.0278513 0.0249386 -0.0166993
internal_weight=257.804 96.9679 160.836 154.661 69.4671 59.4274 45.0149 11.7693 33.2456 20.852 7.1365 146.987 123.83 122.077 2.0168 120.06 113.61 40.9327 8.44379 72.6775 7.35551 69.1843 67.3955 58.1262 54.3674 32.4889 24.9645 4.02802 5.7162 2.16503
internal_count=8000 1109 6891 6876 1031 1010 977 396 581 556 142 6858 6803 6787 205 6582 6364 423 155 5941 149 5785 5776 5765 4576 268 258 183 63 50
is_linear=0
shrinkage=0.05


Tree=86
num_leaves=31
num_cat=0
split_feature=4 7 7 6 7 0 8 8 7 2 3 4 5 3 8 8 8 2 7 2 1 3 4 4 6 4 4 4 5 5
split_gain=10.8734 5.60903 4.79211 4.34316 5.49476 8.4189 10.6417 9.04275 6.2471 6.2299 4.06811 3.94305 3.79879 3.30507 3.19858 3.10856 5.5611 5.3989 3.71447 2.90063 5.48743 2.6354 2.61835 3.07842 4.95597 3.71053 3.30088 5.09621 2.27936 2.91065
threshold=44.150000000000013 3534.8850000000007 6403.5300000000007 8.5500000000000025 8982.2450000000008 1.0000000180025095e-35 11112.650000000001 10326.900000000003 8316.7850000000017 308.25000000000006 1341.5000000000002 58.550000000000004 144.50000000000003 1380.5000000000002 10823.600000000002 10823.600000000002 9694.8000000000011 311.05000000000007 7319.5300000000007 310.65000000000003 298.55000000000007 1420.5000000000002 41.350000000000001 40.45000000000001 8.5500000000000025 39.050000000000004 38.850000000000001 37.95000000000001 209.50000000000003 130.50000000000003
decision_type=2 2 2 2 2 2 2 2 2 2 2 2 2 2 2 2 2 2 2 2 2 2 2 2 2 2 2 2 2 2
left_child=1 -1 12 13 5 6 9 10 -9 14 -7 15 -3 -2 -5 16 17 18 19 20 -11 -15 23 24 -14 26 27 -26 29 -12
right_child=3 2 -4 4 -6 7 -8 8 -10 11 28 -13 22 21 -16 -17 -18 -19 -20 -21 -22 -23 -24 -25 25 -27 -28 -29 -30 -31
leaf_value=0.03325409119183384 0.050601734959827518 -0.03732300927907798 -0.054126664255389902 -0.051177992972294986 0.042738141343530489 -0.05982535128951795 0.051010984177437206 -0.095193416674068929 -0.0073777299211786745 0.038353981418440028 0.017934042659457521 -0.068307353004866733 -0.065422559934622523 -0.025341914220558478 -0.25052758276142761 0.036610439169212972 -0.063675258019786726 -0.057314478779236448 -0.062327823473104199 0.044892333073137135 -0.071048083782385793 0.036974008272931333 -0.058759316388567032 0.03876223200054657 0.0075843831293550172 -0.060789599064141865 0.047363558306349418 -0.073803932780694192 0.050165170171674857 -0.0539974340121325
leaf_weight=15.316413622349499 25.468970775604248 5.497876359630026 3.8335115419758941 0.54961928157717821 23.678602784872055 1.7969372950319726 24.726294964551926 4.1179936427797639 3.9851035913452506 3.1458970108360615 10.231355252835785 1.4791343185934227 2.495627836440689 2.836097162711666 0.31742967665195465 11.142757266759871 2.6547818641993208 2.3533821215678463 1.1697381385165488 10.546504048281347 1.8031721720617495 4.2229080168763176 1.5529454630450334 6.8949851734214453 64.77041737223044 2.0095627943519494 4.9805639727856024 1.9822340444079589 4.4051874270662656 1.630461625609313
leaf_count=32 76 2850 885 190 57 159 47 40 12 138 510 85 92 48 2 16 75 304 309 83 280 62 71 48 1063 97 19 75 9 266
internal_value=0.0170525 0.00519572 0.000624732 0.0261649 0.0214084 0.0155395 0.0258769 -0.00811989 -0.0520057 0.00820254 0.0115663 0.0115489 0.00295208 0.042211 -0.124161 0.0151483 0.00411419 0.0135768 0.0235877 0.0300733 -0.00150619 0.0119373 0.00556676 0.00676838 0.00387486 0.00622005 0.00809728 0.00516754 0.0194526 0.00804673
internal_weight=251.596 109.334 94.0177 142.262 109.734 86.0557 59.8887 26.167 8.1031 35.1624 18.0639 34.2954 90.1842 32.528 0.867049 32.8162 21.6735 19.0187 16.6653 15.4956 4.94907 7.05901 84.6863 83.1334 76.2384 73.7428 71.7332 66.7527 16.267 11.8618
internal_count=8000 5232 5200 2768 2582 2525 1529 996 52 1482 944 1290 4315 186 192 1205 1189 1114 810 501 418 110 1465 1394 1346 1254 1157 1138 785 776
is_linear=0
shrinkage=0.05


Tree=87
num_leaves=31
num_cat=0
split_feature=3 6 3 7 8 7 0 6 8 4 8 5 5 8 5 2 3 2 8 0 8 8 8 5 5 1 8 8 7 8
split_gain=10.5443 5.6868 4.06155 3.9635 3.44902 3.50128 6.37735 6.31576 5.70986 3.1816 2.89376 2.33622 3.60886 2.22954 2.69654 2.21699 3.33914 2.70374 2.65194 7.29522 10.5417 5.19042 4.60316 3.81574 4.74123 7.05147 2.5938 2.5912 3.4166 2.50394
threshold=1380.5000000000002 8.5500000000000025 2651.0000000000005 8982.2450000000008 12337.600000000002 8982.2450000000008 1.0000000180025095e-35 9.5500000000000025 11112.650000000001 58.550000000000004 6283.0500000000002 224.50000000000003 222.50000000000003 7129.1500000000005 212.50000000000003 307.55000000000007 2267.5000000000005 307.85000000000008 8232.5500000000011 1.0000000180025095e-35 10823.600000000002 7822.8500000000013 9579.5000000000018 218.50000000000003 215.50000000000003 298.35000000000008 7772.3000000000011 10823.600000000002 6724.505000000001 10823.600000000002
decision_type=2 2 2 2 2 2 2 2 2 2 2 2 2 2 2 2 2 2 2 2 2 2 2 2 2 2 2 2 2 2
left_child=1 -1 3 11 5 6 8 10 9 -3 -8 12 15 -12 -15 16 29 -17 21 27 22 23 -21 24 25 -19 -27 28 -20 -2
right_child=2 4 -4 -5 -6 -7 7 -9 -10 -11 13 -13 -14 14 -16 17 -18 18 19 20 -22 -23 -24 -25 -26 26 -28 -29 -30 -31
leaf_value=0.050574596118379923 -0.067644207280193616 0.011541823593154487 0.050205063412056966 0.043702446444042857 0.050815405507926084 0.040151984586710952 -0.05729621479072388 -0.068814386533449692 0.050815231246482011 -0.069086080503434871 0.050054301898909907 0.020157715043273933 -0.0703926078716645 -0.066036246760436582 0.051566237179627689 0.036689263250580202 0.051091599634454178 -0.071439923619941323 0.024750702182820807 -0.059083059271449502 -0.16920088242725281 -0.064029181203033511 0.025463629767385761 -0.07301970377980864 0.035653268939608657 -0.0011955580628518838 0.053250829920027332 0.051282186179496772 -0.027051310179095834 -0.28785814933663834
leaf_weight=24.973189681768417 1.2829148042364971 18.678094305680141 5.6972667369991532 7.0807072483003131 9.2171758115291578 13.310237511992453 1.3330107833608034 4.3511813046861789 11.23131427168846 1.3092964937823115 3.3407101559569128 22.500164868310094 1.669833494350313 1.161421520271688 0.83994430303573597 6.1889884381380389 0.59633058309555043 3.5708236126956754 20.033232285582933 2.5527294737694302 1.1508798897266386 3.3223850144713643 4.358942468825262 1.7441359758377064 8.9911076277494413 51.228782823018264 2.285017622227314 6.9178090691566458 3.7843118998280252 0.14352613687515248
leaf_count=78 203 470 15 18 21 33 79 254 25 86 13 55 16 49 1 218 1 1189 75 111 6 156 38 9 11 4559 17 10 183 1
internal_value=0.016664 0.0303045 0.00877113 0.0071911 0.0224893 0.0177897 0.010744 -0.0219446 0.0222894 0.0062602 0.00860772 0.00537461 0.00259864 0.0250528 -0.0166802 0.00363022 -0.0482652 0.00453415 0.002724 0.0132396 -0.0290923 -0.00301074 -0.00576251 -2.1545e-05 0.00190532 -0.00341015 0.00112928 0.0243442 0.01652 -0.0898018
internal_weight=244.845 89.7456 155.1 149.403 64.7724 55.5552 42.245 11.0263 31.2187 19.9874 6.67509 142.322 119.822 5.34208 2.00137 118.152 2.02277 116.129 109.94 38.7979 8.06255 71.1423 6.91167 67.8199 66.0757 57.0846 53.5138 30.7354 23.8175 1.42644
internal_count=8000 1109 6891 6876 1031 1010 977 396 581 556 142 6858 6803 63 50 6787 205 6582 6364 423 155 5941 149 5785 5776 5765 4576 268 258 204
is_linear=0
shrinkage=0.05


Tree=88
num_leaves=31
num_cat=0
split_feature=4 7 7 6 7 0 8 8 7 2 3 8 4 3 8 8 2 7 3 2 1 3 5 3 5 5 3 1 4 8
split_gain=10.1642 5.20255 4.39467 4.01658 4.96969 7.41797 9.99329 7.91253 5.60862 5.24814 3.59737 3.51735 3.46491 3.24456 2.73792 5.16456 5.12409 3.44995 2.65739 2.62785 5.18451 2.41468 2.28798 2.37309 2.14033 2.61101 2.02976 4.4086 1.96711 1.89734
threshold=44.150000000000013 6403.5300000000007 3534.8850000000007 8.5500000000000025 8982.2450000000008 1.0000000180025095e-35 11112.650000000001 10326.900000000003 8316.7850000000017 308.45000000000005 1341.5000000000002 4198.5000000000009 58.550000000000004 1380.5000000000002 10823.600000000002 9694.8000000000011 311.05000000000007 7319.5300000000007 1428.5000000000002 310.65000000000003 298.55000000000007 1420.5000000000002 217.50000000000003 1378.5000000000002 209.50000000000003 130.50000000000003 1420.5000000000002 298.85000000000008 52.95000000000001 10823.600000000002
decision_type=2 2 2 2 2 2 2 2 2 2 2 2 2 2 2 2 2 2 2 2 2 2 2 2 2 2 2 2 2 2
left_child=1 2 -1 13 5 6 9 10 -9 29 -7 22 14 -2 15 16 17 19 -13 20 -11 28 23 -4 25 26 -12 -28 -15 -5
right_child=3 -3 11 4 -6 7 -8 8 -10 12 24 18 -14 21 -16 -17 -18 -19 -20 -21 -22 -23 -24 -25 -26 -27 27 -29 -30 -31
leaf_value=0.032233878751546395 0.05054383244403278 -0.054000119241571568 0.03665972676825479 -0.051048909837141269 0.041937744535817494 -0.058803571413733262 0.050921552659555884 -0.091495179424809697 -0.0067381273042007462 0.038694879479774721 0.033637470157345896 -0.0572207354936555 -0.067562071614060179 -0.072056531612640237 0.035568801892239758 -0.0634413101305248 -0.057037371928664093 -0.062629961100579723 0.0069293184265630543 0.044133513196995572 -0.070778012673575294 0.035915986560038894 0.029024527514672212 -0.055266261177074109 0.049821469377893869 -0.053659534234862277 0.043354954503467297 -0.068610314510644754 0.012521697449599771 -0.18848075138588108
leaf_weight=14.54963695257902 23.070953488349918 3.6460453615582074 0.80860537523403664 0.71189441424212307 21.820267308503389 1.6521363790670935 22.526816964149475 3.9234511357790316 3.8841056181117892 2.9676351710513762 6.4545357039314677 1.6481101286481123 1.3285609252052371 1.2197359940328163 10.576045766472818 2.4772536010132162 2.2532515016791868 1.0825761160085665 78.834434583113762 10.134244033019057 1.7016743481217416 4.088020908558974 1.3371353298425672 5.3285077160398941 4.0957028903067103 1.5054247470688995 1.7291809562011624 1.7885061394190414 1.5753733788151292 0.38801972568035126
leaf_count=32 76 885 13 262 57 159 47 40 12 109 283 119 75 33 16 73 304 287 1576 83 271 62 2 2605 9 266 89 138 15 2
internal_value=0.0162288 0.00469168 0.00677929 0.0254402 0.0207536 0.0150596 0.0251516 -0.00757613 -0.0493302 0.00788524 0.0113492 0.00256864 0.0115182 0.0415555 0.0148864 0.00427662 0.0135247 0.0235331 0.00561566 0.0298341 -0.00120121 0.0114282 -0.0302417 -0.0431544 0.0187915 0.00771869 0.0169845 -0.0135718 -0.0243867 -0.0995311
internal_weight=239.108 106.152 102.506 132.955 103.001 81.181 56.148 25.033 7.80756 33.6212 17.2255 87.9568 32.5212 29.9541 31.1927 20.6166 18.1394 15.8861 80.4825 14.8036 4.66931 6.88313 7.47425 6.13711 15.5734 11.4776 9.97222 3.51769 2.79511 1.09991
internal_count=8000 5232 4347 2768 2582 2525 1529 996 52 1482 944 4315 1218 186 1143 1127 1054 750 1695 463 380 110 2620 2618 785 776 510 227 48 264
is_linear=0
shrinkage=0.05


Tree=89
num_leaves=31
num_cat=0
split_feature=3 6 3 7 4 8 5 5 2 3 2 8 0 8 8 4 5 5 1 8 8 5 8 6 1 7 7 8 5 2
split_gain=9.84149 5.42073 3.83147 3.61804 3.30053 3.27683 2.05181 3.27203 1.98919 2.90795 2.51627 2.46456 6.73322 8.71691 4.86551 4.23352 3.55292 4.34964 6.67956 2.47923 6.08251 2.91412 2.76972 4.75671 3.52044 3.64552 2.93662 3.13198 3.19736 2.4821
threshold=1380.5000000000002 8.5500000000000025 2651.0000000000005 8982.2450000000008 65.000000000000014 11112.650000000001 224.50000000000003 222.50000000000003 307.55000000000007 2267.5000000000005 307.85000000000008 8232.5500000000011 1.0000000180025095e-35 10823.600000000002 7822.8500000000013 45.850000000000001 218.50000000000003 215.50000000000003 298.35000000000008 7581.3000000000011 7176.9500000000007 209.50000000000003 6881.8500000000013 11.250000000000002 304.25000000000006 3534.8850000000007 4667.3450000000003 5188.7500000000009 178.50000000000003 309.75000000000006
decision_type=2 2 2 2 2 2 2 2 2 2 2 2 2 2 2 2 2 2 2 2 2 2 2 2 2 2 2 2 2 2
left_child=1 -1 3 6 5 -3 7 8 9 -2 -10 14 -13 15 16 -14 17 18 -12 20 21 22 23 24 25 -20 -27 28 29 -28
right_child=2 4 -4 -5 -6 -7 -8 -9 10 -11 11 12 13 -15 -16 -17 -18 -19 19 -21 -22 -23 -24 -25 -26 26 27 -29 -30 -31
leaf_value=0.050519613014627165 -0.084384373651581024 0.0044977919529020013 0.050106660072919584 0.043042419740036614 0.041743146611024851 0.032379171626451715 0.018975764385750438 -0.068783354463556726 0.03582059555126936 0.051004322016190151 -0.071533607740123836 0.023660327177774432 -0.059951473277461857 -0.15340911515521821 -0.063394639724412005 0.024091021466931237 -0.071643840452025376 0.034472605261770248 0.037060791272876523 0.026206870742622956 -0.073124597161435823 -0.060346600019584688 0.042389579794241718 -0.076944645947122636 -0.21562146908579641 -0.060666665973719294 -0.052023916126241215 -0.051840008354061995 0.048976949671788096 0.0054661107956407058
leaf_weight=22.629883468151093 1.4185277699143615 28.057415572089667 5.2605256009846917 6.5271989405155173 15.475706420838831 16.877097606658936 21.927529595792294 1.5966503871604789 5.9449817729182532 0.55053412914276112 3.3891760122787664 29.481708481631358 2.339551323791965 1.1879533082246778 3.1982899516879106 4.1680289808427915 1.6982361525297154 8.7167828381061536 7.0240365117788306 8.1661801993614045 2.9511763327172948 1.8395025660283852 4.2059251203900194 1.9256665399298061 0.18169008358381589 2.0691262087275417 2.1321696633822382 2.478972304306807 3.8243368102121158 15.717058678426836
leaf_count=78 204 937 15 18 48 46 55 16 218 1 1189 268 67 6 156 82 9 11 12 89 129 27 112 414 10 331 767 731 26 1928
internal_value=0.0158389 0.0296474 0.00819048 0.00666622 0.0218286 0.0149698 0.00494734 0.00230025 0.00329053 -0.0465308 0.00416145 0.00239743 0.0127889 -0.0288596 -0.00315976 -0.00612324 -0.000254926 0.00162115 -0.00350109 0.00088947 -0.00377227 0.00117166 0.00403227 -0.000531068 0.00387092 0.00507046 -0.00349883 0.00139868 0.007488 -0.00140133
internal_weight=232.962 83.0401 149.922 144.661 60.4102 44.9345 138.134 116.206 114.61 1.96906 112.641 106.696 37.1772 7.69553 69.5183 6.50758 66.32 64.6218 55.905 52.5158 44.3497 41.3985 39.559 35.3531 33.4274 33.2457 26.2217 24.1525 21.6736 17.8492
internal_count=8000 1109 6891 6876 1031 983 6858 6803 6787 205 6582 6364 423 155 5941 149 5785 5776 5765 4576 4487 4358 4331 4219 3805 3795 3783 3452 2721 2695
is_linear=0
shrinkage=0.05


Tree=90
num_leaves=31
num_cat=0
split_feature=4 7 3 6 7 0 8 8 7 2 3 4 3 8 8 2 7 2 1 3 5 5 7 7 7 7 1 1 8 7
split_gain=9.28708 4.85147 4.03901 3.80292 4.59369 6.88039 9.5635 7.24165 5.12234 4.64391 3.43772 3.26019 3.14578 2.56299 4.84317 4.81079 3.22871 2.46847 4.84825 2.18201 2.00466 2.44756 1.97598 3.49611 2.20931 2.80961 2.12969 4.87532 15.0334 40.8489
threshold=44.150000000000013 6403.5300000000007 2651.0000000000005 8.5500000000000025 8982.2450000000008 1.0000000180025095e-35 11112.650000000001 10326.900000000003 8316.7850000000017 308.45000000000005 1341.5000000000002 58.550000000000004 1380.5000000000002 10823.600000000002 9694.8000000000011 311.05000000000007 7319.5300000000007 310.65000000000003 298.55000000000007 1420.5000000000002 209.50000000000003 130.50000000000003 6390.2850000000008 6297.9800000000005 6251.0150000000012 6208.3650000000007 300.55000000000007 300.95000000000005 2268.9500000000003 3534.8850000000007
decision_type=2 2 2 2 2 2 2 2 2 2 2 2 2 2 2 2 2 2 2 2 2 2 2 2 2 2 2 2 2 2
left_child=1 2 22 12 5 6 9 10 -9 -5 -7 13 -2 14 15 16 17 18 -11 -14 21 -12 23 24 25 26 -1 28 29 -28
right_child=3 -3 -4 4 -6 7 -8 8 -10 11 20 -13 19 -15 -16 -17 -18 -19 -20 -21 -22 -23 -24 -25 -26 -27 27 -29 -30 -31
leaf_value=0.0093573119995968481 0.050491556310241437 -0.053917332338243099 0.050016891492634358 -0.093483522402696598 0.041150311796601217 -0.058618181823174853 0.050852412631760796 -0.088881719711913179 -0.0071489880028992332 0.037587212757836726 0.016614102690009274 -0.06699679056202433 -0.023508404058445811 0.034726379395510314 -0.062892651217480597 -0.056800407269629288 -0.062460181096405692 0.043284479468097561 -0.070762285802234662 0.034716788935659902 0.04947040109866823 -0.053487071034759817 0.046925178350581576 -0.061198567411501786 0.031281283383812079 -0.074085159217459437 -1.5230874607742546 0.0024210869073414461 -0.03153984489600975 -0.050194747051700572
leaf_weight=50.609948683631956 20.896476924419407 3.4634231815143712 5.0127247143536797 1.1016434157208994 20.199334397912025 1.6059341303189345 20.834958434104919 3.8216573974641497 3.8463282966986299 2.8540890928125142 9.6654858746624068 1.2855910548532836 2.7108365563326506 10.161698952317236 2.3908825838007024 2.1610871566517735 1.0321440013358358 9.714225738658568 1.6176250993594292 3.9590217834920622 3.8468045727349809 1.4292787657468569 2.6012902722868594 2.0896415865863665 6.9583327104337505 1.1975443394039746 0.063500409945848157 24.656909788827761 5.6673519583418965 0.18197136506205425
leaf_count=2228 76 885 15 264 57 159 47 40 12 109 510 75 48 16 73 304 287 83 271 62 9 266 30 237 148 122 2 1238 199 128
internal_value=0.01541 0.00425142 0.0062856 0.0245504 0.0199173 0.0143739 0.0244379 -0.00771702 -0.0478839 0.0074093 0.010896 0.0109698 0.040949 0.0143185 0.00382893 0.0130079 0.0229213 0.0291335 -0.00160779 0.0110523 0.0183674 0.00758335 0.0039542 0.00273156 0.00422695 0.00194169 0.00306322 -0.007357 -0.0481323 -0.431213
internal_weight=227.638 102.503 99.0392 125.135 97.5688 77.3694 53.1539 24.2155 7.66799 32.319 16.5475 31.2173 27.5663 29.9318 19.7701 17.3792 15.2181 14.1859 4.47171 6.66986 14.9416 11.0948 94.0265 91.4252 89.3356 82.3772 81.1797 30.5697 5.91282 0.245472
internal_count=8000 5232 4347 2768 2582 2525 1529 996 52 1482 944 1218 186 1143 1127 1054 750 463 380 110 785 776 4332 4302 4065 3917 3795 1567 329 130
is_linear=0
shrinkage=0.05


Tree=91
num_leaves=31
num_cat=0
split_feature=3 6 3 4 8 7 0 6 8 5 5 8 3 4 4 2 7 5 7 6 1 8 0 7 4 0 8 8 2 4
split_gain=8.91657 5.30187 3.52687 3.40716 3.26066 3.13717 2.41627 6.71604 5.40233 2.5425 4.51952 3.45786 3.14463 3.36492 3.02272 3.17026 2.4196 2.1008 9.64128 2.66554 2.67389 3.4838 4.084 2.0954 5.46001 2.16952 6.76231 2.30403 4.6505 2.09732
threshold=1380.5000000000002 8.5500000000000025 2651.0000000000005 61.150000000000013 12337.600000000002 9263.0750000000025 1.0000000180025095e-35 9.5500000000000025 11112.650000000001 42.500000000000007 188.50000000000003 8498.5000000000018 1376.5000000000002 67.100000000000009 56.550000000000004 308.85000000000008 8635.0550000000021 77.500000000000014 8635.0550000000021 11.350000000000003 304.25000000000006 985.70000000000016 1.5000000000000002 6660.3400000000011 41.350000000000001 1.0000000180025095e-35 10326.900000000003 11112.650000000001 309.45000000000005 40.850000000000001
decision_type=2 2 2 2 2 2 2 2 2 2 2 2 2 2 2 2 2 2 2 2 2 2 2 2 2 2 2 2 2 2
left_child=1 -1 3 17 5 6 8 -8 9 -3 11 12 13 16 15 -12 -11 18 19 20 21 -2 -23 24 29 27 -27 28 -25 -19
right_child=2 4 -4 -5 -6 -7 7 -9 -10 10 14 -13 -14 -15 -16 -17 -18 23 -20 -21 -22 22 -24 25 -26 26 -28 -29 -30 -31
leaf_value=0.050470639820920649 0.028033245349135746 0.03925778549876837 0.049923244126501259 0.050448363657414452 0.050707227725643338 0.050613613577527729 0.019487827829283474 -0.057350344746525589 0.050677423117380382 -0.060629491976095608 0.034193227008361679 -0.10298857949975648 0.041451677053132074 0.050613880965080793 0.051427465028019648 -0.031902426206011761 -0.25021057526190804 0.0036107462753297522 -0.5025021622214797 -0.10152772721227961 -0.1866459385747492 -0.059592344368507605 0.031244154672703417 -0.069939286693655719 -0.057874447367527275 0.025758725500826647 -0.06419149404471812 0.051101365609625006 0.02435470800979124 0.039664034997409302
leaf_weight=20.525492995977402 5.1802573418972244 4.3816195028193823 4.7769734039902678 4.2254138160496941 7.8879676759243003 5.8067321181297293 8.2567046445474244 4.3378584001475238 9.3825652897357923 2.0690690417104669 3.1971405053045583 1.5391651348036246 1.551015075179748 0.68343567848205555 3.8279541730880737 4.1942408683244139 0.18320583831518877 83.507372242194833 0.10068483283976171 0.76210842547880098 0.19849895822699259 3.6746779242821503 1.8655914509145075 1.4347548713412894 3.5527912518882649 6.7671064481692138 3.022767199203372 6.5718851685523978 14.752918265556216 4.2385573390929485
leaf_count=78 833 114 15 13 21 17 147 255 25 297 11 64 28 2 5 39 6 2675 8 208 8 1286 157 270 400 446 24 11 462 75
internal_value=0.0150193 0.0286658 0.00767633 0.00623333 0.0208549 0.0160892 0.0114916 -0.00697701 0.0189927 0.00524668 -0.00339477 -0.0383212 -0.0161372 -0.0465629 0.0153642 -0.00331276 -0.0760505 0.00485585 -0.0153196 -0.0111204 -0.00481027 -0.00144344 -0.0290047 0.00677517 0.0028919 0.0176675 -0.00201473 0.0261336 0.0159972 0.0053523
internal_weight=222.457 77.8242 144.632 139.855 57.2987 49.4107 43.604 12.5946 31.0094 21.6268 17.2452 6.02589 4.48673 2.93571 11.2193 7.39138 2.25227 135.63 11.7818 11.6811 10.919 10.7205 5.54027 123.848 91.2987 32.5494 9.78987 22.7596 16.1877 87.7459
internal_count=8000 1109 6891 6876 1031 1010 993 402 591 566 452 397 333 305 55 50 303 6863 2500 2492 2284 2276 1443 4363 3150 1213 470 743 732 2750
is_linear=0
shrinkage=0.05


Tree=92
num_leaves=31
num_cat=0
split_feature=3 6 3 4 8 7 0 6 8 8 5 8 7 3 4 7 8 4 5 3 5 8 3 3 3 4 2 3 8 2
split_gain=8.61129 5.18084 3.38835 3.26915 3.16169 3.02701 2.26896 6.20151 5.19603 2.37193 3.75553 3.53704 2.62176 2.4789 3.59891 2.66093 2.00735 1.79274 1.58318 1.69447 4.30829 3.43256 9.06249 4.54544 4.32464 10.279 4.05796 3.98078 3.84857 3.34223
threshold=1380.5000000000002 8.5500000000000025 2651.0000000000005 61.150000000000013 12337.600000000002 9263.0750000000025 1.0000000180025095e-35 9.5500000000000025 11112.650000000001 2042.45 188.50000000000003 8498.5000000000018 7265.6950000000006 1376.5000000000002 65.850000000000009 8982.2450000000008 10129.500000000002 68.250000000000014 234.50000000000003 1660.5000000000002 228.50000000000003 7581.3000000000011 1554.5000000000002 1566.5000000000002 1418.5000000000002 60.850000000000001 308.25000000000006 1542.5000000000002 7383.9000000000005 311.75000000000006
decision_type=2 2 2 2 2 2 2 2 2 2 2 2 2 2 2 2 2 2 2 2 2 2 2 2 2 2 2 2 2 2
left_child=1 -1 3 16 5 6 8 -8 9 -3 11 13 -12 14 15 -11 18 -9 19 20 21 22 24 26 25 -2 -23 -28 -26 -21
right_child=2 4 -4 -5 -6 -7 7 17 -10 10 12 -13 -14 -15 -16 -17 -18 -19 -20 29 -22 23 -24 -25 28 -27 27 -29 -30 -31
leaf_value=0.050447478510481328 -0.050907585313881287 0.041001276885068376 0.049825131985641521 0.050397825917658103 0.050672311610320632 0.050583327698306826 0.018685695972604919 -0.06579629639714446 0.050643951413662125 -0.060084627855124577 -0.011514122607096245 -0.10053478339855376 0.037497964755894952 0.040663171589738062 0.03427681689639539 -0.28102001837041068 0.020842777911117993 0.050650112695547062 -0.058240875078528667 0.016192802699318828 -0.079888386028262787 -0.074181102916534 -0.062166360343634409 0.037470803374685183 0.012167976045636797 -0.67786986693292506 0.0078141214726836147 -0.077876180750129406 -0.077568236323164994 -0.05010470510769114
leaf_weight=19.533191964030266 1.5163385808045884 3.7819645509298487 4.5527230687439433 4.0232677217572919 7.5083068013191214 5.526757836341857 8.1825309691921557 3.8724341153720152 8.9307221770286542 1.9966894640674615 5.0551701390650106 1.4989274003892203 5.9282940488774329 1.5032629664056001 1.1566311195492742 0.14626657962799061 16.766007679281756 0.36137074232101429 1.0682996697723854 32.129776904475875 1.6940586194396008 1.7203405298641872 7.0282796011742894 10.930561869521624 22.403233741628359 0.068319864571094402 34.372383694528253 1.4109632389736351 1.2621362085046701 2.0205473478999911
leaf_count=78 571 100 15 13 21 17 147 254 25 313 33 64 22 28 5 1 69 1 10 1242 13 72 1446 32 2572 1 571 27 50 187
internal_value=0.0145802 0.0283037 0.00738263 0.00598661 0.0205031 0.0157781 0.0112429 -0.00673243 0.018683 0.00513419 -0.00271343 -0.0334819 0.01494 -0.0125553 -0.0368011 -0.0751645 0.00465708 -0.0558572 0.00235001 0.00290535 -0.000975568 0.000680717 -0.01195 0.00909831 0.00202753 -0.077938 0.00082906 0.00443529 0.00738211 0.0122702
internal_weight=217.95 74.9825 142.967 138.415 55.4493 47.941 42.4143 12.4163 29.9979 21.0672 17.2852 6.30178 10.9835 4.80285 3.29959 2.14296 134.391 4.2338 117.625 116.557 82.4066 80.7126 32.2783 48.4342 25.25 1.58466 37.5037 35.7833 23.6654 34.1503
internal_count=8000 1109 6891 6876 1031 1010 993 402 591 566 466 411 55 347 319 314 6863 255 6794 6784 5355 5342 4640 702 3194 572 670 598 2622 1429
is_linear=0
shrinkage=0.05


Tree=93
num_leaves=31
num_cat=0
split_feature=3 6 3 4 8 7 0 6 8 8 6 6 2 6 6 8 3 6 7 0 8 8 5 4 5 2 2 2 5 8
split_gain=8.27862 5.06982 3.25146 3.13402 3.06897 2.92301 2.12044 5.79622 5.01042 2.21124 3.53934 5.14788 4.0381 4.8782 1.92393 2.19838 2.99118 4.57519 4.27712 2.8496 6.585 2.29963 2.30726 1.68199 1.57023 1.47705 1.41627 2.5443 3.5663 2.72109
threshold=1380.5000000000002 8.5500000000000025 2651.0000000000005 61.150000000000013 12337.600000000002 9263.0750000000025 1.0000000180025095e-35 9.5500000000000025 11112.650000000001 2042.45 11.050000000000002 9.8500000000000032 308.95000000000005 9.0500000000000025 7.7500000000000009 9579.5000000000018 1418.5000000000002 10.950000000000001 8982.2450000000008 1.0000000180025095e-35 10326.900000000003 10326.900000000003 207.50000000000003 68.250000000000014 234.50000000000003 309.65000000000003 313.65000000000003 312.05000000000007 19.500000000000004 79.300000000000011
decision_type=2 2 2 2 2 2 2 2 2 2 2 2 2 2 2 2 2 2 2 2 2 2 2 2 2 2 2 2 2 2
left_child=1 -1 3 14 5 6 8 -8 9 -3 11 12 -11 -14 -2 16 17 18 -16 21 -21 22 -17 -9 26 -15 27 28 -18 -29
right_child=2 4 -4 -5 -6 -7 7 23 -10 10 -12 -13 13 25 15 19 24 -19 -20 20 -22 -23 -24 -25 -26 -27 -28 29 -30 -31
leaf_value=0.050425462538472937 -0.071771691897525108 0.0402028473912504 0.049721940421327854 0.0503468697886486 0.050639137819253027 0.050554557517437405 0.017906643591097258 -0.064933560172459034 0.050612152431765658 0.046967483970515561 0.029692650282598643 -0.10634552999603318 -0.0044462971187923294 -0.17194314189717774 -0.060766481422575874 0.029815533827848673 -0.080210662254724674 0.034109822058589083 -0.36876781785437251 0.038607087965522091 -0.061473301178878725 0.042241358672401974 -0.058421325153740766 0.050618003959675299 -0.057790954597804756 -0.067964993547733651 0.052700208666056417 0.045788924199771805 0.0061110572504811294 -0.068029448662945677
leaf_weight=18.588453754782677 0.82222532966988993 3.6671706549823346 4.3394492827355853 3.830827265046536 7.1466832160949698 5.2601312994956961 8.1134082169737649 3.731270811003923 8.5003685057163221 2.6523503483331314 5.6523499859322319 1.4609854550944863 5.7375101483485196 0.54547974822344236 2.9444469602603927 1.7991150397865596 1.2110570548829844 1.4967370258673325 0.11720292270183552 3.5652777572977348 3.0493849785998464 11.543938990449531 1.2595223654061554 0.34395903348922718 1.0239088907837857 0.91356787070981227 1.4978489290515415 0.6816502752117225 99.628918550763046 2.2867473733786028
leaf_count=78 35 100 15 13 21 17 147 254 25 55 99 142 58 26 563 39 545 158 1 27 24 32 26 1 10 86 5 9 4897 492
internal_value=0.0141622 0.0279182 0.00711221 0.00576018 0.0201308 0.0154498 0.0109808 -0.00652987 0.0183077 0.00499656 -0.0026149 -0.0187613 -0.00576902 -0.0252055 0.00447524 0.0049498 0.00212842 -0.0375332 -0.0725571 0.0196953 -0.00753036 0.0320279 -0.0065197 -0.0551807 0.00382872 -0.106838 0.00442786 0.00373134 0.00507436 -0.0418927
internal_weight=213.412 72.3137 141.098 136.759 53.7252 46.5786 41.3184 12.1886 29.1298 20.6294 16.9622 11.3099 9.84891 7.19656 132.928 132.106 110.889 4.55839 3.06165 21.2172 6.61466 14.6026 3.05864 4.07523 106.33 1.45905 105.306 103.808 100.84 2.9684
internal_count=8000 1109 6891 6876 1031 1010 993 402 591 566 466 367 225 170 6863 6828 6680 722 564 148 51 97 65 255 5958 112 5948 5943 5442 501
is_linear=0
shrinkage=0.05


Tree=94
num_leaves=31
num_cat=0
split_feature=3 6 3 7 8 7 0 8 8 8 5 8 4 3 4 5 5 5 5 2 3 2 3 1 7 5 1 1 5 3
split_gain=7.95487 4.9659 3.11988 3.03509 2.9811 2.82408 1.97773 5.43861 4.8358 2.05997 3.33332 3.05473 2.38674 2.28277 3.19781 1.79718 2.83261 1.78215 2.4916 1.72632 2.6043 2.421 1.701 1.62325 1.54269 7.19606 1.90333 3.2853 3.23291 3.11343
threshold=1380.5000000000002 8.5500000000000025 2651.0000000000005 8982.2450000000008 12337.600000000002 9263.0750000000025 1.0000000180025095e-35 10326.900000000003 11112.650000000001 2042.45 188.50000000000003 8498.5000000000018 53.550000000000004 1376.5000000000002 65.850000000000009 224.50000000000003 222.50000000000003 221.50000000000003 220.50000000000003 307.55000000000007 2267.5000000000005 307.85000000000008 1305.5000000000002 297.25000000000006 8145.2450000000017 200.50000000000003 303.35000000000008 302.75000000000006 19.500000000000004 1522.5000000000002
decision_type=2 2 2 2 2 2 2 2 2 2 2 2 2 2 2 2 2 2 2 2 2 2 2 2 2 2 2 2 2 2
left_child=1 -1 3 15 5 6 8 22 9 -3 11 13 -12 14 -11 16 17 18 19 20 -2 -21 -8 -23 26 -26 27 28 -25 -28
right_child=2 4 -4 -5 -6 -7 7 -9 -10 10 12 -13 -14 -15 -16 -17 -18 -19 -20 21 -22 23 -24 24 25 -27 29 -29 -30 -31
leaf_value=0.050404540196678477 -0.082058189895383424 0.039374828061629369 0.049613002786286747 0.041819743950220832 0.050607619266881169 0.050527216917684685 -0.034358458643484649 -0.057576304886842761 0.050581943143191838 -0.072504193830954258 -0.0057644413527043427 -0.094872781498467257 0.04225379751590793 0.039998298649876335 0.034028377266971485 0.017570175974367355 -0.067089129289359548 0.039180596493698171 -0.069140348023039672 0.035118950027515847 0.050921311111693991 -0.055108362366724423 0.025975300307765417 -0.077922517046982678 0.0089173083695051249 -0.19648021065673282 0.039938095254619312 -0.062816897782873568 0.0033640912274744412 -0.033218090087375987
leaf_weight=17.689038887619972 1.3469750670628844 3.5598353532259415 4.136650849133729 5.5270639806985846 6.8022624850273123 5.0062309801578513 1.4042122229002396 3.6142125439073416 8.090507894754408 2.0567929081589713 6.185368267586453 1.470265175346867 4.4492834467673674 1.4432573677622711 1.0713207647204397 20.508380675688386 1.4873801483772684 3.1934050568379453 1.2417940478771914 5.5403203178138929 0.50667542219161976 1.2663256106316101 6.950997869069397 1.2421423734122061 1.8939468073076562 0.55033644288778294 7.0715838909964059 1.995211701694642 80.189613585571351 1.8309379276106481
leaf_count=78 204 100 15 18 21 17 64 30 25 314 42 64 13 28 5 55 16 9 13 218 1 202 308 556 95 5 207 180 4870 227
internal_value=0.0137328 0.0275145 0.00683904 0.00553216 0.0197435 0.0151092 0.010709 -0.00633158 0.0179094 0.00484681 -0.00252377 -0.0321819 0.0143252 -0.0120189 -0.0360188 0.00398776 0.00144056 0.0023855 0.00126297 0.00210821 -0.0457097 0.0029808 0.0158354 0.00112682 0.00187821 -0.0373285 0.00291615 0.000571054 0.00212416 0.0248924
internal_weight=209.322 69.7936 139.529 135.392 52.1045 45.3023 40.2961 11.9694 28.3266 20.2361 16.6763 6.04164 10.6347 4.57137 3.12811 129.865 109.357 107.869 104.676 103.434 1.85365 101.58 8.35521 96.0401 94.7738 2.44428 92.3295 83.427 81.4318 8.90252
internal_count=8000 1109 6891 6876 1031 1010 993 402 591 566 466 411 55 347 319 6858 6803 6787 6778 6765 205 6560 372 6342 6140 100 6040 5606 5426 434
is_linear=0
shrinkage=0.05


Tree=95
num_leaves=31
num_cat=0
split_feature=3 6 7 1 7 7 7 8 5 7 8 3 6 2 5 8 6 7 4 3 4 4 2 6 8 1 3 4 8 7
split_gain=7.68338 3.64564 3.06322 3.36657 3.29876 4.72515 2.83525 2.69068 2.32374 1.90407 3.05993 3.09676 4.35606 2.1372 1.89782 1.88336 1.7716 3.69545 1.74924 5.06333 2.32335 4.98564 2.4305 7.31153 5.73196 8.66104 3.26903 5.66406 2.86235 4.4928
threshold=1386.5000000000002 8.5500000000000025 3534.8850000000007 296.85000000000008 7617.3650000000007 7367.7450000000008 9263.0750000000025 11112.650000000001 234.50000000000003 7297.0950000000012 4198.5000000000009 1420.5000000000002 11.050000000000002 309.95000000000005 20.500000000000004 3553.8500000000004 9.0500000000000025 7778.8000000000002 23.650000000000002 1737.5000000000002 31.050000000000004 33.050000000000004 311.75000000000006 10.950000000000001 7581.3000000000011 296.95000000000005 1566.5000000000002 37.45000000000001 8377.4000000000033 7145.1900000000014
decision_type=2 2 2 2 2 2 2 2 2 2 2 2 2 2 2 2 2 2 2 2 2 2 2 2 2 2 2 2 2 2
left_child=1 -1 -2 -4 5 9 7 -3 -7 10 11 14 -13 15 -5 -14 17 -6 -12 20 -20 -22 23 24 25 -23 27 -26 -24 -30
right_child=2 6 3 4 16 8 -8 -9 -10 -11 18 12 13 -15 -16 -17 -18 -19 19 -21 21 22 28 -25 26 -27 -28 -29 29 -31
leaf_value=0.046113124624860946 0.029834327982877735 0.0071801007664846197 -0.072523142119724757 0.051164732081596415 0.045216498689228404 -0.068961738750034765 0.050498364872210239 0.03238452477015219 -0.28023929585618496 0.041469019630282572 0.03248354786095968 -0.05830031313574701 0.042797886349068961 -0.05566213539528278 -0.050501998759959157 -0.092160004625301106 0.037171052564349931 -0.085083768679013655 0.022950492311109467 -0.06694685117377501 -0.065391336776028666 0.05353943939595758 0.037543720159220223 -0.061601005766988952 -0.074781042473508114 -0.066963819298680671 0.037204067937894089 0.010623078809408456 -0.062210572448846396 0.050906411349813219
leaf_weight=17.814521728083491 12.453962221741675 31.265432961066836 1.4280183936643869 2.0078395497403103 1.2380830077454441 1.1602157507004438 6.6877381801605216 16.011612311005592 0.14658562839031208 3.1218432727036989 5.4828467934275968 6.4627279406849976 2.6633074715500706 0.97589282106491726 0.5950687100412323 0.28629809390986327 10.600353713118237 0.97084160713711742 15.427750061091499 2.4868214303860432 2.6805005765345404 2.0402927857358 9.615790215553714 4.5008355921891043 2.0992029346525696 5.539813416195102 10.261543137312399 25.822057427983964 2.0901933136628936 1.5133816012530585
leaf_count=87 32 1054 219 47 25 228 24 55 1 77 28 2426 268 372 176 35 285 41 223 116 185 8 216 458 12 940 20 295 40 7
internal_value=0.0133059 0.026501 0.00622037 0.00379427 0.00470405 0.00183297 0.0200267 0.0157162 -0.092661 0.00300152 0.00183051 -0.0208467 -0.0330663 0.0084775 0.027922 0.0296984 0.0286827 -0.0120516 0.00511992 0.0033355 0.00547763 0.00140339 0.00422372 -0.000793546 0.00518694 -0.0345287 0.0130713 0.00420214 0.0233008 -0.0147052
internal_weight=205.451 71.7793 133.672 121.218 119.79 106.981 53.9648 47.277 1.3068 105.674 102.552 12.9911 10.3882 3.9255 2.60291 2.94961 12.8093 2.20892 89.561 84.0782 81.5914 66.1636 63.4831 50.2637 45.7629 7.58011 38.1828 27.9213 13.2194 3.60357
internal_count=8000 1220 6780 6748 6529 6178 1133 1109 229 5949 5872 3324 3101 675 223 303 351 66 2548 2520 2404 2181 1996 1733 1275 948 327 307 263 47
is_linear=0
shrinkage=0.05


Tree=96
num_leaves=31
num_cat=0
split_feature=4 7 7 6 7 0 8 8 7 2 8 3 3 4 3 3 8 8 2 7 2 1 5 5 5 3 1 7 7 4
split_gain=7.15414 4.12978 3.25807 3.14454 3.87274 5.51875 8.09848 5.65993 3.97685 3.96807 3.03901 3.00255 2.91362 2.385 2.19383 1.98571 1.94718 4.36432 4.11056 2.72087 2.09415 4.24149 1.94433 1.85643 2.19983 1.69806 3.77778 1.65199 2.79333 2.8728
threshold=44.150000000000013 6403.5300000000007 3534.8850000000007 8.5500000000000025 8982.2450000000008 1.0000000180025095e-35 11112.650000000001 10326.900000000003 8316.7850000000017 308.45000000000005 4198.5000000000009 1341.5000000000002 1380.5000000000002 58.550000000000004 1428.5000000000002 1420.5000000000002 10823.600000000002 9694.8000000000011 311.05000000000007 7319.5300000000007 310.65000000000003 298.55000000000007 217.50000000000003 209.50000000000003 130.50000000000003 1420.5000000000002 298.85000000000008 6390.2850000000008 6297.9800000000005 40.45000000000001
decision_type=2 2 2 2 2 2 2 2 2 2 2 2 2 2 2 2 2 2 2 2 2 2 2 2 2 2 2 2 2 2
left_child=1 2 -1 12 5 6 9 11 -9 -5 22 -7 -2 16 -12 -14 17 18 19 20 21 -11 -4 24 25 -13 -27 28 29 -16
right_child=3 -3 10 4 -6 7 -8 8 -10 13 14 23 15 -15 27 -17 -18 -19 -20 -21 -22 -23 -24 -25 -26 26 -28 -29 -30 -31
leaf_value=0.029142242345611375 0.050364755369116956 -0.053581924770231229 -0.044811588190592173 -0.091046742164176853 0.039322795885563359 -0.058091806976654052 0.05066534896162557 -0.083715316856277033 -0.0081572648894198303 0.036814812650449551 -0.05695547139644376 0.030882688357919436 -0.025208996691579711 -0.062544286364545842 0.0024389219906375235 0.033500701938919443 0.032062307498328078 -0.0620922448784237 -0.055832348738538186 -0.060481110205131319 0.042311547839732684 -0.069867462042596487 0.025739884410278715 0.048909613847785638 -0.053343044621746161 0.041797565586840467 -0.068211835963748996 0.047010332727952381 -0.062345071480062735 0.039216802032511509
leaf_weight=12.120803408324717 15.584187313914301 3.1122707751201224 5.2292106197637613 1.0082677592581628 16.430397555232048 1.503673845007145 16.123860955238342 3.444595737673807 3.5221844594925642 2.6135908484429899 1.4381617596227432 5.8125633693634864 2.4571360416011876 1.0904429407819396 63.065516269562067 3.480102891131537 8.8506952077150327 2.2277351327356874 1.9162293632980425 0.9236421505193001 8.6458541597821732 1.4478116809477795 1.200810372829437 3.3144452599808565 1.3605255350048526 1.5162280873919374 1.6080664429464375 2.310250144742894 1.549666501872706 5.7978670854354268
leaf_count=32 76 885 2618 264 57 159 47 40 12 109 119 283 48 75 1411 62 16 73 304 287 83 271 2 9 266 89 138 16 109 40
internal_value=0.0129473 0.00307136 0.00497316 0.0219704 0.0175714 0.0122318 0.0223064 -0.00822928 -0.0455155 0.00638767 0.00133818 0.00895608 0.0390094 0.00993219 0.00419714 0.0092036 0.0129004 0.00335912 0.0127376 0.0223771 0.0283998 -0.00121536 -0.0316361 0.0163627 0.00588679 0.0149038 -0.014824 0.00540648 0.00404146 0.00553539
internal_weight=200.707 95.8246 92.7123 104.882 83.3608 66.9304 44.8481 22.0823 6.96678 28.7243 80.5915 15.1155 21.5214 27.716 74.1615 5.93724 26.6256 17.7749 15.5471 13.6309 12.7073 4.0614 6.43002 13.6118 10.2974 8.93686 3.12429 72.7233 70.413 68.8634
internal_count=8000 5232 4347 2768 2582 2525 1529 996 52 1482 4315 944 186 1218 1695 110 1143 1127 1054 750 463 380 2620 785 776 510 227 1576 1560 1451
is_linear=0
shrinkage=0.05


Tree=97
num_leaves=31
num_cat=0
split_feature=4 7 3 8 6 7 0 8 8 2 3 3 4 3 8 8 2 7 2 1 5 5 7 7 4 3 7 4 3 3
split_gain=6.85634 3.89542 3.10437 3.01345 3.5808 3.46286 6.15711 12.6406 6.76383 3.7176 2.83966 2.82269 2.24326 1.81907 1.80388 4.10869 3.86847 2.55545 1.95524 3.98401 1.77057 2.07049 1.63255 2.94888 1.84287 3.73208 3.97148 7.48183 2.53217 2.06594
threshold=44.150000000000013 6403.5300000000007 2651.0000000000005 12337.600000000002 8.5500000000000025 8982.2450000000008 1.0000000180025095e-35 10326.900000000003 11112.650000000001 308.45000000000005 1380.5000000000002 1341.5000000000002 58.550000000000004 1420.5000000000002 10823.600000000002 9694.8000000000011 311.05000000000007 7319.5300000000007 310.65000000000003 298.55000000000007 209.50000000000003 130.50000000000003 6390.2850000000008 6297.9800000000005 40.45000000000001 1507.5000000000002 5909.9600000000009 37.650000000000013 1445.5000000000002 1524.5000000000002
decision_type=2 2 2 2 2 2 2 2 2 2 2 2 2 2 2 2 2 2 2 2 2 2 2 2 2 2 2 2 2 2
left_child=1 2 22 4 10 6 8 11 9 -6 -2 -8 14 -12 15 16 17 18 19 -11 21 -13 23 24 25 26 27 -1 -26 -27
right_child=3 -3 -4 -5 5 -7 7 -9 -10 12 13 20 -14 -15 -16 -17 -18 -19 -20 -21 -22 -23 -24 -25 28 29 -28 -29 -30 -31
leaf_value=-0.070339209186641008 0.050346837073260479 -0.053412148001087748 0.049507644946942583 0.050584212479629048 -0.089758686882746852 0.036836908480681697 -0.057677217122489757 -0.084751968057425187 0.050668677622542263 0.035895507976284942 -0.023929201812721478 0.014497809497692485 -0.062043548898057632 0.032483930350963072 0.031353455872487959 -0.061580970345534981 -0.055576579188335952 -0.060206992791701636 0.041531767926948834 -0.069458584337153934 0.048590174032581701 -0.053189312017565854 0.044750044883867086 -0.060131420426636051 -0.023904430783060177 0.030087191594320509 -0.069608235817617561 0.034825802406974131 0.044980232377908089 0.0021994670342197135
leaf_weight=2.7230041656875965 13.853700771927835 2.9696563291799967 3.7208579555153838 8.2718756794929487 0.97251673888240731 13.521789357066153 1.4403599419965782 4.7951766545302226 12.412670403718947 2.5481876491976521 2.4590739968698463 8.726941580163837 1.0454217930528091 3.4113660694274586 8.6045756340026838 2.1362366756075053 1.8309508499660285 0.8824959988123745 8.3747296240180713 1.3851065727430976 3.1730094249360254 1.2978181260987174 2.2684293190250164 1.8814188627584361 1.7845495517831285 7.4891543147386974 3.5589001796033699 4.4634812957083341 5.2853182765247766 58.636597000579059
leaf_count=196 71 885 15 29 264 48 159 48 36 109 48 510 75 62 16 73 304 287 83 271 9 266 30 237 170 179 322 97 47 3054
internal_value=0.0126115 0.00294921 0.00477222 0.0216659 0.0190903 0.0139921 0.00881142 -0.0142955 0.0199836 0.00627302 0.0379971 0.00878477 0.00975682 0.00885298 0.0126704 0.00330093 0.0125279 0.0219814 0.0278744 -0.00120486 0.0160382 0.00573495 0.00288264 0.00177602 0.00316359 0.000916839 -0.026413 -0.00502188 0.0275926 0.00535793
internal_weight=195.925 94.7814 91.8117 101.144 92.8721 73.148 59.6262 19.4333 40.1929 27.7802 19.7241 14.6381 26.8077 5.87044 25.7623 17.1577 15.0215 13.1905 12.308 3.93329 13.1978 10.0248 88.0909 85.8224 83.941 76.8711 10.7454 7.18649 7.06987 66.1258
internal_count=8000 5232 4347 2768 2739 2558 2510 992 1518 1482 181 944 1218 110 1143 1127 1054 750 463 380 785 776 4332 4302 4065 3848 615 293 217 3233
is_linear=0
shrinkage=0.05


Tree=98
num_leaves=31
num_cat=0
split_feature=3 6 3 8 4 7 6 8 3 4 0 8 8 8 2 1 6 0 6 8 5 5 1 4 7 5 4 6 2 4
split_gain=6.65235 4.59577 2.75784 2.74005 2.69127 2.54609 1.63299 1.83083 4.05958 3.32186 2.67702 3.9728 2.35217 2.17647 3.32714 1.63043 4.39147 1.5005 4.62267 4.36338 1.87788 3.40114 2.39904 2.88365 1.81237 1.54761 1.44814 1.2644 1.34169 3.26287
threshold=1380.5000000000002 8.5500000000000025 2651.0000000000005 12337.600000000002 61.150000000000013 9263.0750000000025 7.7500000000000009 8935.4000000000033 1418.5000000000002 60.850000000000001 1.0000000180025095e-35 10326.900000000003 8646.9000000000015 10823.600000000002 311.55000000000007 301.65000000000003 10.850000000000003 1.0000000180025095e-35 9.5500000000000025 11112.650000000001 42.500000000000007 165.50000000000003 299.35000000000008 62.350000000000001 8982.2450000000008 208.50000000000003 68.250000000000014 7.8500000000000005 307.85000000000008 36.150000000000013
decision_type=2 2 2 2 2 2 2 2 2 2 2 2 2 2 2 2 2 2 2 2 2 2 2 2 2 2 2 2 2 2
left_child=1 -1 4 5 6 17 -2 8 9 -8 13 -12 27 14 15 16 -9 19 -19 20 -3 22 23 -22 -24 -23 -20 -10 29 -29
right_child=2 3 -4 -5 -6 -7 7 10 12 -11 11 -13 -14 -15 -16 -17 -18 18 26 -21 21 25 24 -25 -26 -27 -28 28 -30 -31
leaf_value=0.050335263383408581 -0.069347976702962971 0.036080579275533951 0.049389814909406637 0.050517626284969253 0.050207653655738108 0.050441610958198685 -0.051840523523760687 -0.065976074936414636 0.042887515938390061 -0.30745519119470216 0.023948795106507118 -0.054216404182411117 -0.062160562474217841 0.045395720083081653 -0.056538868519653819 0.043231231681416786 0.036076821968778504 0.016464367954344462 -0.062121914336351003 0.050483999369972304 -0.092319948454721537 0.019914309307237529 -0.059797177036379025 0.050267790809160245 -0.17899824724424596 -0.021877806177860972 0.050559420772049141 0.034685067493039866 0.00069342410156267005 -0.074111884026062655
leaf_weight=14.6465478092432 0.76397954946150903 3.5731570997741136 3.5476240999996653 5.7447075992822638 3.1666408134624353 4.2075873613357535 1.9068409960236743 1.5939902649261108 1.9756057327031147 0.13617832958698262 3.5741860628186251 2.981698106508702 1.3922062201309007 7.9468105286359778 1.5624469548347395 4.6621826461050659 3.1125381819438189 7.4822159612085652 3.3028340465825754 6.7548960447311392 0.55312687101832059 8.4162609283084731 1.5425122649758121 0.98784012184478343 0.40197934210300434 3.0065234564244738 0.3120737075805663 6.4762207663443396 84.713265981197765 0.77120227801788122
leaf_count=78 35 114 15 21 13 17 674 79 49 1 61 24 58 17 44 13 32 147 254 25 150 103 181 4 2 12 1 167 5408 201
internal_value=0.0122876 0.0259245 0.00590971 0.0182 0.00469261 0.0136206 0.00352622 0.00397957 0.000859422 -0.0688786 0.0159248 -0.0116017 0.002354 0.0254842 0.0110087 0.0222738 0.00151391 0.00935651 -0.00596642 0.0160944 0.00352516 -0.00427761 -0.0475116 -0.000913779 -0.0844393 0.00891445 -0.0523942 0.00331016 0.00245991 0.0231079
internal_weight=191.216 60.9323 130.284 46.2857 126.736 40.541 123.569 122.805 97.3715 2.04302 25.4339 6.55588 95.3285 18.878 10.9312 9.36871 4.70653 36.3334 11.0971 25.2363 18.4814 14.9082 3.48546 1.54097 1.94449 11.4228 3.61491 93.9363 91.9607 7.24742
internal_count=8000 1109 6891 1031 6876 1010 6863 6828 6558 675 270 85 5883 185 168 124 111 993 402 591 566 452 337 154 183 115 255 5825 5776 368
is_linear=0
shrinkage=0.05


Tree=99
num_leaves=31
num_cat=0
split_feature=3 6 8 3 4 7 6 8 3 6 3 7 5 0 6 8 8 6 6 2 6 4 5 5 2 1 4 3 3 5
split_gain=6.34314 4.50321 2.6611 2.6394 2.57505 2.45843 1.52695 1.75024 2.49042 3.84379 2.33676 1.99072 1.40554 1.39219 4.33034 4.20912 1.7538 3.03042 4.00822 3.56272 4.39839 1.36306 1.35757 1.95195 1.35254 3.1657 2.86511 1.72832 2.33959 1.58886
threshold=1380.5000000000002 8.5500000000000025 12337.600000000002 2651.0000000000005 61.150000000000013 9263.0750000000025 7.7500000000000009 9579.5000000000018 1418.5000000000002 10.950000000000001 1393.5000000000002 8982.2450000000008 234.50000000000003 1.0000000180025095e-35 9.5500000000000025 11112.650000000001 2042.45 11.050000000000002 9.8500000000000032 308.95000000000005 9.0500000000000025 68.250000000000014 233.50000000000003 232.50000000000003 307.85000000000008 297.25000000000006 36.150000000000013 1604.5000000000002 2267.5000000000005 213.50000000000003
decision_type=2 2 2 2 2 2 2 2 2 2 2 2 2 2 2 2 2 2 2 2 2 2 2 2 2 2 2 2 2 2
left_child=1 -1 5 4 6 13 -2 8 9 11 -9 -8 22 15 -15 16 -3 18 19 -18 -21 -16 23 24 26 -26 27 -10 -29 -27
right_child=3 2 -4 -5 -6 -7 7 10 12 -11 -12 -13 -14 14 21 -17 17 -19 -20 20 -22 -23 -24 -25 25 29 -28 28 -30 -31
leaf_value=0.050318804047721877 -0.068381008829960885 0.037712455392464012 0.050492161315746908 0.049264197382202085 0.050156842819595683 0.050419886187780164 -0.060256414525885982 -0.02285944340484574 0.051649705118793278 0.033041745665378243 0.02602791621672473 -0.23931088322027672 -0.057445349969782913 0.015751114840239635 -0.061480632676856752 0.050460171366332324 0.047027375487422841 0.028263709220284657 -0.098650598254420185 -0.0049427501758171248 -0.10725758627007201 0.050531840278641674 0.052687867355225418 -0.10367723324975708 -0.063992036566363569 -0.002285641664720164 -0.074533911063465783 -0.063909455844217353 0.050803231866386259 0.011568413583222928
leaf_weight=13.93666924536228 0.73673538977163744 3.0931492757226868 5.4672213047742835 3.3829963319003573 3.0151774492114773 4.0040620118379584 2.5532273676362816 2.913021570711865 4.462192405073437 1.3128530209651215 15.19232870658743 0.16528014838695515 0.95653745532035728 7.4313161099853442 3.173692049691454 6.4284134805202475 2.2723927141341829 4.9969595038710386 1.3758592206650053 5.1735026532551274 1.3180079593876142 0.29701161384582508 1.3807361125946034 0.42885998636484046 1.8030351114430221 54.92065382439614 0.65964532358339045 0.89042922673979752 0.8875114917755127 33.209144656779245
leaf_count=78 35 100 21 15 13 17 563 28 48 158 120 1 10 147 254 25 55 99 142 58 112 1 1 3 183 5297 204 116 2 94
internal_value=0.0118987 0.0254817 0.017795 0.00568336 0.00450847 0.0132767 0.00338464 0.00381896 0.00131302 -0.0372139 0.0181623 -0.0711426 0.00287244 0.00909438 -0.0057843 0.0156726 0.00340543 -0.00360512 -0.0193103 -0.0068546 -0.0257163 -0.051895 0.00345734 0.00275846 0.00322985 0.00159306 0.0245641 0.0350397 -0.00664724 0.00293486
internal_weight=187.839 58.9683 45.0316 128.87 125.487 39.5644 122.472 121.735 103.63 4.03136 18.1054 2.71851 99.5987 35.5603 10.902 24.6583 18.2299 15.1367 10.1398 8.7639 6.49151 3.4707 98.6422 97.2615 96.8326 89.9328 6.89978 6.24013 1.77794 88.1298
internal_count=8000 1109 1031 6891 6876 1010 6863 6828 6680 722 148 564 5958 993 402 591 566 466 367 225 170 255 5948 5947 5944 5574 370 166 118 5391
is_linear=0
shrinkage=0.05


Tree=100
num_leaves=31
num_cat=0
split_feature=3 6 3 7 8 7 3 8 3 0 8 8 6 6 5 2 6 3 5 3 2 5 5 5 2 1 4 3 3 1
split_gain=6.06454 3.21584 2.56259 2.50961 2.30569 2.16874 3.96722 1.79718 2.86255 1.57646 4.45192 4.33411 1.74701 4.47473 1.95854 2.99377 4.11456 1.51931 2.03245 1.44412 1.40572 1.30717 1.31296 1.78604 1.33321 2.93922 2.69847 1.63431 2.2099 1.527
threshold=1386.5000000000002 8.5500000000000025 2651.0000000000005 9263.0750000000025 12337.600000000002 8445.510000000002 1393.5000000000002 9579.5000000000018 1418.5000000000002 1.0000000180025095e-35 10326.900000000003 11112.650000000001 10.950000000000001 9.8500000000000032 43.500000000000007 308.95000000000005 9.0500000000000025 1405.5000000000002 227.50000000000003 1305.5000000000002 311.85000000000008 234.50000000000003 233.50000000000003 232.50000000000003 307.85000000000008 297.25000000000006 36.150000000000013 1604.5000000000002 2267.5000000000005 297.45000000000005
decision_type=2 2 2 2 2 2 2 2 2 2 2 2 2 2 2 2 2 2 2 2 2 2 2 2 2 2 2 2 2 2
left_child=1 -1 5 4 9 6 -2 8 -8 11 19 12 13 14 -3 -16 -17 -9 -19 -11 -21 22 23 24 26 -26 27 -10 -29 -27
right_child=2 3 -4 -5 -6 -7 7 17 21 10 -12 -13 -14 -15 15 16 -18 18 -20 20 -22 -23 -24 -25 25 29 -28 28 -30 -31
leaf_value=0.045291270969596703 -0.08348074723393431 0.038763520746798591 0.049129978475095301 0.050395676723206731 0.050495700112019294 0.036201308159682387 -0.061041324274420855 0.044494940011442018 0.051360604134424295 -0.034305874982108714 -0.054152520495445791 0.050486304404126416 0.025291024734663839 -0.09531927017341156 0.046034631893201394 -0.0056668133583618633 -0.10721289594594891 -0.012349965452580885 0.034688928511999707 0.031228790223877402 -0.052725107898465642 -0.057045950710395248 0.052549914387987506 -0.10057583173932441 -0.063390349479918215 0.031222112808407129 -0.073469856504063444 -0.063227854712722534 0.050763444796909744 0.00089157224632279613
leaf_weight=14.175908779725431 1.3237401375517936 2.9395562916761326 3.2265795059502116 5.3305572122335425 3.9078880101442328 5.004501800693105 1.8106218363172946 4.467166379094123 4.2678632485039989 1.2509022674930728 3.3188891631434672 7.011007919907569 6.6765841800515764 1.2705348655290425 1.9323810800997288 5.2859334462846164 1.2296041389854506 5.0606268719129712 4.2041345229372382 6.0403720590984449 0.54346727614756662 0.91609560698270698 1.316757559776305 0.42020291090011497 1.7309680290927634 4.3676131198153589 0.63633221549389407 0.85590200001024619 0.84487202763557434 83.181322805154196
leaf_count=87 137 60 15 24 15 53 489 17 48 64 31 27 173 151 56 63 131 86 13 299 39 10 1 3 183 233 204 116 2 5170
internal_value=0.0115181 0.0244311 0.00515599 0.018104 0.0139469 0.00397762 0.00258024 0.00357886 0.00125735 0.0101381 -0.00561793 0.0168085 0.0045965 -0.00631902 0.003611 -0.00862075 -0.0248305 0.0205437 0.0089952 0.0149419 0.0242988 0.00240208 0.00295995 0.00228191 0.00273267 0.00112905 0.024409 0.0348441 -0.00660184 0.00240469
internal_weight=184.549 60.9136 123.635 46.7377 41.4071 120.409 115.404 114.08 100.349 37.4992 11.1536 26.3456 19.3346 12.658 11.3875 8.44792 6.51554 13.7319 9.26476 7.83474 6.58384 98.5379 97.6218 96.3051 95.8849 89.2799 6.60497 5.96864 1.70077 87.5489
internal_count=8000 1220 6780 1133 1109 6765 6712 6575 6459 1094 433 661 634 461 310 250 194 116 99 402 338 5970 5960 5959 5956 5586 370 166 118 5403
is_linear=0
shrinkage=0.05


Tree=101
num_leaves=31
num_cat=0
split_feature=4 7 8 6 7 0 8 8 2 3 7 8 3 4 5 3 2 5 5 5 8 8 2 7 2 1 3 1 3 4
split_gain=5.80398 3.51186 2.7462 3.0252 3.00836 5.02405 10.7231 5.98773 3.26647 2.66153 2.63297 2.81436 2.53076 2.01143 1.82054 1.80631 1.71765 2.14434 1.62156 1.92446 1.56277 3.74066 3.4334 2.2723 1.74398 3.47302 1.55808 3.56323 1.53669 1.49486
threshold=44.150000000000013 6403.5300000000007 12337.600000000002 8.5500000000000025 8982.2450000000008 1.0000000180025095e-35 10326.900000000003 11112.650000000001 308.45000000000005 1380.5000000000002 3534.8850000000007 4198.5000000000009 1341.5000000000002 58.550000000000004 217.50000000000003 1428.5000000000002 311.35000000000008 232.50000000000003 209.50000000000003 130.50000000000003 10823.600000000002 9694.8000000000011 311.05000000000007 7319.5300000000007 310.65000000000003 298.55000000000007 1420.5000000000002 298.85000000000008 1378.5000000000002 23.650000000000002
decision_type=2 2 2 2 2 2 2 2 2 2 2 2 2 2 2 2 2 2 2 2 2 2 2 2 2 2 2 2 2 2
left_child=1 10 3 9 5 7 12 8 -5 -2 -1 14 -7 20 28 -13 17 -11 19 26 21 22 23 24 25 -10 -14 -28 -12 -17
right_child=2 -3 -4 4 -6 6 -8 -9 13 16 11 15 18 -15 -16 29 -18 -19 -20 -21 -22 -23 -24 -25 -26 -27 27 -29 -30 -31
leaf_value=0.026860542137074967 0.050285026068857208 -0.053175751108979388 0.050502228183276293 -0.087439884784754895 0.035603958514143295 -0.05719563333457392 -0.082113757076602067 0.050569455949733569 0.035086945674527241 -0.047525061505259085 0.032814951396890009 -0.056643002382880198 0.029528260176100579 -0.061507099538264436 0.02440579797431882 0.029813235377143605 0.035784093304315021 0.051403474864887902 0.048111420058199961 -0.053277492561482932 0.029988736047469239 -0.06130543806653397 -0.055166539385993432 -0.059503088081598043 0.040472822789388518 -0.067502208337635275 0.04091547076595984 -0.06808116192571266 -0.054975931581720899 0.0024796957162956192
leaf_weight=11.029101163148878 11.412592008709909 2.769468353028059 6.8854855746030799 0.90890242646856023 11.890414848923681 1.3486300937947842 4.3443544428446321 10.439922615885733 2.3001826413383282 1.978761274571297 0.56225461198482563 1.2254160315787874 5.4704531028692127 0.9698656648688474 1.1667974442243574 5.420410745398839 2.7560213546676096 0.75743210315704335 2.8406182290054849 1.2302670975695935 7.9789281189441672 1.9868348315940227 1.6690064807480656 0.81146964922663833 7.7366530057042837 1.2863408931298179 1.4538643086561935 1.5483976196846923 4.3930429964239011 64.809709141089115
leaf_count=32 71 885 29 264 48 159 48 36 109 80 13 119 283 75 2 29 29 1 9 266 16 73 304 287 83 271 89 138 2605 1547
internal_value=0.0111453 0.00226855 0.0201572 0.0176435 0.0128238 0.00783777 -0.0135521 0.0186468 0.00565294 0.036522 0.0040015 0.000751666 0.00788834 0.0090731 -0.031784 0.00353922 0.00792315 -0.0201397 0.0148859 0.00515885 0.011953 0.00283954 0.0120723 0.0213203 0.0271125 -0.00170763 0.013644 -0.0152989 -0.0450147 0.00458932
internal_weight=181.382 91.3762 90.0054 83.1199 66.2151 54.3247 18.2366 36.0881 25.6482 16.9048 88.6067 77.5776 13.8922 24.7393 6.1221 71.4555 5.49221 2.73619 12.5436 9.70298 23.7694 15.7905 13.8037 12.1346 11.3232 3.58652 8.47272 3.00226 4.9553 70.2301
internal_count=8000 5232 2768 2739 2558 2510 992 1518 1482 181 4347 4315 944 1218 2620 1695 110 81 785 776 1143 1127 1054 750 463 380 510 227 2618 1576
is_linear=0
shrinkage=0.05


Tree=102
num_leaves=31
num_cat=0
split_feature=3 6 8 3 4 4 2 4 6 8 3 0 8 8 8 2 4 1 6 0 8 8 3 8 5 8 7 3 4 2
split_gain=5.57745 4.18137 2.40832 2.37404 2.33799 2.27341 1.57464 1.9086 1.36334 1.49282 3.40387 2.47716 3.3424 2.09375 1.9154 3.01215 1.64036 1.40889 3.80665 1.34848 4.43114 3.06842 2.35773 1.54962 2.33549 2.7364 1.75462 1.46711 2.24704 1.28376
threshold=1380.5000000000002 8.5500000000000025 12337.600000000002 2651.0000000000005 61.150000000000013 68.250000000000014 311.95000000000005 56.550000000000004 7.7500000000000009 8935.4000000000033 1418.5000000000002 1.0000000180025095e-35 10326.900000000003 8646.9000000000015 10823.600000000002 311.55000000000007 60.850000000000001 301.65000000000003 10.850000000000003 1.0000000180025095e-35 10326.900000000003 11112.650000000001 1305.5000000000002 2042.45 188.50000000000003 7772.3000000000011 7265.6950000000006 1376.5000000000002 65.000000000000014 313.65000000000003
decision_type=2 2 2 2 2 2 2 2 2 2 2 2 2 2 2 2 2 2 2 2 2 2 2 2 2 2 2 2 2 2
left_child=1 -1 5 4 8 6 19 -8 -2 10 16 14 -13 29 15 17 -10 18 -11 21 22 23 -21 -3 25 27 -26 28 -25 -12
right_child=3 2 -4 -5 -6 -7 7 -9 9 11 13 12 -14 -15 -16 -17 -18 -19 -20 20 -22 -23 -24 24 26 -27 -28 -29 -30 -31
leaf_value=0.050275859677062468 -0.066775966430068709 0.039826379059673782 0.050423066552436217 0.049010339627949207 0.050065362376360251 0.049167337539706084 -0.072389476563502267 0.011183352844086121 -0.051546066239673352 -0.0641494454968079 0.0020588003876711261 0.022124849282839906 -0.05194564978934 -0.061001047514591671 0.044592183672827385 -0.056217080556661518 -0.21011380256838993 0.042580151927039969 0.035271531056983274 -0.058381765979924949 -0.062798413269460576 0.050394565798754891 0.028829397596351676 -0.079686685519364558 -0.0068754183628135712 -0.08489729729941986 0.040028387200800035 0.04241278775921184 0.032754852315681711 0.052245332454363407
leaf_weight=12.072990462183951 0.69764803876751003 2.9037146967893959 4.711685746908187 2.9966765791177741 2.6886979155242434 3.7719038911163798 1.2889295345958083 1.4536148059996774 1.6214668766333478 1.4513789054035493 90.383348990180821 3.2550688895571502 2.862272884696722 1.3055972346628539 7.0123942494392386 1.4470727213774797 0.1813383251428603 4.163983715698123 2.8599331160658039 0.90014052206970685 2.4034043275460135 5.5250428467988959 5.5734915428911336 1.0050324707335661 4.1968413810245693 1.4953963800435301 3.7986585579346865 1.1446770350448785 0.79641517251729954 1.292456647963262
leaf_count=78 35 94 21 15 13 18 73 22 674 79 5820 61 24 58 17 44 1 13 32 58 27 25 278 244 31 95 19 21 5 5
internal_value=0.0108425 0.0244152 0.0167944 0.00504695 0.00396016 0.0124243 0.00815808 -0.0280939 0.00291436 0.00332696 0.000551583 0.0147386 -0.0125324 0.00187095 0.0245897 0.0104533 -0.0674959 0.0218367 0.00180202 0.0115008 -0.00482158 0.018445 0.0167029 0.00693814 -0.000740392 -0.0298113 0.0154086 -0.00185067 -0.0299766 0.00276634
internal_weight=177.261 53.0419 40.9689 124.219 121.223 36.2573 32.4854 2.74254 118.534 117.836 94.7842 23.0521 6.11734 92.9814 16.9348 9.92237 1.80281 8.4753 4.31131 29.7428 8.87704 20.8658 6.47363 15.3407 12.437 4.44152 7.9955 2.94612 1.80145 91.6758
internal_count=8000 1109 1031 6891 6876 1010 992 95 6863 6828 6558 270 85 5883 185 168 675 124 111 897 363 534 336 509 415 365 50 270 249 5825
is_linear=0
shrinkage=0.05


Tree=103
num_leaves=31
num_cat=0
split_feature=4 7 8 6 7 0 8 8 2 3 3 3 4 2 5 7 7 4 3 7 4 3 3 3 2 4 0 6 7 7
split_gain=5.34878 3.24024 2.60386 2.77081 2.72649 4.48131 9.62492 5.55572 3.08073 2.52617 2.41541 2.27543 1.7947 1.58609 1.9264 1.56355 2.47717 1.813 3.16827 3.74156 6.91156 2.11192 1.82466 4.86872 2.91233 4.51349 2.66752 10.3049 5.15934 4.09661
threshold=44.150000000000013 6403.5300000000007 12337.600000000002 8.5500000000000025 8982.2450000000008 1.0000000180025095e-35 10326.900000000003 11112.650000000001 308.45000000000005 1380.5000000000002 2651.0000000000005 1341.5000000000002 58.550000000000004 311.35000000000008 232.50000000000003 6390.2850000000008 6297.9800000000005 40.45000000000001 1507.5000000000002 5909.9600000000009 37.650000000000013 1445.5000000000002 1524.5000000000002 1540.5000000000002 311.75000000000006 31.450000000000003 1.0000000180025095e-35 9.1500000000000004 3534.8850000000007 6064.795000000001
decision_type=2 2 2 2 2 2 2 2 2 2 2 2 2 2 2 2 2 2 2 2 2 2 2 2 2 2 2 2 2 2
left_child=1 10 3 9 5 7 11 8 -5 -2 15 -7 -10 14 -11 16 17 18 19 20 -1 -19 24 -24 25 -20 27 28 -25 -28
right_child=2 -3 -4 4 -6 6 -8 -9 12 13 -12 -13 -14 -15 -16 -17 -18 21 22 -21 -22 -23 23 26 -26 -27 29 -29 -30 -31
leaf_value=-0.069003226998264222 0.050257758179291914 -0.05297245920079733 0.050474026582168652 -0.087049309630068794 0.034757714979100449 -0.0564898013872914 -0.0803398575337049 0.050517306233422855 0.011605641399054246 -0.046085750374555 0.048859699068806169 0.014115359340439615 -0.060225169745140299 0.034949266090561246 0.051277578219653952 0.044131338046597482 -0.058399612156753315 -0.024033959002599557 0.052415706888912963 -0.068980642087685132 0.034188794438594516 0.043876943957631309 -0.069458637059806858 -0.43888077792434904 0.052240705588764536 -0.081411493335719926 0.018847925964297237 0.0051253946982341356 -0.076212855260608794 -0.078310411703461397
leaf_weight=2.6017855052923533 10.331952303647993 2.6008050752134286 6.2995904535055152 0.8689608665372387 11.135624468326567 1.2604463854513621 4.0808003720885599 9.4896626472473127 22.488569571585689 1.9043705461081111 2.8590980209410182 12.053616811914251 0.9045572804461689 2.6346682188741397 0.69287848472595204 2.1595899785170323 1.7167263663213805 1.496776334432069 1.2538504600524896 3.357484013933572 4.311724138649879 4.8686569431447424 2.3335235977283437 0.10094698518514933 4.5238209549279418 1.266347029362805 27.150896007871783 22.954622183169704 3.4354832102981163 1.1300939517095674
leaf_count=196 71 885 29 264 48 159 48 36 1143 80 15 785 75 29 1 30 237 170 1 322 97 47 185 1 26 152 1033 1359 388 88
internal_value=0.0104896 0.00202537 0.0195551 0.017053 0.0123374 0.00745611 -0.0131598 0.018081 0.00539421 0.0359233 0.0036597 0.00743115 0.00882811 0.00761566 -0.0201117 0.00213327 0.00103393 0.00229691 0.000106287 -0.0256762 -0.00464582 0.0279083 0.00423433 0.00127267 0.0282444 -0.0148297 0.00428612 -0.00711486 -0.0865652 0.0149655
internal_weight=174.268 90.1222 84.1457 77.8461 62.2822 51.1466 17.3949 33.7518 24.2621 15.5639 87.5214 13.3141 23.3931 5.23192 2.59725 84.6623 82.5027 80.786 74.4206 10.271 6.91351 6.36543 64.1496 57.1056 7.04402 2.5202 54.772 26.4911 3.53643 28.281
internal_count=8000 5232 2768 2739 2558 2510 992 1518 1482 181 4347 944 1218 110 81 4332 4302 4065 3848 615 293 217 3233 3054 179 153 2869 1748 389 1121
is_linear=0
shrinkage=0.05


Tree=104
num_leaves=31
num_cat=0
split_feature=3 6 7 3 8 7 3 2 7 4 1 1 6 8 3 3 5 7 5 5 5 2 1 4 3 3 5 1 5 1
split_gain=5.10644 2.83623 2.251 2.19507 2.03513 1.78621 3.20434 1.55217 5.27477 2.41534 1.88345 2.57132 1.44343 1.42334 2.44966 1.36907 1.77595 1.24069 1.19928 1.23808 1.54325 1.22118 2.61216 2.41522 1.57347 2.06493 1.48306 5.67317 4.02825 3.08936
threshold=1386.5000000000002 8.5500000000000025 9263.0750000000025 2651.0000000000005 11112.650000000001 8445.510000000002 1393.5000000000002 310.95000000000005 7696.4300000000012 58.550000000000004 302.05000000000007 301.65000000000003 9.5500000000000025 9579.5000000000018 1418.5000000000002 1405.5000000000002 214.50000000000003 7907.1000000000013 234.50000000000003 233.50000000000003 232.50000000000003 307.85000000000008 297.25000000000006 36.150000000000013 1604.5000000000002 2267.5000000000005 213.50000000000003 298.35000000000008 211.50000000000003 298.65000000000003
decision_type=2 2 2 2 2 2 2 2 2 2 2 2 2 2 2 2 2 2 2 2 2 2 2 2 2 2 2 2 2 2
left_child=1 -1 4 5 7 6 -2 10 -9 -10 11 -3 -11 14 -8 -15 17 -17 19 20 21 23 -23 24 -16 -26 27 -24 -29 -28
right_child=3 2 -4 -5 -6 -7 13 8 9 12 -12 -13 -14 15 18 16 -18 -19 -20 -21 -22 22 26 -25 25 -27 29 28 -30 -31
leaf_value=0.044629583722598093 -0.078530990276679188 0.010473948265245472 0.05033199171618196 0.048697921916116806 0.031002832371739009 0.034568573464455528 -0.0603510684294771 -0.07415691158110628 0.035732095150692283 0.011876444147041273 0.041305936991466334 -0.069316083093958508 -0.081781560044777268 0.04354748686778017 0.050974628237770193 -0.073832008351059172 0.020992383992059927 0.0031470301128281863 -0.056597590201924022 0.052363455957650254 -0.095456138703094592 -0.061977804619237992 -0.074033170143561394 -0.071573088000207077 -0.062836142062173084 0.050701368195119736 0.04144516735663787 0.0035843562628152647 -0.066643280348759243 0.002670741174755715
leaf_weight=11.843431988731025 1.2193652336791263 12.411794374183961 4.4808797538280478 2.7284695953130713 10.832088015973566 4.3976252789143464 1.6032353894079268 2.4536047029614556 3.8441007123910822 0.79438333911821224 4.5079964585602275 1.0991306164651167 0.85325377933622804 3.8865251273382446 3.960327434790087 0.96425251429900383 6.2713213330134749 1.1449450023937968 0.86602556519210239 1.2291773557662953 0.40567296743392844 1.6286304115055816 2.6839596464851629 0.59947054592339544 0.82517402156372532 0.77807602286338806 6.4185216936748466 47.839149011299014 2.1329713992308816 25.731107489205897
leaf_count=87 137 745 24 15 55 53 489 187 47 15 10 24 26 17 48 46 41 12 10 1 3 183 957 204 116 2 13 4326 25 82
internal_value=0.0101992 0.0230608 0.0168722 0.00437543 0.0127976 0.00332004 0.00207291 0.00520254 -0.0132077 0.0140232 0.0133204 0.00398293 -0.0366258 0.00297487 0.000939575 0.0190192 0.00764397 -0.0320451 0.00197286 0.00251114 0.00185226 0.00227858 0.000745319 0.0237819 0.0340563 -0.00773506 0.00194987 -0.00321668 0.000586814 0.0104119
internal_weight=170.435 53.1207 41.2772 117.314 36.7964 114.586 110.188 25.9643 7.94534 5.49174 18.0189 13.5109 1.64764 108.969 96.7015 12.267 8.38052 2.1092 95.0983 94.2322 93.0031 92.5974 86.4343 6.16305 5.56358 1.60325 84.8057 52.6561 49.9721 32.1496
internal_count=8000 1220 1133 6780 1109 6765 6712 1054 275 88 779 769 41 6575 6459 116 99 58 5970 5960 5959 5956 5586 370 166 118 5403 5308 4351 95
is_linear=0
shrinkage=0.05


Tree=105
num_leaves=31
num_cat=0
split_feature=3 6 4 3 4 8 6 6 7 6 3 5 5 5 3 2 3 2 8 8 1 0 8 4 6 8 5 5 5 8
split_gain=4.83109 3.91484 2.24504 2.06763 2.12519 1.7257 1.39589 2.06223 3.69423 3.73004 1.88476 2.27142 1.35462 2.30477 1.65986 1.34948 1.7739 1.71452 1.93041 6.6874 3.45998 3.26736 5.34923 2.84888 2.75302 4.05617 2.73346 3.1255 2.79282 2.10282
threshold=1380.5000000000002 8.5500000000000025 65.000000000000014 2651.0000000000005 61.150000000000013 11112.650000000001 8.6500000000000004 11.050000000000002 7265.6950000000006 9.7500000000000018 1356.5000000000002 194.50000000000003 224.50000000000003 222.50000000000003 1576.5000000000002 307.55000000000007 2267.5000000000005 307.85000000000008 7581.3000000000011 7275.0000000000009 298.35000000000008 1.0000000180025095e-35 7634.0000000000009 60.850000000000001 9.1500000000000004 9579.5000000000018 218.50000000000003 215.50000000000003 209.50000000000003 6881.8500000000013
decision_type=2 2 2 2 2 2 2 2 2 2 2 2 2 2 2 2 2 2 2 2 2 2 2 2 2 2 2 2 2 2
left_child=1 -1 5 4 12 6 -3 8 -8 10 11 -10 13 15 -14 16 -2 -17 19 20 -19 -20 -23 26 -24 -26 27 28 29 -22
right_child=3 2 -4 -5 -6 -7 7 -9 9 -11 -12 -13 14 -15 -16 17 -18 18 21 -21 23 22 24 -25 25 -27 -28 -29 -30 -31
leaf_value=0.050239961761469054 -0.075298599100342631 0.021443453599192738 0.038751172374575295 0.048524019179114398 0.049976059028064068 0.027923237986374007 -0.074318623597320443 0.019699690066220261 -0.071820355830168617 -0.089182563825123448 0.033787508299265905 0.023569901360964512 -0.0056024150138740368 -0.064429487244683739 0.026712729900251503 0.033286100508035876 0.050660300917699352 -0.06555957826906271 0.016414909456287825 -0.073055784381578462 -0.0013967798017251649 0.053921531331374443 -0.086440715968077717 -0.18908668188093603 -0.061856195310332887 0.01730349394648005 -0.071560022141625462 0.042224535820554264 -0.059547281473768893 0.037621248413831576
leaf_weight=10.486674204468725 1.1737878379753954 6.136513449251658 8.2585533373057824 2.6044718697667113 2.4068401232361785 8.72268497943878 2.3831509236697439 4.8503438151237779 1.1943845468777001 1.0684528692981983 3.8428256453189533 1.3069370687007902 6.1327008605003384 1.3604251721408207 11.287688553333281 4.15184764706646 0.36688670516014088 1.9942680029198516 31.23809130868176 3.4921073929945115 30.323171759213437 2.1933343015843993 1.9145722598477712 0.19450630247592826 2.9390427749895025 3.6009819475002587 1.2036077827215184 4.9313258156180373 1.8799560498446215 3.8968896243750342
leaf_count=78 204 18 48 15 13 46 323 210 140 174 69 3 34 16 21 218 1 1147 431 117 4218 11 57 1 163 36 6 6 28 148
internal_value=0.00986311 0.0232131 0.015708 0.00446312 0.00347963 0.00925823 0.00142433 -0.00696341 -0.0201656 -0.00275539 0.0118003 -0.0219791 0.00250034 0.000191619 0.0153365 0.00111222 -0.0453035 0.00187336 0.000421037 -0.00643301 -0.00119586 0.00826178 -0.0156573 0.00182937 -0.0337077 -0.0182703 0.0027086 0.00488718 -0.000213164 0.00304649
internal_weight=167.537 48.2505 37.7638 119.287 116.682 29.5053 20.7826 14.6461 9.79575 7.4126 6.34415 2.50132 114.275 96.8548 17.4204 95.4944 1.54067 93.9537 89.8019 47.9158 44.4237 41.886 10.6479 42.4295 8.4546 6.54002 42.235 41.0313 36.1 34.2201
internal_count=8000 1109 1031 6891 6876 983 937 919 709 386 212 143 6863 6808 55 6792 205 6587 6369 5671 5554 698 267 4407 256 199 4406 4400 4394 4366
is_linear=0
shrinkage=0.05


Tree=106
num_leaves=31
num_cat=0
split_feature=3 6 8 4 3 4 2 4 5 5 3 2 3 1 6 0 2 2 2 3 4 2 3 4 7 0 5 5 7 5
split_gain=4.54072 3.84102 2.20231 2.05527 1.97053 2.02859 1.36799 1.63815 1.23704 2.16515 1.53518 1.26567 1.66305 1.59277 3.779 1.31137 5.00592 5.8429 1.68872 3.61824 9.90775 5.44387 3.53987 2.24867 3.48637 3.3507 4.85434 4.28916 2.32358 2.08998
threshold=1380.5000000000002 8.5500000000000025 12337.600000000002 68.250000000000014 2651.0000000000005 61.150000000000013 311.95000000000005 56.550000000000004 224.50000000000003 222.50000000000003 1576.5000000000002 307.55000000000007 2267.5000000000005 297.45000000000005 10.950000000000001 1.5000000000000002 309.95000000000005 309.85000000000008 311.75000000000006 1660.5000000000002 37.45000000000001 307.65000000000003 1554.5000000000002 37.850000000000001 6189.1500000000005 1.0000000180025095e-35 20.500000000000004 77.500000000000014 8982.2450000000008 220.50000000000003
decision_type=2 2 2 2 2 2 2 2 2 2 2 2 2 2 2 2 2 2 2 2 2 2 2 2 2 2 2 2 2 2
left_child=1 -1 3 6 5 8 -3 -8 9 11 -10 12 -2 14 -13 18 17 -17 19 20 21 -15 -20 -22 -25 27 -27 -26 -28 -21
right_child=4 2 -4 -5 -6 -7 7 -9 10 -11 -12 13 -14 15 -16 16 -18 -19 22 29 23 -23 -24 24 25 26 28 -29 -30 -31
leaf_value=0.050228204479194495 -0.074172263016629644 0.010202309734508475 0.050358519087780107 0.048954567968944818 0.04833697127125125 0.049918550888496026 -0.070099550187441143 0.0099087259575114401 -0.0053100518769362507 -0.063688884719268576 0.02584287591623833 0.045484227576764055 0.050627686656772621 0.051079485408632032 -0.036878341384355903 -0.076238495437391834 -0.078039171786659992 0.049027555478173196 0.028593952566278304 0.018510809576401516 0.02984920178968983 -0.065868258746169583 -0.040007669699786225 -0.060044434270466011 -0.070171966787379692 0.037092880051172866 -0.066767528146054411 0.02060822189695569 0.050418453135210539 -0.073683750202414855
leaf_weight=9.9775093793869001 1.1330667352667649 27.152713943291023 3.9877166599035254 3.2207739800214759 2.486800003796815 2.2920292969793072 1.2155707322381197 1.3506214568915309 6.1464765928685692 1.3087427699938405 11.089387245476244 5.4025490864878511 0.34921258687973011 1.1179009246989142 1.8764127718241068 1.3378862482131797 2.469191100957687 3.0601120553037617 11.659218312634037 19.902292399659931 6.4265127671096698 9.0582994606811535 2.2420417524990617 2.440798924231788 1.4093308389492509 2.03675963882415 4.2783798798191128 16.952126462165324 0.46941778063774098 0.63430191576480766
leaf_count=78 204 897 21 18 15 13 73 22 34 16 21 167 1 6 379 256 333 20 418 983 92 1204 325 331 515 77 623 853 2 3
internal_value=0.00954887 0.0227019 0.0152645 0.011016 0.00430183 0.00335037 0.00690444 -0.0279901 0.00240413 0.00018044 0.0147334 0.00106727 -0.0447704 0.00179963 0.0242523 -0.000111978 -0.0210657 0.0109212 0.00171809 -0.00167777 -0.00973682 -0.053021 0.0175297 0.00321307 -0.00299197 0.00254583 -0.0274801 0.0136404 -0.0551813 0.0156632
internal_weight=164.484 46.9049 36.9274 32.9397 117.579 115.092 29.7189 2.56619 112.8 95.5646 17.2359 94.2558 1.48228 92.7735 7.27896 85.4946 6.86719 4.398 78.6274 64.7261 44.1895 10.1762 13.9013 34.0133 27.5868 25.146 6.78456 18.3615 4.7478 20.5366
internal_count=8000 1109 1031 1010 6891 6876 992 95 6863 6808 55 6792 205 6587 546 6041 609 276 5432 4689 3703 1210 743 2493 2401 2070 702 1368 625 986
is_linear=0
shrinkage=0.05


Tree=107
num_leaves=31
num_cat=0
split_feature=4 7 8 6 7 3 2 7 8 0 8 8 4 7 4 8 8 3 5 2 2 6 5 3 3 4 6 7 7 4
split_gain=4.30032 2.98082 2.45751 2.42817 2.43579 2.28779 2.18295 2.0352 2.72181 1.87218 7.36547 5.43483 1.67782 1.73857 4.95396 2.73119 4.3721 2.66071 1.81504 1.80354 1.72446 3.58499 1.56066 1.47883 1.43152 1.42548 1.37879 1.37843 1.95187 2.24292
threshold=44.150000000000013 6403.5300000000007 12337.600000000002 8.5500000000000025 9263.0750000000025 1380.5000000000002 307.65000000000003 3534.8850000000007 4198.5000000000009 1.0000000180025095e-35 10326.900000000003 11112.650000000001 44.45000000000001 7253.2650000000003 50.050000000000004 10823.600000000002 3807.4000000000005 1405.5000000000002 214.50000000000003 310.95000000000005 310.65000000000003 10.950000000000001 217.50000000000003 1428.5000000000002 1420.5000000000002 58.250000000000007 11.15 6390.2850000000008 6297.9800000000005 40.45000000000001
decision_type=2 2 2 2 2 2 2 2 2 2 2 2 2 2 2 2 2 2 2 2 2 2 2 2 2 2 2 2 2 2
left_child=1 7 3 5 6 -2 -5 -1 22 11 26 12 -8 14 17 16 -15 19 -16 20 21 -14 -9 -10 -7 -12 -11 28 29 -25
right_child=2 -3 -4 4 -6 24 9 8 23 10 25 -13 13 15 18 -17 -18 -19 -20 -21 -22 -23 -24 27 -26 -27 -28 -29 -30 -31
leaf_value=0.024312811504065057 0.050212013834700087 -0.052947878291292806 0.050423235161485502 -0.080719674233719063 0.050296979448779512 -0.024460388173442996 0.048194866535713504 -0.046108043169408891 -0.055973104496833549 0.017261389643433513 -0.08631521165401243 0.050464265526951262 -0.07151976586541807 0.034981994005337386 -0.069228610707273791 0.038070324719580023 -0.040042400719031812 -0.054785155840266588 -0.2104263630083005 -0.066302625654506911 0.045003623240854523 0.033926792083517197 0.021341721055814888 0.0011549430026448545 0.030193168718547814 -0.028333027661763405 -0.053851507732357196 0.044934532541946182 -0.058704913653814875 0.036919820502454785
leaf_weight=9.9218867346644384 8.5139573588967306 2.4442983721528426 5.3757273554801932 0.68049847441579814 3.681170165538787 2.0548053844540837 2.0595131375012015 4.5331291714974205 1.0467883956589492 13.756405265263311 2.4071549232758107 8.7091509699821454 1.2970176064845875 3.4967550054716394 0.61336605357064478 6.0183835923671722 4.3671520913630957 1.968016955812345 0.3618800938129425 0.68901020305929694 3.2125284747453406 2.1293994612788083 1.0577095150947569 57.087846784343128 2.8737751161388587 1.894095779280178 0.71715450430201677 1.9871753769693885 1.2705422739672929 4.7483219289279068
leaf_count=32 71 885 29 103 22 48 48 2618 119 755 35 37 126 250 64 14 452 334 2 68 25 52 2 1411 62 11 160 16 109 40
internal_value=0.00927282 0.00145928 0.0178202 0.015369 0.0109354 0.034518 0.00827075 0.00308796 0.000152147 0.00939852 -0.00333451 0.016244 0.00487452 0.00118069 -0.0144147 0.0127194 -0.00668215 -0.00316746 -0.121622 0.0106951 0.0186862 -0.00598838 -0.0333475 0.00298385 0.00740721 -0.0607822 0.0137378 0.00393195 0.00264082 0.00390128
internal_weight=160.975 84.0977 76.8769 71.5012 58.0587 13.4425 54.3775 81.6534 71.7315 53.697 18.7748 34.9222 26.213 24.1535 10.2712 13.8823 7.86391 9.29597 0.975246 7.32796 6.63895 3.42642 5.59084 66.1407 4.92858 4.30125 14.4736 65.0939 63.1067 61.8362
internal_count=8000 5232 2768 2739 2558 181 2536 4347 4315 2433 961 1472 1435 1387 671 716 702 605 66 271 203 178 2620 1695 110 46 915 1576 1560 1451
is_linear=0
shrinkage=0.05


Tree=108
num_leaves=31
num_cat=0
split_feature=4 7 8 6 7 3 2 3 0 8 8 3 3 4 8 8 8 3 2 4 7 3 5 8 3 1 2 5 7 7
split_gain=4.06121 2.8186 2.38455 2.29781 2.34247 2.26096 2.03383 1.95089 1.76122 6.78643 5.2227 1.58915 3.17966 1.57994 1.64917 2.93102 2.9562 1.57756 2.24119 1.40789 1.36626 1.95716 1.40535 1.61596 1.45353 3.19279 1.36457 1.72058 1.3538 2.05183
threshold=44.150000000000013 6403.5300000000007 12337.600000000002 8.5500000000000025 9263.0750000000025 1380.5000000000002 307.65000000000003 2651.0000000000005 1.0000000180025095e-35 10326.900000000003 11112.650000000001 1437.5000000000002 1405.5000000000002 46.45000000000001 2042.45 10823.600000000002 8308.3500000000022 1376.5000000000002 308.95000000000005 58.250000000000007 8982.2450000000008 1341.5000000000002 209.50000000000003 7072.4000000000005 1420.5000000000002 298.85000000000008 311.35000000000008 232.50000000000003 6390.2850000000008 6297.9800000000005
decision_type=2 2 2 2 2 2 2 2 2 2 2 2 2 2 2 2 2 2 2 2 2 2 2 2 2 2 2 2 2 2
left_child=1 7 3 5 6 -2 -5 28 10 20 11 12 13 -8 -15 16 17 18 -16 -11 21 -10 23 24 -23 -26 27 -7 29 -1
right_child=2 -3 -4 4 -6 26 8 -9 9 19 -12 -13 -14 14 15 -17 -18 -19 -20 -21 -22 22 -24 -25 25 -27 -28 -29 -30 -31
leaf_value=0.0017375446682809531 0.050201629788307479 -0.052807518111072087 0.050402574890609619 -0.079196503894424619 0.050282412241769103 -0.044655827777809035 0.033738128081498717 0.048167688439008288 -0.056486818419195561 -0.085110659863928254 0.050441460958195183 0.029215361155396503 -0.067192479162482041 0.034969100662884417 0.039174431335978394 0.013640640633199084 -0.074628822003745571 0.033099746706888748 -0.073564281406037588 -0.026982196120039464 0.050512175862178404 0.028250337797629761 0.047155978309972701 -0.053500584438541346 0.039827182770670204 -0.067511187522392782 0.033363592324021245 0.051165811947841824 0.042738073547668537 -0.057161972695206148
leaf_weight=75.196443308053858 8.100359693169592 2.3311125808904753 5.1155932545661917 0.65944368701457179 3.5026262402534476 1.78622216975782 3.6769856934843217 2.3179306127130976 1.1112204241435417 2.3213470023329128 8.2880516797304136 5.274751292759901 1.6929611462328455 2.4152012485719743 0.67425820830976446 6.3560481816530228 2.6488598661817377 1.5470037837003472 1.2733477862348079 1.8895955474581567 2.0917087048292151 4.9061967540692404 2.3817747510038307 1.0775127337910815 1.3086212174093819 1.4721502040338235 2.4574629146372899 0.63502734899520863 1.9527063121204253 1.5082817583752319
leaf_count=4065 71 885 29 103 22 80 97 15 147 35 37 413 262 128 75 16 148 115 181 11 8 294 9 210 90 157 29 1 30 237
internal_value=0.00898752 0.00139779 0.0174557 0.0150324 0.0106791 0.0340061 0.00806517 0.00295825 0.00916318 -0.00321486 0.0159506 0.00476642 -0.00159119 0.00438247 -0.0028547 -0.0101632 -0.0347906 -0.00459387 -0.0345343 -0.0590264 0.0131637 0.00679029 0.0130987 0.0038435 0.0118816 -0.0169981 0.00711586 -0.0195244 0.00162598 0.000579375
internal_weight=157.971 83.3065 74.6643 69.5487 56.5697 12.9791 53.067 80.9754 52.4076 18.5601 33.8475 25.5594 20.2847 18.5917 14.9147 12.4995 6.14347 3.49461 1.94761 4.21094 14.3492 12.2575 11.1463 8.76448 7.68697 2.78077 4.87871 2.42125 78.6574 76.7047
internal_count=8000 5232 2768 2739 2558 181 2536 4347 2433 961 1472 1435 1022 760 663 535 519 371 256 46 915 907 760 751 541 247 110 81 4332 4302
is_linear=0
shrinkage=0.05


Tree=109
num_leaves=31
num_cat=0
split_feature=4 7 8 6 7 3 2 3 0 8 8 4 7 4 8 8 3 2 2 6 4 7 3 5 8 5 8 7 7 7
split_gain=3.86987 2.6649 2.30394 2.18775 2.24837 2.20353 1.89688 1.85529 1.63786 6.27214 5.03022 1.53524 1.6237 4.37077 2.45994 3.77332 2.43576 1.69463 1.54265 3.22407 1.38792 1.31114 1.84171 1.33449 1.52243 1.36502 2.05348 1.26211 1.93682 1.59663
threshold=44.150000000000013 6403.5300000000007 12337.600000000002 8.5500000000000025 9263.0750000000025 1380.5000000000002 307.65000000000003 2651.0000000000005 1.0000000180025095e-35 10326.900000000003 11112.650000000001 44.45000000000001 7253.2650000000003 50.050000000000004 10823.600000000002 3807.4000000000005 1405.5000000000002 310.95000000000005 310.65000000000003 10.950000000000001 58.250000000000007 8982.2450000000008 1341.5000000000002 209.50000000000003 7072.4000000000005 112.50000000000001 1816.8000000000004 6390.2850000000008 6297.9800000000005 6251.0150000000012
decision_type=2 2 2 2 2 2 2 2 2 2 2 2 2 2 2 2 2 2 2 2 2 2 2 2 2 2 2 2 2 2
left_child=1 7 3 5 6 -2 -5 27 10 21 11 -8 13 16 15 -14 17 18 19 -13 -11 22 -10 24 25 26 -24 28 29 -1
right_child=2 -3 -4 4 -6 -7 8 -9 9 20 -12 12 14 -15 -16 -17 -18 -19 -20 -21 -22 -23 23 -25 -26 -27 -28 -29 -30 -31
leaf_value=-0.00037087869478664548 0.050191759520687343 -0.052673655099319962 0.050382925752699953 -0.077730560804723001 0.050268563947890504 0.006933357071999823 0.047545964396441959 0.047954473821259627 -0.05615683444685754 -0.083908297249655206 0.05041978335856822 -0.069391203829284917 0.033527025052199705 -0.11491491946837545 0.037056782091325069 -0.037483903726463146 -0.054490704451517116 -0.065889432451867638 0.044179041284361981 0.033151698394868576 -0.025686841128997669 0.050486993200182441 0.017117371135566221 0.046752807414252334 -0.053335292833585679 0.044351766455242282 -0.052303125290503731 0.041844564530327213 -0.056832370660217194 0.027911728886106681
leaf_weight=69.785268028164865 7.7067776769399625 2.2229159902126403 4.8679527863860121 0.63881191421023586 3.3326959162950507 4.7634000508260215 1.9229646225285275 2.2144445702433577 1.0630796748409927 2.2389781931851749 7.8871426731348029 1.2299875438548045 3.3355547474639007 0.97476147043926253 5.7471522837877274 4.2598782775312429 1.8369914457725824 0.66071439629013173 3.0009317568619736 2.0343816625099862 1.8857442382723091 1.9906622916460044 3.8092127895724825 2.2846660460345438 1.028058133604645 2.2293874416063773 1.4788183130149262 1.896136394527274 1.4428325257613313 5.3743631903125779
leaf_count=3917 71 885 29 103 22 110 48 15 147 35 37 126 250 66 14 452 334 68 25 52 11 8 149 9 210 113 279 30 237 148
internal_value=0.00870163 0.00133323 0.0171647 0.0147634 0.0104671 0.0336678 0.00789329 0.00282063 0.00896792 -0.00315335 0.0156047 0.00462251 0.00104629 -0.0144773 0.0123758 -0.00629926 -0.00330502 0.010271 0.0183026 -0.00548563 -0.0572906 0.0129301 0.00664393 0.0128084 0.00373325 0.0115378 -0.00229634 0.00154741 0.000549934 0.0016515
internal_weight=155.145 82.936 72.2087 67.3408 54.8706 12.4702 51.5379 80.713 50.8991 18.0086 32.8905 25.0033 23.0804 9.73777 13.3426 7.59543 8.76301 6.92602 6.2653 3.26437 4.12472 13.8839 11.8932 10.8301 8.54548 7.51742 5.28803 78.4986 76.6025 75.1596
internal_count=8000 5232 2768 2739 2558 181 2536 4347 2433 961 1472 1435 1387 671 716 702 605 271 203 178 46 915 907 760 751 541 428 4332 4302 4065
is_linear=0
shrinkage=0.05


Tree=110
num_leaves=31
num_cat=0
split_feature=4 7 8 6 3 7 7 8 2 0 8 8 4 3 3 5 2 7 2 4 8 4 4 6 5 4 7 4 3 8
split_gain=3.68567 2.52035 2.22519 2.03971 2.19115 2.15522 1.77653 2.51114 1.77069 1.52954 5.79526 4.83297 1.464 3.9728 2.35692 3.62314 3.45975 6.18563 7.25321 6.59157 4.63879 4.17497 4.31111 3.52301 1.46042 1.44837 1.50679 3.99938 2.30406 2.2987
threshold=44.150000000000013 6403.5300000000007 12337.600000000002 8.5500000000000025 1380.5000000000002 9263.0750000000025 3534.8850000000007 4198.5000000000009 307.65000000000003 1.0000000180025095e-35 10326.900000000003 11112.650000000001 23.650000000000002 1737.5000000000002 1660.5000000000002 228.50000000000003 308.55000000000007 6189.1500000000005 311.45000000000005 35.95000000000001 8308.3500000000022 37.750000000000007 37.850000000000001 10.950000000000001 217.50000000000003 44.45000000000001 7253.2650000000003 50.050000000000004 1405.5000000000002 10823.600000000002
decision_type=2 2 2 2 2 2 2 2 2 2 2 2 2 2 2 2 2 2 2 2 2 2 2 2 2 2 2 2 2 2
left_child=1 6 3 4 -2 8 -1 24 -5 11 -11 25 -9 14 15 16 23 18 21 -20 -19 -18 -23 -14 -8 -10 27 28 -27 -28
right_child=2 -3 -4 5 -6 -7 7 12 9 10 -12 -13 13 -15 -16 -17 17 20 19 -21 -22 22 -24 -25 -26 26 29 -29 -30 -31
leaf_value=0.023004192716360602 0.050182373608933711 -0.05254600833409151 0.050364236553235367 -0.076323588479695392 0.0066002919022797148 0.050255394658831526 -0.045328834060063786 0.028477792615263398 0.047081716376932072 0.012711522912361335 -0.055576339539640411 0.050399177487801053 0.030079803642124071 -0.06350831246842048 0.022758793827720489 -0.072449919883850716 -0.070476378038494811 -0.080306858668179437 0.0331383464519895 -0.070990952094968474 0.034602721725634507 0.044689156192095132 -0.057573798137130129 -0.062515377362619098 0.020529306192071758 0.010081514241370824 -0.0060267142480092675 -0.11099231592697148 -0.054286081787011525 0.036329240351663586
leaf_weight=9.4931331872940046 7.3322504237294179 2.1195101531775427 4.6322148591279975 0.61857384460381482 4.7538345158536686 3.170968070626258 4.3894707401705082 5.0739752742811097 1.8467679006280437 13.425227050061951 4.0423861699964609 7.5054722279310218 12.057737145987629 2.3295998939720439 12.060117640707174 1.7588788475841273 7.9119384779915034 0.97104944011516536 6.9421119055477885 1.9457593850966075 9.1930691967136209 1.9833025526022536 2.1454944396973588 1.1229199973604398 1.0415167659521101 6.7069351423269836 7.5321692590514413 0.95915303393849249 1.7538207261677596 5.5735859274864197
leaf_count=32 71 885 29 103 110 22 2618 29 48 915 46 37 202 117 214 16 511 198 87 70 35 7 162 47 2 271 702 66 334 14
internal_value=0.00842608 0.00127274 0.0168785 0.0145003 0.0330402 0.0102832 0.00269116 -2.76122e-05 0.00774637 0.00880023 -0.00309178 0.0153165 0.00268153 0.000515275 0.00308273 -0.00207226 0.00072368 -0.00837671 -0.0239184 0.010342 0.0236246 -0.0492077 -0.00845092 0.0221912 -0.032699 0.00451282 0.0010228 -0.0142306 -0.00326117 0.0119863
internal_weight=152.393 82.5396 69.8534 65.2211 12.0861 53.1351 80.4201 70.9269 49.9641 49.3455 17.4676 31.8779 65.496 60.422 58.0924 46.0323 44.2734 31.0927 20.9286 8.88787 10.1641 12.0407 4.1288 13.1807 5.43099 24.3724 22.5257 9.41991 8.46076 13.1058
internal_count=8000 5232 2768 2739 181 2558 4347 4315 2536 2433 961 1472 1695 1666 1549 1335 1319 1070 837 157 233 680 169 249 2620 1435 1387 671 605 716
is_linear=0
shrinkage=0.05


Tree=111
num_leaves=31
num_cat=0
split_feature=4 7 8 6 3 7 0 8 8 2 3 3 4 5 8 3 1 2 5 4 1 4 8 8 7 2 2 1 5 2
split_gain=3.41336 2.38675 2.16862 1.92718 2.1761 2.12328 3.18074 6.83095 4.57031 1.98959 1.78989 1.73207 1.57753 1.29868 1.45289 1.32114 2.95977 1.26845 1.60199 1.20953 1.19617 1.91715 1.38281 2.89199 1.92036 1.51609 1.44355 2.57572 1.18649 1.16671
threshold=44.150000000000013 6403.5300000000007 12337.600000000002 8.5500000000000025 1380.5000000000002 8982.2450000000008 1.0000000180025095e-35 10326.900000000003 11112.650000000001 308.45000000000005 1341.5000000000002 2651.0000000000005 58.550000000000004 209.50000000000003 7072.4000000000005 1420.5000000000002 298.85000000000008 311.35000000000008 232.50000000000003 65.000000000000014 302.75000000000006 56.550000000000004 10823.600000000002 9694.8000000000011 7319.5300000000007 311.05000000000007 310.65000000000003 298.55000000000007 234.50000000000003 311.85000000000008
decision_type=2 2 2 2 2 2 2 2 2 2 2 2 2 2 2 2 2 2 2 2 2 2 2 2 2 2 2 2 2 2
left_child=1 11 3 4 -2 6 8 10 9 -5 -8 28 20 14 15 29 -17 18 -6 -7 22 -22 23 24 25 26 27 -11 -1 -12
right_child=2 -3 -4 5 17 19 7 -9 -10 12 13 -13 -14 -15 -16 16 -18 -19 -20 -21 21 -23 -24 -25 -26 -27 -28 -29 -30 -31
leaf_value=0.0020616262038910867 0.050173446507670229 -0.052424306139599253 0.050346460317925716 -0.074295930463072563 -0.043673225075382537 0.013707681851285706 -0.055752522729189118 -0.073990721917235672 0.050381766944726361 0.03228806036669455 0.03434777135895524 0.047765622461437625 -0.060122644838487505 0.046203518238235049 -0.053146415392071378 0.03825878411683542 -0.067734801672595518 0.032000721689575171 0.051092771881448333 0.050302341266827082 -0.071661418015704539 0.037554450344272072 0.03442751880316517 -0.059456269454341487 -0.056606582248813569 -0.053786763569123257 0.039058695431224082 -0.064040001690317913 -0.056331516440225118 -0.053075925649583994
leaf_weight=75.585330036865344 6.9758619815111143 2.0207027782962532 4.4078156501054755 0.78729539777851343 1.7631784662808061 4.514571085572241 1.0838701761022083 3.5328917491278835 6.9814120680093756 1.8734504120948314 4.2607590807601792 2.0677944011986247 0.84572225080773833 2.1685804245062164 1.0196544631980939 1.2474386171816152 1.3953390207607297 2.384741179383127 0.59694540500640858 4.517382875084877 1.0613931965053769 0.64659551257500414 5.4568376541137686 1.5588404782465648 0.89557354325370475 0.65142740626470264 6.1228925545001402 1.1022522615676278 0.88004858046769996 0.41917881704284798
leaf_count=4321 71 885 29 264 80 20 159 48 36 109 267 15 75 9 216 101 157 29 1 28 90 7 13 69 362 139 83 271 11 35
internal_value=0.00820118 0.00123011 0.0164263 0.0140852 0.0324052 0.00996727 0.00534911 -0.0131225 0.0153347 0.00368459 0.00542383 0.00261066 0.00672163 0.0117322 0.00277149 0.0105578 -0.0177039 0.00628244 -0.0197041 0.0320107 0.00964026 -0.0303154 0.0135043 0.00414912 0.0134629 0.019899 0.0251747 -0.00339354 0.00138957 0.0265173
internal_weight=148.826 80.5539 68.2719 63.8641 11.7207 52.1434 43.1114 15.1277 27.9837 21.0023 11.5948 78.5332 20.215 10.511 8.34237 7.32272 2.64278 4.74487 2.36012 9.03195 19.3693 1.70799 17.6613 12.2044 10.6456 9.75002 9.0986 2.9757 76.4654 4.67994
internal_count=8000 5232 2768 2739 181 2558 2510 992 1518 1482 944 4347 1218 785 776 560 258 110 81 48 1143 97 1046 1033 964 602 463 380 4332 302
is_linear=0
shrinkage=0.05


Tree=112
num_leaves=31
num_cat=0
split_feature=4 7 8 6 3 7 3 2 5 5 5 7 1 2 5 7 7 4 4 7 8 1 7 2 5 7 6 3 1 6
split_gain=3.26887 2.25795 2.08681 1.82115 2.11897 2.00344 1.64525 1.54455 1.29778 1.56988 1.53045 1.45161 1.25471 1.17036 1.49001 1.13147 1.81296 1.45254 2.6139 1.75366 4.11565 1.9752 3.45035 3.50621 3.33664 2.97648 3.08836 3.92117 5.19051 2.8733
threshold=44.150000000000013 6403.5300000000007 12337.600000000002 8.5500000000000025 1380.5000000000002 9263.0750000000025 2651.0000000000005 307.65000000000003 206.50000000000003 210.50000000000003 205.50000000000003 6715.0000000000009 299.45000000000005 311.35000000000008 232.50000000000003 6390.2850000000008 6297.9800000000005 40.45000000000001 38.95000000000001 6251.0150000000012 8377.4000000000033 300.55000000000007 5909.9600000000009 309.55000000000007 63.500000000000007 5860.5750000000007 8.6500000000000004 2089.5000000000005 304.35000000000008 8.5500000000000025
decision_type=2 2 2 2 2 2 2 2 2 2 2 2 2 2 2 2 2 2 2 2 2 2 2 2 2 2 2 2 2 2
left_child=1 6 3 4 -2 7 15 -5 10 -10 11 -9 -11 14 -6 16 17 18 19 20 21 24 23 -23 -1 26 29 28 -28 -25
right_child=2 -3 -4 5 13 -7 -8 8 9 12 -12 -13 -14 -15 -16 -17 -18 -19 -20 -21 -22 22 -24 25 -26 -27 27 -29 -30 -31
leaf_value=-0.086744899328604505 0.050164957916471242 -0.052308289568696466 0.05032955104307988 -0.073614012847068255 -0.042257039159919782 0.050232605129599234 0.047522418084639147 -0.053824636378812789 0.040635224233427705 0.024883923185887072 -0.076325001998618899 0.0060536994211663336 -0.010700209951919766 0.031032178907892893 0.051038342611327461 0.040631675940393033 -0.056398611416769995 0.026201484715514325 -0.057793529748151606 0.050841702254722392 -0.081085168092545845 -0.17473190590062557 -0.077616379621455997 -0.028876722702052215 0.010465599924489762 0.040047442609739324 -0.068351290759264424 0.012208556110394862 0.05194569974730065 0.046899762338054818
leaf_weight=0.90278953844972321 6.636739529669283 1.926307612666277 4.194217085838317 0.58180698989963175 1.7319676152110335 2.8897845745086661 1.9767639599740494 1.048172268037894 5.8321520630270234 5.2067087548784894 0.60481399460695584 29.459796409719274 4.7256383541971445 2.3374399848398753 0.5684223175048827 1.7876125117181789 1.3799616894248163 5.4830392760559326 1.9375150806445152 1.7275270891113894 1.5353602729737748 0.29791425552685424 1.7523800791241217 1.9438230365558471 39.709225901795435 3.4841753906512158 5.7330503991215647 4.1363610779226292 1.0629368304798843 3.5097624563750287
leaf_count=627 71 885 29 103 80 22 15 231 24 36 9 2098 35 29 1 30 237 217 284 43 10 21 235 187 1451 48 858 47 3 34
internal_value=0.0079432 0.00117166 0.0162033 0.0138806 0.0320448 0.00981317 0.00248634 0.00735203 0.00835692 0.0200443 0.00243504 0.00399644 0.00795361 0.00611479 -0.0192039 0.00132083 0.00037879 0.00144892 -0.000554823 0.00113072 -0.000209689 0.00177605 -0.0103195 -0.00447215 0.00830465 -0.00191943 -0.0108429 -0.0261744 -0.0495361 0.0198907
internal_weight=146.104 80.2865 65.8177 61.6234 11.2746 50.3489 78.3602 47.4591 46.8773 15.7645 31.1128 30.508 9.93235 4.63783 2.30039 76.3834 74.5958 73.2159 67.7328 65.7953 64.0678 62.5324 21.9204 20.168 40.612 19.8701 16.3859 10.9323 6.79599 5.45359
internal_count=8000 5232 2768 2739 181 2558 4347 2536 2433 95 2338 2329 71 110 81 4332 4302 4065 3848 3564 3521 3511 1433 1198 2078 1177 1129 908 861 221
is_linear=0
shrinkage=0.05


Tree=113
num_leaves=31
num_cat=0
split_feature=4 7 8 6 7 0 8 8 3 2 4 4 7 3 3 5 5 5 7 7 2 4 7 2 7 8 8 5 2 7
split_gain=3.01181 2.13822 2.04065 1.77013 1.8981 1.63915 5.56998 4.44618 1.56028 1.53838 1.91762 1.33839 1.28763 1.67233 1.23578 1.21948 1.34668 1.27613 1.78554 1.45201 2.61196 1.15588 1.37152 3.14535 2.5423 1.45257 2.93609 2.52663 1.43351 1.23324
threshold=44.150000000000013 6403.5300000000007 12337.600000000002 8.4500000000000011 9263.0750000000025 1.0000000180025095e-35 10326.900000000003 11112.650000000001 2651.0000000000005 308.45000000000005 65.850000000000009 58.750000000000007 8982.2450000000008 1341.5000000000002 1380.5000000000002 209.50000000000003 130.50000000000003 112.50000000000001 7103.045000000001 7083.5950000000003 310.45000000000005 44.45000000000001 7253.2650000000003 310.95000000000005 7120.1350000000011 10823.600000000002 3925.4000000000005 76.500000000000014 309.45000000000005 8982.2450000000008
decision_type=2 2 2 2 2 2 2 2 2 2 2 2 2 2 2 2 2 2 2 2 2 2 2 2 2 2 2 2 2 2
left_child=1 8 3 14 5 7 12 9 -1 10 -5 -8 13 -7 -2 16 17 18 19 20 -15 -11 23 24 28 26 -24 -28 -23 -29
right_child=2 -3 -4 4 -6 6 11 -9 -10 21 -12 -13 -14 15 -16 -17 -18 -19 -20 -21 -22 22 25 -25 -26 -27 27 29 -30 -31
leaf_value=0.0012697770352931631 0.050156858382712777 -0.052197705474404277 0.050313469249419346 -0.082652685150025454 0.050221209635830766 -0.055497667312967763 -0.077718261230777991 0.050358393929088842 0.047260710160816649 0.046751728893136474 0.050330583945891627 -0.020728768833575859 0.050445172825006823 0.034510402322415888 0.013228757157331831 0.045588754906627255 -0.052745574993219968 0.043382884796739955 -0.052618857688300602 0.052177271887939719 -0.072423778057357613 -0.056569624723341219 0.033922602602617084 -0.068154087111701719 -0.10233159420202947 0.035327595873683983 -0.11282210862121166 -0.03874079892253101 0.021003634637539102 0.023850282391022021
leaf_weight=75.223817284066172 5.0681522488594037 1.8361445277259907 3.9909057915210715 1.0064256302393975 2.7494560331106177 1.0356059529513011 2.5221433390834127 6.7328569814562789 1.8905107863247383 1.7396667530119909 0.37102583050727833 1.7416504803113637 1.813500344753266 1.3544553900283047 4.0968774863431463 2.0578244118951252 0.97101157168071939 2.0490366871235892 1.3528915223505462 1.5203882104251536 0.98730297491420049 0.66282350226538422 3.5188492563756864 1.8759456139232495 0.51429400386405166 5.1776724457740784 0.73166138766100663 1.6975853132971679 5.8676685819373233 1.4671197831630707
leaf_count=4332 57 885 29 265 22 159 40 37 15 45 2 11 8 110 88 9 266 68 264 5 75 131 218 193 84 14 9 383 170 6
internal_value=0.00768084 0.00112757 0.0156806 0.013403 0.00980119 0.00752244 -0.00478227 0.0143512 0.00239728 0.00450853 -0.0468327 -0.0544395 0.0113285 0.00506661 0.0336496 0.0111602 0.00255702 0.00994949 -0.0031868 0.014129 -0.0105739 0.00754983 0.00437982 -0.0106197 0.00470109 0.0150054 0.000815398 -0.0290841 0.0131302 -0.00972432
internal_weight=143.625 78.9505 64.6748 60.6839 51.5189 48.7694 17.4058 31.3636 77.1143 24.6307 1.37745 4.26379 13.142 11.3285 9.16503 10.2929 8.23509 7.26407 5.21504 3.86215 2.34176 23.2533 21.5136 8.92073 7.04479 12.5929 7.41522 3.89637 6.53049 3.16471
internal_count=8000 5232 2768 2739 2594 2572 1015 1557 4347 1520 267 51 964 956 145 797 788 522 454 190 185 1253 1208 578 385 630 616 398 301 389
is_linear=0
shrinkage=0.05


Tree=114
num_leaves=31
num_cat=0
split_feature=7 6 6 3 3 8 3 8 7 3 0 6 3 5 7 7 7 0 4 2 3 2 1 3 1 1 1 4 7 3
split_gain=2.87617 3.19858 4.43486 3.51934 2.40116 2.39869 4.19054 2.09241 1.8564 3.25798 2.59773 3.12238 1.85051 1.73541 2.20261 2.0578 2.00341 1.42145 3.54393 5.98652 5.36784 3.47324 3.30968 2.56453 3.60197 6.51472 2.28429 3.97461 1.56143 1.40944
threshold=8982.2450000000008 8.6500000000000004 8.8500000000000032 1417.5000000000002 1380.5000000000002 11112.650000000001 1322.5000000000002 10823.600000000002 5141.4150000000009 1671.5000000000002 1.5000000000000002 9.7500000000000018 1420.5000000000002 188.50000000000003 7907.1000000000013 6805.5350000000008 7716.3650000000007 1.5000000000000002 37.45000000000001 311.75000000000006 1612.5000000000002 308.25000000000006 301.95000000000005 1522.5000000000002 299.25000000000006 300.95000000000005 297.35000000000008 30.850000000000005 7057.630000000001 2471.5000000000005
decision_type=2 2 2 2 2 2 2 2 2 2 2 2 2 2 2 2 2 2 2 2 2 2 2 2 2 2 2 2 2 2
left_child=1 4 3 7 -1 6 -4 -3 10 13 29 -12 -6 15 17 -10 -17 18 19 20 -15 -20 23 24 -23 -26 -22 -28 -24 -8
right_child=-2 2 5 -5 12 -7 8 -9 9 -11 11 -13 -14 14 -16 16 -18 -19 21 -21 26 22 28 -25 25 -27 27 -29 -30 -31
leaf_value=0.037946422305756122 0.03357661094224141 -0.055014551981143314 -0.074368843296477333 -0.089268459250515297 -0.037782319538388037 0.027201008409127717 0.011115663298346458 0.050640993347834042 -0.050423594432042806 -0.059607184419546023 0.0090183053305485147 -0.14613237512053151 0.014775311007182072 -0.070702050753248188 0.047472073646582673 0.0065033534297843148 -0.054520344588351227 0.02467894346852037 -0.072284294979510236 0.039331969797417349 0.04266968922158465 0.029876721975772038 -0.073802250641137532 0.043792986376115624 -0.068720824011640425 0.025035318609385477 0.041867985858872234 -0.077731062199820566 0.0074497616872764337 0.039267816201717841
leaf_weight=11.819711174815895 9.7852997258305532 0.86226545924728171 1.7949908217487962 2.3491504752455512 1.9717724185320538 9.8805744200944883 18.786044468710323 1.026393800973892 3.2530321849408201 2.3450303281570077 0.80460026530999929 0.54320762850693427 11.119335859410056 6.0408616708591563 2.8270201440900555 7.6576868421416275 1.631528469166369 6.0381731491579549 1.2464196682994977 3.1088141397922291 1.9062079524737781 8.6576338530285373 1.5007268729241325 7.2100191201607222 3.3915961502352721 4.0838408422714565 1.1892852224409582 1.6703139371820723 0.97570636702585023 5.8243477568030348
leaf_count=95 60 52 235 231 67 63 863 3 3029 362 32 59 467 120 16 1306 393 62 47 16 8 101 34 49 107 40 5 41 16 21
internal_value=0.00742453 0.00547872 0.0017094 -0.0484129 0.0216095 0.00378436 0.00128271 0.00240406 0.00278002 -0.00174992 0.0140767 -0.0535121 0.00685912 0.000424778 0.00460777 -0.0161997 -0.00421466 0.00203059 -0.00130641 -0.0218124 -0.0394022 0.00923641 0.0131718 0.0190025 0.0079234 -0.0175017 0.000271728 -0.0279907 -0.0417892 0.0177782
internal_weight=141.302 131.516 106.605 4.23781 24.9108 102.368 92.4871 1.88866 90.6921 64.7339 25.9582 1.34781 13.0911 62.3889 49.8466 12.5422 9.28922 47.0196 40.9814 13.9155 10.8067 27.0659 25.8195 23.3431 16.1331 7.47544 4.76581 2.8596 2.47643 24.6104
internal_count=8000 7940 7311 286 629 7025 6962 55 6727 5752 975 91 534 5390 662 4728 1699 646 584 190 174 394 347 297 248 147 54 46 50 884
is_linear=0
shrinkage=0.05


Tree=115
num_leaves=31
num_cat=0
split_feature=8 6 6 3 3 7 5 4 3 1 3 3 3 2 5 1 4 1 2 1 6 6 7 4 5 8 1 0 8 3
split_gain=2.81133 2.67755 2.935 4.62928 2.10553 1.9757 1.94427 1.86447 2.3673 4.32658 3.42032 3.3608 2.67955 2.24206 5.20668 3.56096 4.38411 3.38509 2.91924 2.38908 2.15653 2.17623 3.0956 3.4223 2.12491 3.49876 3.77507 2.08206 2.05935 1.91312
threshold=12337.600000000002 8.6500000000000004 8.8500000000000032 1417.5000000000002 1380.5000000000002 9263.0750000000025 224.50000000000003 13.750000000000002 1692.5000000000002 299.65000000000003 2362.5000000000005 1920.5000000000002 1684.5000000000002 308.55000000000007 215.50000000000003 300.35000000000008 41.250000000000007 299.55000000000007 307.55000000000007 298.35000000000008 11.250000000000002 9.6500000000000004 7297.0950000000012 58.750000000000007 216.50000000000003 7634.0000000000009 297.35000000000008 1.5000000000000002 10624.100000000002 1550.5000000000002
decision_type=2 2 2 2 2 2 2 2 2 2 2 2 2 2 2 2 2 2 2 2 2 2 2 2 2 2 2 2 2 2
left_child=1 4 3 -3 -1 6 7 -4 12 11 -11 -10 13 18 15 16 -15 19 -9 -18 21 -17 -23 -24 25 29 -27 -19 -16 -20
right_child=-2 2 5 -5 -6 -7 -8 8 9 10 -12 -13 -14 14 28 20 17 27 24 -21 -22 22 23 -25 -26 26 -28 -29 -30 -31
leaf_value=0.036926899419695423 0.050290054243351846 0.01339048945716171 0.026490771352122147 -0.086498176923409706 0.0075135190062745457 0.050203797840883947 0.021648443855334501 -0.064910667136485828 -0.055336871631970555 -0.058296411500501959 -0.2964287682356202 0.024865351624881588 0.048731486180559662 -0.058600811370610066 -0.06853683381918628 0.013006839659646788 -0.044066928016392524 -0.078267361074135178 0.038965735488323355 0.026159517801209869 0.044578567944925748 -0.063421548805104519 0.03452098652998449 -0.060661426309292721 0.04647452705885622 0.021393073936005619 -0.072356108424433921 0.034614638239019432 -0.0044745549116099424 -0.05254084367720642
leaf_weight=11.218189861625435 3.6861172914504996 2.3354872093332224 6.5542871491052201 2.3043286859174259 13.294951018335267 2.3042754903435698 12.775272555649279 1.0618387904251019 1.8730506442661843 3.3173070711964106 0.15796966198831786 4.3160816581948893 2.9256650769966646 4.8711883121432029 4.1627305650617918 21.197324857937932 1.4717579004682173 1.877098188226227 6.1613556602715125 6.8372564224409871 3.9249567932638447 2.5243418114769147 3.1301584598841146 1.3523939522492581 5.3605534695088854 2.0736991197918542 2.2270383761897392 0.52211515702947497 1.7956102131865916 0.62954642999829946
leaf_count=92 29 58 25 231 535 20 44 208 371 483 6 104 53 1160 54 1474 334 348 628 521 93 507 120 21 13 62 91 40 12 263
internal_value=0.00721031 0.00603017 0.00270128 -0.0362184 0.0209743 0.00441449 0.00339111 0.00080886 -0.00120051 -0.0244755 -0.0691208 0.000593318 0.00183484 -9.26916e-05 -0.00516203 0.000341756 -0.0192751 -0.00138578 0.0154409 0.0137205 0.00985396 0.00502161 -0.0191354 0.00580429 0.0206269 0.00813476 -0.0271528 -0.0537021 -0.049231 0.0304827
internal_weight=138.244 134.558 110.045 4.63982 24.5131 105.405 103.101 90.3253 83.771 9.66441 3.47528 6.18913 74.1066 71.181 53.6669 47.7086 15.5794 10.7082 17.514 8.30901 32.1292 28.2042 7.00689 4.48255 16.4522 11.0916 4.30074 2.39921 5.95834 6.7909
internal_count=8000 7971 7344 289 627 7055 7035 6991 6966 964 489 475 6002 5949 4684 4618 2403 1243 1265 855 2215 2122 648 141 1057 1044 153 388 66 891
is_linear=0
shrinkage=0.05


Tree=116
num_leaves=31
num_cat=0
split_feature=8 6 6 3 3 7 5 4 3 4 6 3 3 3 1 2 5 1 4 1 2 7 1 5 8 1 0 6 6 7
split_gain=2.69758 2.44789 2.68681 4.27374 2.01321 1.88833 1.77621 1.72465 3.78759 1.55684 1.54897 1.56774 4.15586 2.39605 1.95295 1.77772 4.22194 3.68894 4.18727 3.14297 2.7326 2.36134 2.19768 2.01789 3.24236 3.48995 1.96795 1.82343 2.38196 2.94211
threshold=12337.600000000002 8.6500000000000004 8.8500000000000032 1417.5000000000002 1380.5000000000002 9263.0750000000025 224.50000000000003 13.750000000000002 2362.5000000000005 30.650000000000002 8.9500000000000011 1692.5000000000002 1920.5000000000002 1684.5000000000002 299.65000000000003 308.55000000000007 215.50000000000003 300.35000000000008 41.250000000000007 299.55000000000007 307.55000000000007 7171.3000000000011 298.35000000000008 216.50000000000003 7634.0000000000009 297.35000000000008 1.5000000000000002 11.250000000000002 9.6500000000000004 7297.0950000000012
decision_type=2 2 2 2 2 2 2 2 2 2 2 2 2 2 2 2 2 2 2 2 2 2 2 2 2 2 2 2 2 2
left_child=1 4 3 -3 -1 6 7 -4 10 -8 -9 13 -13 15 -14 20 17 18 -17 22 -12 -18 -20 24 -22 -26 -21 28 -19 -30
right_child=-2 2 5 -5 -6 -7 9 8 -10 -11 11 12 14 -15 -16 16 21 27 19 26 23 -23 -24 -25 25 -27 -28 -29 29 -31
leaf_value=0.036160989450679255 0.050275901760621793 0.012779762939049227 0.025769096172096714 -0.083755181738835421 0.0071530358980116966 0.050193818051536054 0.04420049919463017 -0.044722401456820146 -0.19859668450840914 0.0076286964036554362 -0.064162509594540854 -0.05636385996980442 0.025262745742330839 0.048236848029730162 -0.060351865951253629 -0.058267880322640075 -0.067527025185306552 0.015593686151318682 -0.042912155271941324 -0.077652774815895095 0.029842257826768078 0.0051469707474508936 0.025194806218507306 0.045921391243164009 0.020535504092887211 -0.070327779358318437 0.033650786254385293 0.043840236931503899 -0.063008826407219637 0.0056098549431146437
leaf_weight=10.891404174268247 3.5073053538799277 2.3250178357557152 6.4048073356971136 2.2619054365713964 13.267437556492949 2.1923194378614417 4.5561118796467772 1.9406761042337155 0.24222209630533953 8.0542834242805821 1.0215311347001286 4.097941313932095 4.183574821203365 2.8108042644162188 0.79223084785553499 4.6532224409020264 3.722179263830184 19.751671385347443 1.436700916456173 1.7881172855995822 6.5940042410875304 1.5974308978766201 6.7464757566631306 5.1590011632069936 2.0528293864917941 2.1779694476899749 0.5105171556060667 3.7948365070478749 2.416561782883945 4.4180525994452182
leaf_count=92 29 58 25 231 535 20 7 211 13 37 208 716 97 53 110 1154 51 1308 334 340 891 12 521 13 62 91 40 93 507 141
internal_value=0.00699758 0.00584645 0.00261995 -0.0348236 0.0202305 0.00428556 0.00328831 0.000781795 -0.00117208 0.020842 -0.000586517 0.000487836 -0.019077 0.00300053 0.0116315 0.00112629 -0.00355498 0.00137107 -0.0187963 -0.00127352 0.0151205 -0.0457037 0.0132374 0.0201875 0.00792293 -0.0262399 -0.0529327 0.0114179 0.00679001 -0.0186521
internal_weight=135.369 131.862 107.703 4.58692 24.1588 103.116 100.924 88.3134 81.9086 12.6104 81.6663 79.7257 9.07375 70.6519 4.97581 67.8411 50.8358 45.5162 15.135 10.4818 17.0053 5.31961 8.18318 15.9838 10.8248 4.2308 2.29863 30.3811 26.5863 6.83461
internal_count=8000 7971 7344 289 627 7055 7035 6991 6966 44 6953 6742 923 5819 207 5766 4501 4438 2389 1235 1265 63 855 1057 1044 153 380 2049 1956 648
is_linear=0
shrinkage=0.05


Tree=117
num_leaves=31
num_cat=0
split_feature=8 6 6 3 3 7 5 4 3 2 2 3 5 4 6 3 3 3 1 2 2 5 1 4 1 4 1 5 5 0
split_gain=2.58846 2.23692 2.45793 3.94251 1.9205 1.80491 1.62878 1.59452 3.44122 1.53679 3.03896 3.02191 1.89604 1.49492 1.41491 1.46008 3.94272 2.25896 1.82033 1.66104 2.53752 3.92472 3.40375 3.99392 2.93067 2.4469 2.01972 1.92576 3.01354 1.85416
threshold=12337.600000000002 8.6500000000000004 8.8500000000000032 1417.5000000000002 1380.5000000000002 9263.0750000000025 224.50000000000003 13.750000000000002 2362.5000000000005 311.75000000000006 310.95000000000005 1440.5000000000002 233.50000000000003 30.650000000000002 8.9500000000000011 1692.5000000000002 1920.5000000000002 1684.5000000000002 299.65000000000003 307.55000000000007 308.55000000000007 215.50000000000003 300.35000000000008 41.250000000000007 299.55000000000007 49.650000000000013 298.35000000000008 216.50000000000003 209.50000000000003 1.5000000000000002
decision_type=2 2 2 2 2 2 2 2 2 2 2 2 2 2 2 2 2 2 2 2 2 2 2 2 2 2 2 2 2 2
left_child=1 4 3 -3 -1 6 7 -4 14 10 11 -6 -12 -8 -9 17 -17 19 -18 -16 27 22 23 -22 26 -23 -25 28 -21 -26
right_child=-2 2 5 -5 9 -7 13 8 -10 -11 12 -13 -14 -15 15 16 18 -19 -20 20 21 25 -24 24 29 -27 -28 -29 -30 -31
leaf_value=0.035378892055739034 0.050262439192824651 0.012192882786023755 0.025050735261609964 -0.081044984260857711 -0.042409991994620561 0.050184329957532386 0.043545623568289255 -0.04300470022208526 -0.18992429515889367 0.036538732450683759 -0.066387890047572451 0.032203693968743625 0.050735894161775111 0.0072744933957751348 -0.063452886817838547 -0.056085890047829462 0.024363165208027046 0.047721252019813198 -0.0598762848252185 0.018909698950207419 -0.057932890117160067 -0.066184737200594382 0.01097356833508014 -0.041744083974045304 -0.076727059198207034 0.010273436084874809 0.02424437332991974 0.045348071350474986 -0.055172051307046714 0.032673320737361969
leaf_weight=10.583482876420023 3.3371231555938712 2.3153364098106968 6.2627173541113725 2.2217099296176457 1.8023746254330015 2.0857831016182891 4.3974526971578589 1.9178791576268839 0.24067908385768433 3.2725464044560786 2.2672121638388494 5.4918508590053534 0.40767017006874073 8.0249029174447042 0.98230199045246891 3.916914606743374 4.1227303601044696 2.7018866595317368 0.75942767001106393 9.0321633503008325 4.4512313164450452 3.7193386447615913 30.032216516730841 1.4039056944930033 1.7209179492419928 1.4560911059379575 6.6625989067688351 4.9678849512711158 1.6187917068600643 0.49977920387755137
leaf_count=92 29 58 25 231 66 20 7 211 13 65 136 267 1 37 208 716 97 53 110 1025 1154 56 2049 334 340 7 521 13 19 40
internal_value=0.00678412 0.00566232 0.00253775 -0.033464 0.0195002 0.00415535 0.00318453 0.000752372 -0.0011449 0.00680897 -0.00295039 0.0137669 -0.0485374 0.0201143 -0.000576716 0.000465867 -0.0187193 0.00290361 0.0112596 0.00108397 0.00205087 -0.00344977 0.00131564 -0.0183641 -0.00124288 -0.0446735 0.0127597 0.0196409 0.00765034 -0.0521059
internal_weight=132.677 129.34 105.515 4.53705 23.8251 100.978 98.8918 86.4695 80.2067 13.2417 9.96911 7.29423 2.67488 12.4224 79.9661 78.0482 8.79907 69.2491 4.88216 66.5472 65.5649 49.9461 44.7706 14.7384 10.2872 5.17543 8.0665 15.6188 10.651 2.2207
internal_count=8000 7971 7344 289 627 7055 7035 6991 6966 535 470 333 137 44 6953 6742 923 5819 207 5766 5558 4501 4438 2389 1235 63 855 1057 1044 380
is_linear=0
shrinkage=0.05


Tree=118
num_leaves=31
num_cat=0
split_feature=7 6 6 3 8 0 3 8 3 3 7 3 0 6 5 7 7 7 0 4 8 1 2 1 3 1 1 2 5 2
split_gain=2.48403 2.29758 3.23699 2.44814 2.00254 4.89891 3.51088 1.98981 1.96747 1.59689 1.52951 2.61991 2.4455 2.97498 1.62294 1.97931 1.81293 1.82325 1.33248 3.26619 5.31091 4.48787 2.84949 2.95791 2.2851 2.91485 5.58652 2.03305 2.93541 1.25026
threshold=8982.2450000000008 8.6500000000000004 8.8500000000000032 1417.5000000000002 11112.650000000001 1.0000000180025095e-35 1322.5000000000002 10823.600000000002 1380.5000000000002 1420.5000000000002 5141.4150000000009 1671.5000000000002 1.5000000000000002 9.7500000000000018 188.50000000000003 7907.1000000000013 6805.5350000000008 7716.3650000000007 1.5000000000000002 37.45000000000001 7176.9500000000007 297.35000000000008 308.25000000000006 301.95000000000005 1522.5000000000002 299.25000000000006 300.95000000000005 311.75000000000006 233.50000000000003 311.75000000000006
decision_type=2 2 2 2 2 2 2 2 2 2 2 2 2 2 2 2 2 2 2 2 2 2 2 2 2 2 2 2 2 2
left_child=1 8 3 7 6 -6 -4 -3 -1 -10 12 14 29 -14 16 18 -12 -18 19 20 27 -22 -21 24 25 -24 -27 28 -16 -8
right_child=-2 2 4 -5 5 -7 10 -9 9 -11 11 -13 13 -15 15 -17 17 -19 -20 22 21 -23 23 -25 -26 26 -28 -29 -30 -31
leaf_value=0.03488272352879445 0.03215377101153185 -0.05493729611209397 -0.070512859576544115 -0.078371273708429987 0.050281624466476486 -0.028577134252966721 0.020154945500703115 0.050586460092789831 -0.03670113179652016 0.013063574401375981 -0.050420234265061474 -0.057907577238351417 0.01010951828852432 -0.14596792936234745 -0.063960333887128684 0.046849502690951922 0.0051186079304267667 -0.054246245445401867 0.024460246976350311 -0.06815893506108775 0.0087934613261888839 -0.073709748121187774 0.028408092629826454 -0.039959229416294727 0.042959126518418871 -0.067343475895173949 0.023252583424722348 0.049069780710247562 0.051759210748009758 -0.024865553874775424
leaf_weight=10.496376506984236 8.8459057286381704 0.85049974809226048 1.6896292630335654 2.1836185847496381 6.2615406438708288 2.8730883374810219 20.809138053587965 0.94101455807685852 1.8967794150667021 10.737751832177308 2.9539831839938406 2.0233766701858249 0.73346016312643658 0.52302979199157562 1.3212652670918017 2.5753556063864371 7.4002271253248164 1.5673129159040398 5.6051364887243826 1.1473382685435378 2.3856694642454386 5.3329818439960945 7.8404884128540342 2.4125595870427778 6.5787115608254672 3.008828893332975 3.9166531432420015 2.5694805955863558 0.93641096353530873 1.6655597557692079
leaf_count=95 60 52 235 231 44 19 777 3 67 467 3029 362 32 59 110 16 1306 393 62 47 11 56 101 50 49 107 40 12 1 107
internal_value=0.0065747 0.00470836 0.00136614 -0.0428299 0.00323253 0.0254784 0.000841754 0.000490333 0.0188839 0.00559257 0.00228897 -0.00198696 0.0130234 -0.0548597 -2.09492e-05 0.00427072 -0.0164478 -0.00525696 0.00172388 -0.00167903 -0.0224833 -0.0482098 0.00880123 0.012518 0.0184494 0.00752952 -0.0161076 0.0186535 -0.0159636 0.0168186
internal_weight=130.083 121.237 98.1064 3.97513 94.1312 9.13463 84.9966 1.79151 23.1309 12.6345 83.307 59.5758 23.7312 1.25649 57.5524 45.6309 11.9215 8.96754 43.0555 37.4504 12.5458 7.71865 24.9046 23.7572 21.3447 14.766 6.92548 4.82716 2.25768 22.4747
internal_count=8000 7940 7311 286 7025 63 6962 55 629 534 6727 5752 975 91 5390 662 4728 1699 646 584 190 67 394 347 297 248 147 123 111 884
is_linear=0
shrinkage=0.05


Tree=119
num_leaves=31
num_cat=0
split_feature=8 7 6 6 3 8 3 5 4 3 6 2 3 2 5 2 3 6 3 3 4 3 7 5 2 2 4 0 5 1
split_gain=2.45313 1.94868 2.20488 2.87357 2.21138 1.88772 1.75735 1.59926 1.64339 3.06577 1.87219 1.54164 2.90427 3.48932 1.76575 1.33218 1.32448 1.23424 1.23167 3.60657 2.19942 2.97844 2.81601 1.83862 1.75674 3.18825 5.6409 2.67619 2.66904 1.66441
threshold=12337.600000000002 8982.2450000000008 8.6500000000000004 8.8500000000000032 1417.5000000000002 10823.600000000002 1380.5000000000002 224.50000000000003 13.750000000000002 2362.5000000000005 8.9500000000000011 311.75000000000006 1440.5000000000002 310.95000000000005 233.50000000000003 310.35000000000008 2651.0000000000005 8.5500000000000025 1692.5000000000002 1920.5000000000002 29.150000000000002 1615.5000000000002 5066.6950000000006 188.50000000000003 311.75000000000006 308.55000000000007 37.750000000000007 1.0000000180025095e-35 214.50000000000003 299.65000000000003
decision_type=2 2 2 2 2 2 2 2 2 2 2 2 2 2 2 2 2 2 2 2 2 2 2 2 2 2 2 2 2 2
left_child=1 2 6 4 5 -4 17 8 -5 10 -10 12 -8 -14 -15 -9 -6 -1 20 -20 22 23 -12 -22 25 -25 -27 28 -28 -21
right_child=-2 -3 3 7 16 -7 11 15 9 -11 18 -13 13 14 -16 -17 -18 -19 19 29 21 -23 -24 24 -26 26 27 -29 -30 -31
leaf_value=0.050136559096487801 0.050253117935125838 0.02950570157664073 -0.054690182061345786 0.024456107588851396 -0.087966176405603669 0.050557561827782906 -0.058692241010174132 0.00086416869124427548 -0.055201687972618124 -0.18020553895136146 -0.052980863202788456 0.035393772802198971 0.030727249095095322 -0.0683857754621299 0.050690409534564579 0.03440619978679714 0.050337428028183279 0.014715798712068493 -0.055702155325543894 0.02277786018486434 -0.01539427246648226 -0.057700849614580135 0.050991765941324242 0.020916362672351693 0.026746581537142947 -0.062147587419509313 0.023752691480790251 -0.035383955393705924 -0.034658733304105176 -0.059283904919409339
leaf_weight=5.2458577826619166 3.1088074892759314 7.7842610552906981 0.81258351108408466 6.0884006973356 1.9576432196481621 0.89561949670314789 1.9775544590956977 5.4277751957997662 1.6162558866490133 0.24214829923584957 0.77692735695745696 3.1856076054828 5.3562482762499712 1.6606937594042395 0.3831600248813628 6.5114956954494119 0.18990115821361531 4.6300069242715836 3.6982709248441079 4.0171893990918761 12.743780773706019 2.2304210485235663 4.025351965916343 12.724163972983659 8.3956316802650672 4.2627459382347324 10.589038493897535 3.6711401686770833 2.3987015846651039 0.73021854061516922
leaf_count=71 29 51 52 25 230 3 94 26 210 13 114 65 267 107 1 18 1 19 716 97 4471 581 11 132 71 111 157 118 29 110
internal_value=0.00638322 0.00528539 0.00366627 0.000304795 -0.0419652 0.000491744 0.0177487 0.00211271 -0.000489279 -0.00259512 -0.00199679 0.00534264 -0.00486578 0.00951845 -0.0460626 0.0191575 -0.0757364 0.0335306 -0.000772929 -0.0186828 0.00167395 -0.00106317 0.0341708 0.00124267 0.00628573 0.00118014 -0.0108231 0.00231004 0.0129647 0.0101556
internal_weight=127.338 124.229 116.445 94.0054 3.85575 1.7082 22.4391 90.1497 78.2104 72.122 71.8798 12.5633 9.37766 7.4001 2.04385 11.9393 2.14754 9.87586 70.2636 8.44568 61.8179 57.0156 4.80228 54.7852 42.0414 33.6458 20.9216 16.6589 12.9877 4.74741
internal_count=8000 7971 7920 7296 286 55 624 7010 6966 6941 6928 534 469 375 108 44 231 90 6718 923 5795 5670 125 5089 618 547 415 304 186 207
is_linear=0
shrinkage=0.05


Tree=120
num_leaves=31
num_cat=0
split_feature=8 7 6 6 3 8 3 3 8 3 8 7 4 0 5 5 6 5 1 1 4 1 2 4 3 7 3 3 2 5
split_gain=2.35112 1.81148 2.05332 2.69549 2.04365 1.7911 1.64438 1.4961 1.92308 1.42849 1.34298 1.81783 3.56803 2.54574 2.51248 2.61583 2.22168 2.0696 1.82167 4.64658 2.31333 3.63942 1.90351 1.90104 2.83995 1.89251 1.83232 2.85351 1.55199 1.34387
threshold=12337.600000000002 8982.2450000000008 8.6500000000000004 8.8500000000000032 1417.5000000000002 10823.600000000002 1380.5000000000002 1322.5000000000002 11112.650000000001 1399.5000000000002 10823.600000000002 5386.7750000000005 34.350000000000001 1.5000000000000002 228.50000000000003 219.50000000000003 9.7500000000000018 217.50000000000003 297.35000000000008 298.45000000000005 37.45000000000001 304.35000000000008 311.85000000000008 39.050000000000004 1456.5000000000002 6154.8350000000009 1437.5000000000002 1420.5000000000002 313.15000000000003 224.50000000000003
decision_type=2 2 2 2 2 2 2 2 2 2 2 2 2 2 2 2 2 2 2 2 2 2 2 2 2 2 2 2 2 2
left_child=1 2 6 4 5 -4 -1 8 -5 -8 11 13 -13 29 15 17 -15 18 25 -20 21 -21 23 -22 26 -14 27 -25 -24 -9
right_child=-2 -3 3 7 -6 -7 9 10 -10 -11 -12 12 14 16 -16 -17 -18 -19 19 20 22 -23 28 24 -26 -27 -28 -29 -30 -31
leaf_value=0.032853271759003898 0.050240774065300808 0.028786587026617662 -0.054455661940878197 -0.069152335474997259 -0.074283872878321028 0.050530096407021732 -0.05823614588341694 0.009781129641886337 0.017327935587033674 0.0097993813708715152 0.019582855233735444 -0.060522528696208014 0.042015016734339668 0.0061306017098999022 -0.071009011801662483 0.029569267618161695 -0.1173194044394978 -0.070794350109976034 -0.066297572540064423 -0.064959035387714956 0.030723512225218599 0.051636980746601217 -0.057799628012323745 0.0081204704931754339 -0.056635832262587227 -0.053591036043682483 0.032637076427032237 -0.064147512711234631 0.027967880080934517 0.040844038736737642
leaf_weight=9.5857041664421576 2.9578973948955527 7.5849134027957907 0.77619804581627183 1.6149309452775917 2.0815806568061817 0.85239098966121674 0.82742681569652532 21.472393625823322 1.0679483413696287 11.417406255313834 10.906184166669844 2.7329527973706709 3.599669432063819 0.76018842266057507 1.2704835077747691 6.5088280658237627 0.70009162781207124 1.150546671822666 2.9711585286204345 2.8415445611171921 7.1828985582978992 0.87547945976257313 1.9804022502212313 7.073729674339118 1.9605764719308343 0.60454635553469405 4.7840111181139937 1.6928077151096657 0.71893003996228788 4.1557530090212813
leaf_count=90 29 51 52 235 231 3 33 1262 10 501 58 618 121 52 15 35 83 16 1008 496 248 1 346 792 772 309 243 211 71 8
internal_value=0.00619506 0.00512499 0.00355298 0.000292553 -0.0414603 0.000493077 0.0173436 0.00204046 -0.034728 0.00520198 0.00318826 0.0008054 -0.00504402 0.0111593 -0.00169075 0.000313292 -0.0530542 -0.00477327 -0.00267988 -0.00673544 -0.000656216 -0.0374969 0.00473644 0.00945772 -0.000390051 0.0282673 0.00774793 -0.00583439 -0.0349566 0.0148182
internal_weight=124.71 121.752 114.167 92.3362 3.71017 1.62859 21.8305 88.6261 2.68288 12.2448 85.9432 75.037 47.9486 27.0884 45.2156 43.9451 1.46028 37.4363 36.2858 32.0815 29.1104 3.71702 25.3934 22.694 15.5111 4.20422 13.5505 8.76654 2.69933 25.6281
internal_count=8000 7971 7920 7296 286 55 624 7010 245 534 6765 6707 5302 1405 4684 4669 135 4634 4618 4188 3180 497 2683 2266 2018 430 1246 1003 417 1270
is_linear=0
shrinkage=0.05


Tree=121
num_leaves=31
num_cat=0
split_feature=8 7 6 6 3 3 6 2 2 3 5 3 5 4 3 4 3 3 3 1 2 5 1 4 1 4 2 6 5 8
split_gain=2.2541 1.73005 1.8393 2.01976 2.4538 1.47089 1.31899 1.31039 2.69701 2.43304 1.6513 1.282 1.25678 1.40518 2.76627 1.33692 1.19882 3.38452 2.08828 1.56511 1.50687 3.76266 2.60145 3.41788 2.53302 2.25207 2.1782 1.76612 1.74884 2.87177
threshold=12337.600000000002 9263.0750000000025 8.6500000000000004 8.8500000000000032 1417.5000000000002 1380.5000000000002 8.5500000000000025 311.75000000000006 310.95000000000005 1440.5000000000002 233.50000000000003 2651.0000000000005 224.50000000000003 13.750000000000002 2362.5000000000005 30.650000000000002 1692.5000000000002 1920.5000000000002 1684.5000000000002 299.65000000000003 308.55000000000007 215.50000000000003 300.35000000000008 41.250000000000007 299.55000000000007 49.650000000000013 307.55000000000007 11.250000000000002 216.50000000000003 7634.0000000000009
decision_type=2 2 2 2 2 2 2 2 2 2 2 2 2 2 2 2 2 2 2 2 2 2 2 2 2 2 2 2 2 2
left_child=1 2 5 4 -4 6 -1 8 9 -7 -10 -6 13 -5 16 -14 18 -18 20 -19 26 22 23 -22 -25 -23 -15 -24 29 -28
right_child=-2 -3 3 12 11 7 -8 -9 10 -11 -12 -13 15 14 -16 -17 17 19 -20 -21 21 25 27 24 -26 -27 28 -29 -30 -31
leaf_value=0.050125586315170313 0.05022903303719585 0.050160265834218856 0.0079500646239554201 0.023862319123856484 -0.08461091438143159 -0.040468592315324833 0.012669265336553118 0.034164495027487224 -0.0650284229662033 0.029351549943591689 0.050649889567612454 0.050345609988697471 0.041636328781469133 -0.062435107681362262 -0.16875981788719444 0.0057388068308672768 -0.055421597000379463 0.021582290357518377 0.047033463155593105 -0.058786537938155019 -0.05713992740641112 -0.064639865691509132 0.0041459383385405307 0.011724373899429518 -0.050360036169815582 0.0094835200404806298 0.028132348659533651 0.042729935187105342 0.043937379060225989 -0.027055530140125003
leaf_weight=4.8973179459571856 2.8142801858484736 2.0798850059509268 1.8246487595606589 5.9315294926054767 1.8525984621446698 1.6375753895263168 4.5192073285579681 3.0943055919415192 2.1130511554838454 5.2415132737223757 0.36124718189239491 0.1944403052330016 3.961982421576975 0.89264886799901333 0.24616704601794381 7.5100621916353703 3.5785123729256139 3.9432810731668724 2.4130622866068725 0.71572341449063959 3.9427158871403654 3.8222091689240179 26.023790653136533 7.5097297757238248 2.1029763569204079 1.4000981897115705 5.9539346590172482 3.3473083385033524 4.4875856144353738 3.9021262910137011
leaf_count=72 29 23 56 25 230 66 19 65 136 267 1 1 7 208 13 37 739 97 53 115 1160 59 2122 855 388 7 891 93 13 153
internal_value=0.00599888 0.00495725 0.00415657 0.00116322 -0.0342111 0.017239 0.0321494 0.00595936 -0.00337152 0.0127308 -0.0481394 -0.0717919 0.00265701 0.000443162 -0.0014269 0.0181364 -0.000870518 -0.0188524 0.0013807 0.00923591 -0.000357297 -0.00469402 0.000181187 -0.0179371 -0.00185786 -0.0447674 0.0133474 0.0085432 0.0180635 0.00628284
internal_weight=122.316 119.501 117.421 95.5571 3.87169 21.8642 9.41653 12.4477 9.35339 6.87909 2.4743 2.04704 91.6854 80.2134 74.2819 11.472 74.0357 8.23752 65.7982 4.659 63.3851 48.1488 42.9265 13.5554 9.61271 5.22231 15.2363 29.3711 14.3436 9.85606
internal_count=8000 7971 7948 7322 287 626 91 535 470 333 137 231 7035 6991 6966 44 6953 951 6002 212 5949 4684 4618 2403 1243 66 1265 2215 1057 1044
is_linear=0
shrinkage=0.05


Tree=122
num_leaves=31
num_cat=0
split_feature=8 7 6 6 3 3 6 2 2 3 5 3 5 4 3 2 2 2 5 3 2 7 7 5 3 3 7 6 1 0
split_gain=2.16058 1.65629 1.7106 1.85774 2.313 1.37822 1.32116 1.20964 2.52829 2.23391 1.55253 1.19142 1.15046 1.29586 2.43609 1.28119 1.17389 1.19804 2.43488 1.81055 1.87796 1.39864 4.87738 2.02431 1.75577 2.86389 1.65667 3.19345 2.6096 2.36455
threshold=12337.600000000002 9263.0750000000025 8.6500000000000004 8.8500000000000032 1417.5000000000002 1380.5000000000002 8.5500000000000025 311.75000000000006 310.95000000000005 1440.5000000000002 233.50000000000003 2651.0000000000005 224.50000000000003 13.750000000000002 2362.5000000000005 310.35000000000008 313.15000000000003 308.55000000000007 218.50000000000003 1615.5000000000002 307.55000000000007 6199.1450000000013 5386.7750000000005 206.50000000000003 1494.5000000000002 1492.5000000000002 5066.6950000000006 11.050000000000002 299.65000000000003 1.0000000180025095e-35
decision_type=2 2 2 2 2 2 2 2 2 2 2 2 2 2 2 2 2 2 2 2 2 2 2 2 2 2 2 2 2 2
left_child=1 2 5 4 -4 6 -1 8 9 -7 -10 -6 13 -5 16 -14 17 19 21 20 -15 22 26 -23 25 -24 27 -19 -28 -29
right_child=-2 -3 3 12 11 7 -8 -9 10 -11 -12 -13 15 14 -16 -17 -18 18 -20 -21 -22 23 24 -25 -26 -27 28 29 -30 -31
leaf_value=0.050119447981309219 0.050217863283920611 0.050152426224673308 0.0075670191427082692 0.023149497631025313 -0.082922950103455809 -0.039160593050280655 0.012114039510428996 0.033169284511595981 -0.0642597338608831 0.028323237710999712 0.050617786395931987 0.050328639068609016 -0.00071313315089748821 -0.063592196381242402 -0.15662443983141663 0.033022924802268087 0.038593459033117158 -0.05595054152022242 -0.048467845262345849 -0.03823143487672559 0.020118239104277832 -0.0050441070670844577 -0.057877698457358809 0.022335329223282352 -0.06214990875834691 0.028002685636671194 -0.058512913429289451 0.035349048147337518 0.035350245404735227 -0.070770808249969258
leaf_weight=4.6590290777385253 2.6776065155863753 1.9787493050098408 1.8212521785462734 5.8115672450512639 1.797205384209519 1.6084170686517589 4.4907655939459801 3.0294713903786024 2.0334304473908564 5.162289344232704 0.34384137392044056 0.18501813709735859 5.2229651184752566 0.70469099446745787 0.2518300284864371 6.1023868098855019 1.8392675105278602 2.4751760475701321 3.0928494861582285 1.7248104484533531 13.604659055177761 20.138695201610975 2.0297238313287362 10.155354597140102 4.7300705624584225 1.8606316529039761 0.84486194950295601 3.0910358832697971 5.9946382852940587 0.63230086558905885
leaf_count=72 29 23 56 25 230 66 19 65 136 267 1 1 26 181 13 18 112 465 42 355 953 2731 336 81 1111 11 156 100 254 65
internal_value=0.0058074 0.00479466 0.00401717 0.00111971 -0.0331109 0.0168028 0.0314662 0.00578515 -0.00328346 0.0122921 -0.0476442 -0.0704854 0.0025614 0.000424398 -0.00138054 0.0174647 -0.000844395 -0.0018649 -0.00536836 0.0101625 0.0159958 -0.00280254 -0.0125051 0.00413419 -0.0416855 -0.0168039 0.0067883 -0.0119336 0.0237556 0.0173277
internal_weight=120.095 117.417 115.438 94.111 3.80348 21.3272 9.14979 12.1774 9.14798 6.77071 2.37727 1.98222 90.3075 78.9822 73.1706 11.3254 72.9188 71.0795 55.0453 16.0342 14.3094 51.9525 21.6584 30.294 8.62043 3.89036 13.038 6.19851 6.8395 3.72334
internal_count=8000 7971 7948 7322 287 626 91 535 470 333 137 231 7035 6991 6966 44 6953 6841 5352 1489 1134 5310 2498 2812 1458 347 1040 630 410 165
is_linear=0
shrinkage=0.05


Tree=123
num_leaves=31
num_cat=0
split_feature=8 7 6 6 3 3 1 7 6 2 3 3 8 5 4 4 3 2 2 5 5 6 1 5 7 7 5 3 5 3
split_gain=2.07062 1.58547 1.58958 1.70853 2.18162 1.33251 1.19888 1.58881 1.4952 1.12242 1.82481 1.1081 1.06871 1.05278 1.30198 1.19443 2.14544 1.08987 1.09775 2.23265 1.66899 2.66568 3.35844 1.42461 1.30471 4.58232 1.84844 1.6808 2.72877 1.79451
threshold=12337.600000000002 9263.0750000000025 8.6500000000000004 8.8500000000000032 1417.5000000000002 1345.5000000000002 302.05000000000007 5440.5250000000005 8.5500000000000025 310.95000000000005 1524.5000000000002 2651.0000000000005 10823.600000000002 224.50000000000003 30.650000000000002 13.750000000000002 2362.5000000000005 313.15000000000003 308.55000000000007 218.50000000000003 216.50000000000003 9.4500000000000011 297.35000000000008 67.500000000000014 6199.1450000000013 5386.7750000000005 206.50000000000003 1494.5000000000002 206.50000000000003 1492.5000000000002
decision_type=2 2 2 2 2 2 2 2 2 2 2 2 2 2 2 2 2 2 2 2 2 2 2 2 2 2 2 2 2 2
left_child=1 2 5 4 12 -1 8 -8 -7 -9 -11 -6 -4 15 -15 -5 17 18 20 24 21 -17 -23 -24 25 -20 -26 28 29 -27
right_child=-2 -3 3 13 11 6 7 9 -10 10 -12 -13 -14 14 -16 16 -18 -19 19 -21 -22 22 23 -25 26 27 -28 -29 -30 -31
leaf_value=0.044458677713203526 0.050207239807480757 0.050144970236036902 -0.026741291841352002 0.022443704327616595 -0.081313608393154629 0.0035956491415292998 -0.038689576317272635 0.03704150323393185 -0.069108286836243565 0.018298836755877609 -0.062566227378849204 0.050312510183465053 0.050496245654999321 0.040651683869568883 0.0046039314844700746 0.03968157310631077 -0.14537755373096645 0.037711384603538171 0.0066314669130848394 -0.046776998969607075 0.03508446076405182 0.012653323599015233 0.02392346461768291 -0.065030352671795175 -0.0047885891330674661 -0.052165125627295486 0.021472859852371341 -0.061674632937007118 -0.062387684168985671 0.052371861809992454
leaf_weight=3.5093717016279724 2.5475435033440581 1.8825174085795868 1.0191220482374768 5.697558691725134 1.7425289121565581 2.9598055375536236 1.1408184099673224 6.5905423641088401 0.92916820099344466 4.8750718672818039 0.81415476549591392 0.17604969441890705 0.79898248612880696 3.7874743491411191 7.3969883294776082 3.0018980685126726 0.25759221636690099 1.7894581673754135 12.667980200782042 3.0456465008901423 4.6158380489796391 4.6428831499142671 0.52833510626078384 3.0394733206285309 20.15227086686355 0.57154823444579839 10.038150927284731 4.5331805830210214 1.7424960806965826 1.457212356821401
leaf_count=41 29 23 53 25 230 107 105 168 33 110 62 1 3 7 37 138 13 112 1040 42 16 554 284 497 2731 320 81 1111 18 9
internal_value=0.00561919 0.00463491 0.00388022 0.00107636 -0.0320447 0.0163652 0.0106695 0.017753 -0.013775 0.0229966 0.00672667 -0.0692355 0.00720144 0.00246749 0.016811 0.000404984 -0.00133697 -0.000820394 -0.00180489 -0.00518743 0.00977948 -0.000637718 -0.0153788 -0.0518577 -0.00271166 -0.0122915 0.0039432 -0.0411576 -0.0164954 0.0229214
internal_weight=117.952 115.404 113.522 92.7027 3.73668 20.8189 17.3096 13.4206 3.88897 12.2798 5.68923 1.91858 1.8181 88.966 11.1845 77.7815 72.084 71.8264 70.0369 54.2085 15.8284 11.2126 8.21069 3.56781 51.1628 20.9724 30.1904 8.30444 3.77126 2.02876
internal_count=8000 7971 7948 7322 287 626 585 445 140 340 172 231 56 7035 44 6991 6966 6953 6841 5352 1489 1473 1335 781 5310 2498 2812 1458 347 329
is_linear=0
shrinkage=0.05


Tree=124
num_leaves=31
num_cat=0
split_feature=8 7 6 6 3 8 3 3 8 6 2 3 2 4 8 7 2 7 2 7 2 3 5 5 5 5 1 1 4 7
split_gain=1.9847 1.54892 1.49523 2.03832 1.49095 1.6367 1.34218 1.31729 1.82412 1.31624 1.24008 2.41195 2.71385 1.36527 1.22959 1.49521 1.29361 1.16941 2.28835 2.02507 3.81142 3.69983 3.23485 2.7284 2.74069 1.80962 1.38428 3.94924 2.11115 1.7352
threshold=12337.600000000002 8982.2450000000008 8.6500000000000004 8.8500000000000032 1417.5000000000002 10823.600000000002 1380.5000000000002 1322.5000000000002 11112.650000000001 8.5500000000000025 311.75000000000006 1440.5000000000002 310.95000000000005 45.95000000000001 10823.600000000002 7716.3650000000007 309.75000000000006 5141.4150000000009 311.75000000000006 5795.9300000000012 311.75000000000006 1429.5000000000002 233.50000000000003 228.50000000000003 221.50000000000003 217.50000000000003 297.35000000000008 298.45000000000005 37.45000000000001 6154.8350000000009
decision_type=2 2 2 2 2 2 2 2 2 2 2 2 2 2 2 2 2 2 2 2 2 2 2 2 2 2 2 2 2 2
left_child=1 2 6 4 5 -4 9 8 -5 -1 11 -8 -13 -14 15 17 -16 18 -9 20 21 -19 -23 24 25 26 29 -28 -29 -21
right_child=-2 -3 3 7 -6 -7 10 14 -10 -11 -12 12 13 -15 16 -17 -18 19 -20 23 -22 22 -24 -25 -26 -27 27 28 -30 -31
leaf_value=0.050110088946266708 0.050197132118070968 0.027180731238575468 -0.054188515759729564 -0.068172931209875762 -0.06804120969518461 0.050471828720788994 -0.057575893068446737 0.016083104099572674 0.016891517347522218 0.010909562984414298 0.032201621687007076 0.02702911104219477 -0.065525212201952371 0.04628288812830373 -0.0020517803593735786 -0.051245588657361119 0.033417963186566618 0.047130162247508184 -0.042747179319625156 0.044799078660720623 0.030452091746166483 -0.06610662423688933 0.032454895481015891 -0.070273331246559573 0.042088572090248411 -0.066844152113469016 -0.065940006428790346 -0.05820884570366263 0.007481264504706416 -0.053475971890250322
leaf_weight=4.2276104800403136 2.4237739108502856 7.0438134446740142 0.73426490361452967 1.5384009272092947 1.8560937379152163 0.76037405431270599 1.7654897431348198 19.601933523776101 1.0675758868455885 4.3393496349453926 2.9243613843427729 4.9837705581376213 1.4615474001875552 0.33575216677854758 4.3983784327283484 1.374290479630871 6.18571044690907 1.076548856930456 1.8051747198187502 3.1591050154384059 2.6029486939514745 6.0110875546524767 0.9663194715976714 1.2402408039197315 4.4026750413468099 0.98250934737734397 2.2058034133697246 1.2924128712547851 22.803164882861893 0.52360842578309519
leaf_count=71 29 51 52 235 231 3 94 856 10 19 65 267 100 8 25 408 33 21 119 89 147 1136 3 15 21 24 858 353 2385 272
internal_value=0.00542682 0.00447219 0.00297204 0.000123741 -0.0381117 -0.000944212 0.0152803 0.0016629 -0.0333251 0.0302542 0.00409712 -0.00551934 0.00803387 -0.0446384 0.0027937 0.000393612 0.018678 0.00142701 0.0111222 -0.00296396 -0.022146 -0.0391451 -0.0524566 0.00261986 0.0051759 -7.21592e-05 0.0021158 -0.00190424 0.00395785 0.0308263
internal_weight=116.094 113.67 106.627 86.5886 3.35073 1.49464 20.0379 83.2379 2.60598 8.56696 11.4709 8.54656 6.78107 1.7973 80.6319 70.0478 10.5841 68.6735 21.4071 47.2664 10.6569 8.05396 6.97741 36.6095 35.3693 30.9666 29.9841 26.3014 24.0956 3.68271
internal_count=8000 7971 7920 7296 286 55 624 7010 245 90 534 469 375 108 6765 6707 58 6299 975 5324 1307 1160 1139 4017 4002 3981 3957 3596 2738 361
is_linear=0
shrinkage=0.05


Tree=125
num_leaves=31
num_cat=0
split_feature=8 7 6 6 3 3 1 7 6 3 2 3 3 5 7 6 5 8 5 5 6 5 6 7 4 4 3 0 8 5
split_gain=1.90083 1.4864 1.37605 1.46573 1.8739 1.24517 1.11522 1.45237 1.39817 1.07285 1.03577 1.61662 1.01181 1.0309 1.40912 1.33707 1.24078 0.945759 0.871922 2.13168 0.873433 3.09399 2.2794 3.47186 2.60384 3.31828 1.86551 1.56193 2.54945 1.54199
threshold=12337.600000000002 9263.0750000000025 8.6500000000000004 8.8500000000000032 1417.5000000000002 1345.5000000000002 302.05000000000007 5440.5250000000005 8.5500000000000025 2651.0000000000005 310.95000000000005 1524.5000000000002 2651.0000000000005 221.50000000000003 5860.5750000000007 11.450000000000001 220.50000000000003 10823.600000000002 219.50000000000003 218.50000000000003 11.050000000000002 39.500000000000007 9.6500000000000004 5795.9300000000012 35.850000000000001 41.250000000000007 1437.5000000000002 1.0000000180025095e-35 11112.650000000001 215.50000000000003
decision_type=2 2 2 2 2 2 2 2 2 2 2 2 2 2 2 2 2 2 2 2 2 2 2 2 2 2 2 2 2 2
left_child=1 2 5 4 17 -1 8 -8 -7 -6 -9 -12 13 15 -15 16 18 -4 19 20 22 -22 29 -24 -25 -26 27 28 -27 -5
right_child=-2 -3 3 12 9 6 7 10 -10 -11 11 -13 -14 14 -16 -17 -18 -19 -20 -21 21 -23 23 24 25 26 -28 -29 -30 -31
leaf_value=0.043700073606318383 0.050187519293882633 0.050134181936097699 -0.025099698010752319 0.0090472937876725536 -0.078533839281966555 0.0031170817499904303 -0.037501278683961838 0.036060537604228969 -0.06814739172936693 0.050318098913703459 0.017235613003607254 -0.061240313484686608 0.05017490627519508 -0.0041098955975659305 0.029130639411547393 -0.054304893079293586 -0.06338730783656947 0.05044862181126733 0.03616223214966275 -0.081180922147183504 -0.085012396518253333 0.016469654991408258 -0.05157349342086525 0.043235422076762016 -0.065452239198831239 -0.022336375056083522 0.028748865920919048 -0.050271316153664605 0.050274284255366369 -0.043218092285736309
leaf_weight=3.2708581462502506 2.305995561182498 1.7431861013174046 0.96898919437080555 29.433830091888016 1.6432249374738601 2.8852196528750969 1.116387026344454 6.2600402126117825 0.90388333649025288 0.17915885150432576 4.6878367007884663 0.76308359511313018 1.0876797139644612 5.6555235870182496 7.3081546846078709 1.1440891342608654 0.75947934063151379 0.72361449897289276 1.7071951003745187 0.7994619500823309 0.79117590553869277 14.816424346277925 4.9135849219455876 2.5063397106641814 2.4127372801085576 4.0888049528439279 3.6234314883258767 2.2086221642948658 1.7163328304886816 1.4822848364710797
leaf_count=41 29 23 53 2490 230 107 105 168 33 1 110 62 11 24 43 348 10 3 7 10 229 1105 890 102 517 451 465 309 12 12
internal_value=0.00525397 0.00432551 0.00359863 0.000967687 -0.0306828 0.015501 0.00995019 0.0169903 -0.0138829 -0.0658664 0.0221849 0.00624963 0.0022545 0.00164393 0.0146292 -0.000681029 0.000179914 0.00719839 0.000864706 -1.12519e-05 0.000943133 0.0113254 -0.00215009 -0.0146657 -0.00371212 -0.012087 -0.0010228 -0.0144841 -0.000868485 0.00654141
internal_weight=113.907 111.601 109.857 89.9701 3.51499 19.8873 16.6165 12.8273 3.7891 1.82238 11.711 5.45092 86.4552 85.3675 12.9637 72.4038 71.2597 1.6926 70.5002 68.793 67.9936 15.6076 52.386 21.4699 16.5563 14.0499 11.6372 8.01376 5.80514 30.9161
internal_count=8000 7971 7948 7322 287 626 585 445 140 231 340 172 7035 7024 67 6957 6609 56 6599 6592 6582 1334 5248 2746 1856 1754 1237 772 463 2502
is_linear=0
shrinkage=0.05


Tree=126
num_leaves=31
num_cat=0
split_feature=8 7 6 6 3 3 1 7 6 3 2 3 3 5 2 8 3 8 3 1 1 7 3 6 3 3 2 7 5 1
split_gain=1.82128 1.42251 1.27195 1.36211 1.75837 1.18877 1.02581 1.33554 1.31512 1.00023 0.972696 1.50804 0.965386 0.956701 1.19275 0.890075 0.818134 0.796193 0.952707 0.794056 2.58223 1.10782 1.85785 2.4169 1.90158 1.89424 1.23648 2.78977 3.55939 2.2146
threshold=12337.600000000002 9263.0750000000025 8.6500000000000004 8.8500000000000032 1417.5000000000002 1345.5000000000002 302.05000000000007 5440.5250000000005 8.5500000000000025 2651.0000000000005 310.95000000000005 1524.5000000000002 2651.0000000000005 224.50000000000003 310.35000000000008 10823.600000000002 2651.0000000000005 6283.0500000000002 1382.5000000000002 304.35000000000008 304.25000000000006 3534.8850000000007 1692.5000000000002 11.050000000000002 1920.5000000000002 1684.5000000000002 308.55000000000007 6199.1450000000013 209.50000000000003 300.35000000000008
decision_type=2 2 2 2 2 2 2 2 2 2 2 2 2 2 2 2 2 2 2 2 2 2 2 2 2 2 2 2 2 2
left_child=1 2 5 4 15 -1 8 16 -7 -6 17 -12 13 19 -15 -4 -8 18 -9 20 21 -5 25 -24 -25 26 -23 28 29 -28
right_child=-2 -3 3 12 9 6 7 10 -10 -11 11 -13 -14 14 -16 -17 -18 -19 -20 -21 -22 22 23 24 -26 -27 27 -29 -30 -31
leaf_value=0.043162432510474497 0.050178374685160176 0.050127621485318387 -0.024055187907597683 0.021569913850338449 -0.077135871449586946 0.0029634499881923283 -0.057728726620095733 0.028880472689457305 -0.067077568775200602 0.05030248952140888 0.016501664285761126 -0.060693238406751927 0.050166345210142751 -0.0021330258036621756 0.031324019243098758 0.050426567206269014 0.050193827737748012 0.047313104663054238 -0.052574698901143663 0.05075292048649286 -0.17761693638665488 0.01195284022005158 -0.056531991800032599 -0.05450304972395055 0.027476076223582092 0.046408420943978575 -0.055144962807676091 0.0028210645308980077 -0.061419446139639136 0.0071105776441003302
leaf_weight=3.1491261124610928 2.1939205266535273 1.658381450921296 0.96072822216956344 5.2849584370851508 1.5906919725821351 2.8831113776250308 0.87998711784530204 1.4226087369024734 0.87316388334147621 0.17047272622585286 4.6524499250808731 0.73224477090116113 1.0348050370812405 5.0386491855606419 5.6520970845595002 0.68861687183380127 0.21938589215278625 4.2007870747183915 0.48012544457742468 0.74948847724590351 0.20631080146995273 13.807189991424819 3.4301916912045263 1.0077813159805376 2.3730327950033825 2.173838910093763 1.8099465208579184 31.716118809574255 4.3746913177892557 6.7781151883827988
leaf_count=41 29 23 53 15 230 107 103 13 33 1 110 62 11 26 18 3 2 43 112 5 10 1265 731 190 39 53 906 2897 58 811
internal_value=0.00506977 0.00417008 0.00346661 0.000928995 -0.0300571 0.0150329 0.00961289 0.0164557 -0.0133179 -0.0648004 0.0214939 0.00600421 0.00216591 0.00157741 0.0155554 0.00704164 -0.0361922 0.0351593 0.00832652 -0.000449888 -0.000975858 -0.000474964 -0.00220173 -0.0269624 0.00303905 0.000578447 -0.00112498 -0.00516645 -0.0247096 -0.00600987
internal_weight=112.193 109.999 108.341 88.8477 3.41051 19.493 16.3439 12.5876 3.75628 1.76116 11.4882 5.38469 85.4372 84.4024 10.6907 1.64935 1.09937 6.10352 1.90273 73.7117 72.9622 72.7559 67.4709 6.81101 3.38081 60.6599 58.4861 44.6789 12.9628 8.58806
internal_count=8000 7971 7948 7322 287 626 585 445 140 231 340 172 7035 7024 44 56 105 168 125 6980 6975 6965 6950 960 229 5990 5937 4672 1775 1717
is_linear=0
shrinkage=0.05


Tree=127
num_leaves=31
num_cat=0
split_feature=8 7 6 6 3 3 1 7 6 2 3 3 3 5 7 6 5 8 5 5 2 4 6 5 6 7 4 3 3 0
split_gain=1.74449 1.36099 1.18365 1.26556 1.65148 1.12788 0.950213 1.24659 1.23808 0.934478 1.40731 0.933246 0.921051 0.8806 1.27444 1.24728 1.12305 0.837848 0.818686 1.98586 0.785427 1.3225 0.775055 2.90542 2.10784 3.13162 2.4115 3.1468 1.95784 1.49023
threshold=12337.600000000002 9263.0750000000025 8.6500000000000004 8.8500000000000032 1417.5000000000002 1345.5000000000002 302.05000000000007 5440.5250000000005 8.5500000000000025 310.95000000000005 1524.5000000000002 2651.0000000000005 2651.0000000000005 221.50000000000003 5860.5750000000007 11.450000000000001 220.50000000000003 10823.600000000002 219.50000000000003 218.50000000000003 311.75000000000006 45.95000000000001 11.050000000000002 39.500000000000007 9.6500000000000004 5795.9300000000012 35.850000000000001 1479.5000000000002 1437.5000000000002 1.0000000180025095e-35
decision_type=2 2 2 2 2 2 2 2 2 2 2 2 2 2 2 2 2 2 2 2 2 2 2 2 2 2 2 2 2 2
left_child=1 2 5 4 17 -1 8 -8 -7 -9 20 -6 13 15 -15 16 18 -4 19 22 21 -11 24 -24 -5 -26 -27 28 29 -28
right_child=-2 -3 3 12 11 6 7 9 -10 10 -12 -13 -14 14 -16 -17 -18 -19 -20 -21 -22 -23 23 -25 25 26 27 -29 -30 -31
leaf_value=0.042595441138818933 0.05016967527736288 0.0501213825289544 -0.023037331000497478 0.0063053789146734962 -0.075806538493099027 0.0028172690200841486 -0.035999498975498923 0.034679234446058457 -0.066080146587225233 -0.063157189848264503 -0.060172168708430264 0.050287650979558243 0.050158209657506038 -0.0041837447294998222 0.027726405600182299 -0.054085353958576693 -0.062265239519566896 0.050405604698802002 0.035730114381701657 -0.080403487064949819 0.031636110304209701 0.025945623980506684 -0.084220875741576551 0.015779326922701741 -0.050273243356139585 0.042363966949122492 -0.0012895780774144824 -0.064703765213797268 0.030445754075076704 -0.049575168120181673
leaf_weight=3.0344206877052811 2.0872744917869559 1.5776926353573788 0.95321507970220343 30.516346215565136 1.5389721396422826 2.8811245309043438 1.0511342061108724 5.8841008208401018 0.84279668191447843 0.71191170785459679 0.70241184125188727 0.16220530867576588 0.98449268192052741 5.6016254611313325 7.0885145576903597 1.0759586854037468 0.71305890008807082 0.65529815852642059 1.6383332535624493 0.76009099802467872 2.9041850151261315 1.0033829555031841 0.76466735438952937 14.495785680159313 4.6934969695648787 2.4006912564727854 5.7483379145432973 2.3445253200334255 3.4361632703257783 2.2131364975575707
leaf_count=41 29 23 53 2502 230 107 105 168 33 45 62 1 11 24 43 348 10 3 7 10 35 30 229 1105 890 102 480 602 351 321
internal_value=0.00489322 0.00402123 0.00334023 0.00089038 -0.0294396 0.0146499 0.00934376 0.016064 -0.0127756 0.0209476 0.00576534 -0.0637836 0.00207869 0.00151176 0.0136408 -0.000662222 0.00016218 0.00688286 0.000807208 -4.20218e-05 0.0157914 -0.0110354 0.000874945 0.0107685 -0.00206513 -0.0143243 -0.00387229 -0.0119495 -0.00109786 -0.014712
internal_weight=110.465 108.378 106.8 87.7849 3.30969 19.0155 15.981 12.2571 3.72392 11.206 5.32189 1.70118 84.4752 83.4907 12.6901 70.8006 69.7246 1.60851 69.0116 67.3732 4.61948 1.71529 66.6132 15.2605 51.3527 20.8364 16.1429 13.7422 11.3976 7.96147
internal_count=8000 7971 7948 7322 287 626 585 445 140 340 172 231 7035 7024 67 6957 6609 56 6599 6592 110 75 6582 1334 5248 2746 1856 1754 1152 801
is_linear=0
shrinkage=0.05


Tree=128
num_leaves=31
num_cat=0
split_feature=8 7 4 6 6 3 8 3 6 3 8 7 7 3 1 5 5 0 6 5 7 6 3 8 1 1 6 4 7 2
split_gain=1.67097 1.30495 1.16779 1.10534 1.62621 1.2488 1.73205 1.13071 1.33108 1.15252 1.10694 1.47327 2.90945 3.16912 3.49239 2.48139 2.54594 2.21998 1.9123 1.41062 1.39983 1.34011 1.47398 1.76121 3.16547 1.5116 2.27466 1.502 1.4322 1.15483
threshold=12337.600000000002 8982.2450000000008 65.000000000000014 8.6500000000000004 8.8500000000000032 1322.5000000000002 11112.650000000001 1380.5000000000002 8.5500000000000025 1420.5000000000002 10823.600000000002 5386.7750000000005 5795.9300000000012 1429.5000000000002 304.35000000000008 228.50000000000003 221.50000000000003 1.5000000000000002 9.7500000000000018 217.50000000000003 7716.3650000000007 9.2500000000000018 2471.5000000000005 4198.5000000000009 298.65000000000003 299.15000000000003 9.4500000000000011 16.850000000000005 3534.8850000000007 309.75000000000006
decision_type=2 2 2 2 2 2 2 2 2 2 2 2 2 2 2 2 2 2 2 2 2 2 2 2 2 2 2 2 2 2
left_child=1 3 -3 7 -5 6 -6 8 -1 -9 11 17 13 -13 -15 16 19 21 -19 20 -14 28 23 24 27 26 -25 -23 -7 -12
right_child=-2 2 -4 4 5 10 -8 9 -10 -11 29 12 15 14 -16 -17 -18 18 -20 -21 -22 22 -24 25 -26 -27 -28 -29 -30 -31
leaf_value=0.050095462473483982 0.05016140163708234 0.0075275527105239234 0.05019747791499906 -0.036630612848466505 -0.067791585751780584 0.016223651589905592 0.017217387770344254 -0.035798068899997364 0.0082706998034421091 0.010022554231080756 -0.0019088830045421471 0.04676813022519636 0.0016516939435362189 -0.068284973214754074 0.051190455325107312 -0.069905400907082624 0.039798110177325513 0.0060461267325283459 -0.11380470927887919 -0.065062363574989068 -0.051183074269219114 0.047288731773343362 0.050624764254123537 0.051443154168456677 -0.074389282518347741 0.027566702043698234 -0.054659855309079956 -0.060476032163112231 -0.058205239416111089 0.032388299522929202
leaf_weight=3.6470763124525574 1.9857961684465397 3.8205698579549781 2.7631502561271191 2.9248649196924807 1.4859772344916558 1.3214918076992099 1.0040793493390081 1.6186700210819243 3.9763314574956894 9.0185314667614858 4.2447584616020304 0.95445471710263419 28.888499957127358 4.5588262444507563 0.70643614459549997 1.2282933481037606 4.0273779298877335 0.67877726889855583 0.65301280085986946 0.87435307644773175 1.3105221434598195 1.4529455242736795 2.9621711596846572 0.77764600515365545 1.4903411283085004 11.5931614516885 1.4414095878746591 0.41588890831189917 1.2651000901387304 5.8190199173986912
leaf_count=71 29 21 30 286 235 7 10 67 19 467 25 23 3957 851 3 15 21 52 83 24 408 19 13 1 462 153 125 287 203 33
internal_value=0.00471582 0.0038718 0.0254359 0.00245689 -1.83743e-05 0.0013345 -0.0335129 0.0135829 0.0282799 0.00305 0.00246634 0.000130857 -0.00546032 -0.0370593 -0.052255 -5.04108e-05 0.00239405 0.0100219 -0.05272 -0.00245384 -0.000641133 0.0136996 0.0180521 0.0124331 -0.0200373 0.02033 -0.0174771 0.0233068 -0.0201795 0.0179222
internal_weight=108.91 106.924 6.58372 100.34 82.0794 79.1545 2.49006 18.2606 7.62341 10.6372 76.6645 66.6007 42.5488 6.21972 5.26526 36.329 35.1008 24.0519 1.33179 31.0734 30.199 22.7202 20.1336 17.1714 3.35918 13.8122 2.21906 1.86883 2.58659 10.0638
internal_count=8000 7971 51 7920 7296 7010 245 624 90 534 6765 6707 5302 877 854 4425 4410 1405 135 4389 4365 1270 1060 1047 768 279 126 306 210 58
is_linear=0
shrinkage=0.05


Tree=129
num_leaves=31
num_cat=0
split_feature=8 7 6 6 3 3 2 3 3 5 2 8 1 1 7 7 2 4 3 3 2 7 5 7 1 3 8 8 6 1
split_gain=1.59911 1.25473 1.0125 1.05299 1.55789 1.04907 0.966726 0.890544 0.849346 0.802546 1.04634 0.784671 0.711592 2.22027 1.02624 1.72224 1.39328 1.31997 2.42424 1.65555 1.65005 2.36444 3.24043 2.16944 2.4693 1.43929 1.60782 5.34417 1.37266 2.11192
threshold=12337.600000000002 9263.0750000000025 8.6500000000000004 8.8500000000000032 1417.5000000000002 1345.5000000000002 309.65000000000003 2651.0000000000005 2651.0000000000005 224.50000000000003 310.35000000000008 10823.600000000002 304.35000000000008 304.25000000000006 3534.8850000000007 4667.3450000000003 307.55000000000007 23.350000000000005 1692.5000000000002 1684.5000000000002 308.55000000000007 6199.1450000000013 209.50000000000003 5909.9600000000009 300.35000000000008 1437.5000000000002 985.70000000000016 4908.2500000000009 9.1500000000000004 301.55000000000007
decision_type=2 2 2 2 2 2 2 2 2 2 2 2 2 2 2 2 2 2 2 2 2 2 2 2 2 2 2 2 2 2
left_child=1 2 5 4 11 -1 -7 -6 9 12 -11 -4 13 14 -5 -16 -17 -18 19 20 -19 22 23 24 -22 26 -23 -28 29 -29
right_child=-2 -3 3 8 7 6 -8 -9 -10 10 -12 -13 -14 -15 15 16 17 18 -20 -21 21 25 -24 -25 -26 -27 27 28 -30 -31
leaf_value=0.041688114030575978 0.050153529770309561 0.050110750133311621 -0.02142044908475468 0.021213441469994817 -0.073947323635278159 -0.059773219021502434 0.010915030995850984 0.050283748791485755 0.050145114478534585 -0.002194686637696864 0.029853905086507537 0.050400057679926308 0.050497906444091349 -0.1601897625879587 -0.039527560151295861 -0.061047482318411762 0.052053707820405096 0.015756588728532694 -0.053218165164064059 0.045875496081986031 -0.056403353742159816 0.034089129441408267 -0.060686552190582367 -0.056241526469457431 0.021975588405900012 0.01748516387365839 -0.069845395951551287 -0.098208879847474229 0.0082386148750529086 0.0032967143364317358
leaf_weight=2.8406513892114189 1.8892367407679547 1.438939157873391 0.92367820798244726 5.0453117489814749 1.4635329486263797 0.49977512145414849 15.009028659143949 0.16002996265888203 0.90233393758535285 4.8950996594503504 5.3089063921943307 0.64647561311721802 0.67708186277013638 0.21837436291389067 2.9492285387350412 0.93350673102031478 1.2169715517084103 12.52081540965264 2.1076771145453668 2.0170118463283861 1.2369771606463453 2.3091340552782702 3.9573488815221927 1.6890900783691902 5.3556592692475533 10.551788268574454 3.1146415338553224 0.81698452330601812 12.979774493574949 1.374651260950486
leaf_count=41 29 23 53 15 230 18 567 1 11 26 18 3 5 10 404 228 3 1056 543 51 621 142 57 544 546 1398 542 42 701 72
internal_value=0.00456042 0.00374133 0.00309804 0.000807777 -0.0273602 0.0137537 0.00863708 -0.0617022 0.00190247 0.00136688 0.0144794 0.00815003 -0.000515727 -0.00100639 -0.000511049 -0.00219391 -0.000423213 0.000500779 -0.000544312 0.00137233 -0.000233256 -0.00484778 -0.0234683 -0.00568395 0.00726934 0.00246909 -0.00522428 -0.0101887 0.00205861 -0.0345419
internal_weight=107.05 105.16 103.722 85.3721 3.19372 18.3495 15.5088 1.62356 82.1784 81.276 10.204 1.57015 71.072 70.3949 70.1766 65.1313 62.182 61.2485 60.0316 57.9239 55.9069 43.386 12.2391 8.28173 6.59264 31.147 20.5952 18.2861 15.1714 2.19164
internal_count=8000 7971 7948 7322 287 626 585 231 7035 7024 44 56 6980 6975 6965 6950 6546 6318 6315 5772 5721 4665 1768 1711 1167 2897 1499 1357 815 114
is_linear=0
shrinkage=0.05


Tree=130
num_leaves=31
num_cat=0
split_feature=4 8 6 3 8 8 2 2 6 5 8 2 7 6 7 3 5 0 7 3 6 4 5 8 4 5 6 0 6 4
split_gain=1.54054 0.992612 0.941095 1.15794 2.08763 1.10798 1.14695 1.94296 2.88591 1.22729 2.07612 1.85039 1.30901 3.59373 3.2431 2.94438 2.98728 2.24976 1.65113 1.98096 2.71234 2.29791 1.44451 1.35448 2.0888 1.22327 1.99959 3.11797 1.41672 1.34256
threshold=65.000000000000014 12337.600000000002 8.6500000000000004 1353.5000000000002 9147.6000000000004 10823.600000000002 311.85000000000008 313.05000000000007 9.2500000000000018 14.500000000000002 985.70000000000016 311.75000000000006 5141.4150000000009 9.1500000000000004 5795.9300000000012 1429.5000000000002 233.50000000000003 1.5000000000000002 5900.9550000000008 1437.5000000000002 10.950000000000001 62.350000000000001 227.50000000000003 9341.1000000000004 46.45000000000001 215.50000000000003 9.6500000000000004 1.0000000180025095e-35 10.950000000000001 13.750000000000002
decision_type=2 2 2 2 2 2 2 2 2 2 2 2 2 2 2 2 2 2 2 2 2 2 2 2 2 2 2 2 2 2
left_child=1 2 -1 4 -4 6 9 -8 -9 -5 -11 12 13 -12 15 -14 -17 18 -16 21 22 23 -21 -20 -25 26 -15 28 29 -28
right_child=-2 -3 3 5 -6 -7 7 8 -10 10 11 -13 14 25 17 16 -18 -19 19 20 -22 -23 -24 24 -26 -27 27 -29 -30 -31
leaf_value=0.013016758995117526 0.035116810656692081 0.050182516886645545 -0.071710535605837011 -0.057647782051383878 -0.0038540081962251077 0.018475219257864779 -0.046060345086031719 -0.10490384639093449 0.044525653997739133 0.045133375398726951 -0.059043404346990173 0.035595317484846872 0.046530913992909921 0.030630959192394454 -0.059871026360200898 -0.065345199781499094 0.032280239377595624 0.029204074956774597 -0.057006928705592735 0.015110912446700842 -0.054229253823810664 0.050450374415438683 -0.084812996314242495 0.032374586079557115 -0.061781208174065919 0.040352550490158283 0.050803979180494722 -0.076822906239663147 0.033402603038785526 -0.049322228935945858
leaf_weight=18.085614303137845 3.93011675402522 1.1124279685318459 1.5019268974538125 0.85578882035770121 4.6203156423543987 9.0971618900075537 3.3059992011621935 0.4004174955771308 1.673556798690697 2.7457486464081731 1.7039844107057458 3.5536956924479446 0.90146759896015183 5.3860412162903213 1.3556302228971677 5.1026585973741021 0.92575498670339573 5.4658223198093756 3.4949078961744844 14.846738557131175 1.682258587963587 0.8576669543981551 0.37070736242458302 1.3657935878727587 1.0357208692512356 4.2368398346006861 0.4441939890384673 1.394901888183085 2.5159295907069463 1.3593648573296375
leaf_count=624 55 15 459 441 86 53 597 81 67 365 91 67 19 152 197 1007 3 349 916 1239 551 4 4 9 88 9 1 196 113 142
internal_value=0.00440213 0.00321166 0.00269064 0.000418716 -0.0205008 0.00210216 -0.000121563 -0.0222612 0.0156756 0.001812 0.00264967 0.000638474 -0.00164315 0.00984293 -0.00687604 -0.0377502 -0.0503533 0.000144551 -0.00620642 -0.00313083 0.00601663 -0.0260191 0.0126767 -0.037142 -0.00823276 0.0174963 0.00877243 -0.0118301 0.00915815 -0.0246624
internal_weight=105.329 101.399 100.287 82.201 6.12224 76.0788 66.9816 5.37997 2.07397 61.6016 60.7458 58.0001 54.4464 17.0413 37.4051 6.92988 6.02841 30.4752 25.0094 23.6538 16.8997 6.75409 15.2174 5.89642 2.40151 15.3373 11.1004 5.71439 4.31949 1.80356
internal_count=8000 7945 7930 7306 545 6761 6708 745 148 5963 5522 5157 5090 704 4386 1029 1010 3357 3008 2811 1794 1017 1243 1013 97 613 604 452 256 143
is_linear=0
shrinkage=0.05


Tree=131
num_leaves=31
num_cat=0
split_feature=8 7 3 6 6 3 3 1 7 6 2 3 8 3 2 4 8 5 5 5 5 2 8 1 1 7 7 4 3 3
split_gain=1.47248 1.17534 0.902486 0.886698 1.12578 1.87759 1.03234 0.742861 1.82043 1.2074 0.890276 1.3046 0.836253 0.859393 0.75152 1.21149 0.741469 1.02009 1.17301 2.18891 1.8199 0.737435 0.726803 0.681638 1.67379 1.05772 2.56723 1.32717 2.20167 1.66729
threshold=12337.600000000002 9263.0750000000025 2651.0000000000005 8.6500000000000004 8.8500000000000032 1417.5000000000002 1345.5000000000002 302.05000000000007 5440.5250000000005 8.5500000000000025 310.95000000000005 1524.5000000000002 6283.0500000000002 1382.5000000000002 311.75000000000006 45.95000000000001 11112.650000000001 234.50000000000003 231.50000000000003 228.50000000000003 224.50000000000003 309.75000000000006 10823.600000000002 304.35000000000008 304.25000000000006 3883.7550000000006 4667.3450000000003 23.350000000000005 1692.5000000000002 1684.5000000000002
decision_type=2 2 2 2 2 2 2 2 2 2 2 2 2 2 2 2 2 2 2 2 2 2 2 2 2 2 2 2 2 2
left_child=1 2 3 6 5 22 -1 9 -9 -8 12 14 13 -10 15 -12 17 18 19 20 23 -18 -5 24 25 -6 -27 -28 29 -29
right_child=-2 -3 -4 4 16 -7 7 8 10 -11 11 -13 -14 -15 -16 -17 21 -19 -20 -21 -22 -23 -24 -25 -26 26 27 28 -30 -31
leaf_value=0.040831478266194127 0.050139074487096473 0.050102902597120393 0.044477280122357118 -0.020644578172799046 0.018534978450029979 -0.07233670462062268 0.0033695068476563175 -0.057340364030392846 0.025733611932882813 -0.065626399341708691 -0.062897392482752001 -0.059953491487596294 0.046166975884102929 -0.052582773752781836 0.029752019863393226 0.024012744650761277 0.0014257032829905472 -0.056220739466462666 0.043474371048139247 -0.071922508886944833 0.027945646732388571 0.03512145588135248 0.050378820616339019 0.05034847333796294 -0.13511636507818231 -0.060521210819233541 0.051736109089162152 -0.0028028789306570566 -0.053330358342298503 0.045162832207917364
leaf_weight=2.7119131833314922 1.7197324000298966 1.3342067413032044 1.286148153245448 0.88000633286719609 5.7510320694709653 1.3919989505411647 2.7302127471775743 0.84109936718596046 1.2984944209456424 0.82589250663295377 0.69676710650674045 0.68975416490866326 3.7904023990558926 0.47969361454306625 2.7917361339787021 0.9445426927995868 3.4270300269126883 0.80431733280420203 1.5465442575514305 1.0579751804471005 5.5690260296687475 3.0857657194137573 0.6098247617483139 0.61864486358535842 0.23665164514386461 1.9382242818137445 1.1268962796893891 49.203803170164974 2.0953329969197503 1.8809693110088108
leaf_count=41 29 23 15 53 67 230 106 103 13 33 45 62 43 112 35 30 24 11 5 8 14 26 3 5 10 352 5 5885 560 52
internal_value=0.0042593 0.00348306 0.00286298 0.00232249 0.000107556 -0.0305839 0.0124293 0.00732446 0.0134851 -0.0126545 0.019057 0.00401399 0.0328957 0.00460656 0.0139669 -0.0128823 0.00123655 -0.00022816 0.000405923 -0.000552751 0.000550827 0.0173908 0.00842706 -0.00187652 -0.00239568 -0.00188906 -0.0039774 -0.00195934 -0.00309716 -0.00103676
internal_weight=103.365 101.645 100.311 99.0246 81.224 2.88183 17.8005 15.0886 11.5325 3.55611 10.6914 5.1228 5.56859 1.77819 4.43305 1.64131 78.3422 71.8294 71.0251 69.4786 68.4206 6.5128 1.48983 62.8516 62.2329 61.9963 56.2452 54.307 53.1801 51.0848
internal_count=8000 7971 7948 7933 7310 286 623 582 443 139 340 172 168 125 110 75 7024 6974 6963 6958 6950 50 56 6936 6931 6921 6854 6502 6497 5937
is_linear=0
shrinkage=0.05


Tree=132
num_leaves=31
num_cat=0
split_feature=8 7 6 3 6 6 3 8 3 8 3 6 5 2 2 3 8 2 2 6 5 8 5 2 4 4 7 3 7 5
split_gain=1.40888 1.13839 1.06785 0.884215 0.83098 1.51729 1.20055 1.26007 1.14029 1.57074 1.0234 1.38869 1.13699 1.20917 1.83871 2.01483 0.971837 1.3886 2.2855 2.55799 1.88667 1.63313 1.98593 1.57331 1.73879 1.13565 3.17074 2.3285 2.68159 2.78052
threshold=12337.600000000002 8982.2450000000008 9.4500000000000011 2651.0000000000005 8.6500000000000004 8.8500000000000032 1417.5000000000002 10823.600000000002 1322.5000000000002 11112.650000000001 1380.5000000000002 8.5500000000000025 100.50000000000001 311.75000000000006 310.95000000000005 1440.5000000000002 10823.600000000002 311.85000000000008 313.05000000000007 9.2500000000000018 19.500000000000004 985.70000000000016 39.500000000000007 311.75000000000006 48.550000000000004 29.150000000000002 5795.9300000000012 1429.5000000000002 4925.3900000000003 233.50000000000003
decision_type=2 2 2 2 2 2 2 2 2 2 2 2 2 2 2 2 2 2 2 2 2 2 2 2 2 2 2 2 2 2
left_child=1 3 -3 4 10 6 7 -6 9 -7 11 -1 -12 14 15 -14 17 20 -19 -20 -10 -22 -23 24 25 -24 27 -27 -29 -30
right_child=-2 2 -4 -5 5 8 -8 -9 16 -11 12 -13 13 -15 -16 -17 -18 18 19 -21 21 22 23 -25 -26 26 -28 28 29 -31
leaf_value=0.050085240702936754 0.050132291202661154 0.050314854887101482 0.0075529626937171773 0.044003439528712524 -0.053331372696812644 -0.067230140487362783 -0.07122961767267226 0.050360222442471417 -0.076741943128339665 0.015186296198612885 -0.052462090198394165 0.0055151053530251935 -0.059769457822162121 0.038184799867610822 -0.045762998530657233 0.026331140531281234 0.01636702567254536 -0.056322661396347964 -0.090929437451490625 0.043727371306844662 0.046283216440978416 -0.069973450894186773 0.013501863117821101 0.034699944708993506 -0.051591319792185834 0.04571313059363688 0.0050870423899868006 0.050737802228805542 -0.064999031630688139 0.03138381483174451
leaf_weight=3.2379865348339107 1.636075798422097 2.3924144580960265 3.7457849495112896 1.2362683415412892 0.59176986886450256 1.4108833638110803 1.344167558752815 0.58029209077358246 0.75985724213387484 0.97945499420166005 0.90040747482998895 3.7971032336354256 0.81406242791854122 2.2553230719640851 1.9043003335973478 4.1094058627495542 9.6880337418988329 2.7444775978292446 0.4541944824450187 1.5779797534050883 2.0586698235128997 0.97043638058676052 14.153840439859776 3.4799065574188708 1.5859448313312885 0.8719480340660074 25.702685307725915 0.71481274050893251 5.3502439171861624 0.86995757371187199
leaf_count=71 29 19 32 15 52 235 230 3 582 10 241 19 32 27 79 152 58 549 82 68 208 376 674 65 739 17 2413 7 913 3
internal_value=0.00410754 0.00335666 0.0242198 0.00199639 0.00143743 -0.000801851 -0.0389793 -0.00199329 0.000507387 -0.0334595 0.0114229 0.0260291 0.00113032 0.00644294 -0.00404191 0.012095 0.00165122 -0.000674705 -0.0265615 0.0136313 0.00151312 0.00257955 0.000904102 0.00220854 -8.72641e-05 0.00162647 -0.00338947 -0.0312965 -0.040979 -0.0515189
internal_weight=101.919 100.283 6.1382 94.1444 92.9081 75.8896 2.51623 1.17206 73.3733 2.39034 17.0186 7.03509 9.9835 9.08309 6.82777 4.92347 70.983 61.295 4.77665 2.03217 56.5183 55.7584 53.6998 52.7293 49.2494 47.6635 33.5096 7.80696 6.93501 6.2202
internal_count=8000 7971 51 7920 7905 7284 285 55 6999 245 621 90 531 290 263 184 6754 6696 699 150 5997 5415 5207 4831 4766 4027 3353 940 923 916
is_linear=0
shrinkage=0.05


Tree=133
num_leaves=31
num_cat=0
split_feature=4 8 3 6 3 8 7 0 7 3 8 6 3 7 6 1 1 6 6 1 5 5 6 8 8 8 4 6 3 2
split_gain=1.38564 0.866876 0.815411 0.787431 0.995044 1.95518 1.12152 2.04754 2.72602 1.97618 1.90795 1.82181 1.81669 1.48897 1.19277 0.976141 2.40894 1.7148 2.84719 1.964 1.98872 1.38409 2.69349 1.71502 1.48177 1.95188 1.17366 2.04735 2.16369 1.12329
threshold=65.000000000000014 12337.600000000002 2651.0000000000005 8.6500000000000004 1353.5000000000002 9147.6000000000004 7253.2650000000003 1.0000000180025095e-35 8982.2450000000008 1364.5000000000002 10823.600000000002 8.8500000000000032 1437.5000000000002 7171.3000000000011 11.050000000000002 301.95000000000005 302.55000000000007 9.6500000000000004 9.7500000000000018 300.85000000000008 39.500000000000007 215.50000000000003 10.850000000000003 8498.5000000000018 1816.8000000000004 4775.3000000000002 30.650000000000002 10.850000000000003 1490.5000000000002 311.75000000000006
decision_type=2 2 2 2 2 2 2 2 2 2 2 2 2 2 2 2 2 2 2 2 2 2 2 2 2 2 2 2 2 2
left_child=1 2 3 -1 5 -5 11 10 9 -9 12 -6 14 15 -8 17 -17 -13 -19 20 -20 22 23 -22 -24 -26 -23 -28 -29 -27
right_child=-2 -3 -4 4 6 -7 7 8 -10 -11 -12 13 -14 -15 -16 16 -18 18 19 -21 21 26 24 -25 25 29 27 28 -30 -31
leaf_value=0.011633933418581962 0.034330905176989161 0.050157090778118599 0.043500866627132734 -0.071835711025617713 -0.067506389879241596 -0.0040995083205651968 -0.059395626479438725 0.022472046033585075 0.050368064977791449 -0.061878668679572181 0.045553205820128492 0.014251428630613256 0.036400355992249868 -0.080452384938343155 0.027517615254766911 -0.064672912668093593 0.0027593304417047426 -0.079901492874017058 -0.073905357239238148 -0.062740432018763656 -0.050871351222000274 0.039963532230431018 0.046888107931176225 0.014849830103859776 -0.058216916121210709 -0.0035995761389340333 0.032346049688795633 0.021940511346400064 -0.058266393088383189 0.037116985159635005
leaf_weight=16.850853363626811 3.6223586592823258 0.95801309496164222 1.189222790300845 1.3907919714747539 1.0339304140707088 4.5525053872916033 1.3639217548279687 0.98696983602712807 1.2249345108866689 2.3421284673568152 5.6997193768620491 19.346793265132874 1.7308232859068082 0.57685174182915844 0.55553802064969193 1.935947351519643 4.1929234171620919 1.2110835112507654 0.85747540340162842 1.2600150856014796 4.0458911684036201 3.763970557600258 2.0388419130104003 1.3153822324966311 1.2532937558717074 5.5108434930443764 3.4498409868683666 1.5235136619303378 1.8764828771818427 2.4456411071878392
leaf_count=621 55 15 15 459 239 86 263 28 7 324 35 1279 203 139 68 283 419 208 576 224 960 9 126 36 697 519 14 13 30 50
internal_value=0.00397131 0.0028315 0.00235688 0.00183822 -0.000292052 -0.0199505 0.00134104 0.0140871 -0.0134059 -0.0368714 0.027478 -0.00173367 -0.00074551 -0.000532281 -0.0342408 0.000290559 -0.0185407 0.00260352 -0.00477236 -0.00167133 0.00106886 0.00343036 -0.00558186 -0.0347467 0.00831859 -0.00021985 0.0175339 0.00520881 -0.0223263 0.00891576
internal_weight=100.107 96.4841 95.5261 94.3369 77.4861 5.9433 71.5428 13.904 4.55403 3.3291 9.35 57.6387 3.65028 56.6048 1.91946 56.0279 6.12887 49.8991 30.5523 29.3412 28.0812 27.2237 16.6099 5.36127 11.2486 9.20978 10.6138 6.84984 3.4 7.95648
internal_count=8000 7945 7930 7915 7294 545 6749 928 359 352 569 5821 534 5582 331 5443 702 4741 3462 3254 3030 2454 2388 996 1392 1266 66 57 43 569
is_linear=0
shrinkage=0.05


Tree=134
num_leaves=31
num_cat=0
split_feature=7 8 3 6 3 6 3 1 7 2 3 7 3 4 1 2 4 5 5 2 2 5 7 3 8 6 7 2 6 0
split_gain=1.31184 1.06129 0.757796 0.698906 0.953199 0.912736 1.56481 0.705049 1.76338 1.30858 1.17867 0.747446 0.678886 1.10985 0.665985 2.1257 2.37948 1.55575 3.23598 1.39302 2.42426 2.49332 1.71716 3.26634 1.70281 2.86346 1.96532 1.69356 2.09995 1.65891
threshold=9263.0750000000025 12337.600000000002 2651.0000000000005 8.6500000000000004 1345.5000000000002 8.8500000000000032 1417.5000000000002 302.25000000000006 5440.5250000000005 310.95000000000005 1524.5000000000002 3534.8850000000007 1520.5000000000002 41.550000000000004 299.65000000000003 309.75000000000006 28.950000000000003 216.50000000000003 209.50000000000003 309.95000000000005 310.55000000000007 233.50000000000003 7083.5950000000003 1440.5000000000002 7772.3000000000011 9.2500000000000018 5542.0000000000009 311.55000000000007 11.250000000000002 1.5000000000000002
decision_type=2 2 2 2 2 2 2 2 2 2 2 2 2 2 2 2 2 2 2 2 2 2 2 2 2 2 2 2 2 2
left_child=1 2 3 4 -1 6 -5 11 -9 -10 12 -6 13 -11 17 16 -16 18 -7 -17 21 -21 23 -22 25 -25 29 -26 -29 -27
right_child=-2 -3 -4 5 7 14 -8 8 9 10 -12 -13 -14 -15 15 19 -18 -19 -20 20 22 -23 -24 24 27 26 -28 28 -30 -31
leaf_value=0.039604292527290745 0.050089844657859289 0.050130972096531147 0.04296906772390105 0.0084993456628721219 0.050839799697199345 0.0066455320690947369 -0.069248243191402284 -0.056939069945256007 0.042006784870565791 -0.064447725605428482 -0.059136940574041154 -0.016015545639845415 0.051423135878997731 0.015006294477770367 0.015787918745602755 0.03360866762371633 -0.068776952425417134 0.022954179570602796 -0.049612216599426051 -0.054551266400166831 -0.05087917108178687 0.051215697687369569 0.018481297132583493 -0.071385414659418625 0.033527331741555137 0.016559199188088215 -0.059853045943026109 -0.059838477975419961 0.033378922987874801 -0.096345920624996362
leaf_weight=2.524493724107745 1.5095143578946579 1.1856825836002816 1.144875232130288 1.3370996785452001 0.46333259344100852 19.104991087252536 1.2542825176242329 0.8009269544709231 3.9303665369079663 0.52212551489356007 0.65589935360185325 4.2794743105914677 0.90012245718389738 2.7777892477461137 1.2745172744034783 2.9206652755528912 2.3949829542507359 9.9271957976743561 2.9509293546434483 3.5511230679439896 3.3916518031473997 0.66091316938400257 10.943893893501807 1.6631887082166956 5.9307835045474331 6.4898837698419811 1.1461507553831323 1.2865820470178735 1.1390435541106851 0.34250759880524118
leaf_count=41 30 22 15 56 1 3422 230 93 130 28 62 186 2 80 65 115 401 69 55 446 343 1 550 389 33 410 637 37 6 45
internal_value=0.00383737 0.00311681 0.00253439 0.00204485 0.0112747 4.29937e-05 -0.0291321 0.00628396 0.0140845 0.0205588 0.00319892 -0.00948434 0.0129336 0.00243477 0.00104945 -0.00300441 -0.0394053 0.00651692 -0.000881365 0.000380065 -0.0022755 -0.0379553 0.00237242 -0.00586953 0.00261229 -0.0117054 0.000735404 0.0191322 -0.0160647 0.0108993
internal_weight=98.405 96.8955 95.7098 94.5649 16.8545 77.7104 2.59138 14.33 9.58723 8.7863 4.85594 4.74281 4.20004 3.29991 75.119 43.1359 3.6695 31.9831 22.0559 39.4664 36.5457 4.21204 32.3337 21.3898 17.9981 9.64173 7.97854 8.35641 2.42563 6.83239
internal_count=8000 7970 7948 7933 623 7310 286 582 395 302 172 187 110 108 7024 3478 466 3546 3477 3012 2897 447 2450 1900 1557 1481 1092 76 43 455
is_linear=0
shrinkage=0.05


Tree=135
num_leaves=31
num_cat=0
split_feature=7 8 3 6 3 6 3 1 7 6 2 3 7 3 4 6 8 1 2 4 5 5 8 6 2 2 5 7 7 3
split_gain=1.25421 1.01368 0.713079 0.647593 0.894978 0.84044 1.48067 0.665875 1.59011 1.10974 0.784195 1.10641 0.784079 0.652044 1.03523 0.648098 0.637228 0.607778 1.97855 2.26264 1.42423 2.99513 1.37146 1.28729 1.28482 2.24051 2.30594 1.57665 1.56772 3.01126
threshold=9263.0750000000025 12337.600000000002 2651.0000000000005 8.6500000000000004 1345.5000000000002 8.8500000000000032 1417.5000000000002 302.05000000000007 5440.5250000000005 8.5500000000000025 310.95000000000005 1524.5000000000002 7239.9950000000008 1520.5000000000002 41.550000000000004 8.2500000000000018 10823.600000000002 299.65000000000003 309.75000000000006 28.950000000000003 216.50000000000003 209.50000000000003 1209.7 11.15 309.95000000000005 310.55000000000007 233.50000000000003 3534.8850000000007 7083.5950000000003 1440.5000000000002
decision_type=2 2 2 2 2 2 2 2 2 2 2 2 2 2 2 2 2 2 2 2 2 2 2 2 2 2 2 2 2 2
left_child=1 2 3 4 -1 6 16 9 -9 -6 12 13 -10 14 -12 -16 -5 20 19 -19 21 22 -7 -24 -20 26 27 -26 29 -27
right_child=-2 -3 -4 5 7 17 -8 8 10 -11 11 -13 -14 -15 15 -17 -18 18 24 -21 -22 -23 23 -25 25 28 -28 -29 -30 -31
leaf_value=0.038874154027559525 0.050085454179585237 0.050124583464605112 0.042407731244425824 -0.020166440632087501 0.0026121829079374685 -0.061567386248228106 -0.068294280775822627 -0.056493304722551277 0.038821904081144401 -0.064742860520851583 -0.063683883406779981 -0.058690301743778317 -0.020106059130085969 0.051312133849654877 0.037864459716286075 -0.010598309730201771 0.050335449003129099 0.015076896179826452 0.032607913393293053 -0.068111680956218862 0.022071035877010172 -0.048430901297213155 0.014909255928215154 -0.020570422452891132 0.050598245688566058 -0.049365797789437893 0.051155004403534127 -0.06376718832710089 0.017711439162267223 0.002526953695615185
leaf_weight=2.4453446902334717 1.4360171817243088 1.1279962807893742 1.1030947528779496 0.79967606105492384 2.6235706808220125 0.71590492101496295 1.2093532506332847 0.77895697075291437 4.448001104348803 0.79740292753558595 0.50246701791184056 0.62853866760269728 0.6465431728720431 0.85802871896885324 1.4212288569251543 1.3405846840469164 0.53487975895404816 1.2680620918545167 2.8613275493407846 2.299870124708832 9.8112304883543384 2.873750422615557 15.282580998225059 3.0701740196454912 0.33322051167488043 3.3226393378536221 0.62940716743469227 3.1518366527780017 10.851043711296368 17.624416915157781
leaf_count=41 30 22 15 53 106 551 230 103 139 33 28 62 29 2 41 39 3 65 115 401 69 55 2160 711 1 343 1 445 550 1557
internal_value=0.00370556 0.00300714 0.00244313 0.00196976 0.0109582 3.57068e-05 -0.0282224 0.0060979 0.0122756 -0.0130878 0.0177165 0.00310371 0.0313434 0.0125256 0.0023304 0.0143406 0.00809018 0.00100589 -0.00291567 -0.038546 0.00623508 -0.00084574 0.0063256 0.00897397 0.000362997 -0.00220611 -0.0369249 -0.0528322 0.00228627 -0.00570432
internal_weight=96.7971 95.3611 94.2331 93.13 16.4907 76.6394 2.54391 14.0453 10.6243 3.42097 9.84539 4.75085 5.09454 4.12231 3.26428 2.76181 1.33456 74.0955 42.3418 3.56793 31.7536 21.9424 19.0687 18.3528 38.7739 35.9126 4.11446 3.48506 31.7981 20.9471
internal_count=8000 7970 7948 7933 623 7310 286 582 443 139 340 172 168 110 108 80 56 7024 3478 466 3546 3477 3422 2871 3012 2897 447 446 2450 1900
is_linear=0
shrinkage=0.05


Tree=136
num_leaves=31
num_cat=0
split_feature=7 8 3 5 5 6 0 8 7 8 7 6 5 2 8 1 5 8 6 5 6 2 2 4 2 7 6 6 7 4
split_gain=1.19923 0.968271 0.670427 0.636801 0.825672 0.654078 2.49773 4.08316 3.74541 2.21942 1.90331 1.46037 1.44611 2.55715 1.98275 1.20332 1.11131 1.35139 1.47242 1.48486 1.19787 0.931225 1.33346 2.52869 1.35792 1.63942 1.47502 2.24596 2.16962 2.85793
threshold=9263.0750000000025 12337.600000000002 2651.0000000000005 234.50000000000003 233.50000000000003 9.6500000000000004 1.0000000180025095e-35 7383.9000000000005 4096.0950000000012 11112.650000000001 8982.2450000000008 10.850000000000003 216.50000000000003 308.45000000000005 4536.4000000000005 300.75000000000006 214.50000000000003 8308.3500000000022 10.050000000000002 205.50000000000003 11.250000000000002 308.65000000000003 309.65000000000003 28.950000000000003 310.95000000000005 7696.4300000000012 9.3500000000000032 9.2500000000000018 5715.3000000000011 35.95000000000001
decision_type=2 2 2 2 2 2 2 2 2 2 2 2 2 2 2 2 2 2 2 2 2 2 2 2 2 2 2 2 2 2
left_child=1 2 3 4 5 21 9 8 -8 12 -9 -10 13 14 -7 16 17 18 -15 20 -20 -1 23 -23 -24 26 27 28 -26 -30
right_child=-2 -3 -4 -5 -6 6 7 10 11 -11 -12 -13 -14 15 -16 -17 -18 -19 19 -21 -22 22 24 -25 25 -27 -28 -29 29 -31
leaf_value=0.027300301230588776 0.050081280941619621 0.050118507972904847 0.041816744195438432 -0.033732244989202465 0.050906356186864579 0.027183921258812513 -0.1022393896664418 -0.063689165530051273 -0.038653043724946996 0.050235549102678127 0.050371542213091203 0.023263441399838727 0.020190002347353297 -0.078239876409789189 -0.071099840460770211 -0.0345372119046366 -0.079465405395820282 0.030219525375208972 0.019608036093251374 -0.056384369172085828 -0.053315708017948139 0.021027263286093875 0.015142084441894903 -0.042474568245586965 -0.073240060972325674 0.023747290949375457 -0.056003127133483502 0.037272625684498441 0.049573830859857643 -0.026443949975208339
leaf_weight=4.56509849422764 1.3660927675664414 1.0731100570410479 1.0637554861605156 1.2374415332451452 0.86818420886993308 0.66216227471523881 0.77712539216736143 4.8258415121308644 1.1332261425541217 2.5460412055253974 0.39573629200458516 5.9660776391792751 7.1773725416278458 0.60288977485469875 2.2802769022382563 1.9555341470186238 0.35689291078597385 4.9920042225930956 5.4640176283974142 0.90990998619236041 0.62784009434108146 2.6006910808137027 22.234337588459312 3.9468982260950725 1.485853183294237 3.9761768248281433 1.7313881867594307 2.3076277468135231 1.6889196161428115 4.6146768156140752
leaf_count=335 30 22 15 15 2 348 36 270 699 21 2 767 43 247 284 274 4 128 890 19 452 80 1257 465 253 103 318 152 47 422
internal_value=0.0035708 0.00289535 0.00235042 0.00189374 0.00237983 0.00191081 -0.00277952 -0.0207577 0.00197247 0.00576004 -0.0550447 0.01338 0.00123581 -0.0063849 -0.0489822 0.00202205 0.00754122 0.0100063 -0.00326245 0.00319351 0.0120924 0.00579205 0.00358988 -0.0172518 0.00717732 -0.0040277 -0.0133644 -0.00605291 -0.0188881 -0.00607654
internal_weight=95.4332 94.0671 92.994 91.9302 90.6928 89.8246 40.6729 13.098 7.87643 27.5749 5.22158 7.0993 25.0289 17.8515 2.94244 14.9091 12.9536 12.5967 7.60466 7.00177 6.09186 49.1517 44.5866 6.54759 38.039 15.8046 11.8285 10.0971 7.78945 6.3036
internal_count=8000 7970 7948 7933 7918 7916 4484 1774 1502 2710 272 1466 2689 2646 632 2014 1740 1736 1608 1361 1342 3432 3097 545 2552 1295 1192 874 722 469
is_linear=0
shrinkage=0.05


Tree=137
num_leaves=31
num_cat=0
split_feature=7 8 3 6 3 6 3 1 7 2 3 4 8 3 4 6 8 5 5 5 5 2 1 1 3 3 6 7 7 7
split_gain=1.14595 0.924438 0.629424 0.596474 0.836129 0.758495 1.42357 0.66421 1.51579 1.10964 1.01834 0.695511 0.586305 0.580172 0.940143 0.601047 0.579693 0.931853 0.915415 1.81509 1.48123 0.671157 0.584007 1.15772 0.921829 1.60522 1.0008 0.796976 0.667926 2.31572
threshold=9263.0750000000025 12337.600000000002 2651.0000000000005 8.6500000000000004 1345.5000000000002 8.8500000000000032 1417.5000000000002 302.25000000000006 5440.5250000000005 310.95000000000005 1524.5000000000002 15.750000000000002 10823.600000000002 1520.5000000000002 41.550000000000004 8.2500000000000018 11112.650000000001 234.50000000000003 231.50000000000003 228.50000000000003 224.50000000000003 309.75000000000006 304.35000000000008 304.25000000000006 2471.5000000000005 2362.5000000000005 8.9500000000000011 8982.2450000000008 3883.7550000000006 4667.3450000000003
decision_type=2 2 2 2 2 2 2 2 2 2 2 2 2 2 2 2 2 2 2 2 2 2 2 2 2 2 2 2 2 2
left_child=1 2 3 4 -1 6 12 11 -9 -10 13 -6 -5 14 -11 -16 17 18 19 20 22 -18 23 24 25 26 27 -7 -28 -30
right_child=-2 -3 -4 5 7 16 -8 8 9 10 -12 -13 -14 -15 15 -17 21 -19 -20 -21 -22 -23 -24 -25 -26 -27 28 -29 29 -31
leaf_value=0.038010422889618936 0.050077310416704317 0.050112727960297622 0.041196216549449528 -0.01824059644431078 0.050784126354357889 -0.060746812568125502 -0.067711599375624695 -0.055934995953355743 0.040368962491878012 -0.062160849225893135 -0.058092725458825101 -0.015723726594823805 0.050316913449625057 0.051123162222780162 0.037284499817048726 -0.0097972143820578301 5.9245882528246309e-05 -0.055909743635422206 0.041838104385843657 -0.068322814841849627 0.026319881234946808 0.033898236657116505 0.0501555822032883 -0.10936698395180085 0.022562274040856766 -0.12585244912480764 0.031666182114118306 0.050332982565937989 -0.058733413476432995 -0.00073334540203701375
leaf_weight=2.3692561089992514 1.2995680570602406 1.0208886247128237 1.0267363116145123 0.80452957923262081 0.43356531858444114 1.1663058802005242 1.1577486027999837 0.71679541208322817 3.6622091236495162 0.47129039918945714 0.58657046078587871 4.2113634330235072 0.5092557817697525 0.78059683274477709 1.3913447842642201 1.3218986923166083 3.1260973289608947 0.74900364130735297 1.2926002452149976 0.97608634829521079 5.0637552086263886 2.7581447884440422 0.53429226992011436 0.25166520989296159 3.610996429109945 0.26689899031771247 1.4476321596157493 0.18742883205413807 1.7838868806338712 48.782970279874462
leaf_count=41 30 22 15 53 1 209 230 93 130 28 62 186 3 2 41 39 24 11 5 8 14 26 5 10 13 13 38 1 343 6304
internal_value=0.00345196 0.00279663 0.00226837 0.00182631 0.0106029 -5.28735e-05 -0.0272883 0.00581965 0.0137957 0.0198809 0.00339652 -0.00951577 0.00833399 0.0124928 0.00302363 0.0143462 0.000882062 -0.000456412 0.000179021 -0.000661418 0.000385297 0.0159207 -0.0018777 -0.00236121 -0.00189079 -0.0035371 -0.00292539 -0.0453675 -0.00182079 -0.00277946
internal_weight=93.7614 92.4618 91.4409 90.4142 15.9449 74.4693 2.47153 13.5756 8.93071 8.21391 4.5517 4.64493 1.31379 3.96513 3.18453 2.71324 71.9978 66.1135 65.3645 64.0719 63.0958 5.88424 58.0321 57.4978 57.2461 53.6351 53.3682 1.35373 52.0145 50.5669
internal_count=8000 7970 7948 7933 623 7310 286 582 395 302 172 187 56 110 108 80 7024 6974 6963 6958 6950 50 6936 6931 6921 6908 6895 210 6685 6647
is_linear=0
shrinkage=0.05


Tree=138
num_leaves=31
num_cat=0
split_feature=7 4 8 7 3 2 8 6 4 1 2 2 5 8 5 7 1 2 1 8 2 4 4 5 5 2 2 7 8 3
split_gain=1.09734 1.04417 0.842687 0.745044 0.602776 0.617238 1.36766 1.19237 1.68716 1.4847 1.16025 1.282 1.86151 1.01782 1.3571 1.01606 0.821534 0.809942 0.837726 1.47525 0.701279 0.68877 1.3686 0.682974 0.733854 0.781031 1.45595 1.87647 1.18081 0.97506
threshold=8982.2450000000008 65.000000000000014 12337.600000000002 8804.7900000000027 2651.0000000000005 312.05000000000007 102.90000000000002 9.2500000000000018 56.550000000000004 303.75000000000006 311.75000000000006 311.55000000000007 231.50000000000003 985.70000000000016 33.500000000000007 7948.5600000000004 302.75000000000006 311.85000000000008 303.35000000000008 10823.600000000002 310.35000000000008 60.550000000000004 58.250000000000007 234.50000000000003 233.50000000000003 310.95000000000005 310.85000000000008 5440.5250000000005 2268.9500000000003 1627.5000000000002
decision_type=2 2 2 2 2 2 2 2 2 2 2 2 2 2 2 2 2 2 2 2 2 2 2 2 2 2 2 2 2 2
left_child=2 -2 3 4 5 6 -1 8 -7 16 11 13 15 20 -15 -13 -9 -12 19 -19 -8 22 23 24 25 26 -16 -28 -27 -30
right_child=1 -3 -4 -5 -6 7 10 9 -10 -11 17 12 -14 14 21 -17 -18 18 -20 -21 -22 -23 -24 -25 -26 28 27 -29 29 -31
leaf_value=-0.082412738303317801 0.007062536047458972 0.050150232624052826 0.050110710560903486 -0.053745342929630874 0.040546493610429939 -0.066199617373715658 -0.029904437675409165 0.0203834242705416 0.0371842059402612 0.042955895913130947 0.032466790797070384 -0.05770757370871326 0.051065900202523579 -0.056177539507618404 0.0020457548188562709 0.047159836548931355 -0.055865225340573581 -0.057821029429553007 0.028520155122831001 0.050423056299210491 0.041331167106467545 0.038498919032241438 -0.042925180276332672 -0.043164492908771973 0.050826410174950265 -0.10177959554665467 -0.062078559963564442 0.043542935661678502 -0.024853237267703335 0.013537905809742061
leaf_weight=0.47210528602226887 3.5236509256064883 2.3396623842418194 0.89728870801627536 0.60808458592509751 0.99192061647772689 1.7399140780125883 0.40132064377939913 0.55282821800210535 0.51039283093996335 1.3956607264481133 5.2656168500616314 2.3991093760087097 0.58288007974624623 1.0190611866364623 47.37263560133124 0.25558864191407327 0.97861462290165946 1.0711533697322013 1.3145924161799483 0.44576720893383015 2.4834957047205535 1.2656772496120527 1.7059194741013914 0.80833835899829765 0.79488439857959647 0.35638967137492628 0.4712113801506338 3.908184797175636 3.8584847971360432 2.8946698406580254
leaf_count=141 22 38 20 25 15 306 484 127 8 60 120 237 1 265 4469 11 171 138 30 2 238 61 64 10 2 111 42 122 525 135
internal_value=0.00332075 0.024256 0.00190693 0.00140355 0.00179662 0.0013408 0.00243491 -0.0153848 -0.0427511 0.00565401 0.00294405 0.000887408 -0.0298458 0.00236499 0.00106453 -0.0476112 -0.0283406 0.0208706 -0.000694281 -0.0260121 0.0314212 0.00198408 0.00124071 0.00248678 0.00310535 0.00246091 0.00459566 0.0321783 -0.0130784 -0.00839727
internal_weight=92.6851 5.86331 86.8218 85.9245 85.3164 84.3245 79.1471 5.17741 2.25031 2.9271 78.675 70.5779 3.23758 67.3403 64.4555 2.6547 1.53144 8.09713 2.83151 1.51692 2.88482 63.4364 62.1707 60.4648 59.6565 58.8616 51.752 4.3794 7.10954 6.75315
internal_count=8000 60 7940 7920 7895 7880 7208 672 314 358 7067 6777 249 6528 5806 248 298 290 170 140 722 5541 5480 5416 5406 5404 4633 164 771 660
is_linear=0
shrinkage=0.05


Tree=139
num_leaves=31
num_cat=0
split_feature=7 8 6 2 4 3 1 2 0 5 5 5 6 6 3 6 0 2 2 6 5 8 2 2 6 3 7 4 4 1
split_gain=1.0543 0.844561 0.566901 1.04521 0.886745 1.5175 0.572377 1.50014 1.87145 2.16314 1.1479 2.60042 1.1612 0.983488 1.80078 1.08232 1.19276 0.971867 1.55746 1.42704 2.27298 1.15533 1.04765 1.58726 2.3145 1.5623 1.38799 2.38396 1.89295 1.33917
threshold=9263.0750000000025 12337.600000000002 8.3500000000000032 309.65000000000003 40.850000000000001 2362.5000000000005 299.65000000000003 309.75000000000006 1.0000000180025095e-35 180.50000000000003 216.50000000000003 209.50000000000003 9.4500000000000011 10.050000000000002 1348.5000000000002 11.15 1.0000000180025095e-35 309.95000000000005 310.55000000000007 8.9500000000000011 233.50000000000003 11548.100000000002 310.95000000000005 310.85000000000008 9.3500000000000032 1384.5000000000002 7696.4300000000012 35.95000000000001 33.050000000000004 300.15000000000003
decision_type=2 2 2 2 2 2 2 2 2 2 2 2 2 2 2 2 2 2 2 2 2 2 2 2 2 2 2 2 2 2
left_child=1 2 3 -1 5 -5 10 8 -8 -10 11 12 -4 14 -14 -15 -17 -9 19 -19 21 -21 23 24 25 -20 27 28 29 -24
right_child=-2 -3 6 4 -6 -7 7 17 9 -11 -12 -13 13 15 -16 16 -18 18 22 20 -22 -23 26 -25 -26 -27 -28 -29 -30 -31
leaf_value=-0.058890053953987082 0.050070626905850714 0.050102045964249491 0.035624431440126759 -0.05497894005447862 0.031310763397215648 0.050581058265196599 -0.062262860310599071 0.028762168403000301 0.035878649236880049 -0.061852907769743094 0.020941779272994319 -0.04548436216838242 0.040484192932501051 0.015707668651375756 -0.046676422704145841 0.0042217496255700293 -0.06142916889352782 0.011508069920407669 0.0013048696095601128 -0.070771637473575996 0.050950642103171295 0.050188070689484256 0.034263777774917743 0.033637203947222652 0.026053596387702556 -0.053539543218877939 0.016799463771439906 -0.029109317780887718 0.0359102334094724 -0.025428936468171199
leaf_weight=0.43558663880685244 1.1841672807931889 0.92549563013017078 2.9167721266749238 0.86617101379488282 4.8888499859021977 0.56095515191555023 2.2393577233742681 2.8448759801103725 1.5815528879902561 0.8818902095517841 9.3777599890017864 2.7439433708786956 0.80040606789225366 9.5919811861131148 2.2824682984246465 2.0042417432159705 1.0565738303284886 1.6181256506533817 3.0051524499795033 2.7661377073454796 0.52220410108566273 0.21257866173982609 1.2230665116803772 5.5191236551472675 4.615820471663028 2.2864357323887816 5.7516537864976263 9.2537046881352563 3.480352946316998 4.0536999808336986
leaf_count=6 30 22 193 193 151 3 319 128 190 35 69 56 50 1670 675 497 342 141 52 416 1 2 37 178 273 263 172 1160 185 491
internal_value=0.0031983 0.00258367 0.00209165 0.0160221 0.0211885 -0.0134869 0.000953408 -0.0022524 -0.029181 0.000891641 0.00635533 -3.77265e-05 0.00664789 0.00127678 -0.0240469 0.00744694 -0.0184405 0.000433325 -0.00138558 -0.0273229 -0.0452705 -0.0621392 0.00200247 0.0121488 0.000178183 -0.0223928 -0.00458447 -0.0114133 0.00728617 -0.0115932
internal_weight=91.4911 90.3069 89.3814 6.75156 6.31598 1.42713 82.6299 51.8557 4.7028 2.46344 30.7741 21.3964 18.6524 15.7357 3.08287 12.6528 3.06082 47.1529 44.3081 5.11905 3.50092 2.97872 39.189 15.4265 9.90741 5.29159 23.7625 18.0108 8.75712 5.27677
internal_count=8000 7970 7948 353 347 196 7595 4043 544 225 3552 3483 3427 3234 725 2509 839 3499 3371 560 419 418 2811 766 588 315 2045 1873 713 528
is_linear=0
shrinkage=0.05


Tree=140
num_leaves=31
num_cat=0
split_feature=7 8 3 6 3 3 4 3 8 0 8 8 5 5 5 2 3 3 2 7 5 1 4 6 3 6 6 4 7 3
split_gain=1.00704 0.806046 0.558689 0.49002 1.05356 0.707076 1.09863 1.22541 0.534578 5.00878 1.36503 0.965274 0.830739 0.709357 2.16441 1.33279 1.09046 2.0018 1.02231 1.02999 0.980911 1.05769 1.02764 1.61993 1.33387 0.784744 3.97144 1.56281 0.949958 0.853989
threshold=9263.0750000000025 12337.600000000002 2651.0000000000005 8.3500000000000032 1380.5000000000002 1420.5000000000002 40.850000000000001 2362.5000000000005 10823.600000000002 1.0000000180025095e-35 11112.650000000001 10326.900000000003 234.50000000000003 213.50000000000003 210.50000000000003 311.05000000000007 1520.5000000000002 1475.5000000000002 310.85000000000008 5982.1650000000009 208.50000000000003 304.35000000000008 53.850000000000001 9.5500000000000025 2471.5000000000005 9.6500000000000004 10.050000000000002 65.850000000000009 7120.1350000000011 1456.5000000000002
decision_type=2 2 2 2 2 2 2 2 2 2 2 2 2 2 2 2 2 2 2 2 2 2 2 2 2 2 2 2 2 2
left_child=1 2 3 4 -1 -6 7 -7 11 10 -10 12 13 14 15 25 17 -15 19 -18 21 22 24 -24 -17 28 27 -27 -5 -28
right_child=-2 -3 -4 8 5 6 -8 -9 9 -11 -12 -13 -14 16 -16 20 18 -19 -20 -21 -22 -23 23 -25 -26 26 29 -29 -30 -31
leaf_value=0.050068418128590302 0.05006717873370177 0.050097068079462292 0.039838998769173968 0.015794891691479705 -0.032294392875461771 -0.054825002351601253 0.033425185873705097 0.050707092415680603 0.011297388329967949 -0.046478144516474439 0.050212962255969655 -0.054573367068071046 -0.055233826614241172 0.01217264557656892 -0.048660730968697843 -0.051482959354698071 -0.011828376069239435 -0.059251099128140819 0.028327551036795563 0.024558260536380112 0.022958929494005839 0.049953089178582627 0.023719564446575983 -0.080846659741901084 0.002337992339643304 -0.073494815561960886 0.020530136777437809 0.036675076056297627 -0.012039330321053348 -0.0056720216629800304
leaf_weight=1.5984271094202984 1.1264904066920269 0.88044393993914027 0.96568874642252822 15.979912918948687 1.0854515355604233 0.921331247996932 2.4335157655295916 0.392159104347229 5.0930099710822088 2.9441158953122786 4.0415752902626991 0.8359074933687215 0.68653786368667979 2.6306990282610085 2.4855387539137146 4.4979071955513028 5.0008117966353876 1.5643910057842729 7.0225634551607063 3.1826069272356108 1.3494736170396198 0.4721882125304554 1.7760806134974703 0.46797712245825085 1.5471898317337034 2.4031430847808219 6.2131550063595551 0.37168632820248593 3.7929978848569581 6.2256501055744593
leaf_count=43 30 22 15 1514 41 193 73 1 21 27 37 53 11 40 48 1643 37 27 21 15 12 5 56 56 5 815 944 5 419 1771
internal_value=0.00308932 0.00249379 0.00201742 0.00159768 0.0148799 0.00324058 0.0135345 -0.0233171 0.000537728 0.0102362 0.0285155 -0.00117226 -0.000512616 4.82374e-05 -0.00323728 -0.000733773 0.00810628 -0.014462 0.0143325 0.00232272 -0.0167232 -0.0228353 -0.0269816 0.00191326 -0.037708 0.00388703 -0.00464991 -0.0587376 0.0104555 0.0074159
internal_weight=89.9886 88.8621 87.9817 87.016 6.43088 4.83246 3.74701 1.31349 80.5851 12.0787 9.13459 68.5064 67.6705 66.984 47.5829 45.0974 19.4011 4.19509 15.206 8.18342 10.1108 8.76134 8.28915 2.24406 6.0451 34.9865 15.2136 2.77483 19.7729 12.4388
internal_count=8000 7970 7948 7933 351 308 267 194 7582 85 58 7497 7444 7433 7293 7245 140 67 73 52 1777 1765 1760 112 1648 5468 3535 820 1933 2715
is_linear=0
shrinkage=0.05


Tree=141
num_leaves=31
num_cat=0
split_feature=7 0 8 7 7 1 1 4 4 2 8 5 2 6 8 5 5 1 1 4 7 5 5 3 2 2 5 6 6 6
split_gain=0.994665 0.998381 0.733098 0.685299 0.581145 1.20066 0.733485 0.682983 3.19185 1.56672 1.48668 1.42392 1.38179 1.35327 1.22192 1.09489 2.35609 1.72041 1.55074 1.21678 1.45725 1.83417 1.89217 1.15118 1.0366 2.55407 1.42742 1.42712 1.52508 0.759466
threshold=8982.2450000000008 1.0000000180025095e-35 12337.600000000002 8804.7900000000027 3534.8850000000007 296.85000000000008 297.05000000000007 37.45000000000001 36.150000000000013 308.25000000000006 4198.5000000000009 217.50000000000003 311.95000000000005 8.5500000000000025 10129.500000000002 219.50000000000003 214.50000000000003 298.45000000000005 297.15000000000003 37.850000000000001 6189.1500000000005 206.50000000000003 203.50000000000003 1440.5000000000002 310.65000000000003 309.85000000000008 233.50000000000003 10.850000000000003 9.2500000000000018 8.4500000000000011
decision_type=2 2 2 2 2 2 2 2 2 2 2 2 2 2 2 2 2 2 2 2 2 2 2 2 2 2 2 2 2 2
left_child=2 -2 3 4 -1 -6 -7 8 10 -9 11 -8 15 -12 -14 16 17 18 -11 -19 -21 22 23 29 25 27 -27 28 -15 -22
right_child=1 -3 -4 -5 5 6 7 9 -10 12 13 -13 14 24 -16 -17 -18 19 -20 20 21 -23 -24 -25 -26 26 -28 -29 -30 -31
leaf_value=0.016472385008150087 0.006660754200785976 0.050296626834269269 0.050095289050928797 -0.053441726383979815 -0.058669770478947038 0.035914202757821381 -0.055943227433302045 -0.046229778453458048 -0.06163963875198783 0.042626488573179057 -0.057540379710166602 0.033327463881966689 -0.05111445869102469 -0.054631876024502757 0.0047439984917739559 0.02793144047580964 -0.043803422571288331 0.04372010493583077 -0.055423674381092428 -0.040655789911358119 0.032769599290771681 0.030361589232327159 -0.052624275406386471 -0.050118203191712077 0.01852953948040905 -0.065441781657059203 0.013770829042261177 -0.05292076102062742 0.025842899029130131 0.0047706325279727631
leaf_weight=6.0355307571589938 3.393272314220666 2.1359746847301722 0.77254020981490512 0.57066467829281364 0.85200660043210419 1.4764740637619969 2.0282990093710462 1.5106604491065798 2.361339163449883 0.52019270809250828 0.86158870776125951 0.57285130023956288 1.9374570028303417 0.65053306899790353 1.9791748064453711 6.00439038791228 2.3258070417214176 2.6483197332781883 1.7939006710912506 1.4436061228625501 2.9403061922203184 8.3856628971407172 1.4492964118253429 0.84485350259637826 9.4033545547426893 2.1249059383699209 0.77657743170857418 0.78644668897322834 6.1963176340286736 13.738078379848956
leaf_count=32 40 20 20 25 258 100 1743 329 363 16 67 2 434 44 17 50 37 72 720 314 114 57 35 1087 333 133 5 108 231 1194
internal_value=0.00298369 0.0235175 0.00161563 0.00116011 0.00154174 0.000349947 0.00102257 0.000319593 -0.0062362 0.00387358 -0.000645537 -0.0362831 0.0055186 0.00381119 -0.0228877 0.00816164 0.00487249 0.00822547 -0.0333827 0.011287 0.00830477 0.0108883 0.00228126 0.00682234 0.00646239 -0.00430877 -0.0442407 0.0108697 0.0181968 0.00970669
internal_weight=88.5204 5.52925 82.9911 82.2186 81.6479 75.6124 74.7604 73.2839 25.7622 47.5217 23.4009 2.60115 46.011 20.7997 3.91663 42.0944 36.09 33.7642 2.31409 31.4501 28.8018 27.3582 18.9725 17.5232 19.9381 10.5348 2.90148 7.6333 6.84685 16.6784
internal_count=8000 60 7940 7920 7895 7863 7605 7505 3029 4476 2666 1745 4147 921 451 3696 3646 3609 736 2873 2801 2487 2430 2395 854 521 138 383 275 1308
is_linear=0
shrinkage=0.05


Tree=142
num_leaves=31
num_cat=0
split_feature=7 8 3 6 3 6 5 2 2 3 1 2 0 5 8 7 1 3 4 2 3 8 2 2 5 6 7 3 8 6
split_gain=0.947721 0.737051 0.523565 0.454668 0.789844 1.37196 1.0419 0.887565 1.29229 0.92057 0.70642 1.60291 1.32535 1.68985 1.12965 1.38267 1.24939 1.96762 1.35034 1.78345 1.59547 1.1305 1.09533 1.42397 1.57363 1.78368 1.11331 2.45176 1.65245 2.54879
threshold=9263.0750000000025 12337.600000000002 2651.0000000000005 8.6500000000000004 1380.5000000000002 8.5500000000000025 100.50000000000001 311.75000000000006 310.95000000000005 1440.5000000000002 299.65000000000003 309.75000000000006 1.0000000180025095e-35 180.50000000000003 1209.7 3883.7550000000006 298.75000000000006 1615.5000000000002 36.150000000000013 308.15000000000003 1479.5000000000002 10823.600000000002 309.95000000000005 310.55000000000007 233.50000000000003 8.9500000000000011 7083.5950000000003 1440.5000000000002 7772.3000000000011 9.2500000000000018
decision_type=2 2 2 2 2 2 2 2 2 2 2 2 2 2 2 2 2 2 2 2 2 2 2 2 2 2 2 2 2 2
left_child=1 2 3 4 5 -1 -6 8 9 -8 14 12 -12 -14 -5 -16 17 18 19 -17 -20 -22 -13 24 25 -24 27 -25 29 -29
right_child=-2 -3 -4 10 6 -7 7 -9 -10 -11 11 22 13 -15 15 16 -18 -19 20 -21 21 -23 23 26 -26 -27 -28 28 -30 -31
leaf_value=0.050072548435477253 0.050062806941293891 0.050087910964203175 0.039433610102181167 -0.057726811247220615 -0.05239672616044825 0.0021284356308007564 -0.031770830678535526 0.036918046491738625 -0.043162328458635997 0.022740451320198061 -0.061501742061448719 0.030045489847677399 0.031886647905304509 -0.060506954822567474 0.047334805664475045 0.040173732774399944 0.016553878486076017 -0.056935455737092834 0.001385379037571612 -0.055963096360507773 -0.063946934952123405 0.050441381256183832 0.036181600915090893 -0.048177813047026709 0.050901661510285717 -0.061014591114825018 0.013232661402484231 -0.066699924299393087 0.018255307250131133 -0.00027336595946090777
leaf_weight=2.6711202710866919 1.0515501294285048 0.79953976534306903 0.91696874052286048 0.68519911815019696 0.8636568055371735 3.3806557282805443 1.0067183142964493 1.740488253359217 1.5356996338232418 3.3577153696242021 2.1255122411239418 2.615189003161503 1.2322933979594384 0.82700560679950275 1.9991263504780388 3.2748844403176949 11.533487069056717 1.6456296700926021 7.4209665856023985 0.56575606601836614 1.7027296434971502 0.24737855792045582 0.5685903528901689 3.0428856541220801 0.49625447392463673 2.7791178863226378 10.520113591664993 1.8111428648953749 7.3616548361424057 7.1251823952225095
leaf_count=72 30 22 15 551 241 19 33 27 79 152 313 124 183 35 25 87 923 436 917 157 449 1 66 362 1 418 586 498 86 1092
internal_value=0.00288347 0.00230561 0.00185643 0.00144689 0.00948301 0.0232899 -0.000342186 0.00554179 -0.00371393 0.0101667 -0.000234254 -0.00450266 -0.0338053 -0.00521822 0.00571212 0.00724323 0.00420626 -0.00537897 0.00104282 0.026012 -0.00919055 -0.0494363 -0.00112641 -0.00354506 -0.0321892 -0.0445063 0.000142257 -0.00697803 0.000714101 -0.0137362
internal_weight=86.9042 85.8527 85.0531 84.1362 14.5561 6.05178 8.50428 7.64062 5.90013 4.36443 69.5801 40.5049 4.18481 2.0593 29.0752 28.39 26.3908 14.8573 13.2117 3.84064 9.37107 1.95011 36.3201 33.7049 3.84396 3.34771 29.861 19.3409 16.298 8.93633
internal_count=8000 7970 7948 7933 623 91 532 291 264 185 7310 3764 531 218 3546 2995 2970 2047 1611 244 1367 450 3233 3109 485 484 2624 2038 1676 1590
is_linear=0
shrinkage=0.05


Tree=143
num_leaves=31
num_cat=0
split_feature=7 0 8 7 7 1 1 4 4 2 8 5 2 6 8 3 3 8 8 3 3 1 4 7 0 8 8 4 7 4
split_gain=0.910816 0.974966 0.667329 0.646556 0.501202 1.10243 0.648201 0.621105 2.94311 1.38862 1.3781 1.292 1.28156 1.24813 1.14876 1.02964 1.38991 0.973934 3.28565 1.0995 3.60167 1.96411 0.949098 1.10369 1.16785 2.97018 1.8891 1.41733 1.02545 1.21173
threshold=8982.2450000000008 1.0000000180025095e-35 12337.600000000002 8804.7900000000027 3534.8850000000007 296.85000000000008 297.05000000000007 37.45000000000001 36.150000000000013 308.25000000000006 4198.5000000000009 217.50000000000003 311.95000000000005 8.5500000000000025 10129.500000000002 1566.5000000000002 1542.5000000000002 7677.1000000000013 7176.9500000000007 1554.5000000000002 1660.5000000000002 299.15000000000003 37.850000000000001 6137.4750000000013 1.0000000180025095e-35 10326.900000000003 11112.650000000001 44.750000000000007 6260.9550000000008 41.250000000000007
decision_type=2 2 2 2 2 2 2 2 2 2 2 2 2 2 2 2 2 2 2 2 2 2 2 2 2 2 2 2 2 2
left_child=2 -2 3 4 -1 -6 -7 8 10 -9 11 -8 15 -12 -14 16 22 18 19 -15 -21 -22 -11 -24 26 27 28 -26 -25 -30
right_child=1 -3 -4 -5 5 6 7 9 -10 12 13 -13 14 17 -16 -17 -18 -19 -20 20 21 -23 23 24 25 -27 -28 -29 29 -31
leaf_value=0.015497094643334595 0.006187181351115646 0.050282228957897468 0.050086220947021587 -0.053306320904706862 -0.058407719397951391 0.034494482757414409 -0.055420774882638968 -0.044375539456676119 -0.060866426870251802 0.032021172111718683 -0.056862085004271368 0.032535859878313582 -0.050699796390419632 0.042963695593526446 0.0042105846884239947 0.043005734806510626 -0.063968115857776717 0.031470726001639672 -0.058218458242868365 -0.058788065958183346 -0.05381503123833066 0.022977006700389196 -0.039109040149117466 0.031807054433492597 -0.051784561789118194 -0.059407879577657169 0.050196800172060733 0.01363358469210716 -0.061498844316155203 0.0050290259062880354
leaf_weight=5.8366594091057769 3.332766965031623 2.0093687903136015 0.69914855621755023 0.54387266366393205 0.7917589899043368 1.4090627973855578 1.9079196516977455 1.4562776398088306 2.2351878174522417 3.5268818382683085 0.81861402747745415 0.53446669876575459 1.853761967053287 2.119416001289216 1.9590911789564414 1.9788748740975268 0.69641313373358471 3.1773707605898371 2.0338456510798997 1.9228597724359122 0.91674326867359823 9.0794715684387466 1.3746142639356538 3.5369654218448039 0.93186351545591417 2.1620479170233002 2.9643711354583493 7.4265992752007151 0.71589759031485556 15.580144561139603
leaf_count=32 40 20 20 25 258 100 1743 329 363 59 67 2 434 102 17 149 171 9 34 391 113 205 319 114 467 38 30 712 109 1528
internal_value=0.00278242 0.0227729 0.00145069 0.00102293 0.0013972 0.000271563 0.000913995 0.000246709 -0.00614474 0.00367281 -0.000711177 -0.0361732 0.00523791 0.00360468 -0.0224862 0.00782279 0.00603374 0.0061761 0.00117555 0.00978034 0.00387977 0.0159345 0.00730927 0.00479703 0.00660849 -0.00717148 0.0129677 0.00634028 0.00740314 0.00210641
internal_weight=85.5323 5.34214 80.1902 79.4911 78.9472 73.1105 72.3188 70.9097 24.7459 46.1638 22.5107 2.44239 44.7075 20.0683 3.81285 40.8947 38.9158 19.2497 16.0723 14.0385 11.9191 9.99621 38.2194 34.6925 33.3179 10.5205 22.7974 8.35846 19.833 16.296
internal_count=8000 60 7940 7920 7895 7863 7605 7505 3029 4476 2666 1745 4147 921 451 3696 3547 854 845 811 709 318 3376 3317 2998 1217 1781 1179 1751 1637
is_linear=0
shrinkage=0.05


Tree=144
num_leaves=31
num_cat=0
split_feature=7 8 3 6 3 1 2 0 5 8 7 4 2 2 5 6 8 7 3 8 6 7 8 3 3 5 6 6 5 5
split_gain=0.891955 0.673702 0.490973 0.434302 0.741905 0.67672 1.47194 1.23083 1.52258 1.04369 1.30414 3.688 1.00432 1.30027 1.44248 1.64744 1.0685 1.01713 2.21732 1.51616 2.33464 1.47321 1.37777 1.45036 1.25218 2.73841 1.20842 1.14817 1.91397 0.982982
threshold=9263.0750000000025 12337.600000000002 2651.0000000000005 8.6500000000000004 1345.5000000000002 299.65000000000003 309.75000000000006 1.0000000180025095e-35 180.50000000000003 1209.7 4925.3900000000003 35.250000000000007 309.95000000000005 310.55000000000007 233.50000000000003 8.9500000000000011 11548.100000000002 7083.5950000000003 1440.5000000000002 7772.3000000000011 9.2500000000000018 5542.0000000000009 6251.7000000000007 2089.5000000000005 1566.5000000000002 214.50000000000003 8.9500000000000011 10.450000000000001 188.50000000000003 216.50000000000003
decision_type=2 2 2 2 2 2 2 2 2 2 2 2 2 2 2 2 2 2 2 2 2 2 2 2 2 2 2 2 2 2
left_child=1 2 3 4 -1 9 7 -7 -9 -5 -11 -12 -8 14 15 -14 -17 18 -15 20 -20 22 23 -22 25 -21 -19 -28 -29 -13
right_child=-2 -3 -4 5 -6 6 12 8 -10 10 11 29 13 17 -16 16 -18 26 19 24 21 -23 -24 -25 -26 -27 27 28 -30 -31
leaf_value=0.036826541894571539 0.050058805457278414 0.05007963791586148 0.039027917588632166 -0.055989737609672574 0.0045054701121511062 -0.060709026291319551 0.029056815709297579 0.030748904119708393 -0.059513446283231908 0.028188618040890862 -0.054927693368118369 0.0015022273598797103 0.035181847013530568 -0.046786416694154571 0.050837448085371245 -0.069102461741927995 0.050179711042687349 -0.030861840211605537 -0.065874817146391984 0.025302113140489579 -0.053426921990976567 -0.058397888050029004 0.039325832767973613 0.012020017763268926 0.0454069858934864 -0.062412237034104617 0.028884193683424056 -0.074599963319555998 0.025072101461990799 0.026265849947028269
leaf_weight=2.0849611330777398 0.9823036789894094 0.72618749365210433 0.87192025780677695 0.67160473530748532 11.961541950486206 2.0273826208212991 2.5223279670608454 1.1769501531962303 0.7747540521340851 5.7786000334381269 2.5571814186041619 13.1494536884793 0.54901647853694147 2.9620660694417955 0.46207851171493519 2.4513129541483072 0.20331538468599308 1.3934627283997532 1.7163155877533407 3.3053095256291263 1.2779263989868925 0.95800396861886827 2.2506261718226597 2.5075810332782567 2.5677526075160131 1.2175945360213516 6.9181875038193521 0.79151546816865481 1.2302903905801938 5.7639307924546292
leaf_count=41 30 22 15 551 582 313 124 183 35 248 642 2055 66 362 1 416 2 67 498 62 413 637 12 30 8 16 370 129 20 50
internal_value=0.00269369 0.00213197 0.00170788 0.0013073 0.00930298 -0.000364387 -0.00459602 -0.0334244 -0.0050819 0.00558637 0.00710402 0.0014293 -0.00134501 -0.0036856 -0.031749 -0.0436609 -0.0599668 -0.000150045 -0.00708762 0.000354297 -0.0136197 -0.000796691 0.00834528 -0.0100738 0.0175206 0.00168885 0.012447 0.0191975 -0.0139485 0.00904904
internal_weight=83.8115 82.8292 82.103 81.231 14.0465 67.1845 39.2638 3.97909 1.9517 27.9208 27.2492 21.4706 35.2847 32.7624 3.66572 3.20364 2.65463 29.0966 18.7632 15.8011 8.71045 6.99414 6.03613 3.78551 7.09066 4.5229 10.3335 8.93999 2.02181 18.9134
internal_count=8000 7970 7948 7933 623 7310 3764 531 218 3546 2995 2747 3233 3109 485 484 418 2624 2038 1676 1590 1092 455 443 86 78 586 519 149 2105
is_linear=0
shrinkage=0.05


Tree=145
num_leaves=31
num_cat=0
split_feature=4 8 3 2 2 7 4 5 5 5 6 4 3 4 4 3 5 7 3 5 3 4 3 7 2 4 1 6 1 2
split_gain=0.865353 0.500437 0.466142 0.435526 1.42848 0.968451 1.29313 0.99015 1.78786 1.81017 1.21573 0.990243 1.03765 1.32658 1.56199 1.29811 0.76235 0.713282 1.25722 1.69257 1.33163 2.20652 1.82828 1.10251 2.19197 1.7989 1.28514 1.06808 1.48182 2.37539
threshold=65.000000000000014 12337.600000000002 2651.0000000000005 310.95000000000005 310.65000000000003 7696.4300000000012 60.150000000000013 227.50000000000003 216.50000000000003 213.50000000000003 8.2500000000000018 44.350000000000001 1554.5000000000002 35.050000000000004 44.150000000000013 2471.5000000000005 118.50000000000001 3534.8850000000007 1686.5000000000002 217.50000000000003 1660.5000000000002 35.250000000000007 1512.5000000000002 6260.9550000000008 310.45000000000005 41.250000000000007 298.35000000000008 10.950000000000001 298.05000000000007 310.45000000000005
decision_type=2 2 2 2 2 2 2 2 2 2 2 2 2 2 2 2 2 2 2 2 2 2 2 2 2 2 2 2 2 2
left_child=1 2 3 4 17 7 16 8 9 10 -5 12 13 -12 -15 -14 -7 -1 20 -20 21 22 -19 27 25 -25 -27 28 -23 -30
right_child=-2 -3 -4 5 -6 6 -8 -9 -10 -11 11 -13 15 14 -16 -17 -18 18 19 -21 -22 23 -24 24 -26 26 -28 -29 29 -31
leaf_value=0.023977388143630207 0.030938836315964266 0.050086302874043143 0.038287386283235393 0.032910951352204593 0.019047541807586759 -0.030266445741355914 -0.038984318784004497 0.021913605352701187 -0.054831432401872528 0.025817516629992987 0.044697053668686607 -0.048565115249279721 -0.0618779942519493 -0.046749323537167847 0.049028622913170491 0.0012731560089841133 0.034630804740630669 0.033080865645208367 -0.055128998071601112 0.0086448556216046218 0.035881026423183165 0.046725633221195995 -0.06156799266611919 -0.059346810200146274 -0.047187110891863032 -0.018701791561132112 0.013991032993517971 -0.02507594017819852 -0.022952780855955542 0.038237620157130989
leaf_weight=2.7324509024620047 2.6086952406913033 0.53025561571121116 0.84503548592328925 1.0746969827596391 11.498180696115012 0.51731038797515694 0.92208838017540973 2.1188646443188182 2.3409125974867484 3.1338665038347235 1.3610548652795826 2.7357254839771485 1.778006565295982 1.4635815428846402 0.60027225303929288 1.5004801005125046 3.613340058043832 0.64252812595077502 2.4561640258798425 1.8049647510051725 2.4898021185290409 3.4705901490742708 2.4776188166251814 1.1348417925764867 2.6740557701705248 4.0111879297937802 11.994974026980342 1.4828682545412437 3.3396554767787165 3.0204527165624313
leaf_count=10 55 15 15 90 632 82 27 13 31 14 41 505 743 541 13 5 69 40 708 10 157 135 689 283 223 879 1183 280 437 75
internal_value=0.00260098 0.0016742 0.00135022 0.000952047 0.00336544 -0.00480318 0.0145523 -0.0102042 -0.0144605 -0.00753592 -0.0174776 -0.0232146 -0.0128688 0.00637804 -0.0188923 -0.0329753 0.0265033 -0.000757747 -0.00240624 -0.0281151 0.000575614 -0.001991 -0.0420771 0.00202698 -0.00508323 0.00148512 0.00579812 0.0144801 0.0204468 0.0061069
internal_weight=82.3745 79.7658 79.2356 78.3905 55.2303 23.1602 5.05274 18.1075 15.9886 13.6477 10.5138 9.43912 6.7034 3.42491 2.06385 3.27849 4.13065 43.7322 40.9997 4.26113 36.7386 34.2488 3.12015 31.1286 19.8151 17.141 16.0062 11.3136 9.8307 6.36011
internal_count=8000 7945 7930 7915 5741 2174 178 1996 1983 1952 1938 1848 1343 595 554 748 151 5109 5099 718 4381 4224 729 3495 2568 2345 2062 927 647 512
is_linear=0
shrinkage=0.05


Tree=146
num_leaves=31
num_cat=0
split_feature=7 8 3 5 5 6 6 8 1 4 8 3 2 5 5 7 6 8 5 5 4 1 3 3 3 4 6 2 3 2
split_gain=0.83296 0.615947 0.428196 0.398564 0.62206 0.42514 1.97683 2.96846 1.73936 1.46967 1.40923 1.11452 0.945474 1.03128 2.3095 0.979698 1.14404 1.39872 1.64881 0.958736 0.87204 1.47744 1.28229 0.933923 0.866363 0.942069 0.768451 0.751744 0.844735 0.812272
threshold=9263.0750000000025 12337.600000000002 2651.0000000000005 234.50000000000003 233.50000000000003 9.6500000000000004 10.050000000000002 8591.8000000000011 300.75000000000006 65.850000000000009 781.50000000000011 1389.5000000000002 311.75000000000006 215.50000000000003 208.50000000000003 8982.2450000000008 10.15 2186.6500000000005 169.50000000000003 39.500000000000007 23.350000000000005 297.15000000000003 1386.5000000000002 1372.5000000000002 1612.5000000000002 40.45000000000001 10.450000000000001 308.45000000000005 1604.5000000000002 309.65000000000003
decision_type=2 2 2 2 2 2 2 2 2 2 2 2 2 2 2 2 2 2 2 2 2 2 2 2 2 2 2 2 2 2
left_child=1 2 3 4 5 27 7 9 10 -7 -8 -9 13 14 15 16 -12 19 -19 -18 -20 -22 23 -23 25 -15 -10 28 -1 -29
right_child=-2 -3 -4 -5 -6 6 8 11 26 -11 12 -13 -14 24 -16 -17 17 18 20 -21 21 22 -24 -25 -26 -27 -28 29 -30 -31
leaf_value=0.040228500681957748 0.050054672196980371 0.050072087949425852 0.037521434165300294 -0.030148139979628515 0.050638793717113231 -0.071008573664634672 -0.07927107603186917 -0.030121312780601896 0.0094768853241296216 0.041974206227857969 0.037735755084336922 0.034735042322488578 0.033623353947509142 -0.022615407520009897 -0.046773441073172474 0.05028047479386593 -0.053621912453551593 -0.060233820037189349 0.028346517653256631 0.042408705990886274 0.021432458773603877 -0.030378143399012777 -0.060522071709831121 0.044635132026353622 0.038729654538061757 0.027091493731097416 -0.067497510295375637 -0.013753942793535185 -0.024201217598306929 0.0058572047078736421
leaf_weight=2.6159125921949449 0.91104115359485049 0.66011965088546176 0.81981955096125503 1.0011494616046537 0.64140705764293571 3.0378544853538183 0.47994792914506135 1.0839999997697307 0.44155530597345105 0.31795562803745259 1.8311002886093852 1.7031632978178093 2.9989434258022802 1.8036735346540802 2.5491858877358018 1.0988336056470878 0.29886286141117979 1.579327225884297 1.629711272253189 1.9940139240898132 1.9932804103091255 1.0651777888306244 1.9003111903875831 0.67970108128793061 3.2614246429875493 2.0215869720559567 1.2203564236915552 6.3121195463299946 0.63155210717377475 32.29148519805949
leaf_count=174 30 22 15 15 2 866 342 37 79 4 114 40 108 17 58 8 249 1588 23 275 85 42 367 15 11 24 132 637 69 2552
internal_value=0.00251535 0.00197372 0.00157335 0.00119785 0.00160287 0.00119356 -0.00287388 -0.0286278 0.00261042 -0.0603037 0.00564608 0.00951073 0.00717223 0.00382603 -0.00298385 0.00494971 0.00110968 -0.0049104 -0.0139295 0.0298917 -0.00386793 -0.013179 -0.0321054 -0.00115743 0.0197964 0.00365387 -0.0470461 0.00459418 0.0276985 0.00265056
internal_weight=80.8746 79.9635 79.3034 78.4836 77.4824 76.841 34.99 6.14297 28.847 3.35581 27.1851 2.78716 26.7051 23.7062 16.6195 14.0703 12.9715 11.1404 8.84751 2.29288 7.26818 5.63847 3.64519 1.74488 7.08669 3.82526 1.66191 41.8511 3.24746 38.6036
internal_count=8000 7970 7948 7933 7918 7916 4484 947 3537 870 3326 77 2984 2876 2824 2766 2758 2644 2120 524 532 509 424 57 52 41 211 3432 243 3189
is_linear=0
shrinkage=0.05


Tree=147
num_leaves=31
num_cat=0
split_feature=7 8 3 6 3 6 5 2 2 3 1 2 0 8 6 5 5 2 2 5 6 8 7 7 8 6 4 3 5 0
split_gain=0.794976 0.587445 0.399039 0.375553 0.729033 1.34705 0.956212 0.804853 1.11806 0.841557 0.643774 1.31621 1.13094 1.416 0.993899 1.17101 1.64988 0.883745 1.14738 1.22612 1.46164 0.98813 0.904551 2.09902 1.41902 2.03826 1.5907 1.42106 2.31775 1.19017
threshold=9263.0750000000025 12337.600000000002 2651.0000000000005 8.6500000000000004 1380.5000000000002 8.5500000000000025 100.50000000000001 311.75000000000006 310.95000000000005 1440.5000000000002 299.65000000000003 309.75000000000006 1.0000000180025095e-35 5318.3500000000013 9.1500000000000004 216.50000000000003 209.50000000000003 309.95000000000005 310.55000000000007 233.50000000000003 8.9500000000000011 11548.100000000002 7083.5950000000003 6830.4850000000015 7772.3000000000011 9.2500000000000018 35.050000000000004 1566.5000000000002 214.50000000000003 1.5000000000000002
decision_type=2 2 2 2 2 2 2 2 2 2 2 2 2 2 2 2 2 2 2 2 2 2 2 2 2 2 2 2 2 2
left_child=1 2 3 4 5 -1 -6 8 9 -8 14 12 -12 -14 -5 16 -16 -13 19 20 -19 -22 23 24 25 -20 29 28 -26 -27
right_child=-2 -3 -4 10 6 -7 7 -9 -10 -11 11 17 13 -15 15 -17 -18 18 22 -21 21 -23 -24 -25 27 26 -28 -29 -30 -31
leaf_value=0.050069033726906902 0.050052002720160138 0.050068572095666057 0.036731684380890604 0.050937248645732819 -0.052297773155803057 0.0011338095170145986 -0.031671513178862493 0.035997098762797039 -0.042094195009506258 0.021524800833258285 -0.059455572452496164 0.027550152917136684 0.030260740140771149 -0.058945380576874241 0.0020265893410992284 0.019052865900577691 -0.043919054149114678 0.033978242023747975 -0.063829509301662091 0.050729969763205665 -0.066916005115296384 0.050172464657995269 0.011710692441028809 -0.069886650905964867 0.017470553264560186 0.012405787846948558 -0.056994891492937939 0.045548638708237443 -0.060138630828675536 -0.086509713398036425
leaf_weight=2.4748746752738935 0.86665419861674209 0.6279682107269754 0.79618188366293807 1.1503283671045235 0.81869413907770638 3.2571032494306564 0.9722512891748919 1.6000612526986513 1.4446608327198189 3.1594343547621975 1.9295759961860306 2.4210416093192171 1.1303546759372691 0.73352866808272654 15.021504570113398 8.1415229176636768 2.2460608165129079 0.52440005520839239 1.7879532007991743 0.40448325872421254 2.3150346273923792 0.19539641588926304 9.8638268373160809 1.2413472454463761 4.0138968862520406 5.4327927063786774 1.1739250737409745 2.3590848951134831 1.2652583285234866 0.3221339577648904
leaf_count=72 30 22 15 18 241 19 33 27 79 152 313 124 129 89 3404 69 55 66 531 1 416 2 586 202 75 509 643 6 25 47
internal_value=0.00242539 0.00190175 0.00151494 0.00115268 0.00865376 0.0222624 -0.00110275 0.00473764 -0.00423186 0.00900686 -0.000464443 -0.00471747 -0.0326237 -0.0048462 0.00547871 0.0034207 -0.00394974 -0.00154041 -0.00381972 -0.0310445 -0.0419434 -0.0578026 -0.000409891 -0.0072042 -0.00244661 -0.0162332 -0.00395121 0.0132867 -0.00113009 0.00686896
internal_weight=79.6913 78.8247 78.1967 77.4005 13.7271 5.73198 7.9951 7.17641 5.57635 4.13169 63.6735 37.114 3.79346 1.86388 26.5594 25.4091 17.2676 33.3206 30.8995 3.43931 3.03483 2.51043 27.4602 17.5964 16.355 8.7168 6.92885 7.63824 5.27916 5.75493
internal_count=8000 7970 7948 7933 623 91 532 291 264 185 7310 3764 531 218 3546 3528 3459 3233 3109 485 484 418 2624 2038 1836 1730 1199 106 100 556
is_linear=0
shrinkage=0.05


Tree=148
num_leaves=31
num_cat=0
split_feature=7 0 8 7 7 1 1 7 5 4 3 3 7 2 2 1 2 8 1 1 0 8 8 7 8 8 6 1 7 7
split_gain=0.783683 0.921167 0.529546 0.589318 0.403339 1.01257 0.591557 0.539678 1.73048 1.49329 1.54553 0.675054 1.50228 3.21173 2.15005 1.35559 0.953348 0.977091 0.9243 0.903184 1.30776 2.66527 2.27107 1.06535 1.57664 1.21538 0.959305 1.58465 1.57181 1.44687
threshold=8982.2450000000008 1.0000000180025095e-35 12337.600000000002 8804.7900000000027 3534.8850000000007 296.85000000000008 297.05000000000007 4552.505000000001 217.50000000000003 23.650000000000002 1737.5000000000002 1660.5000000000002 5860.5750000000007 311.75000000000006 308.55000000000007 297.95000000000005 311.95000000000005 10129.500000000002 299.15000000000003 302.55000000000007 1.0000000180025095e-35 8174.6500000000005 11112.650000000001 6054.1000000000013 6283.0500000000002 1816.8000000000004 9.5500000000000025 301.55000000000007 6251.0150000000012 7120.1350000000011
decision_type=2 2 2 2 2 2 2 2 2 2 2 2 2 2 2 2 2 2 2 2 2 2 2 2 2 2 2 2 2 2
left_child=2 -2 3 4 -1 -6 -7 8 -8 -9 11 12 13 14 15 -11 19 -18 -13 20 22 23 26 -22 25 -25 27 -14 -29 -30
right_child=1 -3 -4 -5 5 6 7 9 -10 10 -12 18 16 -15 -16 -17 17 -19 -20 -21 21 -23 -24 24 -26 -27 -28 28 29 -31
leaf_value=0.014178534199327953 0.0052150925736129646 0.050261408198915392 0.050067152128138996 -0.053121699796727866 -0.05823939897239027 0.033754039177171367 -0.057132294892224295 0.048573359879310281 0.023487016086771357 -0.061379021615016849 -0.054028485757311263 -0.051666411075730778 -0.042672757796206398 0.031262396562547666 -0.060708982593064759 0.030317948971829739 -0.049385315206309094 0.0029297896257997544 0.022717422651948899 0.026656434163793964 -0.053728167838223387 -0.039094326071560659 0.050182640954240132 0.014575211899438814 0.041466939997217803 -0.042840334901371124 0.012532541932994582 -0.063526400661878993 0.027453059907685741 -0.02428316860317882
leaf_weight=5.4197242371737948 3.0965455174446097 1.7915063146501777 0.54690271615981956 0.50539646146353234 0.73816410635845287 1.3223043022735499 1.5226626237135854 1.6018555715963874 1.1825870200991628 0.57055569931980965 1.3112771553405753 0.45261826093701429 2.5044052290286398 2.1750580497209739 4.0001646591917961 1.3728415555833633 1.7145816450101841 1.8615618869662283 5.4032255264628475 4.2274545769105307 0.64015348925386018 5.0248650482844823 2.9367852602154008 2.4548854681706875 2.9315673115142999 1.4758220351104681 12.513562580898904 0.77882019208118425 4.4419385085930116 1.9423021881084421
leaf_count=32 40 20 20 25 258 100 367 40 5 104 381 222 466 149 962 89 466 17 351 170 184 236 32 298 286 693 1624 69 173 121
internal_value=0.00233816 0.0217249 0.00105016 0.000683074 0.00105803 -1.68846e-06 0.000646089 -2.70008e-05 -0.0218899 0.0009218 -0.000334998 0.000849844 -0.000912157 -0.0207236 -0.0397479 0.00339693 0.00262681 -0.0221527 0.016968 0.00474311 0.0022823 -0.0109137 0.00886369 0.0079607 0.0137154 -0.00698201 0.00339302 -0.00843716 0.00353256 0.0117131
internal_weight=78.4621 4.88805 73.574 73.0271 72.5217 67.102 66.3639 65.0416 2.70525 62.3363 60.7344 59.4232 53.5673 8.11862 5.94356 1.9434 45.4487 3.57614 5.85584 41.8726 37.6451 12.5273 25.1178 7.50243 6.86227 3.93071 22.181 9.66747 7.16306 6.38424
internal_count=8000 60 7940 7920 7895 7863 7605 7505 372 7133 7093 6712 6139 1304 1155 193 4835 483 573 4352 4182 1697 2485 1461 1277 991 2453 829 363 294
is_linear=0
shrinkage=0.05


Tree=149
num_leaves=31
num_cat=0
split_feature=7 8 3 2 2 7 5 6 5 5 5 6 6 6 7 8 4 3 7 5 3 8 7 3 5 3 4 3 7 4
split_gain=0.748127 0.536531 0.375015 0.373055 1.24487 0.981732 0.913009 1.67754 0.889297 1.50535 1.61417 1.0451 0.896021 2.01648 0.945341 1.5671 1.09903 0.633238 2.75058 0.637079 1.83932 0.828672 0.611589 1.10365 1.49773 1.11489 1.89705 1.57456 0.939028 1.85352
threshold=9263.0750000000025 12337.600000000002 2651.0000000000005 310.95000000000005 310.65000000000003 7696.4300000000012 181.50000000000003 10.15 227.50000000000003 216.50000000000003 213.50000000000003 8.2500000000000018 9.2500000000000018 9.3500000000000032 5386.7750000000005 6881.8500000000013 13.750000000000002 1708.5000000000002 6251.0150000000012 77.500000000000014 1420.5000000000002 985.70000000000016 3534.8850000000007 1686.5000000000002 217.50000000000003 1660.5000000000002 35.250000000000007 1512.5000000000002 6297.9800000000005 44.95000000000001
decision_type=2 2 2 2 2 2 2 2 2 2 2 2 2 2 2 2 2 2 2 2 2 2 2 2 2 2 2 2 2 2
left_child=1 2 3 4 22 8 7 -7 9 10 11 -5 -13 -14 15 16 -15 18 -6 20 21 -20 -1 25 -25 26 27 -24 -28 -30
right_child=-2 -3 -4 5 17 6 -8 -9 -10 -11 -12 12 13 14 -16 -17 -18 -19 19 -21 -22 -23 23 24 -26 -27 28 -29 29 -31
leaf_value=0.022851573592491885 0.050048777867100436 0.050062139780324692 0.036331273940133538 0.031085660479417129 -0.058062498541620655 0.016354759770261112 0.038243366350394714 -0.074945627436257711 0.021234073490605448 -0.052912071842448144 0.024707569970360513 -0.047774470312265754 0.040541619688461122 0.009142828646125787 -0.053387229818218529 0.051438864182913518 -0.066683545620623869 0.0387342157025388 0.049340142911898893 0.035670465002892324 -0.075695896069995439 -0.010334937059257893 0.031670864696351629 -0.05470611601799738 0.0076773625916012533 0.034203593921659232 0.013058306168743129 -0.060221681379205132 -0.05124077677292093 0.0003465337220026456
leaf_weight=2.5927812755107871 0.81045408919453521 0.57047905866056581 0.76017711311578651 0.9885022398448261 1.2220966835484413 2.2545180738015911 2.2832554758060724 0.64764324279167329 1.9744000621139992 2.1751907584257415 2.9223649725317946 2.5987284640568742 1.3775586577830834 0.86593520641326938 2.0865996049142268 0.77546375989913929 1.0663156947230161 2.7974994892465466 1.3988267691893277 4.1842398032022174 0.56604716903893848 0.99595131257228775 0.58945402678727932 2.2000264282687563 1.709937661886215 2.3036823146248926 11.582255793560764 2.2287274670488841 1.9474974654076529 16.438362427122229
leaf_count=10 30 22 15 90 230 103 21 60 13 31 14 614 149 3 840 1 241 94 17 177 83 34 40 708 10 157 1006 689 889 1609
internal_value=0.00226359 0.00175472 0.00138987 0.00103465 0.00331611 -0.00443236 0.0145897 -0.00401974 -0.0102928 -0.0144826 -0.00789097 -0.0176526 -0.0231457 -0.0127755 -0.0280952 -0.00860491 -0.0327021 0.0181405 0.0112551 0.0231113 0.00536262 0.0245222 -0.000663172 -0.00222647 -0.0274241 0.000581215 -0.00178121 -0.0410013 0.00190702 -0.00511778
internal_weight=76.915 76.1045 75.534 74.7739 52.7574 22.0165 5.18542 2.90216 16.8311 14.8567 12.6815 9.7591 8.7706 6.17187 4.79431 2.70771 1.93225 11.1647 8.36716 7.14507 2.96083 2.39478 41.5927 38.9999 3.90996 35.09 32.7863 2.81818 29.9681 18.3859
internal_count=8000 7970 7948 7933 5753 2180 184 163 1996 1983 1952 1938 1848 1234 1085 245 244 635 541 311 134 51 5118 5108 718 4390 4233 729 3504 2498
is_linear=0
shrinkage=0.05


Tree=150
num_leaves=31
num_cat=0
split_feature=7 8 5 5 2 2 7 7 7 4 4 6 4 7 1 7 6 3 2 5 6 6 4 4 3 5 7 4 6 5
split_gain=0.713666 0.511517 0.350332 0.54683 0.375757 1.17096 1.18536 0.962947 0.905595 1.0635 1.32224 1.16158 1.15043 1.13651 1.05311 0.959667 1.23434 0.931982 0.922033 0.855717 1.55974 0.795787 0.769921 1.41521 1.00486 0.764153 0.667663 3.37421 0.841499 0.825615
threshold=9263.0750000000025 12337.600000000002 234.50000000000003 233.50000000000003 310.95000000000005 310.85000000000008 5440.5250000000005 3534.8850000000007 7696.4300000000012 35.95000000000001 33.050000000000004 8.5500000000000025 38.850000000000001 6692.5850000000009 300.15000000000003 6660.3400000000011 11.250000000000002 2089.5000000000005 313.15000000000003 181.50000000000003 10.15 8.4500000000000011 22.850000000000005 23.650000000000002 1737.5000000000002 217.50000000000003 5102.3550000000005 35.250000000000007 9.2500000000000018 219.50000000000003
decision_type=2 2 2 2 2 2 2 2 2 2 2 2 2 2 2 2 2 2 2 2 2 2 2 2 2 2 2 2 2 2
left_child=1 2 3 4 5 7 -7 -1 9 10 14 -12 -11 15 -6 16 -14 -16 21 20 -10 -15 25 -24 26 -9 28 -28 -25 -29
right_child=-2 -3 -4 -5 8 6 -8 22 19 12 11 -13 13 18 17 -17 -18 -19 -20 -21 -22 -23 23 24 -26 -27 27 29 -30 -31
leaf_value=0.02776421052681782 0.050046396675020643 0.050059108831646271 -0.028864641998759474 0.050550694643782867 0.033856743181517733 -0.050052569133695581 0.03512603349819015 -0.05738907986508051 0.015631013444732538 -0.059292656435226125 -0.058186699311036753 0.043421412315282626 -0.039150194648503805 0.0068548617980122521 -0.056679833109794235 0.048836254066183742 0.039576929497779058 -0.0048962089705758645 0.041049484154484631 0.03750338857212638 -0.073561759167323437 -0.051689660296734712 0.048414007062779686 -0.05283121899843804 -0.054025298304354687 0.012926356108987508 -0.058900515514372954 -0.0013263986559183937 0.029479132928707227 0.019806703760764294
leaf_weight=3.1869065649807444 0.770963529124855 0.54268849920481343 0.94779479643329878 0.56910975277423759 0.97869519594679033 0.45066914113704015 4.358960106234008 1.1361906510792312 2.2413092260831031 1.6636666681588375 0.31847445180756073 2.4080626136710634 1.3419968075904769 0.73513423302210945 1.3971122287557594 1.0294958389386009 0.79154501749871986 2.2981280300919025 0.39690421977866197 2.2136768880300224 0.62735161193995725 2.7585645668896177 1.4947759331771511 0.34541442968838909 0.87833139458234555 0.58549151569604863 2.4262331006648301 28.033257628823776 3.0734434589248849 5.5339155744877635
leaf_count=19 30 22 15 2 39 52 147 219 103 230 26 175 334 44 488 31 60 38 41 21 60 489 32 52 287 3 947 3753 193 48
internal_value=0.00218637 0.00169284 0.00133919 0.00172988 0.00134772 0.00365392 0.0271447 0.00123429 -0.00425495 -0.0100579 0.00388161 0.031553 -0.0218917 -0.0130703 -0.0122605 0.0091887 -0.00994239 -0.0244748 -0.0311667 0.0141481 -0.00387468 -0.0393709 -0.000709033 0.000641103 -0.00113127 -0.0334769 4.7517e-05 -0.00195817 0.0211631 0.00215762
internal_weight=75.5343 74.7633 74.2206 73.2728 72.7037 51.5036 4.80963 46.694 21.2001 16.1178 7.40047 2.72654 8.71731 7.05364 4.67394 3.16304 2.13354 3.69524 3.8906 5.08234 2.86866 3.4937 43.5071 41.7854 40.2906 1.72168 39.4123 35.9934 3.41886 33.5672
internal_count=8000 7970 7948 7933 7931 5752 199 5553 2179 1995 766 201 1229 999 565 425 394 526 574 184 163 533 5534 5312 5280 222 4993 4748 245 3801
is_linear=0
shrinkage=0.05


Tree=151
num_leaves=31
num_cat=0
split_feature=7 0 6 8 7 2 6 5 8 5 2 2 5 1 4 7 1 4 7 7 0 6 8 8 7 8 6 2 3 2
split_gain=0.69631 0.908223 0.556295 0.458991 0.534386 0.378292 0.965144 0.946959 1.0044 1.25736 1.01091 0.915388 1.42779 1.01899 0.880179 0.962454 1.19923 0.855763 1.4114 0.801143 0.686325 2.67434 2.4117 1.88249 2.62682 1.82522 1.60632 1.75458 1.92514 1.45969
threshold=8982.2450000000008 1.0000000180025095e-35 9.7500000000000018 12337.600000000002 8804.7900000000027 312.05000000000007 8.9500000000000011 5.5000000000000009 985.70000000000016 33.500000000000007 311.75000000000006 310.95000000000005 227.50000000000003 302.25000000000006 13.750000000000002 8022.3700000000008 300.05000000000007 44.150000000000013 6805.5350000000008 5369.4550000000008 1.0000000180025095e-35 9.6500000000000004 11112.650000000001 7383.9000000000005 5330.3350000000009 10326.900000000003 9.1500000000000004 310.85000000000008 1348.5000000000002 310.55000000000007
decision_type=2 2 2 2 2 2 2 2 2 2 2 2 2 2 2 2 2 2 2 2 2 2 2 2 2 2 2 2 2 2
left_child=3 2 -2 4 5 7 -7 -1 -9 -10 11 13 14 20 -13 16 -16 -18 -19 -12 22 25 26 24 -23 -22 27 28 -11 -28
right_child=1 -3 -4 -5 -6 6 -8 8 9 10 19 12 -14 -15 15 -17 17 18 -20 -21 21 23 -24 -25 -26 -27 29 -29 -30 -31
leaf_value=-0.058647724147099206 0.027031314005453441 0.05025022916300334 -0.016115851322672094 0.050057798824188864 -0.052777364520715221 -0.061173674629873831 -0.001640262773287801 0.0328925206551864 -0.052016218010509221 0.043759265925596535 -0.052180711009050633 0.050666294132424773 0.028831310567884367 0.030489863233179523 0.023755756186749962 0.025482734093636022 -0.061849879123541167 0.033671272754882062 -0.048564905780523665 0.02618446253780839 0.020754498796620877 -0.068894705392259309 0.050178043112812078 -0.060353832544090075 0.022921073125201315 -0.060537274782454881 -0.00050048319137739811 0.049771269744318003 -0.042576409902717889 0.03074467164401741
leaf_weight=0.64067765000709087 1.4181088209152215 1.6774864289909599 1.5786267500370739 0.47081086318939824 0.46710409421939303 0.85127663031653256 3.3992238976607041 2.5981930369689499 1.0921382918586449 0.74522341620468679 0.34621156987122859 0.37012815475463678 1.5311346463859079 3.0956799678315283 0.75531594928906987 0.73476897570071731 2.8912200115410087 0.78150781839940497 1.5697475440210835 5.6254922872030875 6.6505979018256749 1.1512882019014798 2.7020127959549418 3.0373913748417181 2.4089999721636559 0.77049290504510271 14.280754123142289 0.76351175672607485 4.834247452312411 5.0632855269868733
leaf_count=231 21 20 19 20 25 130 544 708 287 30 55 1 6 153 78 34 605 46 226 187 627 220 30 217 744 14 2071 16 345 290
internal_value=0.00211069 0.020792 0.00430216 0.000856599 0.000521647 0.000884087 -0.0135634 0.00183705 0.00244445 0.00115182 0.00211785 -3.57077e-05 -0.0149618 0.00279636 -0.0244023 -0.0285292 -0.0351461 -0.0436324 -0.0212313 0.0216412 0.000774792 -0.00827695 0.00524463 -0.0314382 -0.00676934 0.0123144 0.000518092 -0.021317 -0.031045 0.00767791
internal_weight=74.3027 4.67422 2.99674 69.6284 69.1576 68.6905 4.2505 64.44 63.7993 61.2012 60.109 54.1373 8.63382 45.5035 7.10269 6.73256 5.99779 5.24248 2.35126 5.9717 42.4078 14.0188 28.389 6.59768 3.56029 7.42109 25.687 6.34298 5.57947 19.344
internal_count=8000 60 40 7940 7920 7895 674 7221 6990 6282 5995 5753 996 4757 990 989 955 877 272 242 4604 1822 2782 1181 964 641 2752 391 375 2361
is_linear=0
shrinkage=0.05


Tree=152
num_leaves=31
num_cat=0
split_feature=4 8 1 1 7 1 1 4 4 2 6 5 4 8 8 5 4 7 4 4 3 8 4 7 7 7 6 2 2 7
split_gain=0.679343 0.479205 0.361561 1.32225 0.572901 0.721853 0.527648 0.595905 2.19756 1.68935 1.06411 1.03562 1.58033 1.66866 0.923126 0.822166 0.809905 0.708259 2.82004 1.10685 1.60606 0.844379 0.786924 1.36608 1.28746 1.12119 0.868822 0.708147 1.36572 1.53603
threshold=67.100000000000009 12337.600000000002 303.95000000000005 304.35000000000008 3534.8850000000007 296.85000000000008 297.05000000000007 37.45000000000001 36.150000000000013 308.15000000000003 8.5500000000000025 208.50000000000003 29.150000000000002 4198.5000000000009 5188.7500000000009 225.50000000000003 37.550000000000004 5909.9600000000009 38.850000000000001 39.050000000000004 1479.5000000000002 10823.600000000002 40.45000000000001 6297.9800000000005 6660.3400000000011 6724.505000000001 11.350000000000003 310.85000000000008 308.25000000000006 5021.0350000000008
decision_type=2 2 2 2 2 2 2 2 2 2 2 2 2 2 2 2 2 2 2 2 2 2 2 2 2 2 2 2 2 2
left_child=1 2 4 -4 -1 -6 -7 8 10 -9 -8 12 13 -12 -15 16 -11 -18 -19 -20 22 -22 -21 -24 -25 -26 -27 28 -13 -30
right_child=-2 -3 3 -5 5 6 7 9 -10 15 11 27 -14 14 -16 -17 17 18 19 20 21 -23 23 24 25 26 -28 -29 29 -31
leaf_value=0.018000667775326655 0.038352292106103754 0.050053777427164763 -0.072136557663559503 0.049756626994516835 -0.048512789607004246 0.033079218326883653 -0.055081515666620479 -0.055356147570292696 -0.058745144528940391 0.046060382793924853 -0.054831551461300768 0.035021817356239278 -0.054492347646624598 0.028834659892620053 -0.053176793944464396 0.031110897230879543 0.032007413953911983 -0.063953940714515975 0.046308445992319779 -0.054313024288391992 -0.054745712976991906 0.050383193202154536 0.036921566782043592 -0.040338318025430649 0.040305205405457976 0.0035898709724547051 -0.044049950480492393 0.025176238570184153 0.014913365600860132 -0.044115968044785736
leaf_weight=4.880522593855857 1.2656793063506473 0.50252954382449289 0.63137429307971515 0.34353439544065623 0.75048137454086727 1.242305209096229 0.88560749914905201 1.1887102942309855 1.8609904743170762 1.0733503566843854 1.0084962169075904 1.8868952337652425 1.8153763783211614 2.8265141136143943 0.39053365866129741 2.8308211648254646 1.8743258400027105 1.6222148290253233 1.4461686809991068 0.56218644885302893 1.6945138597875473 0.21526376903057087 3.0910835724535017 1.6951588224710601 2.0309986255924768 23.347205959235001 0.9979483431980033 4.6265215356834233 2.1181731359101832 2.2973229477647692
leaf_count=31 33 22 113 5 259 100 203 271 358 25 746 9 1412 123 46 24 98 283 51 115 900 1 198 475 103 1751 157 29 15 44
internal_value=0.0020399 0.00139923 0.00105599 -0.0291843 0.0014756 0.000242013 0.000808164 0.000175686 -0.00703934 0.00343318 -0.00165028 0.00113814 -0.0154757 0.00128666 0.0188789 0.00507822 0.00321963 0.00202765 0.000496653 0.00347702 0.0016354 -0.0428959 0.00431613 0.00537383 0.00189994 0.00461454 0.00163704 0.0103214 -0.000583435 -0.0157988
internal_weight=73.0028 71.7371 71.2346 0.974909 70.2597 65.3792 64.6287 63.3864 19.7164 43.67 17.8554 16.9698 6.04092 4.22554 3.21705 42.4812 39.6504 38.5771 36.7027 35.0805 33.6344 1.90978 31.7246 31.1624 28.0713 26.3762 24.3452 10.9289 6.30239 4.4155
internal_count=8000 7967 7945 118 7827 7796 7537 7437 2985 4452 2627 2424 2327 915 169 4181 4157 4132 4034 3751 3700 901 2799 2684 2486 2011 1908 97 68 59
is_linear=0
shrinkage=0.05


Tree=153
num_leaves=31
num_cat=0
split_feature=7 8 3 6 3 6 5 2 2 2 5 2 6 3 8 8 5 5 5 5 2 4 4 8 1 3 4 1 3 3
split_gain=0.654357 0.445836 0.345632 0.340309 0.688547 1.27549 0.846105 0.639159 0.865617 0.730286 0.91031 0.668733 0.594049 1.02121 0.521621 0.495885 0.618087 0.610104 1.07409 0.852885 0.453053 0.417269 0.611359 1.35062 1.27941 1.19762 1.02829 1.02428 0.670054 0.778839
threshold=9263.0750000000025 12337.600000000002 2651.0000000000005 8.6500000000000004 1380.5000000000002 8.5500000000000025 100.50000000000001 311.75000000000006 310.95000000000005 309.65000000000003 210.50000000000003 310.15000000000003 8.8500000000000032 1417.5000000000002 10823.600000000002 11112.650000000001 234.50000000000003 231.50000000000003 228.50000000000003 224.50000000000003 309.75000000000006 68.250000000000014 60.850000000000001 7885.6500000000005 299.05000000000007 1322.5000000000002 56.550000000000004 300.95000000000005 1330.5000000000002 1376.5000000000002
decision_type=2 2 2 2 2 2 2 2 2 2 2 2 2 2 2 2 2 2 2 2 2 2 2 2 2 2 2 2 2 2
left_child=1 2 3 4 5 -1 -6 8 9 -8 11 -11 13 14 -5 16 17 18 19 21 -17 22 25 24 -24 -14 28 -26 -27 -30
right_child=-2 -3 -4 12 6 -7 7 -9 -10 10 -12 -13 15 -15 -16 20 -18 -19 -20 -21 -22 -23 23 -25 27 26 -28 -29 29 -31
leaf_value=0.05006473966244003 0.050042571636871251 0.050050976256264396 0.035880554440608579 -0.021593576203966805 -0.0520622645170997 0.00069329777764539388 -0.057485682944529472 0.034570188216758078 -0.040273918065298876 0.015513443385078193 0.037542805534372684 -0.053783046545744811 -0.064765292369525884 -0.065601321034640322 0.050256923636464224 0.0016502403069221178 -0.054228235424092067 0.040302279653389665 -0.060661069126940172 0.022327282697955118 0.033355528228852176 0.050171019589547408 0.044203998650309537 -0.076212801014647405 -0.080082791648130383 0.045811792372167398 0.036826088186143843 0.0097869713816456684 -0.032189394445322782 -0.0010230131481634129
leaf_weight=2.2914323136210424 0.70094588026404281 0.4696189109235992 0.71002917736768623 0.66087055664684091 0.75142740076080361 3.0486349128186703 0.3839300966355953 1.3500455387256804 1.2475721688315387 0.78427635312255028 1.9396461038850246 0.62608026857196819 0.72983939084497151 0.93807456516151422 0.40888875722885132 2.4931589402258387 0.54469068441539903 0.89210409671068092 0.75342000182717939 3.7741584586910895 2.0558624751865864 0.37401333451270957 0.85870075749699015 0.89238721894798789 0.62968946460023267 0.72368245439429202 1.7978002900927084 0.63858581645763479 2.1223588519223986 36.109652001805443
leaf_count=72 30 22 15 53 241 19 17 27 79 44 7 117 187 230 3 24 11 5 8 14 26 4 22 26 26 42 113 16 456 6044
internal_value=0.0019695 0.0014949 0.0011716 0.000818634 0.00832186 0.0218787 -0.00189902 0.00405435 -0.0042158 0.00783185 0.0153176 -0.0152484 -0.000805343 -0.0275222 0.00586948 0.000163115 -0.00125201 -0.000678301 -0.0014183 -0.000500848 0.015979 -0.00242071 -0.0028627 -0.0245849 -0.00292409 -0.00128165 -0.000144747 -0.0348327 -0.00185095 -0.00275314
internal_weight=71.7016 71.0006 70.531 69.821 12.423 5.34007 7.08298 6.33155 4.9815 3.73393 3.35 1.41036 57.3979 2.00783 1.06976 55.3901 50.8411 50.2964 49.4043 48.6509 4.54902 44.8767 44.5027 3.01936 2.12698 41.4833 40.7535 1.26828 38.9557 38.232
internal_count=8000 7970 7948 7933 623 91 532 291 264 185 168 161 7310 286 56 7024 6974 6963 6958 6950 50 6936 6932 90 64 6842 6655 42 6542 6500
is_linear=0
shrinkage=0.05


Tree=154
num_leaves=31
num_cat=0
split_feature=7 8 3 6 3 6 5 2 2 3 6 1 2 0 8 8 7 1 3 4 3 2 8 2 8 8 3 8 2 4
split_gain=0.624105 0.424956 0.321192 0.315421 0.63558 1.24073 0.802371 0.591096 0.799017 0.695438 0.964667 0.56741 1.15433 0.959358 1.18331 0.93436 1.14005 0.957498 1.33982 1.09559 1.23215 1.20428 0.916898 0.827445 0.851682 0.790773 1.17842 2.24112 1.39024 1.00095
threshold=9263.0750000000025 12337.600000000002 2651.0000000000005 8.6500000000000004 1380.5000000000002 8.5500000000000025 100.50000000000001 311.75000000000006 310.95000000000005 1708.5000000000002 7.9500000000000011 299.65000000000003 309.75000000000006 1.0000000180025095e-35 5318.3500000000013 1209.7 3883.7550000000006 298.75000000000006 1615.5000000000002 36.150000000000013 1479.5000000000002 308.15000000000003 10823.600000000002 308.25000000000006 9474.8000000000011 9579.5000000000018 1437.5000000000002 985.70000000000016 311.75000000000006 37.750000000000007
decision_type=2 2 2 2 2 2 2 2 2 2 2 2 2 2 2 2 2 2 2 2 2 2 2 2 2 2 2 2 2 2
left_child=1 2 3 4 5 -1 -6 8 9 10 -8 15 13 -13 -15 -5 -17 18 19 21 23 -18 -22 -21 -25 26 27 -14 -29 -28
right_child=-2 -3 -4 11 6 -7 7 -9 -10 -11 -12 12 25 14 -16 16 17 -19 -20 20 22 -23 -24 24 -26 -27 29 28 -30 -31
leaf_value=0.050061580730457293 0.05004049444558472 0.050048490957783055 0.035042830985937357 -0.055395796166381364 -0.051962369768407506 0.00065877854428858637 0.012647571910524466 0.033623214745977896 -0.039103371220839983 0.039742538231204057 -0.056100235048453212 -0.058845692581492151 0.029967748855847909 0.028951371092718777 -0.057712042828795079 0.047318469128182369 0.038937908275630345 0.015518463313415465 -0.055183677127984498 -0.024556768374586212 -0.062741629637451266 -0.054017486465330534 0.050364737716159361 0.030366189024063739 -0.015887725641680211 0.013689563134693975 -0.008695180004061295 -0.060293227653689802 0.0020450769777732736 0.016337704256638164
leaf_weight=2.1798119116574508 0.66678733564913173 0.44673695415258308 0.691139817237853 0.62253407834578212 0.71611932194173267 3.0479756630957127 1.7614503584918573 1.319457547724596 1.2213517850323112 1.1522461339045547 0.71837327424145758 1.7231662275444244 1.383098767064445 0.99187656385765854 0.6533226047649805 1.6065588431665698 2.5271522189395941 9.5804467873167578 1.2252649958827522 2.2157141965308238 1.4203089593102047 0.40415531714461383 0.20504647493362416 2.6693586173023505 1.586854296052479 6.3914801403443553 11.019451897552246 3.2068378071671759 1.2402837768458992 6.2628986284180419
leaf_count=72 30 22 15 551 241 19 63 27 79 38 84 313 87 129 89 25 87 923 436 342 449 157 1 529 46 122 1329 541 218 936
internal_value=0.0018954 0.00143804 0.00112667 0.000787205 0.00811249 0.0212581 -0.00186318 0.00394885 -0.00411846 0.00764587 -0.00726779 -0.000771725 -0.00504232 -0.0327724 -0.00546341 0.00506223 0.00666785 0.0036768 -0.00558139 -7.06217e-05 -0.00955252 0.0261216 -0.0484727 0.000221876 0.0131212 -0.00187649 -0.00618107 -0.0256192 -0.0429073 0.000376411
internal_weight=70.8573 70.1905 69.7437 69.0526 12.1168 5.22779 6.889 6.17288 4.85342 3.63207 2.47982 56.9358 32.8724 3.36837 1.6452 24.0634 23.4409 21.8343 12.2539 11.0286 8.09728 2.93131 1.62536 6.47193 4.25621 29.5041 23.1126 5.83022 4.44712 17.2824
internal_count=8000 7970 7948 7933 623 91 532 291 264 185 147 7310 3764 531 218 3546 2995 2970 2047 1611 1367 244 450 917 575 3233 3111 846 759 2265
is_linear=0
shrinkage=0.05


Tree=155
num_leaves=31
num_cat=0
split_feature=7 0 6 8 7 2 5 8 5 6 2 2 5 2 4 1 4 3 7 5 6 3 7 5 5 8 1 8 7 3
split_gain=0.640036 0.843401 0.465015 0.379708 0.474273 0.329873 0.883451 0.899927 1.12631 0.858413 0.838447 0.780059 1.33182 0.897685 0.820719 0.853248 1.44854 0.772537 0.853969 0.644437 0.589413 0.569988 2.35779 0.720966 1.28009 0.508917 0.727645 1.0298 0.462361 1.216
threshold=8982.2450000000008 1.0000000180025095e-35 9.7500000000000018 12337.600000000002 8804.7900000000027 312.05000000000007 5.5000000000000009 985.70000000000016 33.500000000000007 8.9500000000000011 311.75000000000006 310.95000000000005 227.50000000000003 310.65000000000003 13.750000000000002 300.05000000000007 44.150000000000013 1440.5000000000002 8316.7850000000017 215.50000000000003 8.5500000000000025 1708.5000000000002 6251.0150000000012 77.500000000000014 43.500000000000007 10129.500000000002 304.35000000000008 79.300000000000011 3883.7550000000006 1686.5000000000002
decision_type=2 2 2 2 2 2 2 2 2 2 2 2 2 2 2 2 2 2 2 2 2 2 2 2 2 2 2 2 2 2
left_child=3 2 -2 4 5 6 -1 -8 -9 -7 11 13 14 28 -13 19 -17 18 20 -16 -18 22 -15 24 -24 26 27 -11 -10 -30
right_child=1 -3 -4 -5 -6 9 7 8 10 25 -12 12 -14 21 15 16 17 -19 -20 -21 -22 -23 23 -25 -26 -27 -28 -29 29 -31
leaf_value=-0.058204800117810644 0.026080430998956003 0.050234121595358873 -0.014729040412288626 0.050047319841575011 -0.052535120796348533 -0.059766199969723079 0.031917561434225077 -0.051168001441009581 0.018379761164612828 0.046797630394781839 0.020167706040080419 0.050628152252685549 0.029075672552061574 -0.057234815477235079 -0.053451805966481469 -0.061469248331215802 0.0079105900283134509 0.034812935738651622 0.044907665138054303 0.05097930749599805 -0.056808239052746318 0.037791062397684247 0.048563968457294014 0.03409332171492329 -0.064781471833284671 0.021880752090559768 0.049646213293001028 -0.051616631967049215 0.00034250099162712447 -0.033749910059435874
leaf_weight=0.61178977684903557 1.2978348173201077 1.5337937343865631 1.5104523282498119 0.38585756346583266 0.42197797498374612 0.79383948739359667 2.4413761249707013 1.019308876559079 2.8193278548787921 0.33348444821604095 5.6322973197093225 0.34946614503860285 1.443130414932966 1.096077229387445 0.20373906737950154 2.6555440703232307 0.48161851702025238 0.71510934855177755 0.36143200562219124 0.53734761476516724 1.305182920048537 2.4078849397919839 0.45456984311022075 3.7751206992179505 0.55109279984753812 1.3415359958307815 0.330651690106606 1.3099449618948709 28.840902480096705 2.8763717298043039
leaf_count=231 21 20 19 20 25 130 708 287 46 5 242 1 6 193 80 605 23 84 13 1 183 70 11 177 59 14 5 520 3648 553
internal_value=0.00182612 0.0204163 0.00413084 0.00059367 0.000300596 0.000645258 0.00157522 0.0021851 0.000923258 -0.0130635 0.00186293 -0.000163613 -0.014441 0.00252126 -0.0239426 -0.0281056 -0.03487 -0.0102011 -0.0251854 0.0222692 -0.0393638 0.0173022 0.00890743 0.0240717 -0.0135482 -0.00188177 -0.0180302 -0.0316464 -0.00102444 -0.00274927
internal_weight=69.8381 4.34208 2.80829 65.496 65.1101 64.6881 60.5787 59.9669 57.5255 4.10946 56.5062 50.8739 8.05257 42.8213 6.60944 6.25997 5.51889 2.86334 2.14823 0.741087 1.7868 8.28475 5.87686 4.78078 1.00566 3.31562 1.97408 1.64343 34.5366 31.7173
internal_count=8000 60 40 7940 7920 7895 7221 6990 6282 674 5995 5753 996 4757 990 989 908 303 219 81 206 510 440 247 70 544 530 525 4247 4201
is_linear=0
shrinkage=0.05


Tree=156
num_leaves=31
num_cat=0
split_feature=4 8 0 5 5 6 6 8 1 5 0 5 8 3 7 2 1 3 2 3 1 4 8 6 1 1 3 4 5 4
split_gain=0.598729 0.340425 4.45682 0.591421 0.544632 0.42498 2.22343 2.12026 1.35059 1.1174 1.10692 1.71627 0.993271 0.966711 2.17959 0.964406 1.59919 0.866131 0.7775 0.836459 2.21179 0.7679 1.11817 0.712433 1.1606 1.03172 0.712339 0.691507 0.68093 0.887844
threshold=65.000000000000014 11112.650000000001 1.0000000180025095e-35 234.50000000000003 233.50000000000003 9.6500000000000004 10.050000000000002 8591.8000000000011 300.75000000000006 39.500000000000007 1.0000000180025095e-35 215.50000000000003 1816.8000000000004 1684.5000000000002 5860.5750000000007 309.75000000000006 298.25000000000006 1322.5000000000002 308.45000000000005 1420.5000000000002 302.55000000000007 39.150000000000013 10823.600000000002 9.2500000000000018 303.75000000000006 301.55000000000007 1440.5000000000002 56.550000000000004 213.50000000000003 40.850000000000001
decision_type=2 2 2 2 2 2 2 2 2 2 2 2 2 2 2 2 2 2 2 2 2 2 2 2 2 2 2 2 2 2
left_child=1 3 -3 4 5 10 7 -7 9 -8 11 15 -11 14 -12 16 -1 -14 -16 -20 -21 -9 -23 24 25 27 -25 -17 29 -27
right_child=-2 2 -4 -5 -6 6 8 21 -10 12 13 -13 17 -15 18 23 -18 -19 19 20 -22 22 -24 26 -26 28 -28 -29 -30 -31
leaf_value=0.044158628679876459 0.02890199226420196 0.050159672346125984 -0.042373166474159861 -0.053757772610959292 0.050518058698367244 -0.064890999057666987 -0.05365874756621565 0.051122906971450027 -0.049498496282602583 0.044666274508645035 -0.057063781955929552 -0.038109957121519489 -0.063748365150268715 0.037273172130556087 0.047832398851182005 -0.059629120846951156 -0.047707386231776477 0.0053688251946955442 0.021559669418775969 -0.060012894059455694 0.027524746748062701 -0.064893354445897319 0.036462125023628167 -0.028321009172974372 -0.071808829473476582 -0.041426820707154241 0.032717112990557393 0.050301928300643006 0.045186337721439457 0.010914847162431605
leaf_weight=0.62319611398198249 1.9733889782801259 3.2384299580007783 2.1754347458481789 0.50929991435259481 0.53617392480373283 2.6964584067609421 0.79164384824162581 0.61268353462219227 1.2207010453712417 1.602460863119634 1.1823245441464667 3.0977876280085175 0.4649452789990417 3.4854106138163834 1.5121781738998814 0.89789828382344861 1.9751752843076245 18.041517817780004 4.7324154990947136 1.3298961033633534 1.5775896797531457 0.5977755116728074 0.49948878702707589 0.54990061052376304 0.52941705950797846 0.92622691373162336 3.6555413624300854 0.17016281187534332 1.1848319070413706 6.4664718713320326
leaf_count=57 55 48 23 12 2 868 620 1 208 180 260 42 75 214 70 148 485 2429 294 390 140 63 5 159 96 388 350 1 4 313
internal_value=0.00175856 0.000957697 0.0129775 -0.000100936 0.000347347 -9.78436e-05 -0.00483782 -0.0372714 0.00162272 0.00460847 0.00361171 -0.00388475 0.00690232 0.0145021 0.0068223 0.00235965 -0.0256741 0.00363237 0.0150755 0.00859189 -0.0125153 0.00628261 -0.018755 0.00742501 0.000270264 0.00422647 0.0247358 -0.042115 0.00999683 0.00435699
internal_weight=68.8568 66.8834 5.41386 61.4696 60.9603 60.4241 26.5277 4.40641 22.1213 20.9006 33.8964 20.0766 20.1089 13.8198 10.3344 16.9788 2.59837 18.5065 9.15208 7.6399 2.90749 1.70995 1.09726 14.3805 10.175 9.64559 4.20544 1.06806 8.57753 7.3927
internal_count=8000 7945 71 7874 7862 7860 4449 937 3512 3304 3411 2043 2684 1368 1154 2001 542 2504 894 824 530 69 68 1459 950 854 509 149 705 701
is_linear=0
shrinkage=0.05


Tree=157
num_leaves=31
num_cat=0
split_feature=7 0 6 8 7 1 3 1 2 1 5 7 0 3 3 1 2 4 5 8 6 0 5 2 2 5 7 0 3 6
split_gain=0.611135 0.790718 0.402803 0.359919 0.45697 0.310779 0.775071 0.486244 0.334667 0.322421 2.14019 0.989588 1.36072 1.12081 0.802224 0.626057 1.92393 0.918042 0.682811 1.24319 0.741132 1.10891 0.725505 0.586845 0.580391 0.514772 0.465543 0.696193 0.729711 1.00289
threshold=8982.2450000000008 1.0000000180025095e-35 9.7500000000000018 12337.600000000002 8804.7900000000027 296.85000000000008 2267.5000000000005 297.05000000000007 307.85000000000008 298.45000000000005 216.50000000000003 4925.3900000000003 1.5000000000000002 1326.5000000000002 1305.5000000000002 299.75000000000006 309.65000000000003 62.350000000000001 178.50000000000003 1816.8000000000004 11.15 1.0000000180025095e-35 39.500000000000007 309.95000000000005 310.35000000000008 208.50000000000003 7083.5950000000003 1.5000000000000002 1362.5000000000002 8.5500000000000025
decision_type=2 2 2 2 2 2 2 2 2 2 2 2 2 2 2 2 2 2 2 2 2 2 2 2 2 2 2 2 2 2
left_child=3 2 -2 4 5 6 -1 8 -7 10 11 12 -9 14 -13 18 17 -17 19 22 25 24 -11 -18 -22 -20 -25 28 29 -28
right_child=1 -3 -4 -5 -6 7 -8 9 -10 15 -12 13 -14 -15 -16 16 23 -19 20 -21 21 -23 -24 26 -26 -27 27 -29 -30 -31
leaf_value=-0.057721286146292544 0.025438168708427685 0.050221094432955637 -0.012970311527824494 0.050046799938396218 -0.052486952432239213 0.046791243027860856 0.050302050009343513 0.028765081179316962 -0.015646707677645848 -0.05280180786765272 0.02278824799725912 -0.055494622234010138 -0.098930134269823916 -0.057715880205977392 0.04782139192814238 -0.055012071624772986 0.023444730702523869 0.050407122081581782 0.034534234126158483 -0.050857378306990324 -0.013561941984593691 -0.057264913014193702 0.042876074304803176 -0.0041451267929864923 0.043029151361875823 0.0063173439926343935 0.050044072576528577 -0.044229645504226568 0.022144825791504754 -0.016631208002681544
leaf_weight=0.6323778816840776 1.2515625311061733 1.4393811700865624 1.5016302466392515 0.364124720916151 0.40898738047690031 0.92879089905181789 0.22518241405487061 1.1763499366061276 0.2791047168757359 0.25116829060243551 3.2618156420066953 0.30005324756439256 0.25359672171907721 2.839159756033041 0.50262390224452247 2.1479995415375011 2.820843361412698 0.22848854959011067 4.9911703619654855 1.1123959949873095 0.88997512706555448 0.74346587577019807 0.93834038273780607 24.004091383737432 0.92290090608003084 2.3904992162715644 0.67988701537251151 0.59467754366778613 6.208897885047918 3.3081287673867337
leaf_count=258 21 20 19 20 25 42 2 151 59 265 21 42 17 1506 28 411 239 1 144 892 28 29 80 2843 16 39 28 74 498 182
internal_value=0.00170182 0.02019 0.00448964 0.000479319 0.000193017 0.000537017 -0.029356 0.000951996 0.0323639 0.000325539 -0.00880763 -0.0291279 0.00611872 -0.0429673 0.00920025 0.00178271 -0.00124561 -0.0448765 0.0116775 -0.0128604 0.0173611 -0.00584142 0.0226734 0.00151084 0.0152475 0.0253964 -0.000267311 0.00835824 0.0114251 -0.00526424
internal_weight=67.5977 4.19257 2.75319 63.4051 63.041 62.632 0.85756 61.7744 1.2079 60.5665 8.3336 5.07178 1.42995 3.64184 0.802677 52.2329 39.993 2.37649 12.2399 2.3019 9.93801 2.55634 1.18951 37.6165 1.81288 7.38167 34.7957 10.7916 10.1969 3.98802
internal_count=8000 60 40 7940 7920 7895 260 7635 101 7534 1765 1744 168 1576 70 5769 4276 412 1493 1237 256 73 345 3864 44 183 3625 782 708 210
is_linear=0
shrinkage=0.05


Tree=158
num_leaves=31
num_cat=0
split_feature=7 8 6 3 3 4 4 8 0 8 8 5 6 5 5 2 3 4 0 4 8 8 6 8 8 0 7 7 4 4
split_gain=0.574855 0.368269 0.290909 0.763423 0.61071 0.543707 0.988578 0.388869 3.54929 1.05233 0.816966 0.523123 0.477685 0.437485 1.24568 0.713263 0.711703 1.64539 0.700137 0.677552 1.16243 1.92232 0.635607 0.620451 1.83328 0.781233 0.715017 1.07302 0.745791 0.696052
threshold=9263.0750000000025 12337.600000000002 8.3500000000000032 1380.5000000000002 1420.5000000000002 40.850000000000001 15.750000000000002 10823.600000000002 1.0000000180025095e-35 11112.650000000001 10326.900000000003 234.50000000000003 11.550000000000002 213.50000000000003 210.50000000000003 311.05000000000007 1602.5000000000002 37.650000000000013 1.5000000000000002 13.750000000000002 6420.9500000000016 7176.9500000000007 8.5500000000000025 1045.7500000000002 1209.7 1.5000000000000002 3534.8850000000007 4667.3450000000003 23.350000000000005 28.750000000000004
decision_type=2 2 2 2 2 2 2 2 2 2 2 2 2 2 2 2 2 2 2 2 2 2 2 2 2 2 2 2 2 2
left_child=1 2 3 -1 -5 6 -6 10 9 -9 11 12 13 14 15 23 17 -15 19 -17 22 -22 -21 -4 -25 26 -26 -28 -29 -30
right_child=-2 -3 7 4 5 -7 -8 8 -10 -11 -12 -13 -14 16 -16 18 -18 -19 -20 20 21 -23 -24 24 25 -27 27 28 29 -31
leaf_value=0.050046350209078841 0.050037953464075961 0.050043374357638594 0.02693516706313373 -0.03356319278344342 0.050389451792262688 0.029833813790385327 -0.05342965115085041 0.010655399627665646 -0.044684684894801416 0.050155873710429927 -0.05395778600658005 -0.053491253565943087 -0.052097972177010399 -0.039623135881735654 -0.042716035556914139 0.024204392702386796 0.019343631930060216 0.012760946406860133 -0.065915431055629123 0.011254654737000727 0.041922520715128704 -0.03341595113285372 -0.054912826802255926 -0.089240053858151536 0.031650245873170488 0.028764067509666626 -0.055900378979219893 0.050955830764000981 -0.051839723162094155 -0.00040569649797862181
leaf_weight=1.0675440300256003 0.60792268346995015 0.38357745856046577 2.4815960040159579 0.90838326761149835 0.35793853551149402 1.8203973400813991 0.6379993497275791 4.0081705674529058 2.2779468188527972 2.910472996532917 0.73750270643722515 0.46944591216742892 0.44401465938153606 2.1736236279830319 1.861139992950483 1.2159428447484959 6.6480260812677443 4.8300183532992378 0.60232125782113133 0.44264014736836577 1.6033768511260862 1.7941553700911752 2.0158306097446257 0.55380194611098232 1.6111752316355765 2.5801006784604388 0.91390226236035488 0.68080794531852262 0.68367427874000242 17.366771729371067
leaf_count=43 30 22 741 41 3 73 193 21 27 37 53 11 211 28 45 7 35 69 174 42 97 226 1197 131 8 441 199 2 258 3535
internal_value=0.00163895 0.0011937 0.000908496 0.0127698 0.0020859 0.0135842 -0.0161172 -2.47762e-05 0.00944879 0.0272721 -0.00170965 -0.000953687 -0.000465328 -7.35424e-06 -0.00286962 -0.00072293 0.00762594 -0.00349678 -0.0141668 -0.00975939 -0.0168116 0.00213808 -0.0429996 0.00311649 0.000693044 0.0027825 -0.000371154 -0.00299735 -0.000416202 -0.0023538
internal_weight=66.6902 66.0823 65.6987 4.79226 3.72472 2.81634 0.995938 60.9065 9.19659 6.91864 51.7099 50.9724 50.5029 50.0589 36.4072 34.5461 13.6517 7.00364 7.67427 7.07195 5.856 3.39753 2.45847 26.8718 24.3902 23.8364 21.2563 19.6452 18.7313 18.0504
internal_count=8000 7970 7948 353 310 269 196 7595 85 58 7510 7457 7446 7235 7103 7058 132 97 1743 1569 1562 323 1239 5315 4574 4443 4002 3994 3795 3793
is_linear=0
shrinkage=0.05


Tree=159
num_leaves=31
num_cat=0
split_feature=7 6 8 7 1 1 7 1 1 4 4 6 2 8 7 8 5 1 6 1 7 5 4 0 8 4 8 7 4 7
split_gain=0.570804 0.785089 0.326827 0.4286 0.297812 1.08797 0.479277 0.791376 0.425299 0.449588 1.87295 0.90668 0.885332 0.860085 2.06302 0.827974 0.856212 0.789941 1.22477 0.859493 1.86945 0.757324 0.712546 0.727027 1.99412 1.7089 1.37689 0.768063 2.02179 1.15563
threshold=8982.2450000000008 9.4500000000000011 12337.600000000002 8804.7900000000027 303.95000000000005 304.35000000000008 3534.8850000000007 296.85000000000008 297.05000000000007 37.45000000000001 36.150000000000013 8.5500000000000025 308.25000000000006 7677.1000000000013 5456.2900000000009 4198.5000000000009 217.50000000000003 299.15000000000003 9.4500000000000011 300.75000000000006 5440.5250000000005 226.50000000000003 37.550000000000004 1.0000000180025095e-35 10326.900000000003 44.750000000000007 11112.650000000001 5909.9600000000009 38.850000000000001 6403.5300000000007
decision_type=2 2 2 2 2 2 2 2 2 2 2 2 2 2 2 2 2 2 2 2 2 2 2 2 2 2 2 2 2 2
left_child=2 -2 3 4 6 -6 -1 -8 -9 10 11 -10 -11 14 15 16 -13 18 -17 -19 -21 22 -14 26 25 -25 27 -24 -29 -30
right_child=1 -3 -4 -5 5 -7 7 8 9 12 -12 13 21 -15 -16 17 -18 19 -20 20 -22 -23 23 24 -26 -27 -28 28 29 -31
leaf_value=0.016794311442346294 0.05020693111804702 0.0039721469758634224 0.0500423475642717 -0.052316011214152393 -0.068854462745425227 0.049439610689202301 -0.05749775249767082 0.030949692505684485 -0.054319443040790318 -0.040846524798452188 -0.057874549997667682 -0.053872102908388876 0.04513965635347341 0.028752836631436931 -0.054102025838585338 0.049856269387116452 0.029481650375794671 0.023701921628960596 -0.053463140321753366 -0.057171927291299829 0.050923203959139553 0.033864704189184046 0.035138482572158326 -0.051862457237124626 -0.057043589087172268 0.011173338751499555 0.050133084399277841 -0.065465584917770533 0.024496076321300599 -0.003937781419997774
leaf_weight=4.3780207820236674 1.3894759966060508 2.7068627597764134 0.32950262539088626 0.38735557001200405 0.57201948423425975 0.29440888504905161 0.60005727215502602 1.1044052303441265 0.77968175082333502 1.1260217580156666 1.6372903500541713 1.0925699668332516 0.94622664663256628 2.3538329508155575 1.7791306921717467 0.39648773125372727 0.42907757312059391 6.4453211972868285 1.0371443756521328 1.0568445103854172 0.6435471295408205 2.026499561732634 1.6653136267777942 1.2889634992388872 1.8498339326870334 6.4827405159257978 1.6410434804856766 1.1194618999870751 4.9044103255218969 13.167481914155358
leaf_count=31 21 39 20 25 113 5 258 100 203 329 358 1084 24 9 908 3 2 136 143 134 5 21 61 779 41 797 25 165 364 1797
internal_value=0.00158234 0.019655 0.000379256 0.000111891 0.00044581 -0.0286586 0.000866432 -0.000388352 0.000235022 -0.000394681 -0.00693783 -0.00172988 0.00279414 0.000961682 -0.00411713 0.00389383 -0.0303678 0.00933619 -0.0248889 0.0153598 -0.0162612 0.00419447 0.00237605 0.00111625 -0.0103867 0.000718638 0.00603568 0.00256601 -0.000260434 0.00377869
internal_weight=65.631 4.09634 61.5347 61.2052 60.8178 0.866428 59.9514 55.5734 54.9733 53.8689 17.6509 16.0136 36.218 15.234 12.8801 11.101 1.52165 9.57934 1.43363 8.14571 1.70039 35.092 33.0655 32.1192 9.62154 7.7717 22.4977 20.8567 19.1914 18.0719
internal_count=8000 60 7940 7920 7895 118 7777 7746 7488 7388 2985 2627 4403 2424 2415 1507 1086 421 146 275 139 4074 4053 4029 1617 1576 2412 2387 2326 2161
is_linear=0
shrinkage=0.05


Tree=160
num_leaves=31
num_cat=0
split_feature=7 8 0 7 5 5 5 8 6 2 4 2 5 5 7 6 2 5 7 1 5 4 8 8 4 6 2 3 0 8
split_gain=0.539445 0.347269 2.74146 1.22595 0.495208 0.521349 0.989732 0.779099 0.422223 0.395713 0.686312 0.507814 0.980161 0.506371 0.419767 0.392234 0.369346 1.01761 0.810951 0.883315 1.02323 1.12227 2.23299 1.01669 0.79412 0.983229 1.59224 2.42904 1.32332 1.01465
threshold=9263.0750000000025 10823.600000000002 1.0000000180025095e-35 7445.2800000000007 234.50000000000003 231.50000000000003 228.50000000000003 10326.900000000003 11.550000000000002 307.85000000000008 36.150000000000013 308.15000000000003 216.50000000000003 67.500000000000014 8982.2450000000008 10.850000000000003 310.95000000000005 227.50000000000003 3534.8850000000007 302.25000000000006 224.50000000000003 37.45000000000001 5188.7500000000009 3526.2000000000003 37.850000000000001 10.050000000000002 310.85000000000008 1397.5000000000002 1.0000000180025095e-35 3925.4000000000005
decision_type=2 2 2 2 2 2 2 2 2 2 2 2 2 2 2 2 2 2 2 2 2 2 2 2 2 2 2 2 2 2
left_child=1 4 3 -3 5 6 7 8 9 10 -1 12 13 -11 -12 -5 17 18 -13 20 21 22 23 -20 -23 26 27 28 29 -26
right_child=-2 2 -4 15 -6 -7 -8 -9 -10 11 14 16 -14 -15 -16 -17 -18 -19 19 -21 -22 24 -24 -25 25 -27 -28 -29 -30 -31
leaf_value=0.033507829505430541 0.050035594055773264 -0.0061472404162071885 -0.037624844767290798 0.050226539516311064 -0.053185316151738694 0.029130547630385875 -0.058858110217061388 -0.051052514654482531 -0.052054956853913897 0.0345555050089522 -0.056008853125124707 0.035322572297222042 0.011988313210113316 -0.0703698530074824 0.050107422442624852 0.020975372379561388 -0.005687950370398237 -0.090462025569962884 -0.052196077097946686 0.029779000027238229 0.038090907299208131 0.029093624188593188 -0.054303368772526887 0.014755056742872349 0.026094911317229758 0.016577534213926153 0.028101119808759761 -0.056249114146638871 0.031019020714041515 -0.037493031752549054
leaf_weight=2.0212775931431675 0.56808259338140388 2.1334939347580058 2.2793347979895771 3.0604375936090946 0.44119196524843474 1.4937902073143039 0.72456055739894409 0.73708742983217135 0.37617412696908914 0.13112645512319365 0.39571977288414917 2.053230194374918 0.97151082754135121 0.93420638158386282 0.12190147489309311 1.832104275934398 13.7549264188533 0.28208836540579696 0.6787870486368871 2.764426380803342 1.6660943459719408 2.6980408649469636 2.7714434400913888 3.4443636354371847 0.8659147713915466 5.6480958584661485 2.2325000445271135 2.9060371609721187 2.1376409012664226 2.2770121207213379
leaf_count=168 30 15 31 42 12 10 9 55 209 99 317 14 7 216 2 21 2100 2 1006 188 7 73 366 390 91 1238 68 914 145 155
internal_value=0.00152753 0.00109584 0.0100232 0.0254808 -0.000427608 2.73306e-06 -0.000824561 -1.38971e-05 0.000721837 0.00111299 0.0203525 9.99239e-05 -0.0243328 -0.0574551 -0.0310181 0.0392729 0.00117755 0.00408989 0.00491967 0.00284511 0.000120344 -0.00234509 -0.0195961 0.00373301 0.00399315 -0.000221778 -0.00932852 -0.0195356 0.000668756 -0.0199738
internal_weight=64.4026 63.8345 9.30537 7.02604 54.5291 54.088 52.5942 51.8696 51.1325 50.7563 2.5389 48.2174 2.03684 1.06533 0.517621 4.89254 46.1806 32.4257 32.1436 30.0904 27.3259 25.6598 6.89459 4.12315 18.7652 16.0672 10.4191 8.1866 5.28057 3.14293
internal_count=8000 7970 109 78 7861 7849 7839 7830 7775 7566 487 7079 322 315 319 63 6757 4657 4655 4641 4453 4446 1762 1396 2684 2611 1373 1305 391 246
is_linear=0
shrinkage=0.05


Tree=161
num_leaves=31
num_cat=0
split_feature=7 0 6 8 7 3 8 6 1 8 5 5 5 6 5 5 6 8 2 2 6 6 5 3 2 2 2 7 1 8
split_gain=0.526628 0.760957 0.481032 0.310201 0.405053 0.28216 0.324707 0.58881 0.872291 0.416267 0.953913 0.461513 0.692839 1.06758 0.623209 0.438979 0.635091 0.407189 0.393322 0.427007 0.376807 0.396674 0.384451 0.475026 0.354156 0.615745 0.782781 0.724542 0.590573 1.37661
threshold=8982.2450000000008 1.0000000180025095e-35 9.8500000000000032 12337.600000000002 8804.7900000000027 2651.0000000000005 267.35000000000008 9.3500000000000032 303.85000000000008 985.70000000000016 33.500000000000007 41.500000000000007 76.500000000000014 8.5500000000000025 78.500000000000014 96.500000000000014 9.5500000000000025 1295.9000000000003 310.45000000000005 311.45000000000005 7.7500000000000009 8.0500000000000025 210.50000000000003 1386.5000000000002 313.15000000000003 312.05000000000007 311.75000000000006 7907.1000000000013 300.05000000000007 2268.9500000000003
decision_type=2 2 2 2 2 2 2 2 2 2 2 2 2 2 2 2 2 2 2 2 2 2 2 2 2 2 2 2 2 2
left_child=3 2 -2 4 5 6 7 8 -1 18 -11 -12 13 -13 -14 16 -16 -17 -8 -20 -19 22 23 -22 25 26 28 -27 -23 -30
right_child=1 -3 -4 -5 -6 -7 9 -9 -10 10 11 12 14 -15 15 17 -18 20 19 -21 21 24 -24 -25 -26 27 -28 -29 29 -31
leaf_value=0.031609171173196234 0.025860621813602127 0.050208355334513503 -0.016850689934081044 0.050041863375367847 -0.05221486912005574 0.034016268349642186 -0.031667968018992333 -0.070614386178519895 -0.080816965856232936 -0.049042302274811968 0.028931321460681343 0.034691579289653912 0.046019878873479234 -0.056051425645788147 0.00095230525286644444 0.050371252392166367 -0.066842412967599837 -0.050554901946337431 0.043302987857664905 -0.051500810511729056 0.050041053859909028 0.0047734078528025607 0.048297398103611576 -0.051136542773544541 0.035819269047451946 -0.046524821426912027 0.019877956674506501 0.01735927767366888 -0.089855718207246499 -0.0053749184873719477
leaf_weight=0.61125335437463835 1.2683646725490687 1.3154137516394255 1.372616486623883 0.31174766458570857 0.36861171072814514 0.61629696749150653 0.26196949767836386 0.45426873774704291 0.24037984915776178 0.98126021455573109 1.4100329481534561 0.44191798945030214 0.75663273168356582 1.2160025174753171 0.83619162208560627 0.41575677692890067 0.58862179076459142 0.35626165123539877 1.3330414932497658 0.13039263993232442 0.20240806974470504 19.615442395910577 0.84560620598495007 0.27177156190737151 0.69112073766882431 1.438837879808488 4.8892942693710202 0.64180603649583634 0.49482555379654769 18.910771138192104
leaf_count=92 22 20 18 20 25 15 410 206 11 312 266 71 66 1180 270 2 394 22 172 114 9 2138 3 74 66 308 167 15 20 1492
internal_value=0.001475 0.0191376 0.00366196 0.000297226 3.44753e-05 0.000362847 5.4733e-06 -0.0246446 -0.000123948 0.000572909 -0.000185661 0.000701754 -5.47971e-05 -0.0318639 0.000980168 0.000301295 -0.0270552 0.00110045 0.0247555 0.0348559 0.000676847 0.00105708 0.0280893 -0.00794793 0.000292831 -0.000241036 0.00101832 -0.0268188 -0.00134477 -0.0075291
internal_weight=63.2889 3.95639 2.64098 59.3325 59.0208 58.6522 58.0359 1.3059 0.851633 56.73 55.0046 54.0233 52.6133 1.65792 50.9553 50.1987 1.42481 48.7739 1.7254 1.46343 48.3581 48.0019 1.31979 0.47418 46.6821 45.991 43.9103 2.08064 39.021 19.4056
internal_count=8000 60 40 7940 7920 7895 7880 309 103 7571 6875 6563 6297 1251 5046 4980 664 4316 696 286 4314 4292 86 83 4206 4140 3817 323 3650 1512
is_linear=0
shrinkage=0.05


Tree=162
num_leaves=31
num_cat=0
split_feature=4 8 0 5 5 6 6 8 1 0 5 2 1 3 7 5 4 8 2 3 3 7 3 8 7 5 5 3 7 3
split_gain=0.512735 0.331665 3.63552 0.467421 0.481372 0.319946 1.79009 1.5889 1.21259 0.86947 1.51473 0.917852 1.36312 0.87025 1.86498 0.75838 0.69883 0.980062 0.695931 0.682843 0.98206 0.656952 1.1033 0.779543 0.69885 0.650237 1.20903 0.615424 1.39753 0.602093
threshold=67.100000000000009 11112.650000000001 1.0000000180025095e-35 234.50000000000003 233.50000000000003 9.6500000000000004 10.050000000000002 8591.8000000000011 300.75000000000006 1.0000000180025095e-35 215.50000000000003 309.75000000000006 298.25000000000006 1684.5000000000002 5860.5750000000007 11.500000000000002 39.150000000000013 10823.600000000002 308.45000000000005 2471.5000000000005 2362.5000000000005 6403.5300000000007 1663.5000000000002 102.90000000000002 6660.3400000000011 206.50000000000003 200.50000000000003 1422.5000000000002 5870.3200000000006 2089.5000000000005
decision_type=2 2 2 2 2 2 2 2 2 2 2 2 2 2 2 2 2 2 2 2 2 2 2 2 2 2 2 2 2 2
left_child=1 3 -3 4 5 9 7 -7 15 10 11 12 -1 14 -11 -8 -9 -18 -16 20 29 22 -13 -24 -23 26 -26 -20 -29 -17
right_child=-2 2 -4 -5 -6 6 8 16 -10 13 -12 21 -14 -15 18 19 17 -19 27 -21 -22 24 23 -25 25 -27 -28 28 -30 -31
leaf_value=0.043397341783932626 0.037250948438376362 0.050129944163714059 -0.039146193467608115 -0.052982202734573908 0.050460375817715619 -0.058913465933763731 -0.062884704042056372 0.050989656459068833 -0.048382179197282021 -0.056524121355343307 -0.037051879184731421 0.03034765516061565 -0.047368832203814694 0.036210380867036707 0.047298551463005593 0.0027136884317143853 -0.062933776793125826 0.036361667571368099 0.015178979495680612 0.049939880338639747 -0.09284521441126263 -0.046664073537530555 0.050306092041218442 -0.044791067711729221 0.0044764175213350228 0.033596861183457595 -0.064427040963973337 0.050846501357109775 -0.051636384961182037 0.038185020613134259
leaf_weight=0.53665532575178732 0.98253550939261813 2.7859252281486979 1.9305668370798228 0.41652745613828202 0.47202813625335593 2.5522842738646458 0.40931233904303255 0.54280436038970936 1.1500582390781335 1.0682065723176482 2.8875757526257066 4.8197634832813474 1.804598084561803 3.1048445929227446 1.2960161585324366 16.658809151892466 0.56636134814289085 0.44278989464510232 5.6648903372661152 0.84136278461664815 0.2587627713510291 0.80264633646584105 0.27983140980359145 0.93736854267899616 4.5262887464523374 1.3572169970721004 0.74084117077291001 0.47958924982231099 1.0858237791253484 1.288882064516655
leaf_count=57 33 55 24 12 2 870 190 1 208 260 42 510 485 214 70 3065 64 5 315 9 10 144 8 261 514 12 13 2 511 34
internal_value=0.00141557 0.000844996 0.0135872 -0.000209509 0.00017902 -0.000244023 -0.00449976 -0.0346542 0.00150596 0.00310603 -0.00375265 0.00233104 -0.0265637 0.0132016 0.00575588 0.00445472 0.0052416 -0.0193655 0.0135585 0.00590175 0.00386665 0.00735555 0.0196059 -0.0229285 -0.00260202 0.00273681 -0.00521511 0.0075107 -0.0202391 0.005261
internal_weight=62.6912 61.7086 4.71649 56.9921 56.5756 56.1036 24.7114 4.10424 20.6072 31.3922 18.6928 15.8052 2.34125 12.6994 9.59453 19.4571 1.55196 1.00915 8.52632 19.0478 18.2065 13.464 6.03696 1.2172 7.42699 6.62435 5.26713 7.2303 1.56541 17.9477
internal_count=8000 7967 79 7888 7876 7874 4456 940 3516 3418 2046 2004 542 1372 1158 3308 70 69 898 3118 3109 1462 779 269 683 539 527 828 513 3099
is_linear=0
shrinkage=0.05


Tree=163
num_leaves=31
num_cat=0
split_feature=7 0 6 8 7 1 3 1 2 1 5 7 0 3 3 1 2 4 5 8 5 6 5 2 5 7 7 4 7 4
split_gain=0.50912 0.711713 0.412979 0.2934 0.387215 0.287573 0.660853 0.375161 0.316557 0.284355 1.85063 0.858992 0.973305 0.96042 0.718145 0.518393 1.64259 0.817106 0.649938 1.05795 0.661057 0.606597 1.01549 0.517833 0.457137 0.374232 0.635521 0.798487 1.14201 0.630848
threshold=8982.2450000000008 1.0000000180025095e-35 9.8500000000000032 12337.600000000002 8804.7900000000027 296.85000000000008 2267.5000000000005 297.05000000000007 307.85000000000008 298.45000000000005 216.50000000000003 4925.3900000000003 1.5000000000000002 1326.5000000000002 1305.5000000000002 299.75000000000006 309.65000000000003 62.350000000000001 178.50000000000003 1816.8000000000004 39.500000000000007 11.15 214.50000000000003 309.95000000000005 208.50000000000003 7083.5950000000003 7022.0800000000008 47.750000000000007 6830.4850000000015 49.45000000000001
decision_type=2 2 2 2 2 2 2 2 2 2 2 2 2 2 2 2 2 2 2 2 2 2 2 2 2 2 2 2 2 2
left_child=3 2 -2 4 5 6 -1 8 -7 10 11 12 -9 14 -13 18 17 -17 19 20 -11 24 -23 -18 -20 26 27 28 -25 -27
right_child=1 -3 -4 -5 -6 7 -8 9 -10 15 -12 13 -14 -15 -16 16 23 -19 21 -21 -22 22 -24 25 -26 29 -28 -29 -30 -31
leaf_value=-0.057460470787386857 0.025220413272016393 0.050198717464182689 -0.014773103579597782 0.050041606640490711 -0.052155333199564724 0.045687773311116023 0.050252801628270928 0.02705104704650689 -0.017885518284706536 -0.052716447661483645 0.021577313378183558 -0.05515338846837875 -0.08394882155852898 -0.05718392083626242 0.047510928347611371 -0.05429713471015736 0.022963665057709543 0.050367643957199032 0.033681190064241057 -0.050801075206259566 0.042477324375505963 -0.056002055846649003 0.016546277069549788 -0.0022487994360181509 0.0056746991094489517 0.028517732742932778 -0.05307678499798904 0.043599571091126096 -0.064201456112111699 1.0791736449691173e-05
leaf_weight=0.56597136299569584 1.2233536476269362 1.2387160733342168 1.3665170632302759 0.29376523056998749 0.35442344548937299 0.80084593028732232 0.19027114473283291 1.0286074428549898 0.25918653757616994 0.23551901832888622 2.9943243233719841 0.27595864461181951 0.24441667180872162 2.5348964387876549 0.44505147551444679 1.9093849620530812 2.5554862151584521 0.20665593445301045 4.4757226101573888 1.0091831071913473 0.80820236387808109 0.68964195708395015 1.604719524271786 19.96391446808958 2.1602982805343345 2.6558397261396731 0.6409834690630295 0.89806232758928572 0.77264666029804985 7.2075743733857962
leaf_count=258 22 20 18 20 25 42 2 151 59 265 21 42 17 1506 28 411 239 1 144 892 80 56 17 2559 39 223 69 65 150 559
internal_value=0.00136982 0.0190273 0.00411827 0.000199843 -5.4851e-05 0.000268351 -0.0303597 0.000679196 0.0301436 0.000114575 -0.00892096 -0.029085 0.00573942 -0.042701 0.0082173 0.00153686 -0.00130755 -0.0440754 0.0110699 -0.0142983 0.0209965 0.0169016 -0.00526039 0.00130088 0.0245639 -0.000421599 -0.00401184 -0.00255816 -0.00455716 0.00768662
internal_weight=61.6101 3.82859 2.58987 57.7816 57.4878 57.1334 0.756243 56.3771 1.06003 55.3171 7.52325 4.52893 1.27302 3.25591 0.72101 47.7938 36.8105 2.11604 10.9833 2.0529 1.04372 8.93038 2.29436 34.6945 6.63602 32.139 22.2756 21.6346 20.7366 9.86341
internal_count=8000 60 40 7940 7920 7895 260 7635 101 7534 1765 1744 168 1576 70 5769 4276 412 1493 1237 345 256 73 3864 183 3625 2843 2774 2709 782
is_linear=0
shrinkage=0.05


Tree=164
num_leaves=31
num_cat=0
split_feature=7 8 0 8 5 5 5 8 6 2 4 2 5 5 3 3 7 2 5 7 5 2 3 5 8 1 1 2 3 1
split_gain=0.497256 0.320833 2.47237 1.09915 0.432928 0.464589 0.909875 0.708317 0.390264 0.330403 0.591291 0.412631 0.818127 0.428225 0.387239 0.693687 0.35328 0.306034 0.871922 0.753083 0.810966 0.972475 0.966448 1.69368 1.30351 1.23665 1.76361 1.03968 1.0187 0.945327
threshold=9263.0750000000025 10823.600000000002 1.0000000180025095e-35 11112.650000000001 234.50000000000003 231.50000000000003 228.50000000000003 10326.900000000003 11.550000000000002 307.85000000000008 36.150000000000013 308.15000000000003 216.50000000000003 67.500000000000014 1604.5000000000002 2267.5000000000005 8982.2450000000008 310.95000000000005 227.50000000000003 3534.8850000000007 224.50000000000003 310.85000000000008 1494.5000000000002 205.50000000000003 4198.5000000000009 299.05000000000007 300.25000000000006 310.75000000000006 1540.5000000000002 302.05000000000007
decision_type=2 2 2 2 2 2 2 2 2 2 2 2 2 2 2 2 2 2 2 2 2 2 2 2 2 2 2 2 2 2
left_child=1 4 3 -3 5 6 7 8 9 10 14 12 13 -11 -1 -16 -12 18 19 -13 21 22 25 24 -24 -21 -27 29 -26 -28
right_child=-2 2 -4 -5 -6 -7 -8 -9 -10 11 16 17 -14 -15 15 -17 -18 -19 -20 20 -22 -23 23 -25 28 26 27 -29 -30 -31
leaf_value=0.048421337282112412 0.050033907467235128 0.0083325269079018577 -0.036797374040231874 0.050122369433586313 -0.052800506741693211 0.028077759425243588 -0.058162121151075032 -0.050500817758564125 -0.051910762534628486 0.034121932490118884 -0.055134953816128852 0.035155631682736291 0.010500719310896247 -0.066769357525741896 -0.053795180035436041 0.050220539893382349 0.050090474989345914 -0.0053543524185131579 -0.085205886378909468 0.025470992988832365 0.037625918276785665 0.024355249833465611 -0.052979913906163578 -0.046224904342081784 -0.055285321821563482 -0.052732722714763126 -0.0018727732468107148 -0.056373888074623027 0.02213332986590124 0.036967554419077731
leaf_weight=1.2176136560265143 0.51931909844279189 3.9411349073052389 2.1470406516455114 2.6191313969902694 0.39418683457188208 1.4124559454503458 0.68660241598263283 0.69009922372060728 0.35240105608772765 0.11970337102502415 0.35573313324857725 1.8826894294470609 0.94955203961580992 0.86644018436163606 0.30741505835612759 0.33492198586463928 0.10282173007726669 13.328394052191468 0.27311771549284358 4.6852729288493817 1.5528008379042137 3.6725206279479599 0.91906314308471149 3.1094745186856017 0.48206760734319676 1.658951133940717 5.8203148408192629 0.66768689559103211 3.583704496262726 2.1435493394965306
leaf_count=48 30 22 31 56 12 10 9 55 209 99 317 14 7 216 116 4 2 2100 2 898 7 195 1481 90 242 486 541 75 545 81
internal_value=0.00131695 0.000897226 0.00977469 0.0250168 -0.000601697 -0.000199627 -0.00100224 -0.000202548 0.000514822 0.000899443 0.0193133 -3.44389e-05 -0.0226255 -0.0545226 0.0318508 0.000439823 -0.0315403 0.000964417 0.00373012 0.00453501 0.00249761 0.000457893 -0.00334632 -0.0172663 0.000797652 0.00417735 -0.00551766 0.0035569 0.012954 0.00858147
internal_weight=60.7962 60.2769 8.70731 6.56027 51.5696 51.1754 49.7629 49.0763 48.3862 48.0338 2.31851 45.7153 1.9357 0.986144 1.85995 0.642337 0.458555 43.7796 30.4512 30.1781 28.2954 26.7426 23.0701 8.09431 4.98484 14.9758 10.2905 8.63155 4.06577 7.96386
internal_count=8000 7970 109 78 7861 7849 7839 7830 7775 7566 487 7079 322 315 168 120 319 6757 4657 4655 4641 4634 4439 2358 2268 2081 1183 697 787 622
is_linear=0
shrinkage=0.05


Tree=165
num_leaves=31
num_cat=0
split_feature=7 8 3 1 1 2 2 4 5 8 5 3 2 2 5 7 3 3 3 5 5 5 5 7 6 2 5 8 3 4
split_gain=0.473739 0.298644 0.254557 0.257117 0.600211 0.346443 0.487125 0.888486 0.466132 0.763332 0.803847 0.587001 0.504458 0.867933 1.17358 0.579826 0.712269 1.38374 0.67548 0.449673 0.326274 1.17041 0.600425 0.625714 0.585989 0.443855 0.40367 0.56869 0.411062 0.40396
threshold=9263.0750000000025 12337.600000000002 2651.0000000000005 304.35000000000008 304.05000000000007 313.05000000000007 312.25000000000006 56.550000000000004 5.5000000000000009 985.70000000000016 28.500000000000004 1337.5000000000002 311.75000000000006 311.55000000000007 231.50000000000003 5369.4550000000008 1520.5000000000002 1422.5000000000002 1330.5000000000002 247.50000000000003 45.500000000000007 76.500000000000014 78.500000000000014 8635.0550000000021 8.5500000000000025 308.55000000000007 96.500000000000014 1075.1000000000001 1372.5000000000002 58.250000000000007
decision_type=2 2 2 2 2 2 2 2 2 2 2 2 2 2 2 2 2 2 2 2 2 2 2 2 2 2 2 2 2 2
left_child=1 2 3 4 5 6 8 19 11 -10 -11 -1 13 20 -15 -14 17 18 -17 -8 -12 24 -23 26 -22 -26 27 -24 -29 -28
right_child=-2 -3 -4 -5 -6 -7 7 -9 9 10 12 -13 15 14 -16 16 -18 -19 -20 -21 21 22 23 -25 25 -27 29 28 -30 -31
leaf_value=0.049282483849196257 0.05003225267942038 0.050039965030668293 0.033757917583377088 0.0492722022498829 -0.071626884720851741 0.033600688510679509 -0.055489891636175986 0.032144631625092679 0.032848765568324702 -0.05634166773462887 0.021730749561193991 -0.065442155815569558 -0.051839954438831097 -0.046391255227220859 0.050668313523021417 -0.025802246014730097 0.045009626864049218 -0.040398496713763235 0.038904237955782933 0.0501938652707829 0.029962516172264964 0.047933526699932567 0.050338860714419391 0.028951227587141498 0.014698029519371263 -0.058764705898047526 0.0014445947967276689 0.019413309963473804 -0.059660790853593028 -0.026255967786852311
leaf_weight=0.14187324200520279 0.494007533416151 0.30715269921347399 0.573523398488759 0.26662447657144994 0.29053447263504395 0.77609968167962406 1.2167430339131886 0.48823895270470519 1.8534798596720055 0.62114119840225512 1.7718885711783503 0.52076141376801388 0.30829744949005444 1.933991211906686 0.37121936678886402 0.50059947067166 1.7409860705265598 1.1123167158730209 2.0756626436159422 0.10972839593887318 0.27624141979322203 0.68953248999605321 0.19069673120975394 1.8895048650447268 0.23895193824228034 1.4736207144323996 35.189041014366012 0.20584319512636262 0.81540650228544109 1.3672776478815638
leaf_count=9 30 22 15 5 80 71 387 18 706 165 468 227 77 212 1 23 67 112 77 1 50 57 1 39 237 683 3532 56 510 62
internal_value=0.00127132 0.000865226 0.000609266 0.000283928 5.93873e-05 0.000419229 -3.17473e-05 -0.025522 0.00080491 0.00131056 0.000202862 -0.0408791 0.000876331 -0.000852709 -0.0307613 0.0148624 0.0186499 0.00620823 0.026331 -0.0467475 0.000710399 -0.000169364 0.00167639 0.00087211 -0.0376143 -0.0485146 -0.000532657 -0.0289223 -0.0437226 0.00040854
internal_weight=59.811 59.317 59.0098 58.4363 58.1697 57.8791 57.103 1.81471 55.2883 54.6257 52.7722 0.662635 52.1511 46.4132 2.30521 5.73786 5.42956 3.68858 2.57626 1.32647 44.108 42.3361 40.3473 39.6578 1.98881 1.71257 37.7683 1.21195 1.02125 36.5563
internal_count=8000 7970 7948 7933 7928 7848 7777 406 7371 7135 6429 236 6264 5908 213 356 279 212 100 388 5695 5227 4257 4200 970 920 4161 567 566 3594
is_linear=0
shrinkage=0.05


Tree=166
num_leaves=31
num_cat=0
split_feature=7 8 0 8 5 5 8 6 6 6 1 1 5 5 0 5 3 7 8 3 2 2 7 7 3 1 1 5 8 8
split_gain=0.451394 0.307429 2.27255 1.06589 0.403847 0.448677 0.53349 0.405167 0.300242 1.99308 1.27394 0.864823 1.05111 0.83141 0.724614 1.07392 0.757855 1.73328 0.711679 1.10847 0.702533 1.11699 0.909833 0.709679 0.971848 0.842754 0.730205 1.28083 0.704383 0.631919
threshold=9263.0750000000025 10823.600000000002 1.0000000180025095e-35 11112.650000000001 234.50000000000003 233.50000000000003 10624.100000000002 11.550000000000002 9.6500000000000004 10.050000000000002 300.75000000000006 300.75000000000006 226.50000000000003 11.500000000000002 1.0000000180025095e-35 215.50000000000003 1684.5000000000002 5860.5750000000007 4388.7000000000007 1420.5000000000002 309.75000000000006 308.95000000000005 4944.0550000000012 6403.5300000000007 1663.5000000000002 301.55000000000007 301.75000000000006 180.50000000000003 102.90000000000002 9474.8000000000011
decision_type=2 2 2 2 2 2 2 2 2 2 2 2 2 2 2 2 2 2 2 2 2 2 2 2 2 2 2 2 2 2
left_child=1 4 3 -3 5 6 7 8 14 11 13 -10 -13 -11 15 20 17 -16 19 -19 21 22 -1 24 -22 -25 -27 -28 -26 -15
right_child=-2 2 -4 -5 -6 -7 -8 -9 9 10 -12 12 -14 29 16 -17 -18 18 -20 -21 23 -23 -24 25 28 26 27 -29 -30 -31
leaf_value=0.045905274223698875 0.050030679533123561 0.0081418770927636028 -0.035804323396269627 0.050116038819006684 -0.052621554689932154 0.050424825593691484 -0.053940620675089326 -0.051735916754423489 -0.057061669230971425 -0.070107129263216314 -0.060526441817611958 -0.043900635106113577 0.050906453952139136 0.0093421418605744242 -0.056241372745025303 -0.038530053674886405 0.035193291960768855 0.0113269382986369 0.023917147571625004 -0.06401403322874287 0.02908312806837492 -0.06320688444275066 -0.040561862737838843 -0.058411497982479722 0.050257132010041054 0.039478954963644376 0.0076886153557404668 -0.053358411304765763 -0.04329637724101059 -0.040170204118234985
leaf_weight=0.68802992989367984 0.46992890536785026 3.8866638764739019 2.0728947377065197 2.4760021241381764 0.3710632084403177 0.43274602293968101 0.46625158919050491 0.37846759404328523 2.2715537017666096 0.35497550861601368 0.76286222298767725 0.70636331107016281 0.49879917502403259 15.31259755452265 1.0006198723167452 1.9084554344299238 2.8985115129116812 1.8850191103074396 5.3721327389175713 0.65883989036228729 4.6214786662258103 1.0118440777387148 0.5453808764796122 0.6710509382028248 0.25968268784163206 1.0053647373497367 3.4361547686548874 1.1456975698220047 0.89340377908229129 0.67274046099373741
leaf_count=27 30 22 31 56 12 2 27 213 680 175 193 250 1 2833 260 36 214 151 464 277 510 310 204 181 8 55 384 56 261 77
internal_value=0.00122173 0.000830753 0.00966309 0.0244759 -0.000652535 -0.000265769 -0.000709585 -0.00020266 0.000198803 -0.00438621 0.00262926 -0.0388977 -0.00466136 0.00557774 0.00356857 -0.00330328 0.0129829 0.00576299 0.0136006 -0.00818579 0.00140524 -0.0242703 0.00767185 0.00619614 0.0188372 -0.00546791 0.000890858 -0.00757627 -0.0222275 0.00725842
internal_weight=59.1356 58.6656 8.43556 6.36267 50.2301 49.859 49.4263 48.96 48.5816 20.5799 17.1032 3.47672 1.20516 16.3403 28.0017 16.1865 11.8151 8.91661 7.91599 2.54386 14.2781 2.24525 1.23341 12.0328 5.77457 6.25827 5.58722 4.58185 1.15309 15.9853
internal_count=8000 7970 109 78 7861 7849 7847 7820 7607 4209 3278 931 251 3085 3398 2032 1366 1152 892 428 1996 541 231 1455 779 676 495 440 269 2910
is_linear=0
shrinkage=0.05


Tree=167
num_leaves=31
num_cat=0
split_feature=7 0 6 1 3 1 2 8 7 0 5 7 8 2 6 2 1 7 4 4 6 6 1 3 4 4 6 6 8 7
split_gain=0.484057 0.652104 0.288586 0.264664 0.57755 0.322537 0.291959 0.254559 0.374414 1.00723 0.849756 0.413712 1.12599 0.473768 0.694433 0.437313 0.936415 0.832167 0.663001 1.03118 0.928789 0.753537 0.743533 0.730883 0.588694 0.883155 0.535212 1.09019 0.630682 0.516471
threshold=8982.2450000000008 1.0000000180025095e-35 9.7500000000000018 296.85000000000008 2267.5000000000005 297.05000000000007 307.85000000000008 12337.600000000002 8194.1750000000011 1.0000000180025095e-35 181.50000000000003 7696.4300000000012 10823.600000000002 311.25000000000006 8.5500000000000025 310.95000000000005 302.05000000000007 5440.5250000000005 35.95000000000001 33.050000000000004 8.2500000000000018 8.5500000000000025 300.15000000000003 2089.5000000000005 38.850000000000001 38.95000000000001 9.3500000000000032 9.2500000000000018 11112.650000000001 3534.8850000000007
decision_type=2 2 2 2 2 2 2 2 2 2 2 2 2 2 2 2 2 2 2 2 2 2 2 2 2 2 2 2 2 2
left_child=3 2 -2 4 -1 6 -5 8 11 10 -10 15 13 14 -13 16 29 -18 19 22 -20 -21 -17 -24 -22 -26 27 -27 -28 -7
right_child=1 -3 -4 5 -6 7 -8 -9 9 -11 -12 12 -14 -15 -16 18 17 -19 20 21 24 -23 23 -25 25 26 28 -29 -30 -31
leaf_value=-0.055495777274177018 0.023788017986279011 0.050189940135472504 -0.0108664087041882 0.044988987246079866 0.050226863275868519 0.023344599456185885 -0.01839118445197414 0.050042200740539569 -0.026859844299176722 -0.04343220139899176 0.048300047781438871 0.03442348433890393 0.042039870364681153 0.01678919945638534 -0.058971144441111803 0.030810442996851525 -0.044747114670806318 0.034746716650530168 0.028078491269804186 -0.054695584719821645 -0.056372239068808096 0.043258040524279388 -0.05501547179130295 -0.0039574292415420435 0.036892882666653838 -0.034637012742281918 -0.054591023290132129 0.039280701511338972 0.033506789986062373 -0.0023653385763106648
leaf_weight=0.54178603762193134 1.0732675287872551 1.1409504888579247 1.3645593104884026 0.72257729518605529 0.16962338797748089 2.1060121152550009 0.24273937541147461 0.25178095698356528 0.71326426495943385 1.6906114106532184 0.79547229642048478 0.26979305059648984 2.033236589981243 0.80204700605827373 0.75888168769051845 0.82385071775570251 0.36680463496304527 3.2128079019930738 0.92125177740672359 0.22004405781626735 1.25060240399398 1.8224243294735059 1.1107577318998667 1.8995520637281513 0.63864782857854141 1.4451932762112849 1.8052724386952834 0.76174607325083332 0.22891132906079281 26.949991764381593
leaf_count=259 21 20 19 42 2 16 59 19 125 80 13 20 24 85 279 39 67 173 58 26 222 175 489 38 8 296 567 80 3 4676
internal_value=0.00117806 0.0189918 0.00439041 9.5021e-06 -0.030288 0.000409804 0.0290514 -0.000113054 -0.000353009 -0.0169296 0.0127678 0.000719958 0.0164282 -0.0120167 -0.0344763 -0.000612149 0.0024709 0.0266009 -0.00839488 0.00400843 -0.0187315 0.0327051 -0.0112783 -0.0227971 -0.0257659 -0.017922 -0.0261763 -0.00912361 -0.0446772 -0.000501853
internal_weight=58.1345 3.57878 2.43783 54.5557 0.711409 53.8443 0.965317 52.879 52.6272 3.19935 1.50874 49.4278 3.86396 1.83072 1.02867 45.5639 32.6356 3.57961 12.9283 5.87663 7.05163 2.04247 3.83416 3.01031 6.13037 4.87977 4.24112 2.20694 2.03418 29.056
internal_count=8000 60 40 7940 261 7679 101 7578 7559 218 138 7341 408 384 299 6933 4932 240 2001 767 1234 201 566 527 1176 954 946 376 570 4692
is_linear=0
shrinkage=0.05


Tree=168
num_leaves=31
num_cat=0
split_feature=7 5 8 7 1 3 1 2 1 5 7 3 0 3 1 2 5 8 5 8 5 6 5 2 7 7 7 4 7 2
split_gain=0.446712 0.526913 0.250962 0.334529 0.267187 0.564249 0.29894 0.275796 0.259358 1.66817 0.761367 0.844121 0.764506 0.666429 0.47115 0.887112 0.688948 0.938393 0.665413 1.33949 0.518565 0.493671 0.611054 0.469151 0.415513 0.318955 0.531621 0.646166 0.988649 0.547202
threshold=8982.2450000000008 70.500000000000014 12337.600000000002 8804.7900000000027 296.85000000000008 2267.5000000000005 297.05000000000007 307.85000000000008 298.45000000000005 216.50000000000003 4925.3900000000003 1326.5000000000002 1.5000000000000002 1305.5000000000002 299.65000000000003 309.65000000000003 202.50000000000003 2356.1000000000004 180.50000000000003 5150.4000000000005 39.500000000000007 11.15 208.50000000000003 309.95000000000005 8554.2200000000012 7083.5950000000003 7022.0800000000008 47.750000000000007 6830.4850000000015 310.35000000000008
decision_type=2 2 2 2 2 2 2 2 2 2 2 2 2 2 2 2 2 2 2 2 2 2 2 2 2 2 2 2 2 2
left_child=2 -2 3 4 5 -1 7 -6 9 10 12 13 -8 -12 16 18 17 20 19 -16 -10 22 -18 -17 -19 26 27 28 29 -25
right_child=1 -3 -4 -5 6 -7 8 -9 14 -11 11 -13 -14 -15 15 23 21 24 -20 -21 -22 -23 -24 25 -26 -27 -28 -29 -30 -31
leaf_value=-0.057055389850084508 0.050129533884640975 0.0065841289273181492 0.050039239501609573 -0.051775435629305561 0.04445737245365286 0.050215762462786875 0.025046692584728095 -0.017563866941460858 -0.052293430141417518 0.020581851321881773 -0.055020333439173931 -0.056694434135310202 -0.076617395461862081 0.04723800044457193 -0.062487880220754438 0.022169192790204365 0.043846419768623399 -0.045152653125280023 -0.050931222069448959 0.045404425947004529 0.03750926246042207 -0.00078870537728405762 0.0072562946029892678 -0.026791689874336101 0.040716448923854703 0.0070559714714285753 -0.051265754775584961 0.040701361880385679 -0.062625909942739116 0.00056779661559395263
leaf_weight=0.50991189312935503 0.95392345823347513 2.5563848819583654 0.24949093442410131 0.31286624273343377 0.69535122136585314 0.16138553433120251 0.94104988428079994 0.2414973679187824 0.19146015687965556 2.839514663326554 0.26241184487116731 2.3277291272397633 0.23014531284206896 0.40559810747890879 0.50258867368756843 2.4210720405499151 2.7636642949655652 1.3528469416269215 1.5060431723723011 0.67273740893688228 1.0023760682852296 2.0241466703591868 1.943359612370841 2.051360430283256 0.15725646406644944 9.187973284193502 0.58133270471716869 0.82024030623415356 0.7074600656687825 16.751611275076357
leaf_count=258 21 39 20 25 42 2 151 59 264 21 42 1506 17 28 285 239 19 861 83 99 178 33 38 262 10 787 69 66 152 2324
internal_value=0.00113573 0.0184176 8.43829e-06 -0.000224591 7.82795e-05 -0.0312665 0.000478457 0.0284698 -2.93197e-05 -0.00897289 -0.0291127 -0.0424762 0.00506923 0.00706824 0.00137449 -0.00128493 0.0112968 -0.0100207 -0.0289274 -0.00073209 0.0231073 0.0198601 0.0287397 0.000994202 -0.0362106 -0.000708995 -0.00412064 -0.00277258 -0.00460027 -0.00241706
internal_weight=57.3248 3.51031 53.8145 53.565 53.2521 0.671297 52.5808 0.936849 51.644 7.00645 4.16693 2.99574 1.1712 0.66801 44.6375 35.2024 9.43511 2.70394 2.68137 1.17533 1.19384 6.73117 4.70702 32.5211 1.5101 30.1 20.912 20.3307 19.5104 18.803
internal_count=8000 60 7940 7920 7895 260 7635 101 7534 1765 1744 1576 168 70 5769 4366 1403 1313 467 384 442 90 57 3899 871 3660 2873 2804 2738 2586
is_linear=0
shrinkage=0.05


Tree=169
num_leaves=31
num_cat=0
split_feature=4 8 0 5 5 5 5 5 6 3 4 2 3 6 5 5 4 3 4 0 6 3 5 5 5 6 1 1 8 2
split_gain=0.419441 0.268157 2.90492 0.373094 0.427985 0.826116 0.299905 0.526016 0.334503 0.630348 0.629915 0.252969 0.252538 0.738674 0.701515 0.937793 0.455664 0.461644 0.451369 0.407614 0.465842 0.391877 0.716132 0.534101 1.07267 0.486266 1.08782 0.45365 1.37893 1.13254
threshold=67.100000000000009 11112.650000000001 1.0000000180025095e-35 234.50000000000003 231.50000000000003 228.50000000000003 224.50000000000003 222.50000000000003 8.3500000000000032 1380.5000000000002 44.850000000000001 309.85000000000008 1362.5000000000002 8.5500000000000025 188.50000000000003 42.500000000000007 62.350000000000001 1364.5000000000002 53.550000000000004 1.0000000180025095e-35 8.6500000000000004 1376.5000000000002 200.50000000000003 213.50000000000003 210.50000000000003 10.450000000000001 301.85000000000008 298.35000000000008 7383.9000000000005 307.85000000000008
decision_type=2 2 2 2 2 2 2 2 2 2 2 2 2 2 2 2 2 2 2 2 2 2 2 2 2 2 2 2 2 2
left_child=1 3 -3 4 5 6 7 8 9 -1 -11 -12 13 -10 15 -15 17 -14 -16 -17 -21 22 -19 24 27 26 -25 28 29 -23
right_child=-2 2 -4 -5 -6 -7 -8 -9 12 10 11 -13 16 14 18 19 -18 21 -20 20 -22 23 -24 25 -26 -27 -28 -29 -30 -31
leaf_value=0.050040237900021836 0.036216572367500359 0.050107282710101342 -0.036613018268793707 -0.052417059002082982 0.02789221945869428 -0.057360604428004149 0.014527508379230053 -0.054451659566170686 0.050043399037726422 0.020132911808880313 0.0072296393433928935 -0.053249438422354446 0.04059859694359029 0.012797172838475066 -0.016469359102561459 -0.062977161305809506 0.047719302019507359 0.0010137513038504275 0.026909444471797019 0.050331548986709863 -0.040589444427806515 0.036928474883736871 -0.065194423183730074 -0.034712116277593276 -0.044608807709568044 0.023333251577619202 0.019180564440275282 0.0014211393403143317 -0.058332857439491542 -0.038357662492700326
leaf_weight=0.91631046310067121 0.83732647728174825 2.2644072356633838 1.6837112586945293 0.34235665341839094 1.3350919316289935 0.637188162188976 3.287863550707697 0.45745325880125065 0.45490322448313136 1.5100873063183828 0.2503572329878806 0.55885321270034183 0.66002988340915081 0.86398602067401986 1.2612455188245806 1.5498236314997487 0.48983727395534415 1.0424027301960439 1.1432462199081781 0.18663474917411793 0.57465637744371634 1.2572073705023354 0.67153678437171027 1.5168446993920945 1.5234660814749066 3.9571228348650038 2.4466798668727279 20.769101871151179 1.3168857077162099 0.82886610747209477
leaf_count=43 33 55 24 12 10 9 18 16 19 240 5 57 35 146 33 268 8 172 15 1 196 381 14 44 48 44 16 4700 176 1162
internal_value=0.00109115 0.000563665 0.0131246 -0.000393527 -4.74727e-05 -0.000791541 -6.32885e-05 -0.00110149 -0.00056804 0.0149296 0.001058 -0.0345381 -0.0017475 -0.0112223 -0.0162173 -0.0316457 -0.000180179 -0.000832106 0.00415565 -0.0482602 -0.0182997 -0.00160611 -0.0249272 -0.000417067 -0.00391619 0.0109345 -0.00144422 -0.0013515 -0.0182736 0.0070148
internal_weight=56.5955 55.7582 3.94812 51.81 51.4677 50.1326 49.4954 46.2075 45.7501 3.23561 2.3193 0.80921 42.5145 6.0345 5.57959 3.1751 36.48 35.9901 2.40449 2.31111 0.761291 35.3301 1.71394 33.6162 25.6955 7.92065 3.96352 24.1721 3.40296 2.08607
internal_count=8000 7967 79 7888 7876 7866 7857 7839 7823 345 302 62 7478 678 659 611 6800 6792 48 465 197 6757 186 6571 6467 104 60 6419 1719 1543
is_linear=0
shrinkage=0.05


Tree=170
num_leaves=31
num_cat=0
split_feature=7 6 3 1 3 5 6 1 2 3 3 7 0 3 8 6 3 1 8 8 7 4 2 8 2 2 1 4 8 4
split_gain=0.420649 0.619225 0.249596 0.259572 0.44047 0.311576 0.807555 0.794031 0.757891 0.670277 0.845352 0.593254 0.505906 0.539835 0.699155 0.43452 1.59973 0.896738 0.656028 1.2828 0.619653 0.765805 1.86024 0.683296 0.636903 0.49294 0.433838 1.03672 0.82136 1.1953
threshold=8982.2450000000008 9.4500000000000011 2651.0000000000005 296.85000000000008 2267.5000000000005 202.50000000000003 11.350000000000003 303.85000000000008 309.15000000000003 2471.5000000000005 2182.5000000000005 7617.3650000000007 1.0000000180025095e-35 2471.5000000000005 11112.650000000001 8.5500000000000025 1380.5000000000002 303.55000000000007 10823.600000000002 7772.3000000000011 7716.3650000000007 47.650000000000013 309.95000000000005 7719.8500000000013 309.45000000000005 310.65000000000003 300.05000000000007 48.250000000000007 6604.0500000000011 19.950000000000003
decision_type=2 2 2 2 2 2 2 2 2 2 2 2 2 2 2 2 2 2 2 2 2 2 2 2 2 2 2 2 2 2
left_child=2 -2 3 4 -1 6 7 8 12 10 15 26 13 14 -5 16 -10 -18 19 20 21 22 -17 -24 -22 -23 -7 28 29 -28
right_child=1 -3 -4 5 -6 11 -8 -9 9 -11 -12 -13 -14 -15 -16 18 17 -19 -20 -21 24 25 23 -25 -26 -27 27 -29 -30 -31
leaf_value=-0.054363474582241257 0.050159609599896085 0.0039001342155963363 0.033522831567151232 -0.05081763060294673 0.050224501877286637 0.008368106519312718 -0.054149247242197988 -0.06181216394798951 0.050050489769585177 0.033207211199312095 -0.082440028086992634 0.030329558908284072 -0.057170378392595193 0.050287355650080003 0.050104854669284299 0.018118671075207933 -0.051599380581440583 0.044691117324205901 0.025469829063091753 -0.054749766013992951 0.045363200898892758 -0.050470697126950383 -0.0550286351806503 0.048829441109568071 -0.056847236074151458 0.028378942447076269 0.02310630997933635 -0.044744856522051145 0.0046686946813125811 -0.053957091710591099
leaf_weight=0.48678538155081597 1.0434275800362223 2.3587437476962805 0.54765718057751556 0.71933438450833909 0.12691435217857361 12.593695050658431 0.79890691791751933 0.55443117061258718 1.6738381572067731 1.6091453731060035 0.31018332741223353 1.8796114412834857 0.91507643653949333 0.29958860576152802 0.22537446767091751 2.6481248965628748 0.88458794779035066 0.33274047846862231 1.6929145250469435 1.2885992602823524 0.18680582476372343 0.21299517641455201 1.8083859820026189 0.17356845476751903 0.82784620225538674 2.8562749377169894 0.7585475705564052 1.422571081900968 13.100261775893157 1.4946085369447244
leaf_count=259 21 39 15 1190 1 198 595 154 71 8 33 41 807 2 4 772 383 22 18 354 19 198 2134 9 193 203 5 31 173 48
internal_value=0.00105042 0.0180877 -5.51365e-05 -0.000409581 -0.0327345 -2.2639e-05 -0.00489266 -0.00284521 -0.00109368 0.00255049 -0.000761025 0.00309716 -0.0289493 -0.00819498 -0.0267411 0.000975865 0.0183327 -0.0252797 -0.00331479 -0.00818651 -0.00130088 0.00353936 -0.00929946 -0.0459333 -0.0380294 0.0229071 0.00135433 -0.00391089 -0.000127423 -0.0280129
internal_weight=55.8315 3.40217 52.4294 51.8817 0.6137 51.268 20.0187 19.2198 18.6654 16.506 14.8969 31.2493 2.15937 1.2443 0.944709 14.5867 2.89117 1.21733 11.6955 10.0026 8.714 7.69935 4.63008 1.98195 1.01465 3.06927 29.3697 16.776 15.3534 2.25316
internal_count=8000 60 7940 7925 260 7665 7169 6574 6420 4417 4409 496 2003 1196 1194 4376 476 405 3900 3882 3528 3316 2915 2143 212 401 455 257 226 53
is_linear=0
shrinkage=0.05


Tree=171
num_leaves=31
num_cat=0
split_feature=4 8 0 8 7 6 3 4 3 6 6 7 7 8 7 8 3 4 7 6 7 7 7 7 5 7 7 4 3 3
split_gain=0.405399 0.250524 2.07149 0.885785 0.379128 0.831015 0.980987 0.735208 0.600713 0.496102 1.02143 0.460556 0.456573 0.391374 0.545678 0.490459 0.371269 0.350783 1.2965 0.856889 0.723126 0.609335 0.559878 1.18005 0.490119 0.342694 0.441057 0.367911 0.77066 0.609685
threshold=65.000000000000014 10823.600000000002 1.0000000180025095e-35 11112.650000000001 7319.5300000000007 8.5500000000000025 1362.5000000000002 53.850000000000001 1326.5000000000002 9.5500000000000025 10.050000000000002 8982.2450000000008 7297.0950000000012 10129.500000000002 7120.1350000000011 9826.3000000000011 1384.5000000000002 47.250000000000007 6830.4850000000015 9.0500000000000025 6805.5350000000008 6758.5500000000011 6660.3400000000011 6403.5300000000007 100.50000000000001 6390.2850000000008 6297.9800000000005 40.850000000000001 1445.5000000000002 1507.5000000000002
decision_type=2 2 2 2 2 2 2 2 2 2 2 2 2 2 2 2 2 2 2 2 2 2 2 2 2 2 2 2 2 2
left_child=1 4 3 -3 8 16 -7 -8 -1 -9 -11 -12 13 14 15 17 -6 18 20 -19 21 22 23 25 -24 26 27 29 -29 -10
right_child=-2 2 -4 -5 5 6 7 9 12 10 11 -13 -14 -15 -16 -17 -18 19 -20 -21 -22 -23 24 -25 -26 -27 -28 28 -30 -31
leaf_value=0.041139901768748842 0.027340015747732344 0.0088719382578899397 -0.037719234162730653 0.050103182571814786 0.050041670152037844 -0.051489850603996148 -0.051145098721138239 0.033560588102054326 -0.018343563596218644 -0.064708234540999096 -0.05034201456479595 0.050202160012336156 0.041027410137506715 0.028328830584078386 -0.042813534463058654 -0.053537486851644327 -0.012789022928124586 0.035714137597463343 -0.058023552291262909 -0.051532022938177026 0.03856727729997933 -0.061576097587644901 -0.041103634334426181 -0.047158050884389069 0.034104948215663115 0.035726205510253843 -0.041828908777868032 -0.02613761239694562 0.050126042663304685 0.0022164363363234847
leaf_weight=0.89527632534145496 1.4239423759281624 3.6184826195240012 1.8119087271625174 2.0352966273203492 0.66030686069279798 1.7631502761569207 0.65171737232685734 1.084897036686016 4.337950569326515 0.53276499252387999 0.14583967762882821 0.5199961606413126 0.65780971325511828 1.1064894988667209 0.79548073835121513 0.43823282950324838 0.36513034476229222 1.5990706199954718 0.9851291382801709 0.34154103475520958 1.1831104610537284 0.41298795051625248 0.24659255245023759 1.3902133951687563 1.7824761745723661 0.656446497196156 0.64067893467017611 0.50014350570563582 0.98100599056488136 21.363519475409703
leaf_count=107 55 22 30 48 31 354 555 67 663 34 82 7 30 18 360 15 51 42 413 201 52 105 119 700 136 31 247 159 18 3248
internal_value=0.00100936 0.000308594 0.00880481 0.0237147 -0.00106919 -0.013111 -0.0220115 -0.00430414 0.00064051 0.00906441 -0.013108 0.0281797 -0.000279307 -0.000980318 -0.00184157 -0.000957332 0.0276694 -0.000324663 -0.00148878 0.0203591 0.000173967 -0.00123181 -0.00045055 -0.00217702 0.0249649 1.86884e-05 -0.000823774 0.000142694 0.0243739 -0.00125373
internal_weight=54.9276 53.5036 7.46569 5.65378 46.038 5.7238 4.69837 2.93522 40.3142 2.2835 1.1986 0.665836 39.4189 38.7611 37.6546 36.8591 1.02544 36.4209 34.4803 1.94061 33.4951 32.312 31.899 29.87 2.02907 28.4797 27.8233 27.1826 1.48115 25.7015
internal_count=8000 7945 100 70 7845 1181 1099 745 6664 190 123 89 6557 6527 6509 6149 82 6134 5891 243 5478 5426 5321 5066 255 4366 4335 4088 177 3911
is_linear=0
shrinkage=0.05


Tree=172
num_leaves=31
num_cat=0
split_feature=7 6 8 7 1 3 1 1 1 2 5 8 5 5 3 2 8 2 2 5 4 1 4 3 2 7 7 5 2 8
split_gain=0.390847 0.577477 0.233732 0.296057 0.230641 0.491464 0.257893 0.227695 0.795369 0.30048 0.572427 0.59232 0.682333 0.434343 0.461396 0.341931 0.662454 0.617512 0.475426 0.940361 0.662263 0.65878 1.13769 0.650379 0.646026 0.975038 0.572698 0.570145 0.520069 0.685947
threshold=8982.2450000000008 9.4500000000000011 12337.600000000002 8804.7900000000027 296.85000000000008 2267.5000000000005 296.95000000000005 304.35000000000008 303.95000000000005 313.05000000000007 5.5000000000000009 985.70000000000016 33.500000000000007 19.500000000000004 1369.5000000000002 312.05000000000007 10823.600000000002 311.75000000000006 310.95000000000005 227.50000000000003 13.750000000000002 300.05000000000007 44.150000000000013 1440.5000000000002 310.85000000000008 5440.5250000000005 8316.7850000000017 215.50000000000003 310.75000000000006 11112.650000000001
decision_type=2 2 2 2 2 2 2 2 2 2 2 2 2 2 2 2 2 2 2 2 2 2 2 2 2 2 2 2 2 2
left_child=2 -2 3 4 5 -1 -6 8 9 10 -8 13 -13 14 -12 17 -17 18 24 20 -20 27 -23 26 28 -26 -24 -22 -14 -30
right_child=1 -3 -4 -5 6 -7 7 -9 -10 -11 11 12 15 -15 -16 16 -18 -19 19 -21 21 22 23 -25 25 -27 -28 -29 29 -31
leaf_value=-0.056133600348296897 0.050148983399432717 0.0041037751727647362 0.050039967515935382 -0.051615974971726458 0.031011043650648051 0.050186030826696176 -0.051862488366862906 0.048994423324797587 -0.06355353540281862 0.036591852546630006 0.039277489511153535 -0.045153245902356906 0.00061596266729556728 0.045412249291713586 -0.044231834143939011 -0.05216229460818933 0.01294037015222127 0.018516534366732517 0.050530816500569953 0.028353699618110823 -0.053363648262748233 -0.059131202195713529 -0.037209937987334671 0.03617357714082399 -0.056554311775192483 0.038259153453851252 0.043899350941712614 0.050829912707097448 -0.057877330837150402 0.050084256492461225
leaf_weight=0.45732041250539524 0.9673934699967498 2.2995740417391062 0.23134621419012447 0.27986110514757356 0.67539477231184619 0.14258188381791115 0.52856809080867506 0.23506510793958924 0.49249457173027522 0.56401029101470967 0.31362051486757891 0.84650191543550946 28.562759255540648 1.2318572746080461 0.34998492568684014 0.86349858744961128 0.71372208744287491 4.5045753153390242 0.29645314812660117 1.1156595479696987 0.18404771287896426 2.1641462709958432 1.3960503740681818 0.60083612639209594 0.31074089795583804 2.1286567754978023 0.25782563854590979 0.45805421471595764 0.76344637434158258 0.18224882334470749
leaf_count=258 21 39 20 25 54 2 236 5 113 48 43 291 4157 252 421 432 6 242 1 6 80 605 206 84 42 124 13 1 169 4
internal_value=0.000974295 0.0177384 -0.000102722 -0.000331887 -4.67776e-05 -0.0308641 0.000324901 -9.7505e-05 -0.000333832 0.000310295 -0.000118044 0.000460867 -0.000683709 0.027845 -0.00476525 0.000162162 -0.0227021 0.00100227 -0.00105115 -0.0134076 -0.0221042 -0.0263589 -0.0332355 -0.00837986 0.00145243 0.0261814 -0.0245657 0.0209646 -0.000591859 -0.0370716
internal_weight=54.1183 3.26697 50.8513 50.62 50.3401 0.599902 49.7402 49.0648 48.8298 48.3373 47.7733 47.2447 45.3492 1.89546 0.663605 44.5027 1.57722 42.9255 38.4209 6.47307 5.35741 5.06096 4.41886 2.25471 31.9479 2.4394 1.65388 0.642102 29.5085 0.945695
internal_count=8000 60 7940 7920 7895 260 7635 7581 7576 7463 7415 7179 6463 716 464 6172 438 5734 5492 996 990 989 908 303 4496 166 219 81 4330 173
is_linear=0
shrinkage=0.05


Tree=173
num_leaves=31
num_cat=0
split_feature=7 8 0 8 6 5 5 5 8 2 4 3 3 2 8 8 5 7 1 5 5 7 4 5 7 0 6 2 1 8
split_gain=0.382414 0.257596 1.7847 0.885494 0.3556 0.341734 0.433586 0.7667 0.53317 0.254968 0.455211 0.379189 0.574934 0.310515 0.756624 1.05583 0.313573 0.278034 0.263182 0.807308 1.74787 0.576699 1.85813 0.470069 0.925058 0.965831 0.45205 1.28324 1.18688 1.12727
threshold=9263.0750000000025 10823.600000000002 1.0000000180025095e-35 11112.650000000001 11.550000000000002 234.50000000000003 231.50000000000003 228.50000000000003 10326.900000000003 307.85000000000008 36.150000000000013 1604.5000000000002 2267.5000000000005 308.15000000000003 7719.8500000000013 7677.1000000000013 67.500000000000014 8982.2450000000008 299.65000000000003 217.50000000000003 208.50000000000003 6054.1000000000013 23.350000000000005 202.50000000000003 8982.2450000000008 1.5000000000000002 9.6500000000000004 310.55000000000007 300.85000000000008 2268.9500000000003
decision_type=2 2 2 2 2 2 2 2 2 2 2 2 2 2 2 2 2 2 2 2 2 2 2 2 2 2 2 2 2 2
left_child=1 4 3 -3 5 6 7 8 9 10 11 -1 -13 14 15 16 -11 -12 19 20 21 22 -15 24 25 -23 -20 -28 29 -29
right_child=-2 2 -4 -5 -6 -7 -8 -9 -10 13 17 12 -14 18 -16 -17 -18 -19 26 -21 -22 23 -24 -25 -26 -27 27 28 -30 -31
leaf_value=0.047937318386940299 0.050026536864642007 0.0084592174557258978 -0.033427155307966916 0.050094555134863966 -0.051639957151515439 -0.052220133074021235 0.029154465785610057 -0.057107524239093981 -0.048855335206852507 0.034159971923256663 -0.054185815589096298 -0.053433785076897979 0.050167281303585665 0.027472539259535623 -0.066432245173519158 0.051047623958897385 -0.060865854223262961 0.050072045168956539 0.0017523123919884573 0.033847656570875406 -0.055386562598530788 -0.050584779240853285 -0.059097870141297706 0.036897384717624174 0.050184907386636196 0.034004680861644564 -0.063831066254554161 -0.047805084558540448 -0.051609341825341964 0.016610678311419477
leaf_weight=1.0245704765693506 0.39378822967409988 3.5666345953941336 1.8418064004508776 1.9892986854538319 0.34178585601603018 0.31650895439088245 1.2332583331153717 0.59856219263747235 0.55418059965631883 0.10551859552106069 0.29175745789552809 0.28032361149962515 0.256402887403965 1.4623149164399349 0.60064150183279696 0.57329469919204712 0.48977841506894038 0.081897247582674026 21.370140625432217 2.2590728590730569 1.2098974268883465 0.90394016531718102 1.0758658143286082 2.219423973467201 0.72629782557487477 0.53846282897757192 1.0498499692539542 0.80968573307109171 1.0772154579608466 4.2137878812682175
leaf_count=48 30 22 31 56 213 12 9 8 53 99 317 116 4 97 39 1 183 2 2935 21 40 1259 904 18 8 147 243 202 351 532
internal_value=0.000935748 0.000571432 0.00922682 0.0233667 -0.00083076 -0.000447599 -8.35047e-05 -0.000907256 -0.000128104 0.000505486 0.0182387 0.0301028 -0.00394189 -0.000337893 -0.0208242 0.00261773 -0.0440222 -0.0313347 0.000593476 0.00740424 6.20484e-05 0.00974789 -0.0092223 0.0207206 0.00416555 -0.0190067 -0.00188893 -0.0127712 -0.0039844 0.00622812
internal_weight=53.456 53.0622 7.39774 5.55593 45.6644 45.3227 45.0061 43.7729 43.1743 42.6201 1.93495 1.5613 0.536726 40.6852 1.76923 1.16859 0.595297 0.373655 38.916 10.3953 8.1362 6.92631 2.53818 4.38812 2.1687 1.4424 28.5207 7.15054 6.10069 5.02347
internal_count=8000 7970 109 78 7861 7648 7636 7627 7619 7566 487 168 120 7079 322 283 282 319 6757 2494 2473 2433 1001 1432 1414 1406 4263 1328 1085 734
is_linear=0
shrinkage=0.05


Tree=174
num_leaves=31
num_cat=0
split_feature=7 8 3 2 1 3 2 5 8 5 3 6 8 1 2 1 8 3 3 4 2 5 6 5 4 0 1 7 5 3
split_gain=0.364172 0.238888 0.216966 0.21515 0.496816 0.330355 0.277665 0.363037 0.59253 0.575312 0.437667 0.27406 0.500049 0.541059 0.566083 0.451189 0.406619 0.437692 0.377076 0.687762 0.378125 0.496949 0.376634 0.959644 1.27374 0.699947 1.09571 1.282 1.06355 1.40202
threshold=9263.0750000000025 12337.600000000002 2651.0000000000005 313.65000000000003 303.95000000000005 1289.5000000000002 313.05000000000007 5.5000000000000009 985.70000000000016 29.500000000000004 1337.5000000000002 11.050000000000002 1816.8000000000004 298.95000000000005 309.85000000000008 300.75000000000006 4775.3000000000002 1334.5000000000002 2267.5000000000005 44.350000000000001 308.55000000000007 211.50000000000003 9.6500000000000004 231.50000000000003 35.250000000000007 1.0000000180025095e-35 296.95000000000005 8982.2450000000008 216.50000000000003 1461.5000000000002
decision_type=2 2 2 2 2 2 2 2 2 2 2 2 2 2 2 2 2 2 2 2 2 2 2 2 2 2 2 2 2 2
left_child=1 2 3 4 6 -6 7 10 -9 -10 -1 22 -13 14 18 16 -15 -18 19 -14 -21 -22 -11 24 -24 28 -27 -28 29 -26
right_child=-2 -3 -4 -5 5 -7 -8 8 9 11 -12 12 13 15 -16 -17 17 -19 -20 20 21 -23 23 -25 25 26 27 -29 -30 -31
leaf_value=0.047783023203662872 0.050025241939284093 0.050038109444843104 0.032592196762399647 0.048918714812036142 0.050131930415029169 -0.062879276439000695 0.03566654543198982 0.029957068850490737 -0.047612990334034745 0.0018619346716327947 -0.062038378525521846 0.04500760738959543 -0.051352086672781849 -0.050428538478688216 -0.054562597793334583 -0.054638933303186671 -0.048017015585829617 0.022713184360096991 0.050448084152947506 0.042736684713312045 -0.052456899069963328 0.044953512414409598 -0.043869593598910427 0.050474469316283188 0.0037869956278653778 0.047212138963325503 -0.053923375671019028 0.050258823876382544 0.029805386945370188 -0.060519908108636548
leaf_weight=0.11355458955495024 0.37459240341558953 0.24271374987438221 0.51557903923094173 0.22374208830296893 0.07485853135585685 0.47495146609526273 0.54878186109635763 1.6353588048114023 0.6433366454566557 24.640865633597969 0.45117603885091739 0.82383775032212625 0.64056729120420541 0.21773139933429764 0.65506144870050764 0.23350579874204402 0.22946937192318717 4.6715014268520463 0.30166587626445096 0.55820088501422993 0.34524050274194451 0.21092123608104885 2.4570038469337279 0.65776942670345384 4.1789729817646712 0.4391975990702125 2.0285181697126977 0.34559243172407139 2.6104276210535318 1.0632145843574106
leaf_count=11 30 22 15 6 1 112 48 739 193 2783 233 138 389 238 164 72 16 250 2 67 137 4 725 3 526 47 578 3 25 423
internal_value=0.000901441 0.000549148 0.000318113 -5.14714e-06 -0.000218729 -0.0474924 0.00029391 -9.31451e-05 0.000360829 -0.000648511 -0.0399558 -9.86281e-06 0.00790261 0.00411181 -0.0140839 0.0133305 0.0164312 0.0194015 -0.00119077 -0.0100673 0.0136644 -0.0155145 -0.00184018 -0.00845983 -0.0114138 -0.00393732 -0.0253367 -0.0387579 0.00372932 -0.00925566
internal_weight=52.6079 52.2333 51.9906 51.475 51.2513 0.54981 50.7015 50.1527 49.588 47.9526 0.564731 47.3093 8.8877 8.06387 2.71166 5.35221 5.1187 4.90097 2.0566 1.75493 1.11436 0.556162 38.4216 13.7807 13.1229 10.6659 2.81331 2.37411 7.85262 5.24219
internal_count=8000 7970 7948 7933 7927 113 7814 7766 7522 6783 244 6590 1477 1339 763 576 504 266 599 597 208 141 5113 2330 2327 1602 628 581 974 949
is_linear=0
shrinkage=0.05


Tree=175
num_leaves=31
num_cat=0
split_feature=7 8 0 8 6 5 5 8 4 3 6 6 0 1 2 8 6 5 4 6 4 1 3 2 2 7 4 4 2 8
split_gain=0.346819 0.236472 1.62 0.860989 0.326354 0.326725 0.380149 0.409392 0.231646 0.976657 0.729149 0.657349 0.574769 0.969008 0.659472 0.606773 0.44244 0.714052 0.629171 0.485333 1.39248 0.919879 0.744136 0.731937 1.29724 0.967277 0.624429 1.16394 0.807558 0.763083
threshold=9263.0750000000025 10823.600000000002 1.0000000180025095e-35 11112.650000000001 11.550000000000002 234.50000000000003 233.50000000000003 10624.100000000002 23.650000000000002 1737.5000000000002 11.350000000000003 10.950000000000001 1.0000000180025095e-35 299.55000000000007 309.15000000000003 102.90000000000002 11.350000000000003 206.50000000000003 28.750000000000004 9.6500000000000004 35.250000000000007 300.85000000000008 1660.5000000000002 308.45000000000005 309.35000000000008 5526.3650000000007 35.850000000000001 37.650000000000013 308.45000000000005 9474.8000000000011
decision_type=2 2 2 2 2 2 2 2 2 2 2 2 2 2 2 2 2 2 2 2 2 2 2 2 2 2 2 2 2 2
left_child=1 4 3 -3 5 6 7 8 10 16 11 12 14 -14 -1 -16 18 -18 -10 22 -21 26 23 -20 -25 -26 -22 -28 -29 -30
right_child=-2 2 -4 -5 -6 -7 -8 -9 9 -11 -12 -13 13 -15 15 -17 17 -19 19 20 21 -23 -24 24 25 -27 27 28 29 -31
leaf_value=0.035772492629551608 0.050024010318183688 0.0080439233320973701 -0.032622779528239221 0.05008851336160336 -0.051487014688804324 -0.052138725425120436 0.050369044452818069 -0.052909267567370015 -0.052993709322013915 -0.053239592607793401 -0.065454697559661115 0.037182035546226774 -0.058000675662700285 0.04093749559515307 0.050359101667913179 -0.037487833412092338 -0.051040274470401541 0.033188751569900359 0.034321056574111435 -0.057734101714557451 0.037659198718476977 -0.05063055635220929 0.033549671375150317 -0.05140816580843325 -0.056019415424486962 0.004121544593880898 -0.058919479329398165 -0.026708308252350384 0.018381263575838688 -0.040155764134426675
leaf_weight=0.5246734309548623 0.35633186250924964 3.5160239040851584 1.7631049928022546 1.8627135599963365 0.31570657904467125 0.30384506448171933 0.36980711668729682 0.37001697622690599 0.58809945615030201 0.89396440241398423 0.31502361568527693 1.8733673419555996 0.29965334361259 1.4213746323694065 0.22201094303136404 1.7152275086218649 0.2912838498332343 1.8478923980146644 1.4987562264850627 1.3025272334352838 1.0723520658448222 0.92032007310263075 1.8983545535502333 1.2392840931552225 0.6977054517010427 16.012954519207597 0.83399266617015921 1.7303124789509636 5.2416060452515012 0.62289871369284799
leaf_count=56 30 22 31 56 213 12 2 27 221 406 17 58 39 94 5 146 365 12 190 678 74 226 169 313 218 2019 249 596 1388 68
internal_value=0.00086553 0.000525827 0.00897049 0.0226044 -0.000831812 -0.000469237 -0.000110829 -0.00054063 -9.06611e-05 -0.00161877 0.00870968 0.0125674 0.00154351 0.0237111 -0.013953 -0.0274204 -0.000329684 0.0217196 -0.001731 -0.000819405 -0.00899269 -0.00290075 0.00366944 0.000752885 -0.00204994 0.00161053 0.00172254 -0.00284948 0.0033076 0.0121637
internal_weight=51.9212 51.5649 7.14184 5.37874 44.423 44.1073 43.8035 43.4337 43.0636 36.6923 6.37133 6.05631 4.18294 1.72103 2.46191 1.93724 35.7983 2.13918 33.6592 33.0711 11.724 10.4215 21.3471 19.4487 17.9499 16.7107 9.50116 8.42881 7.59482 5.8645
internal_count=8000 7970 109 78 7861 7648 7636 7634 7607 7192 415 398 340 133 207 151 6786 377 6409 6188 3279 2601 2909 2740 2550 2237 2375 2301 2052 1456
is_linear=0
shrinkage=0.05


Tree=176
num_leaves=31
num_cat=0
split_feature=4 8 3 1 1 2 5 8 8 7 1 8 0 7 2 1 7 2 2 2 3 5 2 2 7 2 2 8 1 6
split_gain=0.349554 0.233355 0.204715 0.20497 0.691085 0.249462 0.385596 0.479978 0.867752 0.251714 0.38827 0.327522 2.17276 0.633563 0.585885 0.416655 0.862118 0.600774 0.620659 0.629852 1.11271 0.7544 0.71767 0.930711 0.876579 0.710312 0.741809 0.876905 1.37166 1.27676
threshold=67.100000000000009 12337.600000000002 2651.0000000000005 304.35000000000008 303.95000000000005 313.05000000000007 5.5000000000000009 1045.7500000000002 1209.7 3534.8850000000007 296.85000000000008 10823.600000000002 1.0000000180025095e-35 7460.2850000000008 312.05000000000007 302.55000000000007 5715.3000000000011 311.85000000000008 311.75000000000006 310.95000000000005 1689.5000000000002 215.50000000000003 310.85000000000008 310.75000000000006 5440.5250000000005 310.65000000000003 309.95000000000005 8646.9000000000015 300.75000000000006 9.5500000000000025
decision_type=2 2 2 2 2 2 2 2 2 2 2 2 2 2 2 2 2 2 2 2 2 2 2 2 2 2 2 2 2 2
left_child=1 2 3 4 5 6 -1 -8 -9 -10 -11 14 13 -13 15 17 -17 18 19 22 -21 -22 23 25 -24 26 -12 28 -28 -30
right_child=-2 -3 -4 -5 -6 -7 7 8 9 10 11 12 -14 -15 -16 16 -18 -19 -20 20 21 -23 24 -25 -26 -27 27 -29 29 -31
leaf_value=-0.043768406464656878 0.035275693738205341 0.05003763103849132 0.032024745759588462 0.048769875696829473 -0.061842528939572129 0.034485707738767392 0.025430489563584555 -0.063638217702970623 0.018177096607933221 -0.04734532863982318 0.0016436378104481984 0.0033156768930214667 -0.041600525894300439 0.040565152174266275 -0.041477737646265049 -0.05411607545495687 0.024144693405682906 -0.053134105859943305 0.026722911662748639 -0.038648319184671293 -0.052755071958336855 0.050643892236591638 -0.055858750605506859 -0.05724922832505791 0.03761083852094959 0.023186768803989025 -0.039593206701310363 -0.060140119904021697 -0.015070310059571025 0.05043736254541669
leaf_weight=0.50321753598382102 0.72621615836396713 0.23507388308644195 0.4972955584526052 0.21263037592143419 0.45383968839087074 0.52312027276639028 1.8176639617868193 0.54232555466478416 1.8250204697251309 0.44303854350482552 14.25877623967701 1.8312248401343811 1.5407863884465767 3.0309448894113302 0.92150824304917378 0.39685333234046938 3.1065664101261063 0.58378408023781858 1.7819140513747687 2.7969221517014371 0.23631510727500415 0.69582018256187439 0.28688637425147989 0.77839837706414883 1.9961473914845553 2.5585334042916648 2.3270069260488517 1.0687799108691249 1.8539225670119779 1.2422034288720167
leaf_count=244 33 22 15 5 113 48 799 181 10 220 2945 14 25 44 442 79 157 107 71 758 111 2 39 168 122 165 527 73 434 27
internal_value=0.000834027 0.000337228 0.000104082 -0.000215867 -0.000426708 0.000142735 -0.000228264 0.000228947 -0.000764639 -1.62424e-05 -0.00077541 -0.000298841 0.0101398 0.026536 -0.00211065 -0.00110208 0.0152796 -0.00286987 -0.00194949 -0.0036469 -0.0228809 0.0244302 -0.000927038 -0.00346644 0.0258654 -0.00167039 -0.00473525 -0.0187458 -0.0105879 0.0112122
internal_weight=51.0727 50.3465 50.1114 49.6142 49.4015 48.9477 48.4246 47.9213 46.1037 45.5614 43.7363 43.2933 6.40296 4.86217 36.8903 35.9688 3.50342 32.4654 31.8816 30.0997 3.72906 0.932135 26.3707 24.0876 2.28303 23.3092 20.7507 6.49191 5.42313 3.09613
internal_count=8000 7967 7945 7930 7925 7812 7764 7520 6721 6540 6530 6310 83 58 6227 5785 236 5549 5442 5371 871 113 4500 4339 161 4171 4006 1061 988 461
is_linear=0
shrinkage=0.05


Tree=177
num_leaves=31
num_cat=0
split_feature=7 6 8 7 0 5 6 8 5 5 1 7 1 7 5 4 3 7 4 4 0 2 4 4 7 7 5 5 1 4
split_gain=0.349221 0.252282 0.200906 0.262783 0.72422 0.803189 0.284891 0.282394 0.30212 0.366213 0.223232 0.207163 0.455479 0.322486 1.13674 0.857283 0.800778 0.358062 0.545277 0.535435 0.393625 0.577116 1.32814 1.71791 0.961165 1.08465 0.938761 1.34822 1.11584 1.27558
threshold=8982.2450000000008 9.8500000000000032 12337.600000000002 8194.1750000000011 1.0000000180025095e-35 181.50000000000003 8.7500000000000018 11112.650000000001 234.50000000000003 233.50000000000003 300.95000000000005 3534.8850000000007 296.85000000000008 4552.505000000001 217.50000000000003 23.650000000000002 1737.5000000000002 4898.0900000000011 29.150000000000002 30.250000000000004 1.5000000000000002 311.75000000000006 37.45000000000001 31.050000000000004 5982.1650000000009 5992.6900000000005 219.50000000000003 214.50000000000003 298.45000000000005 37.850000000000001
decision_type=2 2 2 2 2 2 2 2 2 2 2 2 2 2 2 2 2 2 2 2 2 2 2 2 2 2 2 2 2 2
left_child=2 -2 3 7 5 10 -6 8 9 11 -5 -1 -13 14 -14 -15 17 -17 -19 -20 21 22 23 -21 -25 -26 27 28 -24 -30
right_child=1 -3 -4 4 6 -7 -8 -9 -10 -11 -12 12 13 15 -16 16 -18 18 19 20 -22 -23 26 24 25 -27 -28 -29 29 -31
leaf_value=0.011268439963927807 0.032114187000450246 0.0033825567092352462 0.050037973699991717 -0.060583834246897228 -0.0023288747669869092 0.048352941111734105 -0.05409538034415029 0.021710040039802241 -0.051978393434468466 0.050364158499195656 -0.001302833360457309 -0.056300056478321342 -0.054599681015998353 0.047209075513952814 0.027270201921852224 -0.052586025598486956 -0.052692539823515176 0.023765471747689657 -0.053547812246678532 0.035486800117423591 0.016478164454863543 0.012610138641638414 -0.039553884569750737 -0.056901833960236348 0.050382608846003464 -0.053962094390019949 0.027385444225652419 -0.058167242938771818 0.049020163556301038 -0.00094930584581030602
leaf_weight=3.5001492816954842 1.4689396112225943 1.5921045606955884 0.19772458937950332 0.30366170809975235 0.35789830842986692 0.68779585312586278 1.032602593913907 1.5097153093665827 0.28088117018341918 0.35858317464589973 0.3329020487726666 0.37461277232114198 1.0573386541609568 0.94129619315935897 0.7078208029270171 0.32124740764811477 0.73750348065277549 2.337060437773288 0.48204817811892908 0.85162184643469174 3.0973838920281187 5.2962320137457928 1.610330769627583 2.9933784183576795 0.5135375143654527 0.4835726058754517 2.7508751779096192 1.0807868062984187 1.4357198059406062 11.562368970428905
leaf_count=32 32 28 20 85 6 15 75 33 12 2 44 253 371 40 4 124 385 172 170 120 604 689 941 1124 10 180 32 30 66 2301
internal_value=0.000804455 0.0171703 -0.000256991 -0.000468582 -0.0155685 0.010893 -0.0407713 0.000457127 -0.000292992 4.86475e-05 -0.0295818 -0.000379556 -0.00143482 -0.00089762 -0.0217702 0.00011193 -0.00113498 -4.28507e-05 0.000446478 -0.00124822 -0.000452316 -0.00228727 -0.00567614 -0.0289809 -0.0427391 -0.000221872 0.000443366 -0.00428054 -0.000293792 0.00457013
internal_weight=50.2577 3.06104 47.1966 46.9989 2.71486 1.32436 1.3905 44.2841 42.7743 42.4935 0.636564 42.1349 38.6347 38.2601 1.76516 36.495 35.5537 34.8162 34.4949 32.1579 31.6758 28.5784 23.2822 4.84211 3.99049 0.99711 18.4401 15.6892 14.6084 12.9981
internal_count=8000 60 7940 7920 225 144 81 7695 7662 7650 129 7648 7616 7363 375 6988 6948 6563 6439 6267 6097 5493 4804 1434 1314 190 3370 3338 3308 2367
is_linear=0
shrinkage=0.05


Tree=178
num_leaves=31
num_cat=0
split_feature=4 4 4 3 2 1 2 5 8 5 2 5 5 6 5 4 6 8 0 7 1 8 2 4 4 4 4 8 4 4
split_gain=0.324722 0.223442 0.409413 0.193718 0.192978 0.656299 0.239926 0.541718 0.380711 0.434049 0.373624 0.24387 0.63658 0.713465 0.472579 0.289998 0.278759 0.273871 1.65147 0.587687 0.662801 0.572516 0.501707 0.533854 0.927633 0.503302 0.554767 1.00777 0.600407 0.740168
threshold=65.000000000000014 63.050000000000004 62.350000000000001 2651.0000000000005 313.65000000000003 303.95000000000005 313.05000000000007 5.5000000000000009 985.70000000000016 28.500000000000004 310.35000000000008 41.500000000000007 76.500000000000014 8.5500000000000025 78.500000000000014 61.45000000000001 7.7500000000000009 10823.600000000002 1.0000000180025095e-35 6841.1400000000012 302.05000000000007 11112.650000000001 312.05000000000007 44.150000000000013 41.350000000000001 40.850000000000001 39.050000000000004 8935.4000000000033 38.850000000000001 37.95000000000001
decision_type=2 2 2 2 2 2 2 2 2 2 2 2 2 2 2 2 2 2 2 2 2 2 2 2 2 2 2 2 2 2
left_child=1 2 3 4 5 6 7 -1 10 -10 -9 -11 13 -13 -14 -15 -16 19 21 22 -21 -19 23 24 25 26 28 -28 29 -18
right_child=-2 -3 -4 -5 -6 -7 -8 8 9 11 -12 12 14 15 16 -17 17 18 -20 20 -22 -23 -24 -25 -26 -27 27 -29 -30 -31
leaf_value=-0.056132641604503576 0.026124509906096268 -0.027630835298919871 0.041221539695698223 0.031668868459127135 0.04865201868374 -0.061334928981531728 0.034247616366782307 -0.034256948174722322 -0.04486154094339255 0.021922526738453033 0.036927856289131887 0.031245083551183678 0.045020312884680308 -0.057542867703214623 -0.044667099181891885 0.042027400913984374 0.0012058032448724421 0.012664948906408451 -0.034115282382615512 -0.038112957207327797 0.00017127447835738356 0.050083368983906411 -0.052109619281458013 0.018028421011064794 -0.051347012004061166 0.034679457069326722 -0.054548086934611655 0.039190197333748067 0.037726032552398585 -0.053886089425196321
leaf_weight=0.43071140201209246 1.2315752892754961 0.714379181888943 0.61056122825539105 0.47832701727747817 0.20034374960232426 0.43950474707980802 0.50742703696232538 0.21830954812503378 0.54735153363981126 1.2263541356724079 1.1843459904357585 0.34065156813812691 0.58740558992212655 1.0991433334156679 0.34869463591894501 0.078338493476621696 18.515845987622949 3.1230386123061171 1.5909841003594918 2.1858333831578411 2.3416595438338845 1.5196760934777556 0.43647254476854769 4.3419209207750091 0.88235244540373869 1.0520032069525758 1.1027112707233744 0.38747672922909249 1.079002864222274 0.63042818267785961
leaf_count=242 55 22 24 15 6 112 48 430 171 391 305 70 65 1159 30 4 1921 20 29 1103 215 44 247 263 431 85 311 4 35 143
internal_value=0.000772229 0.000124461 0.000542004 1.21552e-05 -0.000314201 -0.000526551 5.75106e-05 -0.000325886 0.000210406 -0.000617872 0.0258486 -5.29817e-05 -0.000700134 -0.0324819 0.000502316 -0.0509184 -0.000159074 0.000236944 0.00984756 -0.00158094 -0.018312 0.0249129 0.00108366 0.0019131 -0.00104555 0.00090388 -0.000732374 -0.0301744 0.0014369 -0.000608204
internal_weight=49.4328 48.2013 47.4869 46.8763 46.398 46.1976 45.7581 45.2507 44.82 43.4173 1.40266 42.87 41.6436 1.51813 40.1255 1.17748 39.5381 39.1894 6.2337 32.9557 4.52749 4.64271 28.4282 27.9917 23.6498 22.7675 21.7155 1.49019 20.2253 19.1463
internal_count=8000 7945 7923 7899 7884 7878 7766 7718 7476 6741 735 6570 6179 1233 4946 1163 4881 4851 93 4758 1318 64 3440 3193 2930 2499 2414 315 2099 2064
is_linear=0
shrinkage=0.05


Tree=179
num_leaves=31
num_cat=0
split_feature=7 1 8 7 0 5 6 8 5 5 1 7 1 7 5 4 3 7 4 4 0 2 4 4 7 7 5 5 5 1
split_gain=0.332885 0.246959 0.192183 0.256554 0.65218 0.747707 0.263715 0.237648 0.283436 0.348007 0.214898 0.188715 0.431605 0.304888 1.07427 0.807558 0.760576 0.33981 0.496844 0.508239 0.365037 0.529378 1.26185 1.62176 0.906548 1.02896 0.889132 0.862281 1.26408 1.01859
threshold=8982.2450000000008 299.65000000000003 12337.600000000002 8194.1750000000011 1.0000000180025095e-35 181.50000000000003 8.7500000000000018 11112.650000000001 234.50000000000003 233.50000000000003 300.95000000000005 3534.8850000000007 296.85000000000008 4552.505000000001 217.50000000000003 23.650000000000002 1737.5000000000002 4898.0900000000011 29.150000000000002 30.250000000000004 1.5000000000000002 311.75000000000006 37.45000000000001 31.050000000000004 5982.1650000000009 5992.6900000000005 215.50000000000003 219.50000000000003 214.50000000000003 298.45000000000005
decision_type=2 2 2 2 2 2 2 2 2 2 2 2 2 2 2 2 2 2 2 2 2 2 2 2 2 2 2 2 2 2
left_child=2 -2 3 7 5 10 -6 8 9 11 -5 -1 -13 14 -14 -15 17 -17 -19 -20 21 22 23 -21 -25 -26 -23 28 29 -24
right_child=1 -3 -4 4 6 -7 -8 -9 -10 -11 -12 12 13 15 -16 16 -18 18 19 20 -22 26 27 24 25 -27 -28 -29 -30 -31
leaf_value=0.010837607435112542 0.03244526386835548 0.0036147818800240251 0.05003797608280619 -0.060250161756530099 -0.0031669479925037526 0.048174899834123236 -0.053773049564471022 0.020440817279053294 -0.051863796109676376 0.050345888616865356 -0.001413757462538256 -0.056125957508991367 -0.054405058758319115 0.046834935388649176 0.026283796417036098 -0.052470977731927604 -0.052571221428593468 0.022822350589187738 -0.053382962216909906 0.034526953570829043 0.015999889658200886 0.018594782446922042 -0.038437865520252579 -0.056622668163434246 0.050297404265925251 -0.053779778540530454 -0.054548161774503195 0.026708042548215873 -0.0576028334107659 0.0044395202783358559
leaf_weight=3.4344868939369908 1.3782438184134655 1.6110122315585611 0.18872600421309371 0.29167717615564404 0.35024979384615995 0.63394023757427931 0.9714802198795951 1.4295323975384224 0.26473629614338179 0.34091674536466499 0.33167087004403584 0.35694650603363598 1.0119629000291741 0.90129641483099376 0.69635454565286625 0.30621500644519883 0.7032953220377739 2.308934488642989 0.45996559784907987 0.83073726485691679 3.04516582660517 4.7302258081144819 1.5548838032150367 2.8617843766710398 0.48880125369032601 0.46188301192887593 0.45550086419098068 2.6657456668326622 1.0299533606739704 12.68468298602056
leaf_count=32 27 33 20 85 6 15 75 33 12 2 44 253 371 40 4 124 385 172 170 120 604 677 941 1124 10 180 12 32 30 2367
internal_value=0.000741487 0.0169075 -0.000313822 -0.000522201 -0.0158398 0.00994005 -0.0403628 0.000395993 -0.000292914 3.7422e-05 -0.0289445 -0.000381009 -0.00140699 -0.000881911 -0.0215142 0.000111254 -0.00110628 -3.80934e-05 0.000440065 -0.00121265 -0.000433776 -0.00223621 -0.00554499 -0.0287761 -0.0425699 -0.000267735 0.0121701 0.000469249 -0.00411151 -0.000242459
internal_weight=48.781 2.98926 45.7918 45.603 2.57902 1.25729 1.32173 43.024 41.5945 41.3297 0.623348 40.9888 37.5543 37.1974 1.70832 35.4891 34.5878 33.8845 33.5783 31.2693 30.8094 27.7642 22.5785 4.64321 3.81247 0.950684 5.18573 17.9353 15.2695 14.2396
internal_count=8000 60 7940 7920 225 144 81 7695 7662 7650 129 7648 7616 7363 375 6988 6948 6563 6439 6267 6097 5493 4804 1434 1314 190 689 3370 3338 3308
is_linear=0
shrinkage=0.05


Tree=180
num_leaves=31
num_cat=0
split_feature=7 8 1 2 0 5 5 5 6 0 7 0 6 7 7 8 4 2 3 4 5 7 2 8 8 2 6 3 2 3
split_gain=0.309059 0.196683 0.183768 0.872095 0.883017 0.926659 0.570493 0.949664 0.622435 0.555167 1.02222 1.0312 0.986993 0.932783 1.34367 0.535089 0.529919 0.880287 0.842381 0.458053 0.429311 0.897817 0.404366 0.315637 0.928112 0.274989 0.27124 0.493955 0.451957 0.862547
threshold=9263.0750000000025 12337.600000000002 299.65000000000003 309.65000000000003 1.0000000180025095e-35 181.50000000000003 226.50000000000003 219.50000000000003 9.1500000000000004 1.0000000180025095e-35 8982.2450000000008 1.5000000000000002 10.850000000000003 4925.3900000000003 5982.1650000000009 11112.650000000001 35.45000000000001 308.45000000000005 1456.5000000000002 65.850000000000009 202.50000000000003 8982.2450000000008 309.95000000000005 8716.6500000000015 4233.3000000000011 310.05000000000007 8.3500000000000032 1380.5000000000002 310.55000000000007 1380.5000000000002
decision_type=2 2 2 2 2 2 2 2 2 2 2 2 2 2 2 2 2 2 2 2 2 2 2 2 2 2 2 2 2 2
left_child=1 2 6 4 -4 -6 7 8 -1 13 11 -11 -13 -10 -15 16 -16 19 20 -18 21 -19 23 24 -5 -24 27 -27 29 -28
right_child=-2 -3 3 22 5 -7 -8 -9 9 10 -12 12 -14 14 15 -17 17 18 -20 -21 -22 -23 25 -25 -26 26 28 -29 -30 -31
leaf_value=0.049585852872885729 0.050021950074732029 0.050034298782328346 -0.057374092157467721 0.035938531281673951 0.03426332096967015 -0.053489770574659569 -0.035697748815219858 0.033445438005603477 0.03505349593984769 -0.052135884228204067 0.050214007002770567 -0.059920737342420011 0.03460719796276595 -0.057509723453557482 0.050597282079286404 0.050078396815712946 -0.058686511617000892 -0.051213132872555134 -0.055913173830823719 0.050095816145893549 0.035699780065223785 0.050193871973122653 -0.047423341567439256 0.043421670671114375 -0.049087527817107332 0.050036003034143253 0.030685507777392807 0.0013287545507825536 3.2645754169252639e-05 -0.037755655124288058
leaf_weight=0.62190608932723535 0.31564196618273754 0.19862245116382737 1.3700071170578696 0.90015947816209807 0.7817220069846369 0.48904469009266904 0.83231826336123127 2.7379312427947307 2.0137058446543943 1.8588817641284554 0.47819760441780079 0.39685865482715599 0.90783057898443076 0.98962963075973664 0.46402934904835991 0.61232075840234745 0.87764045042422401 0.51157514279930261 0.43563983762032865 0.10876170173287392 1.5285331695340572 0.38069746643304825 0.31863326336315623 0.91256330464966584 0.49879219711874612 0.71402235049754681 0.59753173449826436 1.9207600733152501 21.235882851258793 2.0051770780937659
leaf_count=18 30 22 274 94 160 35 19 28 193 1025 6 179 181 631 11 15 468 406 356 2 10 4 77 26 123 38 79 265 2811 414
internal_value=0.000708997 0.000382678 0.000175062 -0.00201598 -0.0295282 0.000492225 0.00458933 0.00683614 0.000857703 -0.0017628 -0.0179212 -0.0282203 0.00585381 0.00566476 -0.00435081 0.00634354 0.000125632 -0.00596889 0.00809384 -0.0466921 0.0196123 -0.00794677 0.000480402 0.0205454 0.00562273 -0.00125073 -0.000694997 0.0145284 -0.00237757 -0.0220429
internal_weight=48.015 47.6994 47.5008 31.7443 2.64077 1.27077 15.7565 14.9241 12.1862 11.5643 3.64177 3.16357 1.30469 7.92253 5.90883 4.9192 4.30688 3.84285 2.85645 0.986402 2.42081 0.892273 29.1035 2.31151 1.39895 26.792 26.4734 2.63478 23.8386 2.60271
internal_count=8000 7970 7948 4396 469 195 3552 3533 3505 3487 1391 1385 360 2096 1903 1272 1257 1246 776 470 420 410 3927 243 217 3684 3607 303 3304 493
is_linear=0
shrinkage=0.05


Tree=181
num_leaves=31
num_cat=0
split_feature=7 8 3 1 1 3 2 5 8 5 3 6 8 1 2 3 8 3 4 2 5 6 5 4 4 0 1 1 8 7
split_gain=0.294207 0.187163 0.183528 0.177974 0.412547 0.284422 0.212926 0.286811 0.46802 0.485912 0.381207 0.240576 0.421675 0.407409 0.496441 0.385102 0.345091 0.29857 0.581729 0.337783 0.40249 0.270791 0.79695 0.964812 0.663431 0.793815 0.930325 0.823145 0.677663 0.953255
threshold=9263.0750000000025 12337.600000000002 2651.0000000000005 304.35000000000008 303.95000000000005 1289.5000000000002 313.05000000000007 5.5000000000000009 985.70000000000016 29.500000000000004 1337.5000000000002 11.050000000000002 1816.8000000000004 298.95000000000005 309.85000000000008 1334.5000000000002 4775.3000000000002 2267.5000000000005 44.350000000000001 308.55000000000007 211.50000000000003 9.6500000000000004 231.50000000000003 35.250000000000007 60.850000000000001 1.0000000180025095e-35 297.35000000000008 297.25000000000006 8232.5500000000011 5982.1650000000009
decision_type=2 2 2 2 2 2 2 2 2 2 2 2 2 2 2 2 2 2 2 2 2 2 2 2 2 2 2 2 2 2
left_child=1 2 3 4 6 -6 7 10 -9 -10 -1 21 -13 14 17 -15 -17 18 -14 -20 -21 -11 23 -23 25 27 -27 -25 29 -29
right_child=-2 -3 -4 -5 5 -7 -8 8 9 11 -12 12 13 15 -16 16 -18 -19 19 20 -22 22 -24 24 -26 26 -28 28 -30 -31
leaf_value=0.047747779303143771 0.050020878704465102 0.050032625698647304 0.031742286007717536 0.048423683255911017 0.050117638291648808 -0.06085178794090116 0.033154764492175241 0.02764000980302013 -0.045165941271641079 0.0013467364245164947 -0.060177518734187363 0.044631627370648061 -0.051052962736524758 -0.047876980891174231 -0.053902371455443271 -0.050387856319854374 0.018960424871276547 0.050340296588432122 0.043060716587264708 -0.052098682061020286 0.044471994728487896 -0.040634799796308872 0.050402328296978063 -0.050828411812323129 -0.041035864136526573 0.022266914844429851 -0.044538342459097741 -0.06355688335521377 0.030214993181596983 0.014294993218547283
leaf_weight=0.10311465623226368 0.30025419080629845 0.18894167873076995 0.45574268698692222 0.18786836488288727 0.066786393523215248 0.42641407450992119 0.48351747115884691 1.5036573578599917 0.60676085176692041 22.715164842650665 0.39617163591628923 0.70930975183455203 0.5195597275214825 0.24897250795766002 0.56235011631906662 0.18730667919407995 4.2453579297070974 0.25313722540158767 0.500438293800471 0.29045216160739074 0.17166507593356073 2.1871672607176125 0.55877090990543443 0.49492162431715581 1.0577652015199408 0.76517843050805856 1.6340132942623311 0.53576567922209539 3.3829810262104729 1.4776210706149866
leaf_count=11 30 22 15 5 1 113 48 739 193 2783 233 138 389 25 164 268 283 2 67 137 4 725 3 122 34 70 546 100 131 599
internal_value=0.000684549 0.000368811 0.000167998 -0.000142982 -0.00034097 -0.0458249 0.000151071 -0.000202702 0.000219101 -0.000737447 -0.0378883 -0.000103122 0.00790145 0.00416851 -0.0130757 0.0126314 0.01603 0.000155185 -0.00841616 0.014598 -0.0162251 -0.00187114 -0.00791492 -0.0107398 -0.00374538 0.00101244 -0.023232 0.0108858 0.0165459 -0.00642153
internal_weight=47.2171 46.9169 46.7279 46.2722 46.0843 0.4932 45.5911 45.1076 44.6083 43.1047 0.499286 42.4979 7.68855 6.97924 2.2976 4.68164 4.43266 1.73525 1.48212 0.962556 0.462117 34.8093 12.0942 11.5354 9.34825 8.29048 2.39919 5.89129 5.39637 2.01339
internal_count=8000 7970 7948 7933 7928 114 7814 7766 7522 6783 244 6590 1477 1339 763 576 551 599 597 208 141 5113 2330 2327 1602 1568 616 952 830 699
is_linear=0
shrinkage=0.05


Tree=182
num_leaves=31
num_cat=0
split_feature=7 6 7 1 7 5 4 3 3 4 3 4 6 4 4 7 1 0 8 8 6 0 8 5 5 8 8 8 6 8
split_gain=0.290713 0.234498 0.182509 0.371692 0.329947 0.868224 0.723119 0.798854 0.32503 0.591903 0.786482 0.456123 0.743562 0.575878 0.346192 0.601362 0.657523 0.448888 1.27189 1.07387 0.783228 1.09529 0.685487 0.656987 0.786694 0.493491 0.470746 1.0989 0.778906 0.696079
threshold=8982.2450000000008 9.8500000000000032 3534.8850000000007 296.85000000000008 4552.505000000001 217.50000000000003 23.650000000000002 1737.5000000000002 1660.5000000000002 33.050000000000004 1516.5000000000002 28.750000000000004 11.450000000000001 30.650000000000002 33.250000000000007 5632.4300000000012 304.35000000000008 1.0000000180025095e-35 11112.650000000001 10326.900000000003 9.6500000000000004 1.5000000000000002 7383.9000000000005 100.50000000000001 20.500000000000004 948.05000000000007 7677.1000000000013 3807.4000000000005 8.5500000000000025 7822.8500000000013
decision_type=2 2 2 2 2 2 2 2 2 2 2 2 2 2 2 2 2 2 2 2 2 2 2 2 2 2 2 2 2 2
left_child=2 -2 -1 -4 5 -5 -6 8 9 10 -8 12 -10 -13 -11 16 -16 18 26 20 23 -22 -23 24 25 -19 27 -17 -29 -28
right_child=1 -3 3 4 6 -7 7 -9 11 14 -12 13 -14 -15 15 17 -18 19 -20 -21 21 22 -24 -25 -26 -27 29 28 -30 -31
leaf_value=0.010895904012993438 0.031166448965868829 0.0023467563607175515 -0.053313455749720289 -0.053932041956097534 0.046323422547101499 0.019774373000296594 0.044742761048405411 -0.052462278698897004 -0.052831160839951187 0.039855983049393744 -0.05395157004135314 0.031809058142685358 0.049899357376573521 -0.051487977168814883 -0.055690359374781055 0.011343667807425307 0.050311889004812961 -0.029690541844272264 0.050073971046887669 -0.047134543091104208 -0.055346820052350469 0.033661697052562549 -0.053353370691340898 0.019173440808351414 -0.043562359549270825 0.050760026162935068 0.033510484844484406 0.019868499498271915 -0.054291826924013076 0.0014132425082830004
leaf_weight=3.3360045887529841 1.3587538017891341 1.4688589442521331 0.34020887022961588 0.94624310313792992 0.82806158924176898 0.69153273850679398 0.25085588524234381 0.73682054250184492 0.52785577908889481 0.53418710502592048 1.0334391938486076 2.4257952799125637 0.26435141363981529 0.22690593161132699 0.8739656783654961 2.2569422521060103 0.1757027804851532 0.30186255667740436 1.4429365543182928 1.4973256891698827 1.3560235139525503 0.85906218129821355 0.30729670233995421 4.2760915061371634 1.1039141277378801 0.51723398262402043 1.9491545370801748 0.44826330485375399 1.684878340585328 12.661821950810916
leaf_count=32 32 28 259 371 40 5 8 387 179 31 553 191 9 196 257 1312 1 87 52 53 852 247 59 485 370 3 55 81 1209 556
internal_value=0.000656454 0.0161955 -0.000345454 -0.00127098 -0.000830316 -0.0228103 0.000103717 -0.000911134 0.000116129 -0.00138645 -0.034674 0.0147415 -0.018551 0.024684 -6.07013e-05 -0.000733086 -0.0379468 0.000540836 0.00481795 -0.00801605 -0.0013001 -0.0247898 0.0107361 0.00825775 -0.0160149 0.0211115 0.00138121 -0.0129762 -0.0387076 0.00569513
internal_weight=46.6824 2.82761 43.8547 40.5187 40.1785 1.63778 38.5407 37.7127 36.9759 33.531 1.2843 3.44491 0.792207 2.6527 32.2467 31.7125 1.04967 30.6628 20.444 10.2188 8.72148 2.52238 1.16636 6.1991 1.92301 0.819097 19.0011 4.39008 2.13314 14.611
internal_count=8000 60 7940 7908 7649 376 7273 7233 6846 6271 561 575 188 387 5710 5679 258 5421 3265 2156 2103 1158 306 945 460 90 3213 2602 1290 611
is_linear=0
shrinkage=0.05


Tree=183
num_leaves=31
num_cat=0
split_feature=7 8 0 7 5 6 5 5 5 8 1 6 3 5 5 1 5 6 2 1 2 5 5 8 3 3 6 1 4 2
split_gain=0.276917 0.186208 1.12698 1.15772 0.349208 0.266026 0.252158 0.347031 0.537871 0.441272 0.236713 0.760006 0.84244 0.301883 0.829549 0.396135 0.879341 0.654013 0.304379 0.383959 0.564482 0.530328 0.962502 0.625014 0.410532 1.12898 0.326414 0.825105 1.10517 1.0408
threshold=9263.0750000000025 10823.600000000002 1.0000000180025095e-35 7253.2650000000003 203.50000000000003 11.550000000000002 234.50000000000003 231.50000000000003 228.50000000000003 10326.900000000003 297.45000000000005 10.950000000000001 1399.5000000000002 224.50000000000003 220.50000000000003 298.35000000000008 219.50000000000003 9.4500000000000011 308.45000000000005 298.85000000000008 309.65000000000003 179.50000000000003 178.50000000000003 7024.8000000000002 1456.5000000000002 2152.0000000000005 9.6500000000000004 300.65000000000003 13.750000000000002 310.65000000000003
decision_type=2 2 2 2 2 2 2 2 2 2 2 2 2 2 2 2 2 2 2 2 2 2 2 2 2 2 2 2 2 2
left_child=1 5 3 -3 -5 6 7 8 9 10 11 -1 -13 14 15 16 17 -12 -17 24 21 22 23 -21 -20 -26 -22 29 -29 -28
right_child=-2 2 -4 4 -6 -7 -8 -9 -10 -11 13 12 -14 -15 -16 18 -18 -19 19 20 26 -23 -24 -25 25 -27 27 28 -30 -31
leaf_value=0.041144660155937984 0.050019747699279166 -0.024925455332649393 -0.029370559980164031 0.018755895220505914 0.050188982640594917 -0.051212722558608072 -0.05167875793138791 0.028948800936797227 -0.054850654157544011 -0.048080700653957587 0.043292095440846078 0.038181842211940355 -0.050504518176020689 0.016800323319686197 -0.053699826724527056 0.030183743926502346 0.050661275223568808 -0.044077590246307995 0.035106956673853204 -0.049317674790420998 0.0042334463548406483 -0.053430838962808806 0.050295117912821444 0.037676721960647905 -0.053510188602553611 0.047772972824807615 -0.040522330871613832 0.050532105925549659 -0.05493939215471786 0.015863332149451428
leaf_weight=1.3107320894268917 0.28205501614138384 1.0681557527277608 1.4876405638642607 1.7667756208684298 1.7675772402435539 0.26131620511796327 0.24010531604289909 0.98961538233561341 0.45883403834886749 0.4787572690511287 0.24379070158284211 0.44648620167936293 0.66898182357545011 2.2696173428557804 0.75955286022508417 0.85408984224159468 0.3674120008945464 1.7642490969942626 1.5085916368152568 0.98132611881920018 16.724220313438767 0.95887742687409616 0.51469414478196984 0.26147902041248017 0.57483974561364426 0.52772705815732479 1.0760585251819055 0.29716017842292775 1.5126954207453307 3.4179652300090311
leaf_count=331 30 9 31 30 39 213 12 9 8 53 23 73 362 15 28 162 1 1043 172 649 2499 141 6 67 348 5 531 1 573 536
internal_value=0.000629931 0.000324162 0.00846174 0.02069 0.034476 -0.000931478 -0.000596359 -0.000281607 -0.00104328 -0.000385253 0.000231221 0.0153288 -0.0150062 -0.000827002 -0.0020639 -0.000822176 -0.0204576 -0.0334703 0.000774656 -0.000111164 -0.00196413 -0.0235211 -0.00720253 -0.0310146 0.018158 -0.00503252 0.000578709 -0.00911733 -0.037622 0.00236223
internal_weight=45.8414 45.5593 6.09015 4.60251 3.53435 39.4692 39.2079 38.9678 37.9781 37.5193 37.0405 2.4262 1.11547 34.6143 32.3447 31.5852 2.37545 2.00804 29.2097 28.3556 25.7445 2.71638 1.7575 1.24281 2.61116 1.10257 23.0281 6.30388 1.80986 4.49402
internal_count=8000 7970 109 78 69 7861 7648 7636 7627 7619 7566 766 435 6800 6785 6757 1067 1066 5690 5528 5003 863 722 716 525 353 4140 1641 574 1067
is_linear=0
shrinkage=0.05


Tree=184
num_leaves=31
num_cat=0
split_feature=7 1 1 2 7 1 7 5 4 3 7 3 7 3 1 1 4 4 8 1 3 3 4 4 3 0 8 8 4 4
split_gain=0.290854 0.219889 0.1812 0.558099 0.305112 0.350329 0.307203 0.790289 0.671395 0.736777 0.305861 0.439115 0.631815 0.981738 0.79168 0.70807 0.484034 0.796777 0.614219 0.829094 0.561215 0.656712 0.469351 0.528435 0.525117 0.555253 1.10232 0.884157 0.856401 0.618122
threshold=8982.2450000000008 299.65000000000003 303.95000000000005 313.65000000000003 3534.8850000000007 296.85000000000008 4552.505000000001 217.50000000000003 23.650000000000002 1737.5000000000002 4898.0900000000011 1660.5000000000002 5715.3000000000011 1554.5000000000002 300.45000000000005 297.95000000000005 36.150000000000013 37.45000000000001 7677.1000000000013 296.95000000000005 1566.5000000000002 1542.5000000000002 37.550000000000004 37.750000000000007 1524.5000000000002 1.0000000180025095e-35 11112.650000000001 10326.900000000003 44.750000000000007 37.850000000000001
decision_type=2 2 2 2 2 2 2 2 2 2 2 2 2 2 2 2 2 2 2 2 2 2 2 2 2 2 2 2 2 2
left_child=2 -2 4 -4 -1 -6 7 -7 -8 10 -10 12 13 14 15 -12 18 -18 19 -14 21 22 -19 -24 25 26 29 28 -27 -25
right_child=1 -3 3 -5 5 6 8 -9 9 -11 11 -13 16 -15 -16 -17 17 20 -20 -21 -22 -23 23 24 -26 27 -28 -29 -30 -31
leaf_value=0.015107373016880919 0.031854289754718441 0.0035497833585925913 -0.059298465546555185 0.048282834728411557 -0.053087051650106958 -0.053626895048183382 0.045955085721806184 0.018590843975529424 -0.052339413124088977 -0.052283956406794764 -0.062181469855274674 0.018475653614537065 0.049904647472372478 -0.056701653208122087 -0.054128380932902745 0.033858647741284477 -0.053022299747599283 0.044277017319054847 0.043067004824572326 -0.052058428668767281 0.038423685947885582 -0.055702081906904614 -0.068688640648491256 0.047587579172566029 -0.052900688081716322 -0.051062438363459833 0.05006822321831942 -0.045915183634614394 0.0062211792545603731 6.712505078070743e-05
leaf_weight=3.081800151616334 1.2484342693351203 1.5235568187199531 0.41510301404468819 0.1698925472155679 0.32309038108451105 0.88274194202949618 0.78178433988978113 0.66360921785235405 0.27574764713062805 0.68386573075440438 0.22778303540599454 3.1056648990579552 0.33389464928768875 1.2579910133199517 0.50220277701737348 1.218809049008996 0.70994834324301592 0.59545813728619634 1.4378553619608281 0.49483789837086078 0.94822139437110209 0.53241746587173011 0.28212997928312944 0.71958417833958321 0.45732067431254009 0.75546888508415477 1.3218170690815885 1.4116162218942916 4.785335118029252 13.959853136203945
leaf_count=31 27 33 113 6 259 363 40 5 124 381 48 480 3 663 129 124 315 18 8 362 171 200 34 8 197 628 51 53 866 2260
internal_value=0.000606815 0.0162974 -0.000420546 -0.028055 -3.33432e-05 -0.00124001 -0.000803164 -0.022635 0.000114228 -0.00088077 0.000114106 0.000526675 -0.0012179 -0.0222685 -4.10925e-05 0.018736 0.00113044 -0.000767819 0.0233066 -0.0109777 0.000671805 -0.000770407 0.000433722 -0.000668152 0.000151574 0.00120857 0.00633459 -0.0105892 -0.00158924 0.00239657
internal_weight=45.1078 2.77199 42.3358 0.584996 41.7508 38.669 38.346 1.54635 36.7996 36.0178 35.334 35.0582 31.9525 3.20679 1.94879 1.44659 28.7458 26.4792 2.26659 0.828733 25.7692 24.821 24.2886 23.6931 23.411 22.9537 16.0013 6.95242 5.5408 14.6794
internal_count=8000 60 7940 119 7821 7790 7531 368 7163 7123 6742 6618 6138 964 301 172 5174 4801 373 365 4486 4315 4115 4097 4063 3866 2319 1547 1494 2268
is_linear=0
shrinkage=0.05


Tree=185
num_leaves=31
num_cat=0
split_feature=4 8 1 2 7 7 5 4 3 7 3 7 3 4 4 4 4 2 8 1 5 5 1 4 4 5 4 5 6 3
split_gain=0.266748 0.189142 0.18171 0.536899 0.265259 0.286009 0.7509 0.580512 0.70159 0.289659 0.398275 0.597393 0.935787 0.761461 1.03932 0.445172 0.792584 0.651383 0.564187 0.782472 0.492156 0.467216 1.015 0.475753 0.598116 0.527129 0.760168 1.08264 0.524864 1.21742
threshold=67.100000000000009 12337.600000000002 303.95000000000005 313.65000000000003 3534.8850000000007 4552.505000000001 217.50000000000003 23.650000000000002 1737.5000000000002 4898.0900000000011 1660.5000000000002 5715.3000000000011 1554.5000000000002 33.250000000000007 37.650000000000013 36.150000000000013 37.45000000000001 308.15000000000003 7677.1000000000013 296.95000000000005 225.50000000000003 214.50000000000003 299.45000000000005 37.550000000000004 37.750000000000007 206.50000000000003 37.850000000000001 203.50000000000003 8.5500000000000025 1380.5000000000002
decision_type=2 2 2 2 2 2 2 2 2 2 2 2 2 2 2 2 2 2 2 2 2 2 2 2 2 2 2 2 2 2
left_child=1 2 4 -4 -1 6 -6 -7 9 -9 11 12 13 -11 -15 18 -17 -18 19 -13 21 23 -23 -19 -25 26 -26 28 29 -28
right_child=-2 -3 3 -5 5 7 -8 8 -10 10 -12 15 -14 14 -16 16 17 20 -20 -21 -22 22 -24 24 25 -27 27 -29 -30 -31
leaf_value=0.014481147647723911 0.033821869780333046 0.050036331224217023 -0.059975220393150022 0.048071044296486842 -0.053448120455516758 0.042979310337621708 0.017804274864077839 -0.052228279650853797 -0.052166838287286077 0.040413441902391857 0.017622540611322766 0.049376562678813081 -0.056382108985317293 -0.055649293122599953 0.047209070409706781 -0.052784514259842846 -0.037840753267846361 0.049250167180406437 0.041820821249495349 -0.051958123267795288 0.029090611401366758 0.019605121460723372 -0.040011848427368712 -0.065304318620340154 0.049709020575110681 0.015140900623730899 0.050044420187539712 -0.050524427171680521 -0.0055258507312104868 -0.018867953438767182
leaf_weight=3.0550169637426725 0.59547365037724276 0.18903282238170405 0.39432758110706245 0.16230118133535143 0.84342459969002337 0.77101588365348916 0.65841662883758545 0.26298661605232965 0.65442037653156049 0.71937691301718532 3.0868986399145788 0.31960234407233956 1.2103323462265505 0.82233121117951646 0.3501681570414803 0.71198360773269342 1.0574902432135811 0.54241153139083564 1.3966971980407832 0.47159012976317172 1.5962935036513943 1.1361666913144284 1.9211780638433991 0.32667113545903959 0.67294688073343678 6.1881766744772895 1.4499207660555833 1.1806832685251709 10.453372565156313 1.1486026325510463
leaf_count=31 33 22 112 6 372 43 5 126 393 39 495 16 685 253 20 330 480 23 9 362 24 27 49 56 17 96 71 47 3562 196
internal_value=0.000582379 0.000130002 -8.65475e-05 -0.0284712 0.000280818 -0.00080501 -0.0222106 3.10561e-05 -0.000847753 5.92952e-05 0.000433339 -0.0011423 -0.0220487 -8.38006e-05 -0.0249305 0.00097899 -0.000696033 0.000644079 0.0227109 -0.011024 0.00217311 0.000455764 -0.0178571 0.00300501 0.00183398 0.00287373 -0.00221911 -0.00467438 -0.000526752 0.0195837
internal_weight=44.3493 43.7538 43.5648 0.556629 43.0082 39.9532 1.50184 38.4513 37.6803 37.0259 36.7629 33.676 3.10221 1.89188 1.1725 30.5738 28.3859 27.6739 2.18789 0.791192 26.6164 25.0201 3.05734 21.9628 21.4204 21.0937 14.9055 14.2326 13.0519 2.59852
internal_count=8000 7967 7945 118 7827 7796 377 7419 7376 6983 6857 6362 997 312 273 5365 4978 4648 387 378 4168 4144 76 4068 4045 3989 3893 3876 3829 267
is_linear=0
shrinkage=0.05


Tree=186
num_leaves=31
num_cat=0
split_feature=7 6 3 7 8 6 1 8 8 1 2 6 7 3 3 8 6 2 8 3 7 5 6 3 7 8 0 8 5 1
split_gain=0.268187 0.219127 0.18523 0.170848 0.168727 0.347228 0.44161 0.223836 0.729749 0.257319 0.300208 0.234093 0.986436 0.707812 0.646237 0.63733 0.680716 0.611612 0.484284 0.60276 0.573354 0.406029 0.370124 0.395462 0.355742 0.57311 0.666934 0.423791 0.661703 0.374145
threshold=8982.2450000000008 9.8500000000000032 2651.0000000000005 8804.7900000000027 399.90000000000003 9.3500000000000032 303.85000000000008 1045.7500000000002 1209.7 300.05000000000007 311.45000000000005 9.1500000000000004 5440.5250000000005 2471.5000000000005 2362.5000000000005 7942.1000000000013 9.0500000000000025 312.05000000000007 4501.6000000000013 1380.5000000000002 7948.5600000000004 206.50000000000003 8.3500000000000032 2362.5000000000005 3883.7550000000006 3777.1500000000005 1.5000000000000002 3807.4000000000005 118.50000000000001 296.85000000000008
decision_type=2 2 2 2 2 2 2 2 2 2 2 2 2 2 2 2 2 2 2 2 2 2 2 2 2 2 2 2 2 2
left_child=2 -2 3 4 5 6 -1 9 -9 -6 -11 12 22 14 24 17 21 18 19 20 -14 -17 23 -10 -13 26 -26 -27 -29 -30
right_child=1 -3 -4 -5 7 -7 -8 8 11 10 -12 13 15 -15 -16 16 -18 -19 -20 -21 -22 -23 -24 -25 25 27 -28 28 29 -31
leaf_value=0.028026853215975086 0.030569471478961538 0.0021765654326107243 0.032419886268869755 -0.043662347703091436 -0.051689129983374264 -0.061366917992199392 -0.064632669542476553 -0.060887305369064039 -0.052753862032756206 0.033815396864380405 -0.051482994413561939 0.044059823432262057 0.038323984980101145 0.049988448708156399 -0.079459777998337866 -0.023637108729155382 -0.057703588522063969 -0.052561464361249567 0.026807539201657578 -0.051599139052492651 -0.035808078432459936 0.0057465924960449109 -0.058337613086782647 0.050333822771940512 -0.051641003618816655 0.048547203103871603 0.01989728836539105 -0.051208574689742194 -0.052668604837858679 0.004531602886969909
leaf_weight=0.44269348374837036 1.3022660599090152 1.4210920901969073 0.4241253100335588 0.2311136237840391 0.11568184719999308 0.34552005426121468 0.18122811320790788 0.49803414799771317 0.18426341288795711 1.1562776338687397 0.11325625693280006 0.49654750933405978 0.78543489508592557 0.77209294494241376 0.24487579811829974 1.9120061835201339 0.71648456633556623 0.34627694381197205 3.4530931761100874 0.50510224553727301 0.39050382582354359 3.0527780791162513 1.1081061951053923 0.18789894878864288 1.0143291529147997 0.50653172090824483 0.47995433827509248 0.56306575978442452 0.28995229926613575 20.357536888023787
leaf_count=129 32 28 15 30 313 293 13 185 63 219 100 27 46 6 8 123 36 133 345 342 12 43 224 1 1748 22 179 673 102 2510
internal_value=0.000561065 0.0157536 -0.000451166 -0.000795819 -0.000549495 -0.0211559 0.0011124 -4.05342e-05 -0.000762731 0.0197007 0.0262059 3.86242e-05 -0.00549592 0.00286846 0.0013496 -0.000409606 -0.0121443 0.0117552 0.0160931 -0.005916 0.0137063 -0.00556947 -0.0438483 -0.000706504 0.00218427 0.00128845 -0.0286634 0.00334933 0.00226996 0.00372834
internal_weight=43.5981 2.72336 40.8748 40.4506 40.2195 0.969442 0.623922 39.2501 37.8649 1.38522 1.26953 37.3668 12.6419 24.7249 23.9528 11.1617 5.68127 5.48041 5.13413 1.68104 1.17594 4.96478 1.48027 0.372162 23.7079 23.2114 1.49428 21.7171 21.2106 20.6475
internal_count=8000 60 7940 7925 7895 435 142 7460 6828 632 319 6643 1368 5275 5269 1080 202 878 745 400 58 166 288 64 5261 5234 1927 3307 3285 2612
is_linear=0
shrinkage=0.05


Tree=187
num_leaves=31
num_cat=0
split_feature=7 8 0 7 5 6 5 5 5 8 2 4 2 8 7 3 3 1 8 5 5 8 5 1 5 5 2 0 5 6
split_gain=0.250675 0.188595 1.0086 1.06187 0.320881 0.240952 0.229029 0.341394 0.46461 0.392733 0.217033 0.283914 0.247351 0.47303 0.685437 0.243714 0.427174 0.210489 0.472159 0.648852 1.13974 0.532218 0.763964 0.38004 0.778789 0.352679 0.316714 0.966885 0.515397 0.387157
threshold=9263.0750000000025 10823.600000000002 1.0000000180025095e-35 7253.2650000000003 203.50000000000003 11.550000000000002 234.50000000000003 231.50000000000003 228.50000000000003 10326.900000000003 307.85000000000008 36.150000000000013 308.15000000000003 7719.8500000000013 5982.1650000000009 1604.5000000000002 2267.5000000000005 299.65000000000003 9474.8000000000011 217.50000000000003 208.50000000000003 8498.5000000000018 205.50000000000003 299.25000000000006 119.50000000000001 178.50000000000003 309.65000000000003 1.0000000180025095e-35 181.50000000000003 9.6500000000000004
decision_type=2 2 2 2 2 2 2 2 2 2 2 2 2 2 2 2 2 2 2 2 2 2 2 2 2 2 2 2 2 2
left_child=1 5 3 -3 -5 6 7 8 9 10 11 15 13 14 -12 -1 -17 18 19 20 21 22 23 24 -14 -25 27 -19 -29 -28
right_child=-2 2 -4 4 -6 -7 -8 -9 -10 -11 12 -13 17 -15 -16 16 -18 26 -20 -21 -22 -23 -24 25 -26 -27 29 28 -30 -31
leaf_value=0.047600509843890824 0.050018085090937608 -0.02377845238406668 -0.028107305638778963 0.019150078143227247 0.050176421363387951 -0.051140963694518496 -0.051540286562464011 0.029642863214524508 -0.054159182487093338 -0.047483491255838277 -0.052434747563438071 -0.027656566242086747 0.016381410735531118 -0.062354450625007732 0.040376688243965571 -0.052359834754902052 0.050137614730044466 -0.062370627007422678 -0.038200691254791884 0.039538715424925507 -0.05429677368243549 0.042279696513494003 -0.062449516186821791 -0.024671962826349189 -0.049630156986571521 0.04368835416500904 0.0031790272831601165 0.034008164852385364 -0.051833166677502832 -0.011831434431701622
leaf_weight=0.72372835371424915 0.254437489900737 1.0332802161574353 1.4112831852398811 1.7146097747609021 1.6213624256197361 0.23871337218588351 0.22057736688293417 0.91950791887938876 0.40959541045594861 0.44106243326314043 0.34737787120229657 0.2610261502970842 1.5750783570601927 0.46871067260326527 0.46552049466617973 0.2019832912064885 0.20464502740651369 0.81820385721221345 0.53388346980682388 1.5228356372099368 0.75796158984303463 1.096410054789885 0.4017605420667677 0.22875176486013504 0.62374658498265478 1.0768825805134836 16.796383976425208 0.69011619972116023 0.23420035140316031 5.7719609007663157
leaf_count=48 30 9 31 30 39 213 12 9 8 53 140 319 1321 39 143 116 4 267 50 14 34 86 11 272 680 26 2511 160 30 1295
internal_value=0.000535996 0.000241911 0.0086414 0.0205114 0.0342296 -0.00106926 -0.000744385 -0.000438014 -0.00121384 -0.000598493 -4.28295e-06 0.0193443 -0.000810074 -0.0223506 0.000715348 0.0301979 -0.000775643 4.91869e-05 0.00718615 0.0105131 0.00284 0.0114969 0.00285675 0.0103436 -0.00234427 0.0317114 -0.00224575 -0.022784 0.012258 -0.000659969
internal_weight=43.0656 42.8112 5.78054 4.36925 3.33597 37.0306 36.7919 36.5713 35.6518 35.2422 34.8012 1.39138 33.4098 1.28161 0.812898 1.13036 0.406628 32.1282 7.81731 7.28343 5.76059 5.00263 3.90622 3.50446 2.19882 1.30563 24.3109 1.74252 0.924317 22.5683
internal_count=8000 7970 109 78 69 7861 7648 7636 7627 7619 7566 487 7079 322 283 168 120 6757 2494 2444 2430 2396 2310 2299 2001 298 4263 457 190 3806
is_linear=0
shrinkage=0.05


Tree=188
num_leaves=31
num_cat=0
split_feature=7 1 3 5 7 5 8 6 8 7 4 6 6 8 4 5 6 0 4 8 4 8 8 7 7 7 7 8 8 1
split_gain=0.258839 0.224579 0.170544 0.169982 0.412759 0.398219 0.211167 0.918836 0.695778 0.611827 0.521204 0.548783 0.57301 0.434066 0.484847 0.483146 0.423086 0.416017 0.988392 0.824671 0.561237 1.33384 0.495387 0.705184 0.604216 0.771884 0.822841 0.776974 0.626017 0.669367
threshold=8982.2450000000008 299.65000000000003 2651.0000000000005 224.50000000000003 5860.5750000000007 222.50000000000003 6251.7000000000007 11.250000000000002 5188.7500000000009 7397.8700000000008 48.350000000000001 11.050000000000002 9.6500000000000004 7176.9500000000007 35.250000000000007 218.50000000000003 8.5500000000000025 1.0000000180025095e-35 48.250000000000007 11112.650000000001 45.850000000000001 7634.0000000000009 7677.1000000000013 6415.7200000000012 6677.9800000000005 6724.505000000001 7265.6950000000006 10823.600000000002 9694.8000000000011 301.65000000000003
decision_type=2 2 2 2 2 2 2 2 2 2 2 2 2 2 2 2 2 2 2 2 2 2 2 2 2 2 2 2 2 2
left_child=2 -2 3 5 -5 6 7 8 9 10 11 12 -1 15 -15 -8 -11 19 20 22 21 -19 -16 -24 -25 -26 28 -28 29 -27
right_child=1 -3 -4 4 -6 -7 13 -9 -10 16 -12 -13 -14 14 17 -17 -18 18 -20 -21 -22 -23 23 24 25 26 27 -29 -30 -31
leaf_value=0.0018902769014613975 0.031752682127837072 0.0025586810181540956 0.03142129275597149 -0.0083400418715650817 0.02202622313435515 -0.053649787502946335 0.023876325430710346 -0.055722600692570991 -0.041921691639903433 0.014555499513658308 0.035084678893299838 0.026528324448804763 -0.032986317699821154 -0.052266648010217437 -0.047244633183136521 -0.05370842595052927 -0.054462296819305749 0.031581793049837097 -0.04667782068129795 0.050055184232625227 0.037793317990134669 -0.051890196020122764 0.015447156261387733 -0.049462666357486806 0.045921916722790904 -0.059497097909864349 -0.031990795262614093 0.024191712618804539 -0.059491449339437098 0.024282809584873739
leaf_weight=5.3536508902352526 1.1907396405003958 1.4744788403622804 0.41424487810581823 2.0425420496612778 2.4751262256177142 0.36938682897016306 2.9606395849004943 0.88476037611872094 1.0421066306989821 0.31102644441125338 1.241907604978677 1.6254322556760596 1.5098309163049632 0.45666413946310314 0.5140612398208767 0.21525126509368409 0.7761699585248607 0.93617340791206449 1.4858631020410937 0.91160213132388968 0.84672321631660441 0.97914991261313844 5.8687693319516239 0.78807385877735203 0.712933050112042 0.36937090962783281 0.87524444465907469 2.0726621150970459 1.1011193632730281 0.67242866006563418
leaf_count=1862 27 33 15 20 42 16 615 674 769 36 212 466 1516 19 146 4 397 65 213 43 61 150 97 70 15 108 218 16 28 47
internal_value=0.000516613 0.0156017 -0.000493235 -0.000828791 0.00829693 -0.00201072 -0.00145802 -0.00656929 -0.00290247 0.000856274 0.00483084 0.000404777 -0.00578189 0.00153474 -0.00138359 0.0186179 -0.0347176 -0.000102225 -0.0137947 0.0040864 0.00389502 -0.0110907 0.000856626 0.00284104 -0.0083823 -0.00280413 -0.00962786 0.00751092 -0.0332048 -0.00542143
internal_weight=42.4781 2.66522 39.8129 39.3987 4.51767 34.881 34.5116 12.7449 11.8601 10.818 9.73082 8.48891 6.86348 21.7667 18.5908 3.17589 1.0872 18.1342 4.24791 13.8863 2.76205 1.91532 12.9747 12.4606 6.59183 5.80376 5.09083 2.94791 2.14292 1.0418
internal_count=8000 60 7940 7925 62 7863 7847 5932 5258 4489 4056 3844 3378 1915 1296 619 433 1277 489 788 276 215 745 599 502 432 417 234 183 155
is_linear=0
shrinkage=0.05


Tree=189
num_leaves=31
num_cat=0
split_feature=4 4 4 4 7 4 2 6 7 7 3 3 2 1 3 5 1 4 2 7 6 3 8 4 7 2 5 8 7 4
split_gain=0.245033 0.204971 0.331086 0.180139 0.492294 0.274075 0.213617 0.1644 0.535816 0.792612 0.537181 0.516149 0.439634 0.885006 0.467641 0.434447 0.545285 0.418708 0.665964 0.436611 0.545088 0.651413 0.485923 0.418451 0.850315 0.378592 0.366596 0.363776 0.472202 0.971837
threshold=65.000000000000014 63.050000000000004 62.350000000000001 60.850000000000001 8982.2450000000008 61.150000000000013 308.25000000000006 9.2500000000000018 5440.5250000000005 3534.8850000000007 1627.5000000000002 1322.5000000000002 308.45000000000005 301.55000000000007 1280.5000000000002 39.500000000000007 303.75000000000006 38.95000000000001 311.95000000000005 7120.1350000000011 8.5500000000000025 1380.5000000000002 10823.600000000002 47.250000000000007 6841.1400000000012 311.35000000000008 10.500000000000002 10823.600000000002 5386.7750000000005 34.95000000000001
decision_type=2 2 2 2 2 2 2 2 2 2 2 2 2 2 2 2 2 2 2 2 2 2 2 2 2 2 2 2 2 2
left_child=1 2 3 4 7 -5 -7 8 9 -1 12 -9 -10 14 -14 16 -13 18 -15 23 21 -21 26 24 -19 -23 -22 28 -17 -30
right_child=-2 -3 -4 5 -6 6 -8 11 10 -11 -12 15 13 17 -16 27 -18 19 -20 20 22 25 -24 -25 -26 -27 -28 -29 29 -31
leaf_value=0.0058988236467404269 0.025051813463381853 -0.027852534687792807 0.040493004443444475 -0.050436613959781988 0.050209563966549631 -0.031139579703939525 0.028559854321975754 -0.048811024919302004 0.042768043750770465 -0.053595091689851521 0.039534752860169525 -0.050061301378417203 0.049723595782037833 -0.054646783167600833 -0.051621003240567932 0.012698587412386329 0.047777497367608897 0.012612909180742897 0.025367659091003532 0.050036672618653501 0.034552961295415893 -0.052900035114011784 0.0094461322450185708 0.034953633397599694 -0.06029694485222601 0.023596329844606374 -0.05582585188854805 0.021067108844160267 -0.05583678026770187 0.00016449611215197399
leaf_weight=1.0187555309385055 0.99160474608652194 0.65480052624479768 0.50713221867044822 0.44408071917859959 0.48959460109472175 0.27569622446753783 0.32824848769087112 0.48317294937123989 0.50060745204245627 1.2427480939613813 0.79138238010637074 0.71971474962583926 0.12511568157788033 0.775617269484427 1.2617757021253053 6.9267810040873945 0.17754033406527014 3.367098385388998 0.39121461803733837 0.63461628486402355 0.12502605572444725 0.38547968497005058 0.56784343160688866 1.5222977695157167 0.45379139773194754 0.27867515658726916 1.093754771261956 2.9712852046359322 0.83111309180458093 11.414961650996018
leaf_count=12 55 22 24 14 5 9 34 169 37 454 127 1045 5 194 371 963 10 297 53 36 8 55 10 56 72 16 142 52 510 3143
internal_value=0.000493764 -0.000103682 0.000349376 -0.000164744 0.000391303 -0.0206181 0.00130751 -0.000249541 -0.00443001 -0.0267944 -0.00030943 0.00233357 -0.00305542 -0.0051442 -0.0424784 0.00340606 -0.0307019 0.000251973 -0.0278196 0.00413813 -0.0108375 0.0138114 -0.0287558 0.0127857 0.00395371 -0.0208026 -0.0465545 0.00478807 0.00226525 -0.00363618
internal_weight=41.7515 40.7599 40.1051 39.598 38.55 1.04803 0.603945 38.0604 14.5358 2.2615 12.2743 23.5246 11.4829 10.9823 1.38689 23.0414 0.897255 9.59541 1.16683 8.42858 3.0854 1.29877 1.78662 5.34319 3.82089 0.664155 1.21878 22.1441 19.1729 12.2461
internal_count=8000 7945 7923 7899 7842 57 43 7837 1945 466 1479 5892 1352 1315 376 5723 1055 939 247 692 267 107 160 425 369 71 150 4668 4616 3653
is_linear=0
shrinkage=0.05


Tree=190
num_leaves=31
num_cat=0
split_feature=7 8 3 1 1 3 2 5 8 8 3 6 3 8 2 5 2 8 3 5 3 3 5 6 2 5 3 5 5 3
split_gain=0.230278 0.173004 0.158456 0.140278 0.330049 0.244253 0.186414 0.245497 0.379178 0.636505 0.316654 0.211364 0.333121 0.356855 0.516175 0.532025 0.364851 0.579157 0.716014 0.250707 0.709323 0.67737 0.430932 0.425865 0.272987 0.262092 0.363969 0.335153 0.467659 0.329755
threshold=9263.0750000000025 12337.600000000002 2651.0000000000005 304.35000000000008 303.95000000000005 1289.5000000000002 313.05000000000007 5.5000000000000009 1045.7500000000002 1209.7 1337.5000000000002 11.050000000000002 1322.5000000000002 10823.600000000002 311.85000000000008 225.50000000000003 311.75000000000006 6283.0500000000002 1330.5000000000002 76.500000000000014 1380.5000000000002 1350.5000000000002 79.500000000000014 8.5500000000000025 309.15000000000003 99.500000000000014 1372.5000000000002 101.50000000000001 112.50000000000001 2471.5000000000005
decision_type=2 2 2 2 2 2 2 2 2 2 2 2 2 2 2 2 2 2 2 2 2 2 2 2 2 2 2 2 2 2
left_child=1 2 3 4 6 -6 7 10 -9 -10 -1 19 -13 14 15 16 17 -14 -19 20 21 23 -21 -11 -25 26 -24 -27 -29 -30
right_child=-2 -3 -4 -5 5 -7 -8 8 9 11 -12 12 13 -15 -16 -17 -18 18 -20 22 -22 -23 25 24 -26 27 -28 28 29 -31
leaf_value=0.047568647007858282 0.050016587662294179 0.050035914589308908 0.031218273447610707 0.047893555881685416 0.050104402329641876 -0.059192190478966393 0.032429031759782276 0.023996286625626376 -0.058922526889706783 0.050025218799518739 -0.058672782951609465 -0.039721359455438358 0.018936537215560725 0.037797414590759394 -0.052624035737839331 -0.05187850943090723 0.042595872618897981 0.048672831747955767 -0.051057688363513126 0.044096443992119344 -0.054402440494452642 0.037488202595647828 0.027473774588502864 0.032919461846124008 -0.05258020169682999 0.042347076120978489 -0.051712784022712815 -0.046368247724981812 -0.0012712716613147565 0.038158712035047157
leaf_weight=0.087552265522389372 0.23319331137463351 0.17333034472539921 0.40187189634889264 0.15021648378751606 0.059303585439919426 0.37030325200976222 0.43710726221615814 1.581414214922005 0.46834510825828957 0.15325823426246932 0.35256073591335735 0.34831801810923835 2.6738407867032952 1.0056940969079731 0.35855483594150417 0.32874099572654802 0.89491973631083954 0.23948746826499689 0.72420135887841752 0.52777167786644241 0.84749452716005169 0.74064517294755206 0.19733972312042425 0.10800141165282184 0.68857343067156762 0.44463934088003298 0.54828847763064914 0.56639543554956873 24.922978652729856 0.54177283495664497
leaf_count=11 30 22 15 5 1 113 48 800 181 11 233 41 910 14 140 14 28 7 315 77 1000 86 59 50 78 59 491 308 2849 4
internal_value=0.000471038 0.000188848 -2.3075e-05 -0.000334091 -0.000514227 -0.0441047 -4.35614e-05 -0.000404266 1.57487e-05 -0.00100016 -0.037538 -0.000264215 0.00786269 0.0105251 0.00527046 0.00954068 0.0139954 0.00695906 -0.0262735 -0.00202814 -0.0170701 0.00164584 -0.000652384 -0.0263027 -0.040988 -0.00151998 -0.0307551 -0.000696641 -0.00143187 -0.000432383
internal_weight=41.1761 40.9429 40.7696 40.3677 40.2175 0.429607 39.7879 39.3508 38.9107 37.3293 0.440113 36.8609 6.57376 6.22544 5.21975 4.86119 4.53245 3.63753 0.963689 30.2872 2.53797 1.69048 27.7492 0.949833 0.796575 27.2214 0.745628 26.4758 26.0311 25.4648
internal_count=8000 7970 7948 7933 7928 114 7814 7766 7522 6722 244 6541 1469 1428 1414 1274 1260 1232 322 5072 1225 225 3847 139 128 3770 550 3220 3161 2853
is_linear=0
shrinkage=0.05


Tree=191
num_leaves=31
num_cat=0
split_feature=7 6 8 4 6 8 3 5 2 6 2 2 1 6 3 3 3 7 5 1 6 5 2 2 2 5 8 8 2 7
split_gain=0.227485 0.212666 0.15536 0.209585 0.351274 0.368844 0.174712 0.523881 0.490313 0.239716 0.588831 0.925398 0.818541 0.925869 0.596696 0.608319 0.70994 0.618627 0.546125 0.544446 0.492455 0.595835 0.506258 0.504103 0.572953 0.527569 0.646183 0.582475 0.65245 0.845014
threshold=8982.2450000000008 9.8500000000000032 12337.600000000002 58.550000000000004 8.6500000000000004 11112.650000000001 1337.5000000000002 209.50000000000003 312.05000000000007 9.2500000000000018 310.85000000000008 310.95000000000005 299.65000000000003 8.5500000000000025 1380.5000000000002 1440.5000000000002 1446.5000000000002 3534.8850000000007 41.500000000000007 302.55000000000007 9.3500000000000032 39.500000000000007 311.85000000000008 310.35000000000008 309.95000000000005 216.50000000000003 2186.6500000000005 5150.4000000000005 308.85000000000008 5811.8950000000013
decision_type=2 2 2 2 2 2 2 2 2 2 2 2 2 2 2 2 2 2 2 2 2 2 2 2 2 2 2 2 2 2
left_child=2 -2 3 6 -5 -6 7 8 -1 10 12 -12 -8 14 -14 -16 -17 -18 -15 -13 -11 -22 23 24 25 26 -23 -28 29 -29
right_child=1 -3 -4 4 5 -7 9 -9 -10 20 11 19 13 18 15 16 17 -19 -20 -21 21 22 -24 -25 -26 -27 27 28 -30 -31
leaf_value=0.033400039359755031 0.030231254339538882 0.0012153013432482009 0.050036113099877037 0.026164350954162603 -0.054946028993536768 -0.00013627105972943777 0.036125957655472656 -0.046369896568943129 -0.055529469903827899 0.024887070357402015 0.030184207749625158 -0.051325696069288787 0.050040669825797385 0.020431012153128522 -0.053100390318139137 0.049648016835943963 0.050283682728838812 -0.053077007365580464 -0.045012554513748346 -0.0014581923261063235 -0.049046590773213036 0.027146958587787474 -0.032043381774249827 0.013460409042316983 -0.033328384997245122 0.019937155172496213 -0.051875850156540219 0.0181561479874419 0.01140548846160851 -0.050172346053381445
leaf_weight=1.5842751330956155 1.2000026474706822 1.3329229252412913 0.15141106443479557 0.34509091498330136 0.69795489415082534 0.54791337437927723 0.66386478699496176 0.30422320752404619 0.17180469255981723 2.1928966101113501 2.282203112516072 0.65978017477527862 0.5030606118962172 0.35382907103348804 0.59481600749859342 0.57172863744199254 0.19930301792919636 0.52900180045435263 3.2186873520940935 3.2118000414839116 0.60269709159411178 1.1503944364421892 1.0638625381734517 7.3743419093298135 1.4049815633379683 2.6102182812173851 0.85929399331917 0.67819898516609134 2.3043886971900065 1.3595374109736438
leaf_count=268 32 28 20 12 156 17 70 7 21 372 74 235 25 135 52 4 2 210 540 511 960 284 329 1133 344 45 1078 101 420 515
internal_value=0.00045114 0.0149619 -0.000511239 -0.000712433 -0.0184765 -0.0308416 6.29474e-05 0.0142056 0.0246997 -0.000784365 -0.00620989 0.0049302 -0.0165431 -0.0223995 0.00163375 -0.0112177 0.00794522 -0.024792 -0.0385309 -0.00995643 0.00242764 -0.000110042 0.00145835 0.00346728 -0.0036411 0.00101299 -0.00676372 -0.0142637 -0.0068204 -0.0274313
internal_weight=40.7245 2.53293 38.1916 38.0401 1.59096 1.24587 36.4492 2.0603 1.75608 34.3889 12.7881 6.15378 6.63429 5.97043 2.39791 1.89485 1.30003 0.728305 3.57252 3.87158 21.6008 19.4079 18.8052 17.7414 10.367 8.96203 6.35181 5.20142 4.34213 2.03774
internal_count=8000 60 7940 7920 185 173 7735 296 289 7439 1858 820 1038 968 293 268 216 212 675 746 5581 5209 4249 3920 2787 2443 2398 2114 1036 616
is_linear=0
shrinkage=0.05


Tree=192
num_leaves=31
num_cat=0
split_feature=4 4 4 4 7 4 4 3 5 3 4 5 2 4 8 6 8 2 8 2 5 6 4 3 2 2 2 7 0 8
split_gain=0.227565 0.194995 0.309462 0.161035 0.464388 0.226355 0.237477 0.157221 0.160594 0.366185 1.7036 0.357314 0.196604 0.312675 0.209829 0.819009 0.614209 0.404516 0.786118 0.68426 0.563644 0.666894 0.742386 0.437022 0.378713 0.714812 0.608189 0.371035 0.451449 0.950652
threshold=65.000000000000014 63.050000000000004 62.350000000000001 60.850000000000001 8982.2450000000008 61.150000000000013 61.95000000000001 2651.0000000000005 224.50000000000003 1576.5000000000002 45.250000000000007 222.50000000000003 307.55000000000007 15.750000000000002 6251.7000000000007 11.250000000000002 5188.7500000000009 309.45000000000005 5150.4000000000005 310.75000000000006 20.500000000000004 8.5500000000000025 13.750000000000002 1426.5000000000002 311.75000000000006 311.45000000000005 311.85000000000008 6830.4850000000015 1.0000000180025095e-35 10823.600000000002
decision_type=2 2 2 2 2 2 2 2 2 2 2 2 2 2 2 2 2 2 2 2 2 2 2 2 2 2 2 2 2 2
left_child=1 2 3 4 7 -5 -7 8 11 10 -10 12 13 -1 15 16 17 18 -14 -19 -21 23 -23 -22 25 27 -26 -16 29 -29
right_child=-2 -3 -4 5 -6 6 -8 -9 9 -11 -12 -13 14 -15 24 -17 -18 19 -20 20 21 22 -24 -25 26 -27 -28 28 -30 -31
leaf_value=0.050156311159222811 0.02494426387805132 -0.027548734339469211 0.040358184828737424 -0.047595932833041296 0.050198494457149558 0.02982242342877708 -0.034273244105770276 0.031164652926800113 -0.057623429658862191 0.021111062275160086 0.037363549689989166 -0.053174900062838017 -0.040016489553602125 -0.054600183618857635 0.0066594602734492778 -0.054922644778727041 -0.042016126707275545 0.018680832746897063 0.048383098861456572 0.027289024722812878 0.038799107709751916 0.015584177818002785 -0.052073351632209899 -0.051265849788574396 0.038806476464309736 -0.039609939133927886 -0.0012176393731988578 -0.033286783597840514 -0.037119350392513212 0.026035172255952994
leaf_weight=0.088606961071497348 0.92492288816720147 0.63870087520626739 0.4763192453829096 0.42620973613520508 0.46124041453003783 0.31444365405695862 0.26740679666545475 0.39305895287543435 0.90639524621656054 2.4575427174568176 0.98503875569440424 0.33567259379196812 1.2481589482304105 0.3632450453792444 10.662015659087048 0.80240471272736691 0.90208164108662536 4.4891122126218743 0.31495436797922582 0.7846919900516699 0.61228482483420554 0.54345083236694369 1.5966740041012597 0.17267314920536592 1.692156957346014 1.1210345671133826 2.1616376890588072 1.2098065704949474 1.1842465045338029 1.5287485395092515
leaf_count=1 55 22 24 14 5 29 14 15 25 21 15 16 1582 236 761 670 738 1283 10 217 29 3 1072 102 43 89 195 412 272 30
internal_value=0.000431182 -0.00014809 0.000306461 -0.000195246 0.00034171 -0.0199128 0.00036534 -0.000287357 -0.000629215 0.00838273 -0.00815522 -0.00186116 -0.00131397 -0.0340577 -0.000837099 -0.00620747 -0.00254196 0.00110575 -0.0222047 0.00554987 -0.0103396 -0.020434 -0.0348928 0.0189868 0.00231118 -0.00113516 0.0163565 0.00182213 -0.0113255 -0.000171382
internal_weight=40.0649 39.14 38.5013 38.025 37.0169 1.00806 0.58185 36.5557 36.1626 4.34898 1.89143 31.8137 31.478 0.451852 31.0261 11.4665 10.6641 9.762 1.56311 8.19889 3.70977 2.92508 2.14012 0.784958 19.5596 15.7059 3.85379 14.5848 3.9228 2.73856
internal_count=8000 7945 7923 7899 7842 57 43 7837 7822 61 40 7761 7745 237 7508 5706 5036 4298 1592 2706 1423 1206 1075 131 1802 1564 238 1475 714 442
is_linear=0
shrinkage=0.05


Tree=193
num_leaves=31
num_cat=0
split_feature=7 8 0 7 5 6 5 5 5 8 2 4 5 5 2 3 3 5 6 2 3 4 7 7 4 7 4 4 5 8
split_gain=0.214046 0.164279 0.906987 0.862391 0.305168 0.205836 0.202528 0.302734 0.41868 0.324414 0.20924 0.239671 0.217375 0.682403 0.556644 0.503703 0.667277 0.428416 0.3521 0.459665 0.315857 0.413819 0.295982 0.707 0.2996 0.530487 0.44351 1.00336 0.39776 0.57158
threshold=9263.0750000000025 10823.600000000002 1.0000000180025095e-35 7253.2650000000003 203.50000000000003 11.550000000000002 234.50000000000003 231.50000000000003 228.50000000000003 10326.900000000003 307.85000000000008 36.150000000000013 213.50000000000003 211.50000000000003 308.15000000000003 1520.5000000000002 1434.5000000000002 218.50000000000003 8.3500000000000032 311.05000000000007 1380.5000000000002 44.850000000000001 3534.8850000000007 4667.3450000000003 23.350000000000005 5066.6950000000006 29.150000000000002 37.45000000000001 202.50000000000003 3807.4000000000005
decision_type=2 2 2 2 2 2 2 2 2 2 2 2 2 2 2 2 2 2 2 2 2 2 2 2 2 2 2 2 2 2
left_child=1 5 3 -3 -5 6 7 8 9 10 11 -1 13 14 -12 16 -14 -17 20 22 -16 -22 -20 -24 -25 -26 -27 -28 29 -29
right_child=-2 2 -4 4 -6 -7 -8 -9 -10 -11 12 -13 15 -15 18 17 -18 -19 19 -21 21 -23 23 24 25 26 27 28 -30 -31
leaf_value=0.03049366693987042 0.050015805608250669 -0.021775125349381048 -0.028013151576413521 0.018201567283617111 0.050155569967483431 -0.050950731827572565 -0.051358401648794405 0.028837678899337152 -0.053880913729448643 -0.046391902189340375 -0.049034755364705543 -0.024959867828391172 0.026520071902902877 -0.041514468382947423 0.050028881413741823 0.027726918851510341 -0.034130976188983975 -0.0014260740649179435 0.027766881899119217 -0.015289115776848905 0.024807737841140664 -0.031207729945539497 -0.053317301844454934 0.05010037709743953 -0.051652592171172511 0.036155100126246141 -0.052083849022664525 0.01122378944243132 0.016141267750507841 -0.019520469468701188
leaf_weight=1.0158729290269537 0.21629068115726013 0.92748665600083713 1.2871551796561105 1.5710227764211597 1.4248478082008658 0.20603301733740309 0.1971023716032495 0.85541338444454496 0.3741632770979767 0.38363690821552054 0.59659246327238236 0.24109091669788529 0.67480614612577428 1.1116551199229423 0.59867437742650809 2.8970598275773227 1.3827340903226284 2.2304114950820804 1.05653447005898 4.9876923532192441 1.0481823009363322 0.4810193564480868 0.58839763873311213 0.32518431451171537 0.45278919748852686 0.95636867438997697 0.8342138003636127 3.1597281994199857 4.4977378580369987 2.8986483369862981
leaf_count=168 30 9 31 30 39 213 12 9 8 53 312 319 20 35 40 28 44 31 13 1746 236 58 258 2 283 104 1151 1175 66 1477
internal_value=0.000412394 0.000139135 0.00840718 0.0203558 0.033399 -0.00112602 -0.000822716 -0.000526695 -0.00129267 -0.000685722 -0.000138371 0.0198574 -0.000954983 -0.00327382 -0.00138293 0.00665937 -0.0142394 0.0150456 -8.39379e-05 -0.00216525 0.019241 0.00718774 0.00226668 0.000301991 0.00270582 0.00150171 0.00345103 0.000705096 0.00487683 -0.00348589
internal_weight=39.4785 39.2623 5.21051 3.92336 2.99587 34.0517 33.8457 33.6486 32.7932 32.419 32.0354 1.25696 30.7784 23.5934 22.4818 7.18501 2.05754 5.12747 21.8852 19.7573 2.12788 1.5292 14.7696 13.7131 13.1247 12.7995 12.3467 11.3903 10.5561 6.05838
internal_count=8000 7970 109 78 69 7861 7648 7636 7627 7619 7566 487 7079 6956 6921 123 64 59 6609 6275 334 294 4529 4516 4258 4256 3973 3869 2718 2652
is_linear=0
shrinkage=0.05


Tree=194
num_leaves=31
num_cat=0
split_feature=7 1 5 7 5 6 6 3 6 4 8 5 8 0 5 5 6 3 3 7 3 3 2 1 2 3 3 5 5 7
split_gain=0.218526 0.201354 0.15364 0.336145 0.334539 0.160714 0.554469 0.522843 0.724564 0.549251 0.338416 0.289245 0.488203 0.402894 0.256418 0.536901 0.75114 0.460241 0.510772 0.303131 0.663839 0.409517 0.402675 0.638315 0.347604 0.349687 0.427519 0.593667 0.522955 0.76538
threshold=8982.2450000000008 299.65000000000003 224.50000000000003 5860.5750000000007 222.50000000000003 8.6500000000000004 8.9500000000000011 1380.5000000000002 8.5500000000000025 44.850000000000001 267.35000000000008 210.50000000000003 4536.4000000000005 1.0000000180025095e-35 39.500000000000007 20.500000000000004 9.4500000000000011 2471.5000000000005 2362.5000000000005 3883.7550000000006 1692.5000000000002 1684.5000000000002 310.65000000000003 299.65000000000003 307.55000000000007 1663.5000000000002 1660.5000000000002 188.50000000000003 40.500000000000007 7297.0950000000012
decision_type=2 2 2 2 2 2 2 2 2 2 2 2 2 2 2 2 2 2 2 2 2 2 2 2 2 2 2 2 2 2
left_child=2 -2 4 -4 5 7 10 8 -1 11 -7 12 13 -9 15 16 -8 18 19 -16 21 24 -22 -24 -21 26 27 28 -26 -30
right_child=1 -3 3 -5 -6 6 14 9 -10 -11 -12 -13 -14 -15 17 -17 -18 -19 -20 20 22 -23 23 -25 25 -27 -28 -29 29 -31
leaf_value=0.050038382846186252 0.030965232233699222 0.0020769271015070828 -0.0070212623561552142 0.021365863278142713 -0.052975690010308052 0.039873259447558498 0.035464485486030123 -0.051893475815116386 0.00084917860160630397 -0.04062760723175559 -0.039961857878702128 0.020052691744504084 -0.0515684972216666 0.037090287516630592 0.041420359422896472 -0.051159672468825995 -0.052957286190977698 0.029940108621719454 -0.074912498183824186 -0.05477733013353147 -0.052283214734615294 0.039966280637822295 0.04989638673285144 -0.051506604765544674 0.043228175224511493 -0.052315522515793626 0.045621527670610618 0.0049874299007235676 -0.050622647966755877 -0.0012831286125544747
leaf_weight=1.2498660238925394 1.0825797393918031 1.3621722382958976 1.917387519031762 2.2864250670536421 0.31553203531075169 0.14689008534969872 0.67450473316330561 0.17158744010021176 1.8668653760105371 0.92555769735190541 1.3780082951416259 1.3599802730022927 0.49428128614454181 0.4918122082717673 0.42015586716662312 0.76314133022469821 0.37300599239779331 1.2372421976178873 0.23394396116782346 0.28753127940945944 0.98219429831351479 0.65638037174539832 0.31018547869462054 0.31058916634992784 0.31474725793669778 0.30626089952784141 0.53408007269717828 13.29660548054744 1.4765464290103412 1.6806857600677174
leaf_count=73 27 33 20 42 16 20 151 166 19 108 470 14 137 101 35 615 525 16 11 158 470 46 4 243 24 146 21 649 2912 728
internal_value=0.000397753 0.0148692 -0.000572546 0.0084183 -0.00174421 -0.00123814 -0.00304113 0.00573823 0.0205749 -0.00769166 -0.0322715 0.00441644 -0.0139522 0.0140748 -0.00117284 -0.0192607 0.00397855 0.000312655 -0.00144883 -0.000613564 -0.00148978 0.00117744 -0.0323603 -0.00083808 -0.000245201 0.000645239 0.00158266 0.000180016 -0.0182309 -0.0243578
internal_weight=38.9067 2.44475 36.462 4.20381 32.2582 31.9426 25.3827 6.55995 3.11673 3.44322 1.5249 2.51766 1.15768 0.6634 23.8578 1.81065 1.04751 22.0471 20.8099 20.576 20.1558 18.5528 1.60297 0.620775 17.8965 17.6089 17.3027 16.7686 3.47198 3.15723
internal_count=8000 60 7940 62 7878 7862 7244 618 92 526 490 418 404 267 6754 1291 676 5463 5447 5436 5401 4684 717 247 4638 4480 4334 4313 3664 3640
is_linear=0
shrinkage=0.05


Tree=195
num_leaves=31
num_cat=0
split_feature=4 8 3 5 8 3 1 6 7 5 7 3 2 7 7 8 5 3 7 3 2 3 3 8 3 7 7 4 5 5
split_gain=0.210793 0.158082 0.152351 0.137451 0.599057 0.639359 0.455364 0.424582 0.653064 0.358188 0.241872 0.435235 0.729112 0.41278 0.478867 0.434693 0.380463 0.379673 0.348559 0.350819 0.35414 0.279167 0.378794 0.242341 0.23334 0.229574 0.391263 1.00335 0.575909 0.916393
threshold=67.100000000000009 12337.600000000002 2651.0000000000005 76.500000000000014 3925.4000000000005 1420.5000000000002 300.15000000000003 9.0500000000000025 8982.2450000000008 78.500000000000014 7696.4300000000012 1353.5000000000002 308.25000000000006 7022.0800000000008 7145.1900000000014 10326.900000000003 219.50000000000003 1330.5000000000002 7161.0150000000012 1341.5000000000002 310.25000000000006 1345.5000000000002 1334.5000000000002 11112.650000000001 2471.5000000000005 6830.4850000000015 6660.3400000000011 41.350000000000001 206.50000000000003 203.50000000000003
decision_type=2 2 2 2 2 2 2 2 2 2 2 2 2 2 2 2 2 2 2 2 2 2 2 2 2 2 2 2 2 2
left_child=1 2 3 4 5 7 -7 -1 -9 -5 13 21 -13 15 -15 17 18 -11 -16 20 -20 22 23 -12 -8 26 27 -19 29 -28
right_child=-2 -3 -4 9 -6 6 24 8 -10 10 11 12 -14 14 16 -17 -18 25 19 -21 -22 -23 -24 -25 -26 -27 28 -29 -30 -31
leaf_value=0.030663817350227236 0.032917417501266137 0.050032100351506362 0.031485757338402164 0.044166058311860157 -0.053004076431776063 0.012392563562967368 -0.054461838599343199 -0.050571117796111169 0.050076934850160987 0.044929897474962434 -0.045337399096584741 -0.035241149610603539 0.029968562864159987 -0.050267269407854101 0.047775919025853528 0.049558401490997175 0.024457619105816217 0.00032481385304442803 0.048254096025793752 -0.038244217235561609 -0.029952903907386186 -0.056888760892011427 0.031584896051772754 0.015111544612296555 -0.013055343772874782 -0.027634709500805182 0.025773965703654162 -0.045537078851253521 0.044207109782853471 -0.060500186652974353
leaf_weight=1.6079424444469617 0.49139250861480732 0.15695823088753869 0.37439086008816858 0.4656550617000893 0.65103643268594158 0.66443415289677465 0.8449562293162669 0.46539194527122152 0.24655522452667356 0.45352944555112529 0.48427508653457951 0.50391849762218077 2.8700952884282742 0.85315332160075685 0.18355595451521445 0.4446193614276116 0.69960766751319159 17.730834634139239 0.28295142008300889 1.3548799104341922 0.29636600505182287 0.28189107326579677 0.50494408637769084 0.2521214485168457 0.5696180984377861 0.79684785013614501 0.89928685360882743 1.2785754432043166 1.1543283109785987 0.46796030644327402
leaf_count=108 33 22 15 66 26 1102 1051 562 7 41 85 37 245 164 14 5 12 2738 46 510 35 23 24 10 4 272 249 472 12 10
internal_value=0.000380106 -4.24178e-05 -0.000250986 -0.000569457 -0.0082399 -0.00161481 -0.0217509 0.0164305 -0.0157156 0.000631287 -6.32886e-06 0.010214 0.0202293 -0.00186721 -0.0174486 0.00059518 -0.00751039 -0.000360425 -0.0180711 -0.0243201 0.00824512 -0.0119704 -0.00177004 -0.0246414 -0.0377884 -0.00128038 -0.000305019 -0.00275986 0.0182013 -0.00375462
internal_weight=38.3321 37.8407 37.6837 37.3093 5.04993 4.3989 2.07901 2.31989 0.711947 32.2594 31.7937 4.89725 3.37401 26.8965 3.67051 23.226 2.81736 22.7814 2.11775 1.9342 0.579317 1.52323 1.24134 0.736397 1.41457 22.3278 21.531 19.0094 2.52158 1.36725
internal_count=8000 7967 7945 7930 2860 2834 2157 677 569 5070 5004 424 282 4580 781 3799 617 3794 605 591 81 142 119 95 1055 3753 3481 3210 271 259
is_linear=0
shrinkage=0.05


Tree=196
num_leaves=31
num_cat=0
split_feature=7 6 4 3 5 3 4 5 2 4 2 7 8 3 0 4 5 4 8 5 5 5 3 8 7 7 3 1 6 3
split_gain=0.198825 0.485564 0.148186 0.141295 0.133964 0.353236 1.51341 0.319399 0.180165 0.275746 0.219598 0.222377 0.190279 0.187513 0.68254 0.505245 1.05788 0.62914 0.893687 0.445934 0.626146 0.563697 0.424762 0.423227 0.939633 0.398291 0.862353 0.685624 0.396516 1.03144
threshold=8982.2450000000008 9.4500000000000011 65.850000000000009 2651.0000000000005 224.50000000000003 1576.5000000000002 45.250000000000007 222.50000000000003 307.55000000000007 15.750000000000002 307.85000000000008 5811.8950000000013 11112.650000000001 1456.5000000000002 1.5000000000000002 39.050000000000004 221.50000000000003 38.850000000000001 7822.8500000000013 206.50000000000003 208.50000000000003 203.50000000000003 1393.5000000000002 7581.3000000000011 5542.0000000000009 5066.6950000000006 1920.5000000000002 299.65000000000003 8.5500000000000025 1380.5000000000002
decision_type=2 2 2 2 2 2 2 2 2 2 2 2 2 2 2 2 2 2 2 2 2 2 2 2 2 2 2 2 2 2
left_child=2 -2 3 4 7 6 -6 8 9 -1 11 -10 -13 19 15 17 -17 18 23 21 -21 28 -22 24 25 26 -15 -27 29 -12
right_child=1 -3 -4 -5 5 -7 -8 -9 10 -11 13 12 -14 14 -16 16 -18 -19 -20 20 22 -23 -24 -25 -26 27 -28 -29 -30 -31
leaf_value=0.050138307779057804 0.050115965656978984 -2.0988536865007968e-05 -0.042529941459601588 0.030555531561997886 -0.057140701643609182 0.020264989691787343 0.035899876268630275 -0.052888437856763018 0.042305178875761879 -0.054083099237654614 0.050036079873274658 -0.052839343993365609 0.050064375339848678 -0.051737594308721935 -0.04449362582582235 -0.045759047230496716 0.050139334552610083 0.043807922808609061 -0.053917711450649754 0.038031583687654413 -0.01737132586030711 -0.04749529002602576 0.017363780665863075 0.021430576184699769 -0.051839464324848955 -0.051736086940213512 0.0055617238230056291 0.025990864940085307 -0.0060513557604954821 -0.024223947778070673
leaf_weight=0.078455641865736392 0.67867012554779593 1.6742389153223483 0.20915932441130181 0.36669890489429136 0.84976521384669357 2.3960579764097929 0.89995348767843097 0.30270611378364165 0.55094937961439683 0.33215542607354109 1.1352734286338089 0.13616781536757117 0.067040404304862022 0.85553670745956933 1.0479146223410687 1.4661075510784947 0.35775031620869402 0.81229692630131545 0.76443505630595687 1.7948574909241859 1.593724206555635 0.69169040000997561 1.9656805506674571 2.2140964666941727 0.88461062461010431 0.31991435122154177 2.8244512648793716 2.507361522744759 7.2476462404488302 0.79507819556602033
leaf_count=1 21 39 12 15 25 21 16 16 77 240 69 170 2 584 464 1234 3 51 23 18 47 30 38 22 1306 320 237 488 2300 111
internal_value=0.000365228 0.0144405 -0.00056852 -0.000319597 -0.000644083 0.00779302 -0.00928604 -0.00178174 -0.00127357 -0.0341695 -0.000823814 0.025816 -0.0188904 -0.00151001 -0.00567456 -0.00254698 -0.0269485 0.00143283 -0.00188635 0.00233464 0.013953 -0.00396825 0.00181113 0.00225427 -0.00348964 0.00308314 -0.00775943 0.0171958 -0.000687883 0.0194497
internal_weight=37.8204 2.35291 35.4675 35.2584 34.8917 4.14578 1.74972 30.7459 30.4432 0.410611 30.0326 0.754158 0.203208 29.2784 14.0545 13.0066 1.82386 11.1827 10.3704 15.224 5.35426 9.86969 3.5594 9.60597 7.39187 6.50726 3.67999 2.82728 9.178 1.93035
internal_count=8000 60 7940 7928 7913 62 41 7851 7835 241 7594 249 172 7345 4732 4268 1237 3031 2980 2613 103 2510 85 2957 2935 1629 821 808 2480 180
is_linear=0
shrinkage=0.05


Tree=197
num_leaves=31
num_cat=0
split_feature=4 8 1 2 7 7 5 4 3 7 3 7 6 7 4 7 7 4 4 2 8 1 3 3 3 4 4 7 1 1
split_gain=0.196988 0.14805 0.139551 0.438636 0.229442 0.229097 0.597154 0.466405 0.556014 0.236124 0.321605 0.462559 0.789221 0.616485 0.363522 0.266467 0.505602 0.368063 0.662765 0.465745 0.440765 0.617369 0.428572 0.457719 0.305035 0.482729 0.380308 0.582957 0.407086 0.547571
threshold=67.100000000000009 12337.600000000002 303.95000000000005 313.65000000000003 3534.8850000000007 4552.505000000001 217.50000000000003 23.650000000000002 1737.5000000000002 4898.0900000000011 1660.5000000000002 5632.4300000000012 11.350000000000003 4925.3900000000003 30.650000000000002 5647.6900000000014 5715.3000000000011 36.150000000000013 37.45000000000001 308.15000000000003 7677.1000000000013 296.95000000000005 1566.5000000000002 1542.5000000000002 1540.5000000000002 37.750000000000007 37.850000000000001 6137.4750000000013 299.15000000000003 300.25000000000006
decision_type=2 2 2 2 2 2 2 2 2 2 2 2 2 2 2 2 2 2 2 2 2 2 2 2 2 2 2 2 2 2
left_child=1 2 4 -4 -1 6 -6 -7 9 -9 11 12 13 -11 -12 -13 -17 20 -19 -20 21 -18 23 24 25 -21 -27 -28 -29 -30
right_child=-2 -3 3 -5 5 7 -8 8 -10 10 14 15 -14 -15 -16 16 17 18 19 22 -22 -23 -24 -25 -26 26 27 28 29 -31
leaf_value=0.01456189280935772 0.032411934893473125 0.050029357185523898 -0.058174291179270976 0.047809575793643692 -0.052825507586462067 0.042596414949323487 0.016911376639077075 -0.05218947895495081 -0.051845225039494729 0.046460265904580134 0.022106226249365153 0.047986952219853357 0.034242420934485387 -0.053656147752606256 -0.051166825920121117 -0.059804060296594436 0.049131987403859941 -0.05245716872483433 -0.035056496280556029 -0.064902889109584791 0.040580558666370357 -0.051550670161087803 0.037697628712338768 -0.054840223684153311 0.042433333801719354 0.038683427294701589 -0.041864062302726934 0.016081550992379588 -0.030001541317950062 0.0013742071267635067
leaf_weight=2.5454911086708298 0.47300321515649457 0.1469180469866832 0.33468975272353318 0.13782940499368124 0.69570092600906608 0.62439898902175528 0.5493871383368969 0.21668536415473383 0.52954735636785599 0.17384776897961884 2.4251282753907613 0.29062283590247062 0.4369618700347927 1.3309269336111809 0.18197234879426094 0.35049347527319952 0.25420634459078684 0.60950774861840074 0.89276148988051574 0.27816773577798315 1.1724363984540103 0.37964278750587255 0.80040344653025286 0.36808824599483969 0.44339721027063106 0.66222947103961161 0.79209395807265792 4.0043872786554884 1.550112248566619 13.510520435715078
leaf_count=31 33 22 112 6 372 43 5 126 393 7 294 26 61 733 201 170 16 330 480 45 9 362 163 186 16 12 337 1094 552 1763
internal_value=0.000350977 -6.23655e-05 -0.000263763 -0.0272598 8.98957e-05 -0.00100898 -0.0220546 -0.000197185 -0.00104132 -0.00017695 0.000187693 -0.00136033 -0.0249121 -0.0420896 0.0169919 0.000374614 -0.00015619 0.000656712 -0.000987286 0.000358997 0.02242 -0.0111717 0.0017699 0.000439131 0.00139708 0.000522197 0.00140912 0.000166035 0.00191226 -0.00185513
internal_weight=37.1616 36.6886 36.5416 0.472519 36.0691 33.5236 1.24509 32.2785 31.6541 31.1246 30.9079 28.3008 1.94174 1.50477 2.6071 26.3591 26.0684 25.718 23.9117 23.3022 1.80629 0.633849 22.4094 21.609 21.2409 20.7975 20.5193 19.8571 19.065 15.0606
internal_count=8000 7967 7945 118 7827 7796 377 7419 7376 6983 6857 6362 801 740 495 5561 5535 5365 4978 4648 387 378 4168 4005 3819 3803 3758 3746 3409 2315
is_linear=0
shrinkage=0.05


Tree=198
num_leaves=31
num_cat=0
split_feature=7 8 0 7 5 5 5 8 6 2 2 8 7 4 7 3 3 6 2 5 3 1 2 6 4 3 3 5 4 0
split_gain=0.18803 0.151118 0.873804 0.812995 0.27616 0.187441 0.273794 0.254256 0.187895 0.177393 0.272397 0.390899 0.587559 0.223467 0.197711 0.189498 0.337399 0.182518 0.436606 0.426902 0.391572 0.348102 0.474392 0.336234 0.800094 1.05439 0.972967 0.538103 0.835212 0.459947
threshold=9263.0750000000025 10823.600000000002 1.0000000180025095e-35 7253.2650000000003 203.50000000000003 234.50000000000003 233.50000000000003 10624.100000000002 11.550000000000002 307.85000000000008 308.15000000000003 7719.8500000000013 5982.1650000000009 36.150000000000013 8982.2450000000008 1604.5000000000002 2267.5000000000005 10.950000000000001 311.85000000000008 11.500000000000002 2089.5000000000005 300.55000000000007 311.75000000000006 9.6500000000000004 37.650000000000013 2471.5000000000005 1420.5000000000002 219.50000000000003 41.250000000000007 1.0000000180025095e-35
decision_type=2 2 2 2 2 2 2 2 2 2 2 2 2 2 2 2 2 2 2 2 2 2 2 2 2 2 2 2 2 2
left_child=1 5 3 -3 -5 6 7 8 9 13 11 12 -11 15 -15 -1 -17 23 19 -19 21 22 -21 29 25 -25 -26 28 -28 -12
right_child=-2 2 -4 4 -6 -7 -8 -9 -10 10 17 -13 -14 14 -16 16 -18 18 -20 20 -22 -23 -24 24 26 -27 27 -29 -30 -31
leaf_value=0.047195521157624064 0.050014071090454276 -0.021979030277413946 -0.028384229640371794 0.018750278749726072 0.050144458857651432 -0.051282507127547498 0.050269280879955559 -0.05183446396445264 -0.050913765369008851 -0.051151141696179903 -0.0057251650878269826 -0.059175137689866576 0.040205656698703088 -0.052117946446918709 0.050058952845482257 -0.051743844667508858 0.050109419820944495 -0.059376868141969685 -0.052213180783337469 0.0037265102412547854 0.048825611042816325 -0.052022040875171642 0.048640109938777466 -0.0570194213291631 -0.046211642314254064 0.050396955065669505 -0.05891196002323601 0.048447349512146166 0.020692471656500497 0.010634550128966946
leaf_weight=0.5797783929847522 0.18947421200573344 0.86498339078389053 1.2221683288225902 1.4962202582973989 1.3171462686732409 0.18567805690690775 0.25929059088230033 0.24716103784703491 0.18679652824016457 0.32093804017495375 10.537153138823678 0.48785561806289479 0.38971371239540531 0.17391066697791757 0.065053572878241539 0.16157091711647809 0.16367540135979652 0.2048905543656464 0.28561719110166439 3.219588779088554 0.70264338186098019 0.22494873397590698 0.71926938680280716 1.5065743862310217 0.83308632453645293 0.26928838621824969 0.44700047461356041 0.85218714643269766 1.253574196228328 7.253975577698383
leaf_count=48 30 9 31 30 39 12 2 27 213 141 1946 42 143 320 2 116 4 83 127 1370 22 34 20 787 426 3 248 7 422 1296
internal_value=0.000334055 7.56795e-05 0.00824409 0.0204142 0.0334482 -0.00119384 -0.000897134 -0.00132391 -0.000919095 -0.000614425 -0.00136336 -0.0247112 -0.00105206 0.0187038 -0.0243022 0.0300592 -0.000487695 -0.000374921 0.00793531 0.0113229 0.0142995 0.00847323 0.0119281 -0.00231444 -0.0135496 -0.040731 0.000707 0.0160188 -0.00023176 0.00094518
internal_weight=36.6212 36.4317 4.90052 3.67835 2.81337 31.5312 31.3455 31.0863 30.8391 30.6523 29.5083 1.19851 0.710652 1.14399 0.238964 0.905025 0.325246 28.3098 5.35696 5.07134 4.86645 4.16381 3.93886 22.9528 5.16171 1.77586 3.38585 2.55276 1.70057 17.7911
internal_count=8000 7970 109 78 69 7861 7849 7847 7820 7607 7117 326 284 490 322 168 120 6791 1656 1529 1446 1424 1390 5135 1893 790 1103 677 670 3242
is_linear=0
shrinkage=0.05


Tree=199
num_leaves=31
num_cat=0
split_feature=7 6 7 3 5 3 7 3 6 5 7 6 7 3 2 1 6 4 3 3 8 1 2 8 2 4 3 5 5 0
split_gain=0.192252 0.452786 0.144116 0.131169 0.134858 0.488319 0.464405 0.22986 0.227241 0.19483 0.225593 0.223796 0.793484 0.522161 0.605153 0.508667 0.959512 0.524541 0.410034 0.371921 0.515645 0.467909 0.335447 0.38421 0.76514 0.8292 0.723949 0.579918 0.432105 0.394868
threshold=8982.2450000000008 9.4500000000000011 8804.7900000000027 2651.0000000000005 33.500000000000007 1420.5000000000002 7810.4450000000006 2471.5000000000005 9.0500000000000025 41.500000000000007 7120.1350000000011 9.1500000000000004 5440.5250000000005 1566.5000000000002 310.85000000000008 299.85000000000008 8.6500000000000004 50.250000000000007 1522.5000000000002 2471.5000000000005 3526.2000000000003 298.45000000000005 310.55000000000007 8935.4000000000033 309.85000000000008 36.150000000000013 1456.5000000000002 207.50000000000003 233.50000000000003 1.0000000180025095e-35
decision_type=2 2 2 2 2 2 2 2 2 2 2 2 2 2 2 2 2 2 2 2 2 2 2 2 2 2 2 2 2 2
left_child=2 -2 3 4 5 6 8 -7 -1 10 -6 12 -11 15 -15 -14 18 -18 -17 20 21 -13 23 24 25 -22 27 -27 -26 -25
right_child=1 -3 -4 -5 9 7 -8 -9 -10 11 -12 19 13 14 -16 16 17 -19 -20 -21 22 -23 -24 29 28 26 -28 -29 -30 -31
leaf_value=0.040586056493643753 0.050110201966916339 0.00043067000127914375 -0.04436718839222404 0.030095407827393429 0.037441994718191006 -0.05560925322856633 -0.047363142341406789 -0.01122471965713253 -0.050086081431205944 -0.043648462305675401 -0.031229566736835225 0.022376367714586697 0.049227186195396573 -0.051805784248874623 0.044437979139578372 0.0073153191483608816 -0.055963088498508576 -0.0077362436502748143 -0.052189811812459769 0.032213493086723173 0.015689568143441215 -0.057792918726218251 0.010444560338971683 0.019816919653839721 -0.054149217520590431 -0.050414234743320366 -0.055953118671836825 0.026329353891602333 0.016693450986110258 -0.017046019582701851
leaf_weight=0.69749422566383079 0.63836174225434605 1.629150587134063 0.18723508687980839 0.34943860583007236 0.64273311526995058 0.61978125918903948 0.24514381157723619 0.55106066167354584 0.076698451758147712 1.2636782259564849 0.14693488959528622 0.25117426848192437 0.39258581852481977 0.19429828535794502 1.0246580342645755 4.502661287853698 1.3413365669730413 0.97268288484883658 0.30939421939183365 1.002611051313578 3.0189285418600793 0.66092564953760302 8.0610066383733265 2.6777750945116172 1.2355663364378413 0.35875049133983361 1.0034138216301469 0.7843749497551471 0.26065756566822518 0.99691525023467864
leaf_count=36 21 39 30 15 228 979 63 4 194 299 64 513 7 104 98 255 390 118 41 9 516 998 1189 159 339 630 564 6 5 87
internal_value=0.000322426 0.0144167 -0.000622269 -0.000378811 -0.000698661 -0.0126907 0.0126124 -0.0347195 0.0316033 0.000145778 0.0246642 -0.000492929 -0.00661543 -0.00125952 0.029097 -0.00618104 -0.00923356 -0.0356913 0.0034894 0.00252167 0.000979977 -0.0357159 0.00279927 -0.00316304 -0.0103226 -0.0012027 -0.0249603 0.00224468 -0.0418077 0.00981629
internal_weight=36.0974 2.26751 33.8299 33.6427 33.2932 2.19018 1.01934 1.17084 0.774193 31.1031 0.789668 30.3134 10.0013 8.73762 1.21896 7.51866 7.12607 2.31402 4.81206 20.3121 19.3095 0.9121 18.3974 10.3364 6.66169 5.16547 2.14654 1.14313 1.49622 3.67469
internal_count=8000 60 7940 7910 7895 1276 293 983 230 6619 292 6327 1312 1013 202 811 804 508 296 5015 5006 1511 3495 2306 2060 1716 1200 636 344 246
is_linear=0
shrinkage=0.05


end of trees

feature_importances:
rotational_speed_rpm=926
power_w=898
strain_min_nm=871
tool_wear_min=769
torque_nm=646
temp_diff_k=635
process_temperature_k=568
air_temperature_k=509
type_encoded=178

parameters:
[boosting: gbdt]
[objective: binary]
[metric: binary_logloss]
[tree_learner: serial]
[device_type: cpu]
[data_sample_strategy: bagging]
[data: ]
[valid: ]
[num_iterations: 200]
[learning_rate: 0.05]
[num_leaves: 31]
[num_threads: 4]
[seed: 42]
[deterministic: 0]
[force_col_wise: 0]
[force_row_wise: 0]
[histogram_pool_size: -1]
[max_depth: -1]
[min_data_in_leaf: 20]
[min_sum_hessian_in_leaf: 0.001]
[bagging_fraction: 1]
[pos_bagging_fraction: 1]
[neg_bagging_fraction: 1]
[bagging_freq: 0]
[bagging_seed: 400]
[bagging_by_query: 0]
[feature_fraction: 1]
[feature_fraction_bynode: 1]
[feature_fraction_seed: 30056]
[extra_trees: 0]
[extra_seed: 12879]
[early_stopping_round: 0]
[early_stopping_min_delta: 0]
[first_metric_only: 0]
[max_delta_step: 0]
[lambda_l1: 0]
[lambda_l2: 0]
[linear_lambda: 0]
[min_gain_to_split: 0]
[drop_rate: 0.1]
[max_drop: 50]
[skip_drop: 0.5]
[xgboost_dart_mode: 0]
[uniform_drop: 0]
[drop_seed: 17869]
[top_rate: 0.2]
[other_rate: 0.1]
[min_data_per_group: 100]
[max_cat_threshold: 32]
[cat_l2: 10]
[cat_smooth: 10]
[max_cat_to_onehot: 4]
[top_k: 20]
[monotone_constraints: ]
[monotone_constraints_method: basic]
[monotone_penalty: 0]
[feature_contri: ]
[forcedsplits_filename: ]
[refit_decay_rate: 0.9]
[cegb_tradeoff: 1]
[cegb_penalty_split: 0]
[cegb_penalty_feature_lazy: ]
[cegb_penalty_feature_coupled: ]
[path_smooth: 0]
[interaction_constraints: ]
[verbosity: -1]
[saved_feature_importance_type: 0]
[use_quantized_grad: 0]
[num_grad_quant_bins: 4]
[quant_train_renew_leaf: 0]
[stochastic_rounding: 1]
[linear_tree: 0]
[max_bin: 255]
[max_bin_by_feature: ]
[min_data_in_bin: 3]
[bin_construct_sample_cnt: 200000]
[data_random_seed: 175]
[is_enable_sparse: 1]
[enable_bundle: 1]
[use_missing: 1]
[zero_as_missing: 0]
[feature_pre_filter: 1]
[pre_partition: 0]
[two_round: 0]
[header: 0]
[label_column: ]
[weight_column: ]
[group_column: ]
[ignore_column: ]
[categorical_feature: ]
[forcedbins_filename: ]
[precise_float_parser: 0]
[parser_config_file: ]
[objective_seed: 16083]
[num_class: 1]
[is_unbalance: 0]
[scale_pos_weight: 28.5203]
[sigmoid: 1]
[boost_from_average: 1]
[reg_sqrt: 0]
[alpha: 0.9]
[fair_c: 1]
[poisson_max_delta_step: 0.7]
[tweedie_variance_power: 1.5]
[lambdarank_truncation_level: 30]
[lambdarank_norm: 1]
[label_gain: ]
[lambdarank_position_bias_regularization: 0]
[eval_at: ]
[multi_error_top_k: 1]
[auc_mu_weights: ]
[num_machines: 1]
[local_listen_port: 12400]
[time_out: 120]
[machine_list_filename: ]
[machines: ]
[gpu_platform_id: -1]
[gpu_device_id: -1]
[gpu_device_id_list: ]
[gpu_use_dp: 0]
[num_gpu: 1]

end of parameters

pandas_categorical:[]
