tree
version=v4
num_class=1
num_tree_per_iteration=1
label_index=0
max_feature_idx=16
objective=binary sigmoid:1
feature_names=type_encoded air_temperature_k process_temperature_k rotational_speed_rpm torque_nm tool_wear_min temp_diff_k power_w strain_min_nm tool_wear_critical hdf_risk pwf_risk osf_risk twf_zone physical_risk_sum temp_ratio torque_rpm_ratio
feature_infos=[0:2] [295.30000000000001:304.5] [305.69999999999999:313.80000000000001] [1168:2886] [3.7999999999999998:76.599999999999994] [0:253] [7.5999999999999996:12.1] [1148.4400000000001:10469.92] [0:16497] [0:1] [0:1] [0:1] [0:1] [0:1] [0:2] [1.0250999999999999:1.0407] [0.001317:0.063833000000000001]
tree_sizes=2677 2695 2701 2689 2706 2722 2692 2717 2716 2728 2740 2724 2729 2731 2737 2745 2740 2739 2740 2737 2734 2725 2740 2734 2736 2744 2734 2737 2739 2740 2742 2738 2743 2753 2746 2760 2761 2745 2743 2737 2749 2748 2743 2735 2743 2750 2741 2734 2744 2759 2752 2739 2740 2745 2737 2755 2741 2747 2754 2745 2757 2746 2747 2755 2749 2742 2748 2749 2754 2750 2756 2760 2746 2754 2760 2752 2753 2758 2766 2757 2749 2761 2758 2762 2758 2775 2770 2752 2752 2777 2779 2765 2784 2743 2768 2749 2790 2776 2788 2789 2756 2753 2769 2781 2780 2779 2795 2772 2779 2788 2782 2793 2796 2799 2785 2792 2785 2779 2801 2775 2793 2788 2785 2784 2790 2777 2800 2783 2783 2758 2785 2779 2791 2786 2781 2801 2795 2763 2793 2785 2777 2785 2781 2795 2782 2789 2778 2780 2793 2774 2779 2780 2775 2792 2800 2769 2784 2795 2796 2784 2755 2753 2794 2791 2793 2782 2794 2775 2794 2780 2779 2808 2801 2784 2801 2789 2808 2800 2778 2783 2778 2788 2784 2783 2809 2786 2784 2797 2813 2781 2783 2808 2787 2797 2793 2791 2822 2793 2776 2778 2824 2804 2795 2779 2811 2810 2813 2807 2805 2808 2795 2817 2816 2813 2790 2820 2808 2824 2814 2820 2798 2817 2837 2818 2841 2781 2818 2826 2803 2807 2836 2823 2826 2834 2807 2840 2838 2823 2798 2847 2825 2819 2813 2837 2841 2795 2837 2825 2832 2831

Tree=0
num_leaves=25
num_cat=0
split_feature=14 5 6 3 7 1 1 16 5 3 3 7 4 8 15 7 16 16 16 2 2 16 16 16
split_gain=81918.8 16166.1 1346.6 3250.3 482.294 970.375 407.087 366.682 373.201 833.683 433.946 270.48 304.907 259.677 165.111 392.654 93.2848 77.3934 377.656 194.088 249.191 469.732 738.59 123.001
threshold=1.0000000180025095e-35 202.50000000000003 8.6500000000000004 1380.5000000000002 6841.1400000000012 303.25000000000006 303.55000000000007 0.032748500000000007 213.50000000000003 1554.5000000000002 1920.5000000000002 6309.1500000000005 44.150000000000013 8377.4000000000033 1.0266000000000002 6260.9550000000008 0.023213500000000001 0.03139150000000001 0.031493500000000008 310.65000000000003 310.95000000000005 0.033864000000000005 0.033545500000000006 0.039465000000000007
decision_type=2 2 2 2 2 2 2 2 2 2 2 2 2 2 2 2 2 2 2 2 2 2 2 2
left_child=1 2 3 -1 7 -6 -5 8 9 11 -11 16 -13 -10 -15 -16 -3 -4 -19 -20 21 22 -21 -22
right_child=-2 4 17 6 5 -7 -8 -9 13 10 -12 12 -14 14 15 -17 -18 18 19 20 23 -23 -24 -25
leaf_value=-2.5108091419359626 -2.4650070921745164 -2.5320355873631715 -3.3708492004781765 -3.3816678291800901 -3.3816678291800901 -2.5108091419359626 -2.9021503356010734 -2.5003240476856288 -2.5933400281919727 -3.3816678291800901 -2.7364742295204638 -3.3816678291800901 -2.6848866625430015 -2.496058973474617 -2.7284133996525481 -3.3816678291800901 -2.7243069779627742 -2.9021503356010734 -3.3816678291800901 -3.3816678291800897 -3.3816678291800901 -3.3816678291800901 -2.4808005342394983 -3.2044485821332733
leaf_weight=5.8949325419962433 207.21425199508667 4.0281374789774436 158.17325702309608 14.891005065292122 2.781836111098527 1.9649775139987466 1.784312106668948 6.7956025898456565 15.194851879030468 3.2072933986783019 1.3261273354291914 1.0472794771194451 1.2279448844492433 0.9661250151693811 2.6195271871984009 1.210916895419359 5.2063268907368183 1.784312106668948 44.247557908296585 1.4400092810392409 13.058265980333092 3.1091109476983547 1.8995225466787813 4.8279680870473376
leaf_count=15 222 13 4778 455 85 5 27 15 79 98 13 32 10 2 25 37 49 27 1352 44 399 95 3 120
internal_value=-2.92334 -3.2413 -3.33737 -3.11631 -2.73426 -3.02117 -3.33036 -2.70246 -2.74058 -2.84835 -3.19293 -2.71262 -3.00561 -2.65409 -2.84653 -2.93493 -2.64044 -3.35921 -3.33303 -3.34424 -3.27619 -3.11631 -2.86926 -3.33383
internal_weight=505.901 298.687 251.11 22.5702 47.5769 4.74681 16.6753 42.8301 36.0345 16.0431 4.53342 11.5097 2.27522 19.9914 4.79657 3.83044 9.23446 228.54 70.3667 68.5824 24.3349 6.44864 3.33953 17.8862
internal_count=8000 7778 7315 497 463 90 482 373 358 215 111 104 42 143 64 62 62 6818 2040 2013 661 142 47 519
is_linear=0
shrinkage=1


Tree=1
num_leaves=25
num_cat=0
split_feature=14 5 6 3 7 1 16 16 2 2 3 4 4 7 7 5 7 5 5 3 5 3 5 6
split_gain=18569.8 7107.14 931.53 1144.71 101.448 304.624 71.5436 226.84 167.574 150.206 206.947 102.975 473.784 86.6956 838.807 520.935 51.2462 43.6765 39.1346 94.3831 214.614 209.149 41.3959 47.7298
threshold=1.0000000180025095e-35 202.50000000000003 8.6500000000000004 1422.5000000000002 6841.1400000000012 303.25000000000006 0.03139150000000001 0.031493500000000008 310.65000000000003 310.95000000000005 1418.5000000000002 53.850000000000001 54.050000000000004 5102.3550000000005 5066.6950000000006 144.50000000000003 7134.1800000000012 11.500000000000002 224.50000000000003 1570.5000000000002 215.50000000000003 1920.5000000000002 215.50000000000003 9.6500000000000004
decision_type=2 2 2 2 2 2 2 2 2 2 2 2 2 2 2 2 2 2 2 2 2 2 2 2
left_child=1 2 3 16 18 -6 13 -8 -9 10 -10 -11 -13 14 -4 -16 -1 -18 19 22 21 -21 23 -3
right_child=-2 4 6 -5 5 -7 7 8 9 11 -12 12 -14 -15 15 -17 17 -19 -20 20 -22 -23 -24 -25
leaf_value=0.38253733900932557 0.38290697499419418 0.38102165431972856 -0.031030811587360776 -0.031071718111189632 -0.031019720349025302 0.37786719048469003 0.28642941483692208 -0.031019720349025302 -0.031054795725307463 -0.031029046487895711 0.27750737852992841 0.6226966275724396 -0.031196448739036684 -0.03103081158736078 -0.03103081158736077 0.74073541934104148 0.37967442023730286 0.20675796181526301 0.37807095649323058 -0.031203729874091951 0.35209487845776827 0.33752090048546901 0.27070733675354208 0.3139912990692213
leaf_weight=10.314682897180321 457.1954984664917 26.914894673973322 26.784345991909507 13.692890379577873 2.7023773081600657 4.17061697691679 2.6899461895227423 42.983695536851883 3.027971666306259 12.712653059512379 5.5267740413546562 1.3084808439016331 4.1928735896945 124.99361462891102 1.2203898653388017 2.2172745913267136 2.0764915756881228 3.5833990350365639 16.683483228087425 3.4427542537450782 8.9048562087118608 2.3158058971166611 5.6531256921589366 14.827818881720303
leaf_count=33 222 67 834 418 85 5 27 1352 94 397 48 8 114 3892 38 14 4 42 45 100 28 13 47 73
internal_value=0.257737 0.0908645 0.0120885 0.170206 0.327633 0.217098 -0.00851673 0.0161003 0.00567532 0.0645981 0.168291 0.0158956 0.12433 -0.020006 0.0255908 0.466754 0.342735 0.270197 0.337281 0.326315 0.2598 0.117079 0.346893 0.357211
internal_weight=800.137 342.941 257.325 29.6675 85.6157 6.87299 227.658 72.4424 69.7524 26.7688 8.55475 18.214 5.50135 155.216 30.222 3.43766 15.9746 5.65989 78.7427 62.0593 14.6634 5.75856 47.3958 41.7427
internal_count=8000 7778 7315 497 463 90 6818 2040 2013 661 142 519 122 4778 886 52 79 46 373 328 141 113 187 140
is_linear=0
shrinkage=0.03


Tree=2
num_leaves=25
num_cat=0
split_feature=14 5 6 3 3 3 1 1 0 7 7 5 7 1 5 1 2 3 1 3 2 2 16 16
split_gain=9434.72 4567.04 742.299 707.477 68.6162 398.625 182.788 180.46 122.308 81.6297 483.843 51.6667 43.9309 177.634 42.7379 130.967 32.4294 28.5853 80.4771 139.356 21.9439 53.8428 104.337 285.378
threshold=1.0000000180025095e-35 202.50000000000003 8.6500000000000004 1422.5000000000002 1440.5000000000002 1437.5000000000002 301.85000000000008 302.35000000000008 1.0000000180025095e-35 5102.3550000000005 5066.6950000000006 40.500000000000007 6841.1400000000012 303.25000000000006 178.50000000000003 300.45000000000005 311.45000000000005 1378.5000000000002 303.45000000000005 1380.5000000000002 308.55000000000007 310.45000000000005 0.028359000000000006 0.018353000000000005
decision_type=2 2 2 2 2 2 2 2 2 2 2 2 2 2 2 2 2 2 2 2 2 2 2 2
left_child=1 2 3 17 5 6 -4 8 -8 10 -6 -7 20 -14 15 -12 -10 -1 19 -19 -3 22 23 -22
right_child=-2 12 4 -5 9 11 7 -9 16 -11 14 -13 13 -15 -16 -17 -18 18 -20 -21 21 -23 -24 -25
leaf_value=0.27298157330910616 0.27063891374714033 0.2710320674072681 -0.031022197590329197 -0.031038986111773723 -0.03099931948411665 0.36545387063443191 -0.031037627493297786 -0.031076648839956509 0.19631805941109429 -0.031011656750964945 -0.031349370572519741 0.18294576576874058 -0.030988576585057184 0.26736326395785032 0.38741444700214017 0.35240885935639599 0.33942466942557181 0.28201010617800853 0.35004001786523514 -0.031375508750231935 0.24717917264683054 0.25543919696242467 0.26113553205502266 -0.032581977536085938
leaf_weight=13.960919596254827 624.04170656204224 22.51224048063159 53.31078789383173 13.302006172016261 25.98756051436067 2.1527077648788682 1.7969529908150415 6.126527264714241 3.7377633433789015 121.91691651381552 1.249767899513244 3.9714719224721193 2.6251059211790544 5.686659500002861 2.0392199456691742 2.2257833108305931 2.3034084774553776 2.7112145423889151 2.2374968715012074 2.4142268225550652 9.1580604538321513 53.376970052719116 14.529483512043951 5.1141887642443171
leaf_count=14 222 65 1693 418 833 12 56 187 38 3886 34 46 85 5 5 13 15 1 6 58 31 166 30 81
internal_value=0.199205 0.0801563 0.0112756 0.140653 -0.00847501 0.0153805 -0.00571321 0.0909052 0.18625 -0.0198881 0.0231612 0.247099 0.23952 0.173135 0.278385 0.214414 0.250882 0.247757 0.199928 0.134397 0.24479 0.237602 0.204544 0.146932
internal_weight=998.489 374.447 261.445 34.6259 226.819 73.3996 67.2754 13.9647 7.83812 153.419 31.5023 6.12418 113.003 8.31177 5.51477 3.47555 6.04117 21.3239 7.36294 5.12544 104.691 82.1787 28.8017 14.2722
internal_count=8000 7778 7315 497 6818 2047 1989 296 109 4771 885 58 463 90 52 47 53 79 65 59 373 308 142 112
is_linear=0
shrinkage=0.03


Tree=3
num_leaves=25
num_cat=0
split_feature=14 5 6 3 3 3 1 1 7 7 7 2 0 7 1 6 3 3 3 1 5 4 15 4
split_gain=5829.29 3269.96 617.515 498.295 64.9337 298.788 162.886 136.085 84.6441 78.0896 356.079 38.1794 33.4306 23.3746 121.318 18.7801 16.3895 54.842 101.788 15.5241 17.4362 35.3165 92.465 100.989
threshold=1.0000000180025095e-35 202.50000000000003 8.6500000000000004 1422.5000000000002 1440.5000000000002 1437.5000000000002 301.85000000000008 302.35000000000008 7083.5950000000003 5102.3550000000005 5066.6950000000006 311.75000000000006 1.5000000000000002 6841.1400000000012 303.25000000000006 9.3500000000000032 1378.5000000000002 1420.5000000000002 1380.5000000000002 302.75000000000006 224.50000000000003 37.45000000000001 1.0362500000000001 31.050000000000004
decision_type=2 2 2 2 2 2 2 2 2 2 2 2 2 2 2 2 2 2 2 2 2 2 2 2
left_child=1 2 3 16 5 6 -4 8 -8 10 -6 -10 -7 19 -15 -12 -1 18 -18 20 21 22 23 -3
right_child=-2 13 4 -5 9 12 7 -9 11 -11 15 -13 -14 14 -16 -17 17 -19 -20 -21 -22 -23 -24 -25
leaf_value=0.21402525558163132 0.21358146895681626 0.15596131258736462 -0.030991018687413711 -0.031007284402030801 -0.030968815445189084 0.14534146071293166 -0.031146991976857309 -0.031043780433470471 0.14695867405029678 -0.030980785074869559 0.27017988174525781 0.28893349298183557 0.27627209470720943 -0.030958410323657398 0.21087719471197161 0.17021186260213236 0.22008267776610843 0.27300303109341528 -0.031529673468962835 0.1567887434139936 0.21887364554153282 0.20587047638249187 0.20506183696733452 -0.033010573547259031
leaf_weight=17.211671456694607 764.41630697250366 9.0137479752302152 51.786478338763118 12.921871334314345 25.243978129699826 4.7994012832641593 1.806736908853052 5.951661115512251 4.7554064616560936 118.42983680777252 2.8227700199931851 2.6572757810354233 2.7669730633497238 2.5499671697616559 6.9697294235229492 4.2193891946226358 3.3577325344085676 2.7933064326643944 2.5428860560059547 8.9708053916692716 27.051434691995382 57.07528880611062 21.488463789224625 3.5466888174414626
leaf_count=14 222 45 1693 418 833 49 52 187 51 3886 9 6 9 85 5 43 1 5 59 40 36 135 64 53
internal_value=0.164997 0.0723189 0.0106682 0.121163 -0.00837915 0.0145277 -0.0056652 0.0807845 0.152976 -0.0197058 0.0216523 0.197853 0.193222 0.191441 0.146099 0.210283 0.197066 0.163492 0.11165 0.194836 0.197724 0.191445 0.167265 0.102601
internal_weight=1165.15 400.734 264.067 38.8275 225.24 74.5239 66.9576 15.1711 9.21942 150.716 32.2861 7.41268 7.56637 136.666 9.5197 7.04216 25.9056 8.69393 5.90062 127.146 118.176 91.1242 34.0489 12.5604
internal_count=8000 7778 7315 497 6818 2047 1989 296 109 4771 885 57 58 463 90 52 79 65 60 373 333 297 162 98
is_linear=0
shrinkage=0.03


Tree=4
num_leaves=25
num_cat=0
split_feature=14 5 6 3 16 2 16 5 7 7 1 1 16 2 5 5 2 16 2 6 8 3 1 5
split_gain=3999.7 2488.15 528.337 378.158 61.7954 117.495 116.246 147.705 75.0774 283.312 64.0342 103.987 54.083 131.698 20.6262 14.792 22.4186 85.9873 13.2311 45.9497 62.854 128.119 44.2449 50.3276
threshold=1.0000000180025095e-35 202.50000000000003 8.6500000000000004 1422.5000000000002 0.03139150000000001 309.85000000000008 0.033727500000000007 78.500000000000014 5102.3550000000005 5066.6950000000006 302.25000000000006 302.35000000000008 0.033545500000000006 309.95000000000005 178.50000000000003 204.50000000000003 308.45000000000005 0.033356500000000004 310.45000000000005 10.950000000000001 3713.5000000000005 1337.5000000000002 298.85000000000008 224.50000000000003
decision_type=2 2 2 2 2 2 2 2 2 2 2 2 2 2 2 2 2 2 2 2 2 2 2 2
left_child=1 2 3 -1 8 -6 7 12 9 -4 -8 -12 13 -7 -11 16 -3 -18 19 22 -21 -22 -17 -24
right_child=-2 15 4 -5 5 6 10 -9 -10 14 11 -13 -14 -15 -16 18 17 -19 -20 20 21 -23 23 -25
leaf_value=0.16524282650936112 0.17827625536957487 0.18338251934346134 -0.030939272224734977 -0.030976577037550853 -0.030968325634303673 0.23319606392350711 -0.03102183131552733 -0.031119966411449276 -0.030946559699394201 0.13379286647274768 0.18154997376685866 -0.031050518532515229 0.21209139670964966 -0.031068209562675288 0.23051672556760408 0.192536580462144 -0.032927082751304182 0.18458452838066106 0.17098647550619708 0.20950471742947976 0.19577435494098031 -0.033490104714803071 0.096217185529969274 0.18160202236547743
leaf_weight=29.886265587061644 886.16146087646484 3.9294240772724134 24.550380578264594 12.552215447649358 30.97278686799109 3.2017081845551747 16.796043626964096 5.472990356385707 115.10572249442339 5.1265895105898363 3.9765303470194322 4.320044344291091 6.9402402378618717 3.6119798962026834 3.2371899038553238 26.35132272541523 2.8217967730015516 3.8916032630950212 83.110112443566322 3.4991576671600333 3.7006754875183088 5.3872101884335279 13.079948494210841 11.833616474643348
leaf_count=79 222 12 834 418 1042 5 540 169 3892 47 23 136 12 113 5 46 44 5 186 1 1 69 86 13
internal_value=0.142037 0.0661825 0.0101739 0.107206 -0.00826617 0.0138611 0.0451902 0.100695 -0.0195215 0.0204337 0.00266036 0.0708484 0.153147 0.0931079 0.17123 0.160623 0.126471 0.0931594 0.163096 0.152827 0.101467 0.0598686 0.165437 0.136774
internal_weight=1309.52 423.356 265.751 42.4385 223.312 75.2923 44.3195 19.2269 148.02 32.9142 25.0926 8.29657 13.7539 6.81369 8.36378 157.605 10.6428 6.7134 146.962 63.8519 12.587 9.08789 51.2649 24.9136
internal_count=8000 7778 7315 497 6818 2040 998 299 4778 886 699 159 130 118 52 463 61 49 402 216 71 70 145 99
is_linear=0
shrinkage=0.03


Tree=5
num_leaves=25
num_cat=0
split_feature=14 5 6 3 16 2 16 5 7 7 1 1 16 2 5 7 1 16 3 3 5 15 5 8
split_gain=2938.01 1968.85 460.003 299.782 58.7499 108.086 97.3945 117.333 72.4221 234.605 58.1849 82.1416 36.4146 98.9841 12.9349 12.672 79.9509 13.6846 121.447 16.0754 24.9382 100.803 38.1179 74.8504
threshold=1.0000000180025095e-35 202.50000000000003 8.6500000000000004 1422.5000000000002 0.03139150000000001 309.85000000000008 0.033727500000000007 78.500000000000014 5102.3550000000005 5066.6950000000006 302.25000000000006 302.35000000000008 0.033545500000000006 309.95000000000005 178.50000000000003 6841.1400000000012 303.25000000000006 0.032748500000000007 1428.5000000000002 1456.5000000000002 213.50000000000003 1.0303500000000001 206.50000000000003 6970.7500000000009
decision_type=2 2 2 2 2 2 2 2 2 2 2 2 2 2 2 2 2 2 2 2 2 2 2 2
left_child=1 2 3 -1 8 -6 7 12 9 -4 -8 -12 13 -7 -11 17 -17 18 -3 -20 21 -21 -23 -24
right_child=-2 15 4 -5 5 6 10 -9 -10 14 11 -13 -14 -15 -16 16 -18 -19 19 20 -22 22 23 -25
leaf_value=0.14279283275421026 0.15406441542157265 -0.034255779085603073 -0.030910654956632228 -0.030946834944860346 -0.030938864854533097 0.18990741748468651 -0.030990689872885561 -0.031085904111000519 -0.030917721585895994 0.11634332338839314 0.15277862213425483 -0.031018494464078609 0.17628133881119731 -0.031035652671829308 0.1875014528293017 -0.031065320162165695 0.15233147357516474 0.15919062054351724 0.16558442693611963 -0.033304168665639018 0.14780308587464092 0.15730665327694349 0.13304768763191643 -0.033372637725650654
leaf_weight=33.485523231327534 992.82065391540527 3.6278742700815192 23.846531290560961 12.192771514877675 30.085593145340681 3.8026949912309673 16.315777271986011 5.3169711027294388 111.80645074509084 5.7087186165153962 4.5731623992323858 4.1966309119015932 8.0793084129691106 3.5088513400405645 3.8493590876460075 2.8018689397722474 9.0475858449935895 30.594091162085533 21.258392762392759 3.6030739620327941 69.90846586599946 22.204138830304146 10.146764416247605 3.1992478296160689
leaf_count=79 222 36 834 418 1042 5 540 169 3892 47 23 136 12 113 5 85 5 15 26 49 117 53 35 42
internal_value=0.125395 0.0611664 0.00974797 0.096417 -0.00815828 0.0132351 0.0422567 0.0904107 -0.0193372 0.0194231 0.00250626 0.0648257 0.132383 0.0838756 0.145001 0.13893 0.108966 0.141088 0.136953 0.141719 0.137067 0.117898 0.133223 0.0931541
internal_weight=1435.98 443.16 266.768 45.6783 221.09 75.879 45.7934 20.7078 145.211 33.4046 25.0856 8.76979 15.3909 7.31155 9.55808 176.392 11.8495 164.542 133.948 130.32 109.062 39.1532 35.5502 13.346
internal_count=8000 7778 7315 497 6818 2040 998 299 4778 886 699 159 130 118 52 463 90 373 358 322 296 179 130 77
is_linear=0
shrinkage=0.03


Tree=6
num_leaves=25
num_cat=0
split_feature=14 5 6 3 3 3 1 1 7 7 7 2 6 3 3 3 5 2 0 2 6 3 3 15
split_gain=2262.54 1605.08 405.779 245.322 56.0615 170.652 125.202 75.7929 70.0714 199.549 40.651 13.3969 13.0437 10.5733 26.1887 65.0212 9.0403 12.6603 8.35278 7.80936 29.1531 40.7077 92.3274 31.1433
threshold=1.0000000180025095e-35 202.50000000000003 8.6500000000000004 1422.5000000000002 1440.5000000000002 1437.5000000000002 301.85000000000008 302.35000000000008 5102.3550000000005 5066.6950000000006 7083.5950000000003 311.75000000000006 9.3500000000000032 1378.5000000000002 1420.5000000000002 1380.5000000000002 204.50000000000003 308.45000000000005 1.5000000000000002 310.45000000000005 10.950000000000001 2267.5000000000005 1337.5000000000002 1.0312500000000002
decision_type=2 2 2 2 2 2 2 2 2 2 2 2 2 2 2 2 2 2 2 2 2 2 2 2
left_child=1 2 3 13 5 6 -4 10 9 -6 -8 -12 -11 -1 15 -15 17 -3 -7 20 23 22 -22 -18
right_child=-2 16 4 -5 8 18 7 -9 -10 12 11 -13 -14 14 -16 -17 19 -19 -20 -21 21 -23 -24 -25
leaf_value=0.13752292175293854 0.13635009348360205 0.13580981453693347 -0.030909848450649789 -0.030918025259117396 -0.030882936847934538 0.10100657389936361 -0.0311281161829286 -0.030951182195253779 -0.030896541006949246 0.16690071874977694 0.097916071429178561 0.1666613110148511 0.099059669148640672 0.14209432626398819 0.16313921469740891 -0.03200982883180984 0.070919172753144979 0.074503905362849912 0.1545756430743857 0.13005152795104791 0.14624064109930865 0.1555738143562482 -0.033803011980920103 0.13437757693009889
leaf_weight=24.424701184034348 1086.5638132095337 4.9763885214924795 47.606005815789104 11.843280239030717 23.134445326402783 6.2878876104950887 1.7420256007462764 5.4550933353602877 108.64283642359078 4.2388405688106996 6.43178917840123 4.2286950051784515 6.4046445488929749 4.7501292228698713 4.2989484295248976 3.2523656003177166 7.9683110043406478 7.7577948197722435 4.4904920682311058 102.58556100726128 4.6504726409912092 4.4391655921936026 5.7118667215108871 55.021711803972721
leaf_count=14 222 12 1693 418 833 49 52 187 3886 9 51 6 43 1 5 59 43 49 9 186 1 1 69 102
internal_value=0.112734 0.0569935 0.00937366 0.0878119 -0.00804905 0.0127123 -0.00549964 0.0622406 -0.0191632 0.0185757 0.10323 0.125185 0.126078 0.126099 0.103418 0.0713351 0.122891 0.0984616 0.123325 0.124616 0.117447 0.0795614 0.0469981 0.12635
internal_weight=1546.91 460.343 267.232 48.5694 218.663 76.242 65.4636 17.8576 142.421 33.7779 12.4025 10.6605 10.6435 36.7261 12.3014 8.00249 193.111 12.7342 10.7784 180.377 77.7915 14.8015 10.3623 62.99
internal_count=8000 7778 7315 497 6818 2047 1989 296 4771 885 109 57 52 79 65 60 463 61 58 402 216 71 70 145
is_linear=0
shrinkage=0.03


Tree=7
num_leaves=25
num_cat=0
split_feature=14 5 6 3 2 3 3 1 4 4 1 2 8 7 1 16 3 3 5 3 6 16 5 7
split_gain=1807.46 1335.12 362.541 206.544 54.5088 65.1358 132.432 96.7271 89.8561 207.579 64.8568 19.7487 67.673 8.30172 60.6384 10.4711 89.8956 11.1615 17.1587 45.2523 65.3198 18.348 23.568 67.0884
threshold=1.0000000180025095e-35 202.50000000000003 8.6500000000000004 1422.5000000000002 309.15000000000003 1440.5000000000002 1437.5000000000002 301.85000000000008 29.150000000000002 28.750000000000004 302.35000000000008 311.75000000000006 985.70000000000016 6841.1400000000012 303.25000000000006 0.032748500000000007 1428.5000000000002 1456.5000000000002 213.50000000000003 1554.5000000000002 11.050000000000002 0.023213500000000001 203.50000000000003 5909.9600000000009
decision_type=2 2 2 2 2 2 2 2 2 2 2 2 2 2 2 2 2 2 2 2 2 2 2 2
left_child=1 2 3 -1 -4 6 7 -6 9 -7 11 12 -9 15 -15 16 -3 -18 19 21 -21 -19 -23 -24
right_child=-2 13 4 -5 5 8 -8 10 -10 -11 -12 -13 -14 14 -16 -17 17 18 -20 20 -22 22 23 -25
leaf_value=0.11355669844514055 0.12279440611647967 -0.034627827955688952 -0.030925420444673779 -0.030890116375397986 -0.030897455296050227 -0.030956408640345909 0.1218688521344535 0.13938964106946405 -0.030919403450800326 0.14718767510795558 -0.030922252966326502 0.14189175991535183 -0.031404636899945694 -0.031157922144776983 0.12130397873614555 0.12648668277538247 0.13031622296436243 0.12902259149812706 0.11672262273662853 -0.032847450119081328 0.11169933203286445 0.1379838849205689 0.12831481616919066 -0.034061520693987928
leaf_weight=39.504838276654482 1168.9417562484741 3.8474297486245623 64.934360785409808 11.503486001864074 27.2443868201226 15.850847361609341 10.803120642900465 4.8432899825274962 69.403581622987986 9.3648514039814454 5.2987489104270926 4.7933188807219258 3.6700280793011189 3.0099443085491648 10.673245593905447 36.247810438275337 25.497501589357853 20.471209228038788 83.150236945599318 5.4599453285336477 5.8052593693137169 4.8807391747832289 5.1820527613162977 4.1034324280917645
leaf_count=79 222 36 2362 418 987 568 39 8 2521 45 187 8 93 85 5 15 26 13 117 85 26 4 8 43
internal_value=0.102734 0.0534232 0.0090387 0.0809808 -0.00793418 0.00193493 0.0273757 0.00511125 -0.0132976 0.0352045 0.0578398 0.0931852 0.0657615 0.110353 0.0877663 0.111941 0.108613 0.112178 0.108595 0.0938721 0.0416413 0.110859 0.0846117 0.0565576
internal_weight=1644.49 475.544 267.215 51.0083 216.207 151.272 56.6529 45.8498 94.6193 25.2157 18.6054 13.3066 8.51332 208.329 13.6832 194.646 158.398 154.55 129.053 45.9026 11.2652 34.6374 14.1662 9.28549
internal_count=8000 7778 7315 497 6818 4456 1322 1283 3134 613 296 109 101 463 90 373 358 322 296 179 111 68 55 51
is_linear=0
shrinkage=0.03


Tree=8
num_leaves=25
num_cat=0
split_feature=14 5 6 3 2 16 7 7 5 16 5 3 3 3 1 3 5 3 15 6 5 2 6 15
split_gain=1483.09 1132.55 325.91 176.385 52.923 61.0731 85.6227 154.114 73.2778 62.4995 111.886 44.362 58.4151 8.34504 18.4694 52.5965 7.02194 13.4317 48.7528 70.0994 14.1258 108.998 11.2323 33.1197
threshold=1.0000000180025095e-35 202.50000000000003 8.6500000000000004 1422.5000000000002 309.15000000000003 0.03139150000000001 5102.3550000000005 5066.6950000000006 119.50000000000001 0.033727500000000007 118.50000000000001 1440.5000000000002 1418.5000000000002 1378.5000000000002 303.55000000000007 1380.5000000000002 224.50000000000003 1570.5000000000002 1.0362500000000001 8.6500000000000004 215.50000000000003 308.65000000000003 9.6500000000000004 1.0366500000000001
decision_type=2 2 2 2 2 2 2 2 2 2 2 2 2 2 2 2 2 2 2 2 2 2 2 2
left_child=1 2 3 13 -4 6 7 -6 9 11 -11 12 -7 -1 15 -15 17 20 19 -19 22 -22 -3 -24
right_child=-2 16 4 -5 5 8 -8 -9 -10 10 -12 -13 -14 14 -16 -17 -18 18 -20 -21 21 -23 23 -25
leaf_value=0.11266825551073587 0.11207159227148582 0.11190445046427286 -0.030897640368483213 -0.030863078324019442 -0.030836906771448822 -0.031024143522371025 -0.03084519120784671 0.11765142927111902 -0.030971642121341104 -0.030979056340122518 0.13144928252705582 -0.031066334769352753 0.11945767835604336 0.11680721164471236 0.12992082154538748 -0.032080272185064852 0.11017617474559431 0.10831549873823408 0.10650478311742363 -0.034711300455993056 0.13302105926223212 -0.035281109989694789 0.046236477364593055 0.10874638724578894
leaf_weight=28.058060750365257 1241.166449546814 79.390818681567907 63.071063322946429 11.173138506710528 14.503902990370991 2.7067283708602252 67.588351799175143 11.108892880380152 14.915063157677649 15.546123843640091 5.0587167628109446 2.7397967819124451 16.31960616260767 5.4436697959899885 5.1001838073134413 3.513788066804409 51.58879766985774 5.8581225723028165 23.673091128468513 6.5127324052155018 10.008839718997477 5.2955851666629306 10.351387497037647 28.998565131798387
leaf_count=14 222 97 2362 418 550 94 2555 34 527 544 11 91 50 1 4 60 50 14 50 78 8 56 63 47
internal_value=0.0946436 0.0503652 0.00873234 0.0751034 -0.00782911 0.0018392 -0.0131442 0.0335661 0.0262163 0.0463471 0.0088989 0.0817974 0.0980498 0.103216 0.0843496 0.0584024 0.100481 0.0975406 0.0812829 0.0330179 0.101912 0.0747857 0.105409 0.0923025
internal_weight=1729.69 488.525 266.847 53.2888 213.558 150.487 93.2011 25.6128 57.286 42.371 20.6048 21.7661 19.0263 42.1157 14.0576 8.95746 221.678 170.089 36.0439 12.3709 134.045 15.3044 118.741 39.35
internal_count=8000 7778 7315 497 6818 4456 3139 584 1317 790 555 235 144 79 65 61 463 413 142 92 271 64 207 110
is_linear=0
shrinkage=0.03


Tree=9
num_leaves=25
num_cat=0
split_feature=14 5 6 3 2 16 4 4 5 16 5 3 3 3 3 3 5 3 2 16 4 16 1 7
split_gain=1244.63 971.901 295.857 153.628 51.3974 57.2724 82.2467 158.147 67.5624 54.1298 98.907 38.1903 49.1158 6.78627 14.9183 46.4698 6.40785 10.0693 45.0888 5.15883 4.95528 38.9127 7.36718 30.8076
threshold=1.0000000180025095e-35 202.50000000000003 8.6500000000000004 1422.5000000000002 309.15000000000003 0.03139150000000001 29.150000000000002 28.750000000000004 119.50000000000001 0.033727500000000007 118.50000000000001 1440.5000000000002 1418.5000000000002 1378.5000000000002 1420.5000000000002 1380.5000000000002 204.50000000000003 1386.5000000000002 308.45000000000005 0.033545500000000006 23.650000000000002 0.015445500000000003 301.65000000000003 6297.9800000000005
decision_type=2 2 2 2 2 2 2 2 2 2 2 2 2 2 2 2 2 2 2 2 2 2 2 2
left_child=1 2 3 13 -4 6 7 -6 9 11 -11 12 -7 -1 15 -15 17 -3 -19 -14 -18 -22 23 -23
right_child=-2 16 4 -5 5 8 -8 -9 -10 10 -12 -13 19 14 -16 -17 20 18 -20 -21 21 22 -24 -25
leaf_value=0.10336675573480537 0.1033703814237768 0.10414362807809548 -0.030870710789496492 -0.030836883687283441 -0.030936396840458982 -0.030993277676695668 -0.030875940525509665 0.11880974120888063 -0.030942243864234623 -0.030949439785425557 0.11808370505376826 -0.031034081594758654 0.087733416711208212 0.10723729625330791 0.11763617005476948 -0.032215478560882575 0.10666408043510335 0.1034220467564087 -0.033691242037410384 0.12113653793478701 -0.035580787356430631 0.095499155981075598 0.10049660083086902 0.053432203109132791
leaf_weight=29.639392018318176 1304.2378263473511 5.9282362014055243 61.259619258344173 10.851994249969719 15.070348318666221 2.6293089017272058 65.668266763910651 10.966038545593618 14.487800935283301 15.100885802879931 5.4557328037917605 2.6615451443940392 6.8315112031996277 5.7465953826904279 5.4686639085412017 3.4367712959647179 23.393035665154457 6.0121457837522012 3.3675160501152277 10.645771997049449 2.126412969082593 95.231314992532134 79.043704511597753 18.753638373687863
leaf_count=14 222 5 2362 418 568 94 2526 45 527 544 11 91 45 1 5 59 20 11 45 5 22 157 84 119
internal_value=0.0879452 0.0476909 0.00845863 0.0703245 -0.0077267 0.00175578 -0.0129865 0.0321339 0.0251405 0.0438946 0.008604 0.0757574 0.0898935 0.0951103 0.0784086 0.0550487 0.0923023 0.0735386 0.0541952 0.10808 0.0936165 0.0920526 0.0934586 0.088578
internal_weight=1804.01 499.776 265.92 55.1434 210.777 149.517 91.7047 26.0364 57.8126 43.3248 20.5566 22.7681 20.1066 44.2914 14.652 9.18337 233.856 15.3079 9.37966 17.4773 218.548 195.155 193.029 113.985
internal_count=8000 7778 7315 497 6818 4456 3139 613 1317 790 555 235 144 79 65 60 463 61 56 50 402 382 360 276
is_linear=0
shrinkage=0.03


Tree=10
num_leaves=25
num_cat=0
split_feature=14 5 6 3 2 16 4 16 5 16 5 3 16 4 3 1 3 7 1 5 16 3 3 16
split_gain=1064.45 842.61 270.189 135.439 49.9196 53.8459 78.5248 139.593 62.5939 47.4035 88.5271 32.8749 17.4262 52.4539 5.63662 12.2046 41.3857 5.51153 11.6466 46.5282 9.09276 65.7512 7.71771 12.6377
threshold=1.0000000180025095e-35 202.50000000000003 8.6500000000000004 1422.5000000000002 309.15000000000003 0.03139150000000001 29.150000000000002 0.017048000000000004 119.50000000000001 0.033727500000000007 118.50000000000001 1418.5000000000002 0.033545500000000006 45.250000000000007 1378.5000000000002 303.55000000000007 1380.5000000000002 6841.1400000000012 303.85000000000008 233.50000000000003 0.032748500000000007 1428.5000000000002 1456.5000000000002 0.025377500000000004
decision_type=2 2 2 2 2 2 2 2 2 2 2 2 2 2 2 2 2 2 2 2 2 2 2 2
left_child=1 2 3 14 -4 6 7 -6 9 11 -11 -7 13 -13 -1 16 -16 20 19 -19 21 -3 -23 -24
right_child=-2 17 4 -5 5 8 -8 -9 -10 10 -12 12 -14 -15 15 -17 -18 18 -20 -21 -22 22 23 -25
leaf_value=0.095692985062710928 0.096164892087743106 -0.035121693392844919 -0.030844603774381037 -0.030811505998129447 -0.030918329086679439 -0.030963361294513651 -0.030849748051632202 0.10789516406957322 -0.030913755054086139 -0.030920738861781753 0.1074425949216866 0.11164615109927456 0.10784488374732222 -0.031180814798754151 0.099383231435061517 0.10760029647251569 -0.032022294068391945 -0.032988053810085224 0.10143760367172082 0.10066124312343677 0.099143269275117976 0.10021361759930848 0.086781278941194084 0.059693292751010679
leaf_weight=31.032977536320686 1359.0103712081909 4.095605242997407 59.498682506382465 10.539812671020625 14.697657352313401 2.5540292393416193 63.780768316239119 11.718154877424238 14.072382858023046 14.667984241619708 5.8103279359638682 5.6425434872508067 11.523918727412818 3.923250624909997 6.0104026794433576 5.7964004874229422 3.3645995557308197 3.8575352486222965 5.9402427673339835 5.9765209555625916 42.410259991884232 30.429886966943741 134.69038112461567 17.516893807798624
leaf_count=14 222 36 2362 418 565 94 2526 48 527 544 11 6 12 123 1 4 60 87 1 2 15 26 229 67
internal_value=0.0823001 0.0453218 0.00820871 0.0662301 -0.00762844 0.00168028 -0.0128355 0.0306599 0.0241785 0.0417497 0.0083372 0.070689 0.0829994 0.0530681 0.0883666 0.0733805 0.052223 0.0854227 0.0682703 0.0482356 0.0866035 0.0837555 0.0864213 0.0836638
internal_weight=1868.56 509.551 264.634 56.7442 207.89 148.391 90.1966 26.4158 58.1944 44.1221 20.4783 23.6437 21.0897 9.56579 46.2044 15.1714 9.375 244.917 15.7743 9.83406 229.143 186.733 182.637 152.207
internal_count=8000 7778 7315 497 6818 4456 3139 613 1317 790 555 235 141 129 79 65 61 463 90 89 373 358 322 296
is_linear=0
shrinkage=0.03


Tree=11
num_leaves=25
num_cat=0
split_feature=14 5 6 3 2 16 4 4 5 16 8 3 16 4 5 3 15 6 5 1 3 15 6 15
split_gain=923.712 737.651 248.037 120.631 48.4849 50.754 75.0957 123.505 58.2805 42.0474 80.6066 29.1354 14.4953 46.1382 5.17561 11.4753 37.0081 55.6522 10.3309 80.3381 8.66359 8.86802 8.26784 24.8996
threshold=1.0000000180025095e-35 202.50000000000003 8.6500000000000004 1422.5000000000002 309.15000000000003 0.03139150000000001 29.150000000000002 28.750000000000004 119.50000000000001 0.033727500000000007 6420.9500000000016 1418.5000000000002 0.033545500000000006 45.250000000000007 224.50000000000003 1570.5000000000002 1.0362500000000001 8.6500000000000004 215.50000000000003 298.45000000000005 1920.5000000000002 1.0365500000000003 9.6500000000000004 1.0366500000000001
decision_type=2 2 2 2 2 2 2 2 2 2 2 2 2 2 2 2 2 2 2 2 2 2 2 2
left_child=1 2 3 -1 -4 6 7 -6 9 11 -11 -7 13 -13 15 18 17 -17 22 -20 21 -18 -3 -24
right_child=-2 14 4 -5 5 8 -8 -9 -10 10 -12 12 -14 -15 -16 16 20 -19 19 -21 -22 -23 23 -25
leaf_value=0.08267687929195125 0.090098506136675541 0.088987486288392537 -0.030819294849079307 -0.030786913773601036 -0.030884720895660769 -0.030934363184844847 -0.030824350273298076 0.098385321929933572 -0.030886147673255572 -0.030899483929033071 0.099410214847349826 0.1025223760106005 0.09948097651811226 -0.031145065412969481 0.087362511962473119 0.08441776303092477 0.096830149757918649 -0.035394352686354144 0.102913624127285 -0.036057858955886271 0.10275061869354764 0.050655142024928532 0.035492415416437433 0.086455252345543437
leaf_weight=47.870381254702806 1406.2312288284302 91.40624083019793 57.786932803690434 10.23636090941727 14.278186593204738 2.4808345958590534 61.945990227162838 12.453039132058619 13.668503778055308 14.27733293361962 6.0965946149080983 5.9552148506045359 12.10844388976693 3.8116052467375994 59.42371829226613 6.858208701014517 6.1634481102228191 7.1027899421751499 11.913392787799241 5.4594388250261536 11.87093263864517 9.5331910662353021 11.636673256754873 33.375597069039941
leaf_count=79 222 97 2362 418 568 94 2526 45 527 543 12 6 12 123 50 14 4 78 11 53 5 41 63 47
internal_value=0.0774858 0.0432266 0.00798127 0.0626886 -0.00753577 0.00161247 -0.012689 0.0293372 0.023329 0.039896 0.00809375 0.0664986 0.0775483 0.0503572 0.07961 0.0772514 0.063258 0.0234622 0.08103 0.0592416 0.0834117 0.0687862 0.0838048 0.0732802
internal_weight=1923.94 517.713 262.969 58.1067 204.863 147.076 88.6772 26.7312 58.3985 44.73 20.3739 24.3561 21.8753 9.76682 254.744 195.32 41.5286 13.961 153.791 17.3728 27.5676 15.6966 136.419 45.0123
internal_count=8000 7778 7315 497 6818 4456 3139 613 1317 790 555 235 141 129 463 413 142 92 271 64 50 45 207 110
is_linear=0
shrinkage=0.03


Tree=12
num_leaves=25
num_cat=0
split_feature=14 5 6 3 2 3 7 7 3 1 0 7 5 3 2 3 3 3 2 6 3 3 1 4
split_gain=812.512 651.51 227.961 107.818 47.0961 47.9937 72.279 101.288 71.6763 70.2532 38.6235 21.1994 5.09302 7.69924 35.9217 4.96643 9.99312 36.5538 4.06384 20.231 24.7207 60.2434 13.8933 19.0698
threshold=1.0000000180025095e-35 202.50000000000003 8.6500000000000004 1422.5000000000002 309.15000000000003 1440.5000000000002 5102.3550000000005 5066.6950000000006 1437.5000000000002 301.85000000000008 1.0000000180025095e-35 7083.5950000000003 204.50000000000003 1386.5000000000002 308.45000000000005 1378.5000000000002 1420.5000000000002 1380.5000000000002 310.45000000000005 10.950000000000001 2267.5000000000005 1337.5000000000002 298.85000000000008 45.250000000000007
decision_type=2 2 2 2 2 2 2 2 2 2 2 2 2 2 2 2 2 2 2 2 2 2 2 2
left_child=1 2 3 15 -4 8 7 -7 9 -6 -11 -12 13 -3 -15 -1 17 -17 19 22 21 -21 -14 -24
right_child=-2 12 4 -5 5 6 -8 -9 -10 10 11 -13 18 14 -16 16 -18 -19 -20 20 -22 -23 23 -25
leaf_value=0.084144537767550612 0.084920497065675643 0.083908611947587003 -0.030794757264303581 -0.03076308474863813 -0.030799962610182249 -0.030774324678970604 -0.030757017832099894 0.0858751784257763 0.082292904990680482 -0.030999853638016276 -0.030911927531968669 0.079131400320050185 0.088967488862234601 0.082973190279495207 -0.034097182879480992 0.087834472225549021 0.093410963303134448 -0.032374208087366504 0.079070965736158169 0.089924847540454669 0.093936890725775338 -0.03569374676850464 0.044193250853305582 0.085599381136036143
leaf_weight=33.246716305613518 1446.564022064209 6.7113751731812981 56.123079726472497 9.9414091333746892 24.003560248762369 13.19699680618942 60.364437462761998 13.606904197484253 13.816180363297461 4.6918397638946781 1.7723836656659848 14.188824096694587 45.558398596942425 6.8633799329400045 3.5941605735570192 6.4140458106994647 6.3199429735541335 3.5294863097369671 140.61906220763922 6.3404893875122088 6.1994681358337393 7.5004213899374008 20.168278887867928 19.876243773847818
leaf_count=14 222 5 2362 418 987 549 2551 34 39 167 65 64 46 11 45 1 5 59 186 1 1 69 74 25
internal_value=0.0733211 0.0413392 0.00776682 0.0593956 -0.00744606 0.00155141 -0.0125535 0.0284424 0.0225782 0.00410328 0.0446688 0.0669118 0.0746292 0.0588312 0.0427372 0.077499 0.0639139 0.045166 0.0757306 0.0712844 0.0441513 0.0218518 0.0776365 0.0647453
internal_weight=1971.21 524.647 261.216 59.4516 201.764 145.641 87.1683 26.8039 58.4728 44.6566 20.653 15.9612 263.431 17.1689 10.4575 49.5102 16.2635 9.94353 246.262 105.643 20.0404 13.8409 85.6029 40.0445
internal_count=8000 7778 7315 497 6818 4456 3134 583 1322 1283 296 129 463 61 56 79 65 60 402 216 71 70 145 99
is_linear=0
shrinkage=0.03


Tree=13
num_leaves=25
num_cat=0
split_feature=14 5 16 15 7 7 2 3 3 1 1 7 4 5 3 5 3 5 1 6 15 2 3 5
split_gain=722.935 579.014 213.477 131.069 54.2012 101.731 53.4908 38.8443 43.9221 41.1964 28.8551 19.8339 53.5435 5.01595 9.52327 32.9704 44.7462 8.92559 68.6337 7.0476 21.9801 32.7795 6.11026 4.89627
threshold=1.0000000180025095e-35 202.50000000000003 0.03139150000000001 1.0298500000000004 5102.3550000000005 5066.6950000000006 309.85000000000008 1437.5000000000002 1440.5000000000002 302.25000000000006 302.35000000000008 7265.6950000000006 62.350000000000001 224.50000000000003 1570.5000000000002 215.50000000000003 1920.5000000000002 215.50000000000003 298.45000000000005 9.6500000000000004 1.0366500000000001 309.05000000000007 1522.5000000000002 178.50000000000003
decision_type=2 2 2 2 2 2 2 2 2 2 2 2 2 2 2 2 2 2 2 2 2 2 2 2
left_child=1 2 4 11 5 -1 -5 9 -9 -8 -11 -4 -13 14 17 16 -16 19 -19 -3 21 -21 -22 -7
right_child=-2 13 3 6 -6 23 7 8 -10 10 -12 12 -14 -15 15 -17 -18 18 -20 20 22 -23 -24 -25
leaf_value=-0.03073696257495586 0.080449160121592408 0.078471536991995633 0.074858732159813535 -0.030755868213440625 -0.030740020976483155 0.05631102121410482 -0.030839026532040119 0.086715351951655653 -0.030874422422171706 0.0829683787461485 -0.030810112627530743 -0.034162382963199255 0.092451718612608313 0.077680361101125514 -0.033200321973610718 0.074331417646116824 0.070284745161821816 0.089718154394883967 -0.036278764566927947 0.065710588628339714 0.062722618737573524 -0.036671662171787321 0.087706419580975664 0.090544187097562581
leaf_weight=21.05039900355041 1480.6048364639282 97.609159175306559 50.109300192445517 23.383321130648255 96.465875253081322 8.9982878379523736 14.235397418960931 13.1441957205534 3.6534279845654956 6.8087111152708513 2.8440004959702492 5.7534575778990966 6.2947498243302107 63.120524544268847 7.3690106309950334 29.015874400734901 7.6792914867401123 12.897127568721773 5.5720439907163373 8.0748299267142993 16.073977375403047 4.32028829678893 19.495983470231295 6.4595494121313086
leaf_count=912 222 97 135 1012 4193 53 572 15 144 13 114 142 5 50 101 28 13 11 53 24 36 39 11 5
internal_value=0.0696831 0.0396316 0.00756875 0.0355126 -0.0189572 0.0121768 0.00540214 0.0261832 0.06114 0.00160239 0.0494456 0.0665491 0.0319889 0.0702726 0.0680257 0.0556433 0.0196091 0.0713518 0.0517056 0.0738444 0.064428 0.0300255 0.0764163 0.0706164
internal_weight=2011.03 530.429 259.201 126.227 132.974 36.5082 64.0691 40.6857 16.7976 23.8881 9.65271 62.1575 12.0482 271.228 208.108 44.0642 15.0483 164.043 18.4692 145.574 47.9651 12.3951 35.57 15.4578
internal_count=8000 7778 7315 2152 5163 970 1870 858 159 699 127 282 147 463 413 142 114 271 64 207 110 63 47 58
is_linear=0
shrinkage=0.03


Tree=14
num_leaves=25
num_cat=0
split_feature=14 5 16 6 2 7 7 5 3 7 2 15 16 8 0 7 5 3 15 6 5 2 7 6
split_gain=649.319 518.465 200.764 118.665 62.7759 52.7203 93.5716 44.3495 30.3607 21.9888 17.8525 12.445 41.7828 10.5267 8.584 24.0374 4.41798 8.32188 29.9654 46.5938 7.78395 19.2594 47.6457 6.23587
threshold=1.0000000180025095e-35 202.50000000000003 0.03139150000000001 8.6500000000000004 309.85000000000008 5102.3550000000005 5066.6950000000006 119.50000000000001 1362.5000000000002 7716.3650000000007 311.85000000000008 1.0283500000000003 0.031680500000000007 948.05000000000007 1.0000000180025095e-35 7297.0950000000012 224.50000000000003 1570.5000000000002 1.0362500000000001 8.6500000000000004 215.50000000000003 308.35000000000008 5647.6900000000014 9.6500000000000004
decision_type=2 2 2 2 2 2 2 2 2 2 2 2 2 2 2 2 2 2 2 2 2 2 2 2
left_child=1 2 5 11 -5 6 -1 8 -6 10 13 12 -4 -10 15 -15 17 20 19 -19 23 -22 -23 -3
right_child=-2 16 3 4 7 -7 -8 -9 9 -11 -12 -13 -14 14 -16 -17 -18 18 -20 -21 21 22 -24 -25
leaf_value=-0.030714678657980721 0.07654953614280835 0.074042940238546573 0.087552386937897408 -0.030734807062034946 -0.030969995729950843 -0.030717678344260677 0.066157952204745005 -0.030884609959567249 -0.030947753263440039 -0.030929214073253122 -0.030888106765101106 0.076288053524031452 -0.03429345979685397 -0.03112598355421636 0.076298378088534236 0.071331590579688048 0.073346897626252447 0.070339515811799924 0.070150395180200456 -0.035967413321945814 0.091715281568872598 0.082015015152734225 -0.035806936354883918 0.060996366249150842
leaf_weight=20.442862756550312 1508.893123626709 100.30058765783906 6.4807641822844726 23.422186637297273 4.6142685506492844 93.681940753012896 15.995743777602909 9.2617210969328863 1.0533831398934115 2.7584348581731311 1.9590189773589362 41.631091579794884 4.157983398064971 2.8507254160940665 21.357385383918881 7.4375143218785524 64.817030124366283 7.5450823269784433 30.063397027552128 7.3014287166297436 6.3620768263936069 6.6801062375307065 5.7460013069212437 49.11922387778759
leaf_count=912 222 97 5 1042 177 4193 58 371 40 105 79 24 83 102 83 41 50 14 50 78 4 2 58 110
internal_value=0.0664807 0.0380849 0.00738028 0.0342156 0.00995897 -0.0188083 0.0118103 0.0285414 0.0416362 0.0505902 0.0570783 0.0688881 0.0399309 0.0623484 0.065454 0.042942 0.0664884 0.0644025 0.0529296 0.0180584 0.0674657 0.0492662 0.0275325 0.0697541
internal_weight=2043.93 535.04 257.105 126.984 74.7146 130.121 36.4386 51.2925 42.0307 37.4165 34.658 52.2698 10.6387 32.699 31.6456 10.2882 277.935 213.118 44.9099 14.8465 168.208 18.7882 12.4261 149.42
internal_count=8000 7778 7315 2152 2040 5163 970 998 627 450 345 112 88 266 226 143 463 413 142 92 271 64 60 207
is_linear=0
shrinkage=0.03


Tree=15
num_leaves=25
num_cat=0
split_feature=14 5 16 6 2 4 16 5 3 3 3 8 15 16 7 1 5 16 3 3 16 15 2 6
split_gain=588.552 465.954 189.251 107.704 59.5308 51.3917 106.942 41.3435 27.9724 20.6918 16.0079 48.0249 11.0624 38.0739 4.07302 9.14433 36.1378 7.75359 48.282 5.42261 11.8872 58.8615 8.70677 17.647
threshold=1.0000000180025095e-35 202.50000000000003 0.03139150000000001 8.6500000000000004 309.85000000000008 29.150000000000002 0.017048000000000004 119.50000000000001 1362.5000000000002 1440.5000000000002 1418.5000000000002 6420.9500000000016 1.0283500000000003 0.031680500000000007 6841.1400000000012 303.85000000000008 233.50000000000003 0.032748500000000007 1428.5000000000002 1456.5000000000002 0.025377500000000004 1.0366500000000001 310.55000000000007 10.950000000000001
decision_type=2 2 2 2 2 2 2 2 2 2 2 2 2 2 2 2 2 2 2 2 2 2 2 2
left_child=1 2 5 12 -5 6 -1 8 -6 10 11 -10 13 -4 17 16 -16 18 -3 -20 22 -22 23 -21
right_child=-2 14 3 4 7 -7 -8 -9 9 -11 -12 -13 -14 -15 15 -17 -18 -19 19 20 21 -23 -24 -25
leaf_value=-0.030920578053976796 0.073119152595604392 -0.036078340532962806 0.082435940631163634 -0.030712653333184126 -0.030940988417526974 -0.030755995321002587 0.073602818415167179 -0.03085800489295653 -0.030857050965372421 -0.030890925517494432 0.069836966822563351 0.085026025185525114 0.072509918223010048 -0.034184902418241507 -0.033512235250192576 0.076843574347550264 0.076162502252375003 0.074848075618852872 0.074320509218909744 0.063632327626585966 -0.037033749531730581 0.073043846554980307 0.070527166430730356 0.024485280680739289
leaf_weight=21.775570781901479 1531.9202756881714 4.4609059691429129 6.6733965985476953 22.746104832738638 4.4820309448987237 90.767425833269954 14.795587018132208 8.9956281613558513 6.3536337520927173 2.7540819663554421 22.360272120684385 6.5230416636914015 42.47274249792099 4.0477171447128057 4.4722492583096045 6.7875051498413077 6.8383130989968777 48.663593918085098 35.662344612181187 54.83033375442028 6.2269436791539219 14.676063939929007 88.622006800025702 12.779154904186724
leaf_count=951 222 36 5 1042 177 4133 79 371 258 109 81 2 24 83 87 1 2 15 26 85 47 20 94 50
internal_value=0.0636341 0.0366646 0.00720599 0.0330563 0.00970443 -0.0186586 0.0113664 0.0275664 0.0399404 0.0483028 0.0544924 0.0278468 0.0656364 0.0384062 0.063087 0.049316 0.0327966 0.0640242 0.0615998 0.0636474 0.0614986 0.0402521 0.0643413 0.056233
internal_weight=2070.69 538.767 254.747 127.409 74.2148 127.339 36.5712 51.4687 42.4731 37.991 35.2369 12.8767 53.1939 10.7211 284.019 18.0981 11.3106 265.921 217.258 212.797 177.135 20.903 156.231 67.6095
internal_count=8000 7778 7315 2152 2040 5163 1030 998 627 450 341 260 112 88 463 90 89 373 358 322 296 67 229 135
is_linear=0
shrinkage=0.03


Tree=16
num_leaves=25
num_cat=0
split_feature=14 5 16 15 4 16 2 3 1 3 1 7 4 5 3 2 3 4 16 1 7 0 15 7
split_gain=536.826 421.021 178.745 98.6555 49.9923 98.552 46.1681 30.8403 35.2966 33.5518 22.1654 14.536 43.2892 3.96092 6.44006 28.7479 3.60162 3.16634 26.2667 4.28286 17.8348 64.2762 10.2477 7.5775
threshold=1.0000000180025095e-35 202.50000000000003 0.03139150000000001 1.0298500000000004 29.150000000000002 0.017048000000000004 309.85000000000008 1437.5000000000002 302.25000000000006 1440.5000000000002 302.35000000000008 7265.6950000000006 62.350000000000001 204.50000000000003 1386.5000000000002 308.45000000000005 1322.5000000000002 23.650000000000002 0.015445500000000003 301.65000000000003 6297.9800000000005 1.5000000000000002 1.0318500000000002 6251.0150000000012
decision_type=2 2 2 2 2 2 2 2 2 2 2 2 2 2 2 2 2 2 2 2 2 2 2 2
left_child=1 2 4 11 5 -1 -5 8 -8 -9 -10 -4 -13 14 -3 -16 -15 -18 -19 20 22 -22 -20 -24
right_child=-2 13 3 6 -6 -7 7 9 10 -11 -12 12 -14 16 15 -17 17 18 19 -21 21 -23 23 -25
leaf_value=-0.030894086946383195 0.070078827170041699 0.068717189465235917 0.064567089710538941 -0.03068954049899314 -0.030733636968714964 0.069099960127945823 -0.030792744662200094 0.074086794393098274 0.070715352994314876 -0.030810168192179826 -0.030749280238350128 -0.034600579008629347 0.078879839943292063 -0.03692936044094982 0.066262861592689196 -0.034609933239610827 0.070462875994525748 -0.037810700603172688 0.034451376091459089 0.065835366186812669 -0.034725582171504073 0.071133963442017015 0.061259895724767768 0.081603276412160405
leaf_weight=21.14985272847116 1550.135235786438 7.3318274617195156 53.054834205657244 21.41616477817297 88.147956861183047 15.279181905090807 13.355944316834213 14.142083730548622 7.316330108791588 3.4050654508173457 2.6357878465205431 5.4576439522206766 6.7885104212909937 0.33751963078975578 7.6443497985601407 3.8100756388157606 29.185138009488583 2.4459274895489207 10.804959710687397 97.545419208705425 8.053357794880867 14.379170525819063 87.323965474963188 20.311619028449059
leaf_count=951 222 5 135 1012 4133 79 572 15 13 144 114 142 5 4 11 45 20 22 35 84 102 13 110 12
internal_value=0.0610972 0.0353772 0.00704406 0.0320044 -0.0185164 0.0110457 0.0049885 0.0236908 0.00107525 0.0537313 0.0438428 0.0577669 0.0283059 0.0600828 0.0467625 0.0327096 0.0610083 0.0611307 0.0599999 0.0610033 0.0576575 0.03313 0.062303 0.0650988
internal_weight=2091.46 541.323 252.149 127.572 124.577 36.429 62.2714 40.8552 23.3081 17.5471 9.95212 65.301 12.2462 289.173 18.7863 11.4544 270.387 270.05 240.864 238.418 140.873 22.4325 118.441 107.636
internal_count=8000 7778 7315 2152 5163 1030 1870 858 699 159 127 282 147 463 61 56 402 398 378 356 272 115 157 122
is_linear=0
shrinkage=0.03


Tree=17
num_leaves=25
num_cat=0
split_feature=14 5 16 6 2 7 7 5 3 3 3 8 15 16 5 3 5 5 5 2 7 6 15 1
split_gain=493.499 381.975 168.898 90.3156 53.6848 48.6712 77.6348 36.8062 24.4332 17.7676 12.5992 41.3641 9.45468 33.349 3.75432 7.70869 27.7032 36.6118 6.58648 14.6298 40.6196 5.49508 18.2165 23.1736
threshold=1.0000000180025095e-35 202.50000000000003 0.03139150000000001 8.6500000000000004 309.85000000000008 5102.3550000000005 5066.6950000000006 119.50000000000001 1362.5000000000002 1440.5000000000002 1418.5000000000002 6420.9500000000016 1.0283500000000003 0.031680500000000007 224.50000000000003 1570.5000000000002 215.50000000000003 205.50000000000003 215.50000000000003 308.35000000000008 5647.6900000000014 9.6500000000000004 1.0366500000000001 298.95000000000005
decision_type=2 2 2 2 2 2 2 2 2 2 2 2 2 2 2 2 2 2 2 2 2 2 2 2
left_child=1 2 5 12 -5 6 -1 8 -6 10 11 -10 13 -4 15 18 17 -17 21 -20 -21 -3 23 -23
right_child=-2 14 3 4 7 -7 -8 -9 9 -11 -12 -13 -14 -15 -16 16 -18 -19 19 20 -22 22 -24 -25
leaf_value=-0.030675651761218878 0.067366303685899229 0.064343542475125304 0.074789588333334489 -0.0306718091227089 -0.030916364550459399 -0.030655866398565837 0.057565240004563464 -0.030834831184187651 -0.030823638133547705 -0.030854583953649435 0.063288139073519989 0.077047176198025355 0.066412037606522131 -0.034233261782461749 0.063517911899216531 0.055193310670865255 0.061265419902196375 -0.034838597390579776 0.077143725997742288 0.071253972494811302 -0.036160393505976468 0.048405665520955585 0.062908915913460581 -0.037274544309070921
leaf_weight=19.047310987487435 1563.9503202438354 105.77464270219207 6.9545682426542026 21.478548312559724 4.2780406307429066 85.851221660152078 16.966655321419239 8.6115728877484781 6.0455420631915313 2.6161858029663554 23.241418888792396 6.7955484595149755 43.712252173572779 3.9647487513720989 68.455083891749382 8.6941217407584208 31.430448837578297 7.6349522769451132 6.9317775145173099 7.0585739314556104 5.7492525074630976 9.3325536623597127 38.550614938139915 4.0843961462378493
leaf_count=912 222 97 5 1042 177 4193 58 371 258 109 81 2 24 83 50 30 28 84 4 2 58 26 47 37
internal_value=0.0588097 0.0341766 0.00688728 0.0309969 0.00918109 -0.0183764 0.0108958 0.0257737 0.0371167 0.0446376 0.0501112 0.026262 0.0601744 0.0352039 0.0573653 0.0554954 0.0447966 0.0130973 0.0583744 0.0420373 0.0230372 0.0604188 0.0524304 0.0223228
internal_weight=2107.21 543.26 249.564 127.698 73.0669 121.865 36.014 51.5883 42.9767 38.6987 36.0825 12.8411 54.6316 10.9193 293.696 225.241 47.7595 16.3291 177.482 19.7396 12.8078 157.742 51.9676 13.4169
internal_count=8000 7778 7315 2152 2040 5163 970 998 627 450 341 260 112 88 463 413 142 114 271 64 60 207 110 63
is_linear=0
shrinkage=0.03


Tree=18
num_leaves=25
num_cat=0
split_feature=14 5 16 1 16 4 4 2 8 6 7 7 5 3 7 4 3 4 8 1 7 16 3 5
split_gain=455.851 347.852 159.931 83.1662 58.323 47.6697 87.4995 46.4644 37.7791 12.0643 20.4859 17.2062 3.68235 5.82868 3.15053 24.3797 3.11981 3.3615 28.1831 42.0604 6.93677 15.2676 12.5935 45.0247
threshold=1.0000000180025095e-35 202.50000000000003 0.03139150000000001 300.55000000000007 0.031493500000000008 29.150000000000002 28.750000000000004 311.85000000000008 7772.3000000000011 8.6500000000000004 7083.5950000000003 7716.3650000000007 204.50000000000003 1386.5000000000002 7696.4300000000012 48.550000000000004 1322.5000000000002 44.150000000000013 8646.9000000000015 297.45000000000005 6189.1500000000005 0.023607000000000003 1434.5000000000002 206.50000000000003
decision_type=2 2 2 2 2 2 2 2 2 2 2 2 2 2 2 2 2 2 2 2 2 2 2 2
left_child=1 2 5 4 -4 6 -1 8 9 -5 -11 14 13 -3 15 -12 -14 18 20 -20 21 -18 -23 -24
right_child=-2 12 3 7 -6 -7 -8 -9 -10 10 11 -13 16 -15 -16 -17 17 -19 19 -21 -22 22 23 -25
leaf_value=-0.030883604408904156 0.064931992428655411 0.062845084229094225 0.062991805194034398 0.064007952876494273 -0.030676733612897047 -0.030701655651541041 0.063371821490787614 -0.032516008353235398 -0.035376468376632879 -0.031039588430955039 0.064510758077353347 -0.0309617610404225 -0.036431112022915546 0.029085793605984258 0.073064488800764618 -0.031051239477739162 0.05819329333806935 0.061296714910637276 0.063023015447598627 -0.037031335853461057 0.068762158610383942 0.06255658991217028 0.065198203770179791 -0.040630080426867075
leaf_weight=20.126876769587398 1573.7441825866699 7.5505608692765263 7.7068639397621146 51.862158151343465 26.741555608808994 83.261075992137194 15.840417608618734 6.499723680317401 4.3625855129212132 3.2452611774206188 15.045778356492528 2.2372836191207162 0.32966447994112869 11.790146728977559 6.9367993827909222 2.8593115881085387 127.98532623797655 75.861695989966393 7.8006615340709669 7.3387307859957218 36.749194800853729 7.5646333545446423 7.5992337614297849 6.9065538160502911
leaf_count=952 222 5 21 72 1321 4133 78 235 131 124 47 88 4 56 4 109 155 92 9 61 31 5 6 39
internal_value=0.0567476 0.0330795 0.00674309 0.0301002 -0.00972104 -0.018234 0.0106276 0.0448428 0.0506523 0.0552189 0.0401874 0.0487235 0.0549229 0.0422653 0.0559001 0.0492502 0.0558031 0.0559125 0.0538899 0.0145223 0.0570804 0.0542195 0.0311757 0.0148108
internal_weight=2117.95 544.202 246.726 127.497 34.4484 119.228 35.9673 93.0489 86.5492 82.1866 30.3244 27.0792 297.476 19.3407 24.8419 17.9051 278.136 277.806 201.944 15.1394 186.805 150.056 22.0704 14.5058
internal_count=8000 7778 7315 2152 1342 5163 1030 810 575 444 372 248 463 61 160 156 402 398 306 70 236 205 50 45
is_linear=0
shrinkage=0.03


Tree=19
num_leaves=25
num_cat=0
split_feature=14 5 16 1 16 4 16 2 8 6 7 7 5 3 5 3 5 2 7 6 15 1 3 3
split_gain=423.947 317.333 151.574 77.3236 55.0644 46.3817 81.5729 43.2501 35.0798 10.8673 19.0826 15.9176 3.51981 7.45217 25.2835 33.8382 5.53661 12.269 36.2655 5.10538 16.3483 20.7613 4.77442 3.97882
threshold=1.0000000180025095e-35 202.50000000000003 0.03139150000000001 300.55000000000007 0.031493500000000008 29.150000000000002 0.017048000000000004 311.85000000000008 7772.3000000000011 8.6500000000000004 7083.5950000000003 7716.3650000000007 224.50000000000003 1570.5000000000002 215.50000000000003 1920.5000000000002 215.50000000000003 308.35000000000008 5647.6900000000014 9.6500000000000004 1.0366500000000001 298.95000000000005 1522.5000000000002 1602.5000000000002
decision_type=2 2 2 2 2 2 2 2 2 2 2 2 2 2 2 2 2 2 2 2 2 2 2 2
left_child=1 2 5 4 -4 6 -1 8 9 -5 -11 -12 13 16 15 -15 19 -18 -19 -3 21 -21 -22 -14
right_child=-2 12 3 7 -6 -7 -8 -9 -10 10 11 -13 23 14 -16 -17 17 18 -20 20 22 -23 -24 -25
leaf_value=-0.030861922189382374 0.062735858538346442 0.059255118946506501 0.060077087308020395 0.061415402847498433 -0.030656471815840945 -0.03068102418131079 0.06017001672444891 -0.032459944346875977 -0.035265013607882159 -0.031008513050630227 0.053704579755784444 -0.03093286980287558 0.049143038394391429 -0.033663442285626642 0.05602410137163237 0.051504341807297516 0.070142262064643648 0.06568676439721971 -0.035957451265534672 0.043604736180365679 0.046184938639841182 -0.037209930455146867 0.067126872015979985 0.063982766023520182
leaf_weight=19.568159146234393 1579.866153717041 108.34146118164062 7.8362886533141127 52.420924367383122 25.968116290867329 80.853855408728123 16.188580267131329 6.3183581996709099 4.2468307577073565 3.1524577327072647 25.074994044378403 2.1731591392308465 25.664115805178881 8.0644975677132624 32.334090076386929 8.758297383785246 7.1998420506715801 7.2206067740917188 5.6164744980633259 9.6828761622309667 17.813933290541172 4.0608556903898707 21.773331470787525 44.380707561969757
leaf_count=951 222 97 21 72 1321 4133 79 235 131 124 160 88 32 101 28 13 4 2 58 26 36 37 11 18
internal_value=0.054867 0.0320442 0.00660549 0.0292548 -0.00962329 -0.0180989 0.0103521 0.043328 0.0488278 0.0531398 0.0388698 0.0469544 0.052655 0.0508678 0.040505 0.0106767 0.0536713 0.0387962 0.0212154 0.0555148 0.0479163 0.0197265 0.0577032 0.0585456
internal_weight=2124.58 544.713 243.802 127.191 33.8044 116.611 35.7567 93.3867 87.0684 82.8215 30.4006 27.2482 300.911 230.866 49.1569 16.8228 181.709 20.0369 12.8371 161.672 53.331 13.7437 39.5873 70.0448
internal_count=8000 7778 7315 2152 1342 5163 1030 810 575 444 372 248 463 413 142 114 271 64 60 207 110 63 47 50
is_linear=0
shrinkage=0.03


Tree=20
num_leaves=25
num_cat=0
split_feature=14 5 16 1 16 4 4 2 8 6 7 7 4 8 1 3 5 16 2 2 3 15 3 7
split_gain=395.925 291.092 143.638 71.8549 52.0839 45.1331 76.4428 40.2638 32.5801 10.0783 17.6903 14.645 3.62285 27.4827 39.0658 5.79945 5.02698 8.35754 7.56871 41.9773 53.0494 8.00048 10.2504 11.6652
threshold=1.0000000180025095e-35 202.50000000000003 0.03139150000000001 300.55000000000007 0.031493500000000008 29.150000000000002 28.750000000000004 311.85000000000008 7772.3000000000011 8.6500000000000004 7083.5950000000003 7716.3650000000007 44.150000000000013 8646.9000000000015 297.45000000000005 1428.5000000000002 224.50000000000003 0.028273500000000003 310.55000000000007 308.55000000000007 2267.5000000000005 1.0369500000000003 1522.5000000000002 6390.2850000000008
decision_type=2 2 2 2 2 2 2 2 2 2 2 2 2 2 2 2 2 2 2 2 2 2 2 2
left_child=1 2 5 4 -4 6 -1 8 9 -5 -11 -12 13 15 -15 -3 17 18 19 -17 -21 22 -20 -24
right_child=-2 12 3 7 -6 -7 -8 -9 -10 10 11 -13 -14 14 -16 16 -18 -19 21 20 -22 -23 23 -25
leaf_value=-0.030836756148564456 0.060745242431105434 -0.03823850835450051 0.05742508029253985 0.05905551520633056 -0.030636825059225301 -0.030661003404438864 0.057403918089833479 -0.032404801119793256 -0.035154460025855455 -0.030978378255912955 0.051328375200473855 -0.030904861235925229 0.055849686945005118 0.056978668700124101 -0.036964482080467487 0.056169142745270038 0.059752501186562813 0.070881489385924201 0.058938957050590622 -0.037244979740356017 0.06622735296983126 0.065123637735129455 0.014474513871607754 0.060453759785618975
leaf_weight=19.050384508445859 1582.638147354126 0.645040363073348 7.9504234530031672 52.872950794175267 25.216558760032058 78.514727655798197 16.478605350479484 6.1418996136635533 4.1340837199240914 3.0622196141630438 25.442921709269289 2.1108150612562886 85.914153851568699 8.0784865990281087 7.8601192794740191 39.625749759376049 53.34992590546608 14.207857415080069 23.267226189374924 11.789416044950487 7.1723479330539694 29.608997821807861 14.371412180364134 7.5881647616624823
leaf_count=952 222 4 21 72 1321 4133 78 235 131 124 160 88 114 9 66 40 27 5 16 98 2 18 58 6
internal_value=0.0531538 0.0310867 0.00646983 0.0284241 -0.0095276 -0.0179655 0.0100899 0.0418486 0.0470533 0.051124 0.0374265 0.0450287 0.0506336 0.0485738 0.0106506 0.0515717 0.0518599 0.0490077 0.0466785 0.038603 0.00189376 0.0530006 0.0450639 0.0303627
internal_weight=2127.09 544.454 240.976 126.932 33.167 114.044 35.529 93.7649 87.623 83.4889 30.616 27.5537 303.479 217.565 15.9386 201.626 200.981 147.631 133.423 58.5875 18.9618 74.8358 45.2268 21.9596
internal_count=8000 7778 7315 2152 1342 5163 1030 810 575 444 372 248 463 349 75 274 270 243 238 140 100 98 80 64
is_linear=0
shrinkage=0.03


Tree=21
num_leaves=25
num_cat=0
split_feature=14 5 3 15 3 7 7 1 7 7 7 2 4 8 1 3 15 7 5 5 3 3 2 1
split_gain=371.303 267.836 136.494 66.4586 60.1635 44.1257 62.7664 37.4002 20.9174 17.2987 9.54924 31.0776 3.35979 25.2221 36.6646 5.39453 4.78243 6.92432 28.4013 4.73799 25.5892 29.247 3.62466 6.26913
threshold=1.0000000180025095e-35 202.50000000000003 1440.5000000000002 1.0298500000000004 1437.5000000000002 5102.3550000000005 5066.6950000000006 302.25000000000006 6660.3400000000011 7696.4300000000012 7277.755000000001 309.45000000000005 44.150000000000013 8646.9000000000015 297.45000000000005 1428.5000000000002 1.0320500000000001 6288.1900000000014 203.50000000000003 213.50000000000003 1554.5000000000002 1920.5000000000002 309.05000000000007 302.65000000000003
decision_type=2 2 2 2 2 2 2 2 2 2 2 2 2 2 2 2 2 2 2 2 2 2 2 2
left_child=1 2 3 8 7 6 -4 -5 -1 -9 -10 -12 13 15 -15 -3 -14 -18 -19 20 22 -22 -17 -24
right_child=-2 12 5 4 -6 -7 -8 9 10 -11 11 -13 16 14 -16 19 17 18 -20 -21 21 -23 23 -25
leaf_value=-0.034657145253937323 0.058933206154235605 -0.037937860844667347 -0.030635442385639897 -0.030635415988550029 0.053175217478739649 -0.030586123357347537 0.049757646965329666 -0.030927103391475485 0.056711610368281609 0.057124912890326236 0.06547324355258051 -0.035297313447539488 0.057495295363528744 0.054540843864971697 -0.036734584272129812 0.060328146231192745 0.06368656646812379 0.06098896819684399 -0.037008067572875399 0.053712094575062541 -0.033279646375274932 0.047237823112567433 0.035362260773328838 0.060981714923032858
leaf_weight=2.649470515549182 1582.3577299118042 0.63086196780204673 17.256862964481115 31.943842718377709 16.402118677273393 76.629366792738438 17.710716765373945 2.7003195136785489 53.324589597061276 7.8328921366482973 7.1616761069744808 4.4757362268865108 67.804956220090389 8.1846952438354474 7.6748324260115615 30.397924423217773 7.1061825752258327 7.4730003383010608 4.1341427564620972 120.45284733921289 7.4107943065464523 8.9801132529973966 20.34146473556757 14.887860655784605
leaf_count=73 222 4 911 1679 55 4185 58 123 92 32 7 100 51 9 66 18 1 7 55 93 98 13 42 6
internal_value=0.0515849 0.0301936 0.00634013 0.0276758 0.00437359 -0.017843 0.0100828 -0.0144707 0.0479684 0.0345517 0.0513383 0.026717 0.0487847 0.0468071 0.0103703 0.0496523 0.0537899 0.0403639 0.0260851 0.0499252 0.0443637 0.0108336 0.0527381 0.046189
internal_weight=2125.92 543.567 238.088 126.491 58.8792 111.597 34.9676 42.4771 67.6115 10.5332 64.962 11.6374 305.48 218.961 15.8595 203.102 86.5183 18.7133 11.6071 202.471 82.0182 16.3909 65.6272 35.2293
internal_count=8000 7778 7315 2161 1889 5154 969 1834 272 155 199 107 463 349 75 274 114 63 62 270 177 111 66 48
is_linear=0
shrinkage=0.03


Tree=22
num_leaves=25
num_cat=0
split_feature=14 5 16 1 16 4 16 2 8 6 16 3 16 3 3 1 4 8 1 5 3 15 6 2
split_gain=349.262 247.059 129.675 62.5819 47.5215 43.0538 68.7713 36.1203 28.8249 8.63774 16.1132 16.4628 6.00166 24.1392 3.3452 5.64061 3.27327 23.1729 34.4714 4.86964 6.33507 21.6754 35.8993 5.25743
threshold=1.0000000180025095e-35 202.50000000000003 0.03139150000000001 300.55000000000007 0.031493500000000008 29.150000000000002 0.017048000000000004 311.85000000000008 7772.3000000000011 8.6500000000000004 0.033545500000000006 1362.5000000000002 0.033727500000000007 1364.5000000000002 1378.5000000000002 303.55000000000007 44.150000000000013 8646.9000000000015 297.45000000000005 224.50000000000003 1570.5000000000002 1.0362500000000001 8.6500000000000004 311.75000000000006
decision_type=2 2 2 2 2 2 2 2 2 2 2 2 2 2 2 2 2 2 2 2 2 2 2 2
left_child=1 2 5 4 -4 6 -1 8 9 14 -11 -12 -13 -14 -5 -16 17 19 -19 20 23 22 -22 -3
right_child=-2 16 3 7 -6 -7 -8 -9 -10 10 11 12 13 -15 15 -17 -18 18 -20 -21 21 -23 -24 -25
leaf_value=-0.030832215033216766 0.05727735295958955 0.04495134131988459 0.053650836091123588 0.060401305316621946 -0.030608719417508871 -0.030634930902407542 0.053412214427793259 -0.0323586560164036 -0.034905774872032579 -0.031076805603896418 -0.03101957280597855 0.062136307566658222 0.064545754332922034 -0.030919098717266398 0.030332435501266745 0.065036713911644797 0.052026105210460541 0.052307475119349571 -0.036513162254555538 0.055570013003765531 0.050901811537246135 0.05012488317601646 -0.038118494439799991 0.059972462241631212
leaf_weight=18.101778738200665 1579.2998142242432 70.597257025539875 8.0597656071186083 35.849502086639404 23.851567700505257 74.226324969902635 16.828695135191083 5.9314682427793732 3.9662758093327275 2.9823289383202818 2.5066296197474029 14.542943345382811 7.1084589809179288 3.586644871160388 10.400647610425951 7.0873103141784659 86.760602911934257 8.2766681984066945 7.492489129304885 54.073546454310417 8.4570163451135176 33.571949787437916 7.872296091169118 29.832118079066277
leaf_count=951 222 95 21 6 1321 4133 79 235 131 110 104 10 2 146 65 1 114 9 66 27 14 50 76 12
internal_value=0.0501463 0.0293663 0.00621916 0.0269705 -0.00932749 -0.0177101 0.0097548 0.039298 0.0441261 0.047855 0.0351851 0.0423078 0.0495906 0.0325312 0.0551539 0.044397 0.0470908 0.0451461 0.0101056 0.0478493 0.0450722 0.0363355 0.00798548 0.0494133
internal_weight=2121.26 541.964 235.03 125.874 31.9113 109.157 34.9305 93.9622 88.0307 84.0645 30.727 27.7447 25.238 10.6951 53.3375 17.488 306.934 220.173 15.7692 204.404 150.331 49.9013 16.3293 100.429
internal_count=8000 7778 7315 2152 1342 5163 1030 810 575 444 372 262 158 148 72 66 463 349 75 274 247 140 90 107
is_linear=0
shrinkage=0.03


Tree=23
num_leaves=25
num_cat=0
split_feature=14 5 3 1 3 4 4 2 8 7 8 6 4 3 16 3 5 3 2 3 16 5 2 6
split_gain=329.908 227.681 123.646 57.9502 45.6007 41.9128 64.7956 33.7744 26.4379 22.6775 4.77658 4.448 8.78358 14.5311 3.48047 18.925 3.20027 5.08774 22.5579 2.85461 13.9958 36.8295 8.29525 12.6371
threshold=1.0000000180025095e-35 202.50000000000003 1440.5000000000002 300.55000000000007 1438.5000000000002 29.150000000000002 28.750000000000004 311.85000000000008 7772.3000000000011 6660.3400000000011 399.90000000000003 8.6500000000000004 47.650000000000013 1362.5000000000002 0.033864000000000005 1364.5000000000002 204.50000000000003 1386.5000000000002 308.45000000000005 1456.5000000000002 0.025572000000000001 221.50000000000003 310.55000000000007 10.950000000000001
decision_type=2 2 2 2 2 2 2 2 2 2 2 2 2 2 2 2 2 2 2 2 2 2 2 2
left_child=1 2 3 4 -1 6 -4 8 9 -5 -11 -12 -13 -14 -15 -16 17 -3 -19 -18 22 -22 23 -21
right_child=-2 16 5 7 -6 -7 -8 -9 -10 10 11 12 13 14 15 -17 19 18 -20 20 21 -23 -24 -25
leaf_value=-0.030600634261263502 0.055758880800519835 0.052923858678690518 -0.03080794872037184 -0.031046912472784655 0.052270814145207498 -0.030617699780438167 0.051241976684169854 -0.032306766930051967 -0.034913004764058522 -0.03308355932957692 0.055166853496724226 -0.031133764794999005 -0.031037295982493825 0.060142667052010129 0.062601847026522855 -0.030949683783858681 0.050510610016649207 0.050459845034696769 -0.035453161617616399 0.045663053301048577 -0.036976142966859603 0.046062577884068701 0.052463488222031417 0.013270361037196145
leaf_weight=23.038354894146323 1573.7187767028809 7.7971174567937878 17.622463017702103 3.2845383286476126 8.0688935890793818 72.132442284375429 17.036521177738905 5.748268447816371 3.7758414689451447 0.62751099281012912 52.37044109031558 1.4659967180341507 2.1197279822081354 14.58475883305073 7.117757320404051 2.6785240080207586 95.775684468448162 8.3045273795723897 4.112785179167985 51.042039576917887 6.7015367690473822 17.004121033474803 103.80950343981385 13.761575222015379
leaf_count=1306 222 5 952 148 25 4124 78 236 123 16 49 55 88 7 1 107 109 11 45 72 65 24 87 45
internal_value=0.0488163 0.0285828 0.0061103 0.0263775 -0.00910465 -0.01759 0.00952345 0.038148 0.0427488 0.0462294 0.0493644 0.0500084 0.0403486 0.0443029 0.0508531 0.0370228 0.0454693 0.0339306 0.0220043 0.046279 0.0441716 0.0225877 0.0472061 0.0387842
internal_weight=2113.7 539.981 231.672 124.881 31.1072 106.791 34.659 93.7734 88.0251 84.2493 80.9647 80.3372 27.9668 26.5008 24.381 9.79628 308.309 20.2144 12.4173 288.094 192.319 23.7057 168.613 64.8036
internal_count=8000 7778 7315 2161 1331 5154 1030 830 594 471 323 307 258 203 115 108 463 61 56 402 293 89 204 117
is_linear=0
shrinkage=0.03


Tree=24
num_leaves=25
num_cat=0
split_feature=14 5 3 2 7 7 7 8 2 15 3 2 4 8 1 5 3 5 5 2 2 7 5 15
split_gain=312.865 210.028 117.799 54.6895 40.9305 54.2364 36.1664 32.9251 22.1926 10.1561 20.7588 34.6135 3.12096 21.0374 31.8118 4.61594 5.89114 21.0257 28.9047 4.8847 14.2195 18.3626 29.6708 4.56458
threshold=1.0000000180025095e-35 202.50000000000003 1440.5000000000002 309.35000000000008 5102.3550000000005 5066.6950000000006 6660.3400000000011 7772.3000000000011 311.85000000000008 1.0298500000000004 1437.5000000000002 311.75000000000006 44.150000000000013 8646.9000000000015 297.45000000000005 224.50000000000003 1570.5000000000002 215.50000000000003 205.50000000000003 311.75000000000006 309.05000000000007 6189.1500000000005 206.50000000000003 1.0320500000000001
decision_type=2 2 2 2 2 2 2 2 2 2 2 2 2 2 2 2 2 2 2 2 2 2 2 2
left_child=1 2 3 -1 5 -4 -5 8 9 -8 11 -11 13 15 -15 16 19 18 -18 20 -3 22 -22 -14
right_child=-2 12 4 6 -6 -7 7 -9 -10 10 -12 -13 23 14 -16 -17 17 -19 -20 -21 21 -23 -24 -25
leaf_value=-0.030567020969729575 0.054361904666615196 0.054130405025915811 -0.030612848939706932 -0.031918624222287126 -0.030539909694455518 0.045199483838945245 0.051449513237341017 -0.032543630652227228 -0.032204387456018981 -0.0306840254167016 0.056210785917875775 0.055673791799810669 0.052367272314335585 0.048704530445691056 -0.036535210576120643 0.052106867946363308 0.042361619020813666 0.047485224122769114 -0.035587179979752692 0.056241562851034203 0.040279626175796127 0.049959644201532691 -0.040854312768111356 0.035725698990597403
leaf_weight=13.770052043721078 1565.8499393463135 38.694189243018627 16.045141536742449 7.2482748702168456 70.32907965965569 18.04340697824955 61.571438655257225 5.7177345715463153 3.5392776895314446 9.3756399210542494 15.072513382881878 7.5337606593966475 68.259183835238218 8.3993871212005597 7.4227432105690232 54.421610176563263 9.3517579734325427 33.291007116436958 7.8968295417726031 30.04730911552906 9.327069319784643 16.188450023531914 7.1790204718708983 18.952599851414561
leaf_count=811 222 23 911 335 4185 58 107 250 144 484 16 14 51 9 66 27 30 27 83 12 15 17 40 63
internal_value=0.0475822 0.027838 0.00600671 0.0257976 -0.0174633 0.00951537 0.0328497 0.037416 0.0415359 0.0443256 0.0306107 0.00779156 0.0439414 0.042054 0.00871543 0.0446096 0.0419249 0.0335571 0.00667473 0.0460941 0.0418231 0.0272573 0.00499191 0.0487508
internal_weight=2103.53 537.677 228.246 123.829 104.418 34.0885 110.059 102.81 97.0926 93.5534 31.9819 16.9094 309.431 222.219 15.8221 206.397 151.976 50.5396 17.2486 101.436 71.3887 32.6945 16.5061 87.2118
internal_count=8000 7778 7315 2161 5154 969 1350 1015 765 621 514 498 463 349 75 274 247 140 113 107 95 72 55 114
is_linear=0
shrinkage=0.03


Tree=25
num_leaves=25
num_cat=0
split_feature=14 5 3 2 4 16 7 8 2 6 3 16 2 7 1 16 3 4 3 16 15 1 2 7
split_gain=297.124 194.777 112.196 51.8511 39.9666 58.7822 34.161 31.0128 20.8506 9.41878 19.8189 6.92032 26.4513 3.28993 27.787 7.04504 12.6899 28.9224 6.04317 8.23794 36.7736 5.93233 20.3679 43.4109
threshold=1.0000000180025095e-35 202.50000000000003 1440.5000000000002 309.35000000000008 29.150000000000002 0.017048000000000004 6660.3400000000011 7772.3000000000011 311.85000000000008 8.6500000000000004 1362.5000000000002 0.033727500000000007 311.75000000000006 6841.1400000000012 303.25000000000006 0.032748500000000007 1440.5000000000002 38.45000000000001 1456.5000000000002 0.025377500000000004 1.0366500000000001 299.15000000000003 308.25000000000006 3883.7550000000006
decision_type=2 2 2 2 2 2 2 2 2 2 2 2 2 2 2 2 2 2 2 2 2 2 2 2
left_child=1 2 3 -1 5 -4 -5 8 9 -8 -11 -12 -13 15 -15 16 17 -3 -18 21 -21 22 -20 -24
right_child=-2 13 4 6 -6 -7 7 -9 -10 10 11 12 -14 14 -16 -17 18 -19 19 20 -22 -23 23 -25
leaf_value=-0.030550067299434339 0.053072896815769204 0.05117520052869777 -0.030805468079991169 -0.031878509739243888 -0.030592587190575549 0.048102524834292011 0.05142306496138023 -0.03248892014553742 -0.032151652801518646 -0.030793295998400208 0.048470679885864586 -0.030776723106654955 0.05812463061705446 -0.032149644258698429 0.050917072285320247 0.053438300113921498 0.055386934099394908 -0.03769350799593553 0.047905410915001397 -0.037639259319947251 0.047361070803480988 0.046678657439276301 0.060515264954690298 -0.040092774278280549
leaf_weight=13.370389603078364 1555.9111576080322 7.6519293487071973 16.74474417231977 7.0427740747109047 68.120169124566019 17.249261949211359 52.714424345642328 5.5579533362761131 3.4402248663827768 4.0465825069695702 24.287919064983726 5.1810229234397394 7.1953096203505993 4.7890455797314671 14.902692377567289 51.594407826662064 30.214467383921146 5.7897949293255806 31.990651622414589 6.3031655885279205 16.763290118426085 124.1690059620887 7.1295566558837882 8.4166010972112399
leaf_count=811 222 4 951 335 4124 79 52 250 144 207 102 256 4 85 5 15 15 43 26 47 20 140 1 62
internal_value=0.046443 0.0271496 0.00590317 0.0252204 -0.0173342 0.00923408 0.0320323 0.0364269 0.0403812 0.0430521 0.0322129 0.0391668 0.0209084 0.0425813 0.0307152 0.0433869 0.0412119 0.0128965 0.0429036 0.0409671 0.0241338 0.0432284 0.0342162 0.00604665
internal_weight=2090.58 534.665 224.951 122.837 102.114 33.994 109.466 102.423 96.8655 93.4253 40.7108 36.6643 12.3763 309.715 19.6917 290.023 238.428 13.4417 224.987 194.772 23.0665 171.706 47.5368 15.5462
internal_count=8000 7778 7315 2161 5154 1030 1350 1015 765 621 569 362 260 463 90 373 358 47 311 296 67 229 89 63
is_linear=0
shrinkage=0.03


Tree=26
num_leaves=25
num_cat=0
split_feature=14 5 3 2 4 4 7 8 2 6 3 3 1 4 8 1 5 3 3 4 1 0 3 2
split_gain=282.713 181.069 106.934 49.2126 38.8978 55.6072 32.3081 29.2538 19.6212 8.77529 18.6722 6.33928 29.3536 2.97787 18.4791 28.6277 4.36462 20.5377 24.7749 4.33689 5.81532 25.6291 3.90666 3.67889
threshold=1.0000000180025095e-35 202.50000000000003 1440.5000000000002 309.35000000000008 29.150000000000002 28.750000000000004 6660.3400000000011 7772.3000000000011 311.85000000000008 8.6500000000000004 1362.5000000000002 1437.5000000000002 301.85000000000008 44.150000000000013 8646.9000000000015 297.45000000000005 213.50000000000003 1554.5000000000002 1920.5000000000002 46.45000000000001 302.05000000000007 1.5000000000000002 1566.5000000000002 309.05000000000007
decision_type=2 2 2 2 2 2 2 2 2 2 2 2 2 2 2 2 2 2 2 2 2 2 2 2
left_child=1 2 3 -1 5 -4 -5 8 9 -8 -11 12 -12 14 16 -16 17 23 -19 -15 21 -21 -18 -3
right_child=-2 13 4 6 -6 -7 7 -9 -10 10 11 -13 -14 19 15 -17 22 18 -20 20 -22 -23 -24 -25
leaf_value=-0.030533625049909471 0.051880280625106169 0.051581197716864167 -0.030781990432233858 -0.031839008668565844 -0.030575350811056234 0.046339535686820629 0.049941275334979135 -0.032434931959171957 -0.032099930390803777 -0.030769935940024265 -0.03078273253038076 0.052922182119186284 0.048639405616277609 0.050484521891019318 0.045242814287781874 -0.03622694855830328 0.035555946435723809 -0.033476213284926754 0.039769688321528704 -0.040022224292524278 0.048226866098879405 0.05327723503202033 0.048367929248341032 0.037532354588510272
leaf_weight=12.98211650084704 1544.1037731170654 31.074199788272381 16.30129268579185 6.8429804453626266 66.143616805784404 17.391533821821213 52.650964261963964 5.4025337696075431 3.3438492286950341 3.929924262687563 5.7003833139315274 15.124107494950293 15.787022449076174 60.335088673979044 8.5034499168395978 7.1422890331596127 27.657985471189022 7.5332559309899834 9.2708874344825727 4.1248121112585086 15.045555621385573 7.4103011339902878 94.967667520046234 36.457294389605522
leaf_count=811 222 18 952 335 4124 78 52 250 144 207 293 16 53 42 9 66 37 98 13 56 11 5 57 51
internal_value=0.0453862 0.0265061 0.00580443 0.0246748 -0.0172105 0.00902653 0.0312634 0.0354994 0.0393012 0.0418632 0.0313722 0.0380426 0.0275695 0.0413274 0.0394887 0.00805182 0.0418652 0.0366119 0.00693373 0.0460366 0.0359403 0.0199145 0.0454782 0.0439968
internal_weight=2075.23 531.123 221.6 121.764 99.8364 33.6928 108.782 101.939 96.5363 93.1924 40.5414 36.6115 21.4874 309.523 222.607 15.6457 206.961 84.3356 16.8041 86.9158 26.5807 11.5351 122.626 67.5315
internal_count=8000 7778 7315 2161 5154 1030 1350 1015 765 621 569 362 346 463 349 75 274 180 111 114 72 61 94 69
is_linear=0
shrinkage=0.03


Tree=27
num_leaves=25
num_cat=0
split_feature=14 13 16 2 7 7 8 2 3 1 3 4 5 1 6 2 5 3 3 15 1 5 3 2
split_gain=269.907 168.47 104.223 45.987 36.9639 49.0875 29.1805 22.6921 16.244 9.6484 19.929 33.9789 6.04702 20.4481 5.44897 20.9481 3.08318 5.64033 26.3101 16.8458 32.9853 4.50851 10.6109 13.9545
threshold=1.0000000180025095e-35 1.0000000180025095e-35 0.03139150000000001 309.35000000000008 5102.3550000000005 5066.6950000000006 7772.3000000000011 311.85000000000008 1440.5000000000002 301.85000000000008 1437.5000000000002 62.350000000000001 204.50000000000003 299.35000000000008 9.1500000000000004 309.45000000000005 224.50000000000003 1524.5000000000002 1548.5000000000002 1.0362500000000001 301.85000000000008 211.50000000000003 1520.5000000000002 308.55000000000007
decision_type=2 2 2 2 2 2 2 2 2 2 2 2 2 2 2 2 2 2 2 2 2 2 2 2
left_child=1 2 4 -4 5 -1 7 8 9 10 11 -5 13 14 -3 -16 17 21 -19 20 -20 -14 23 -23
right_child=-2 12 3 6 -6 -7 -8 -9 -10 -11 -12 -13 16 -15 15 -17 -18 18 19 -21 -22 22 -24 -25
leaf_value=-0.031503511917752684 0.0507740647584312 0.059360082337693784 -0.030518355524894021 -0.03082300816449764 -0.030617591968652068 0.04153384361938766 -0.032745089776167385 -0.03238762762285597 -0.030720108167530031 0.046692198535994815 0.051804117605002392 0.054015570769103932 0.047316667832720066 -0.034308388625896621 -0.040511385478440812 0.052503796350185407 0.046723443747854504 -0.041123161678619402 -0.039447035689729716 0.047480419632142598 0.038284428850536588 0.050583017663640296 0.058438756530966925 0.014063897680660379
leaf_weight=15.203352734446524 1530.6147308349609 7.1292452812194869 12.316669421270488 10.150414598174395 64.34604318998754 18.191068489104509 6.1568019827827802 4.3665455877780905 3.0412267269566646 61.697510782629251 15.041388664394615 7.3076458023861042 86.542953882366419 4.2328048134222618 3.0746149718761444 7.4817371647804976 70.415249660611153 4.0846026986837378 6.7665228247642544 48.023883119225502 17.938837887719274 15.414609782397745 14.27589765563607 24.203556312248111
leaf_count=898 222 1 797 542 4142 58 292 190 151 121 14 14 84 98 51 13 44 25 59 47 32 14 3 88
internal_value=0.0443967 0.0258884 0.00567438 0.0243968 -0.0173269 0.0082824 0.0306733 0.0345162 0.0375206 0.0397238 0.0264948 0.00468897 0.0401107 0.0249213 0.0390971 0.0254124 0.0412681 0.0394999 0.0329639 0.0371247 0.0169946 0.0430749 0.0362634 0.0282727
internal_weight=2058.02 527.403 217.819 120.078 97.7405 33.3944 107.762 101.605 97.2382 94.197 32.4994 17.4581 309.585 21.9184 17.6856 10.5564 287.666 217.251 76.8138 72.7292 24.7054 140.437 53.8941 39.6182
internal_count=8000 7778 7219 2121 5098 956 1324 1032 842 691 570 556 559 163 65 64 396 352 163 138 91 189 105 102
is_linear=0
shrinkage=0.03


Tree=28
num_leaves=25
num_cat=0
split_feature=14 13 16 2 4 16 8 2 3 6 3 3 1 5 1 6 2 5 5 2 2 2 5 1
split_gain=258.655 156.764 99.418 43.7124 36.2087 52.3368 27.6608 21.4599 15.3245 8.99309 18.0142 6.68236 28.6346 5.51198 19.3959 5.08034 19.8065 2.95174 5.2909 8.4148 31.5169 5.21361 13.7539 24.9834
threshold=1.0000000180025095e-35 1.0000000180025095e-35 0.03139150000000001 309.35000000000008 29.150000000000002 0.017048000000000004 7772.3000000000011 311.85000000000008 1440.5000000000002 8.6500000000000004 1362.5000000000002 1437.5000000000002 301.85000000000008 204.50000000000003 299.35000000000008 9.1500000000000004 309.45000000000005 224.50000000000003 218.50000000000003 308.35000000000008 308.75000000000006 309.75000000000006 209.50000000000003 297.35000000000008
decision_type=2 2 2 2 2 2 2 2 2 2 2 2 2 2 2 2 2 2 2 2 2 2 2 2
left_child=1 2 4 -4 5 -1 7 8 9 -5 -11 12 -12 14 15 -3 -17 18 21 -20 -21 22 -15 -24
right_child=-2 13 3 6 -6 -7 -8 -9 -10 10 11 -13 -14 17 -16 16 -18 -19 19 20 -22 -23 23 -25
leaf_value=-0.03162681989465474 0.049745615635390275 0.057667983887887173 -0.030502891890486557 0.046926565764698586 -0.030672775244077046 0.04380489882513957 -0.032687890076476156 -0.032331247424941763 -0.030698512166747401 -0.030741874772972497 -0.030726625809672815 0.050300994044471373 0.04564968571897958 0.041950461937406515 -0.034181735072691039 -0.040213340752010607 0.050978114935072025 0.045405684718329932 0.048588364892666193 0.051434284196874368 -0.041247341835582603 0.042669069266736005 0.040547652370508828 -0.038549465184809964
leaf_weight=15.716117037460206 1515.6163673400879 7.1184139251709029 11.95862520392984 52.59476481564343 62.370680164545774 17.4921217802912 5.9851389173418275 4.2447728328406802 2.9533897982910267 4.190836119465529 6.1278271945193437 15.026325777173041 15.832400951534508 33.404443234205246 4.122696944512426 3.0055262995883822 7.4745700750499964 70.286866284906864 7.9311155378818539 7.3094518259167653 6.023274140432477 147.74463529698551 8.5128586590290052 6.2198709938675156
leaf_count=935 222 1 797 54 4084 79 292 190 151 233 337 14 53 50 98 51 13 44 5 3 48 176 13 57
internal_value=0.0434655 0.0252885 0.0055822 0.0238932 -0.0171993 0.00810612 0.0299752 0.0336896 0.0365869 0.0387061 0.0282063 0.0348855 0.0243375 0.0389609 0.0243891 0.0381101 0.0248258 0.0400621 0.0383325 0.0241195 0.00956386 0.0398754 0.0313009 0.00715439
internal_weight=2039.26 523.647 214.493 118.914 95.5789 33.2082 106.955 100.97 96.7255 93.7722 41.1774 36.9866 21.9602 309.154 21.7212 17.5985 10.4801 287.433 217.146 21.2638 13.3327 195.882 48.1372 14.7327
internal_count=8000 7778 7219 2121 5098 1014 1324 1032 842 691 637 404 390 559 163 65 64 396 352 56 51 296 120 70
is_linear=0
shrinkage=0.03


Tree=29
num_leaves=25
num_cat=0
split_feature=14 13 16 2 4 4 8 2 3 6 3 3 1 5 1 6 5 3 3 15 1 5 3 2
split_gain=248.43 145.977 94.9007 41.5936 35.2573 49.6845 26.2515 20.3218 14.479 8.37707 17.0671 6.22025 27.0136 5.02102 18.4189 4.75257 2.83941 5.19697 24.5535 15.4251 30.1629 4.12846 9.97179 12.7686
threshold=1.0000000180025095e-35 1.0000000180025095e-35 0.03139150000000001 309.35000000000008 29.150000000000002 28.750000000000004 7772.3000000000011 311.85000000000008 1440.5000000000002 8.6500000000000004 1362.5000000000002 1437.5000000000002 301.85000000000008 204.50000000000003 299.35000000000008 9.1500000000000004 224.50000000000003 1524.5000000000002 1548.5000000000002 1.0362500000000001 301.85000000000008 211.50000000000003 1520.5000000000002 308.55000000000007
decision_type=2 2 2 2 2 2 2 2 2 2 2 2 2 2 2 2 2 2 2 2 2 2 2 2
left_child=1 2 4 -4 5 -1 7 8 9 -5 -11 12 -12 14 15 -3 17 21 -19 20 -20 -15 23 -23
right_child=-2 13 3 6 -6 -7 -8 -9 -10 10 11 -13 -14 16 -16 -17 -18 18 19 -21 -22 22 -24 -25
leaf_value=-0.031597795614019986 0.048787389486112408 0.056117559258015294 -0.030487893727414086 0.045697435925185784 -0.030655129475079326 0.042332074408696692 -0.032631332204853106 -0.032275885505189082 -0.030677573264083366 -0.03072008959454664 -0.030705248563064804 0.048894944538524117 0.044265702736064678 0.044718728389024472 -0.034058758320771265 0.02427118625844555 0.044166576423397358 -0.041009752032304343 -0.039001952200336913 0.04484967995469321 0.035794855416202857 0.047759008193057187 0.055690763136922637 0.012795517529167669
leaf_weight=15.301195732317863 1499.2688455581665 7.095946311950688 11.610817321576176 52.392131470143795 60.561663915403187 17.582362776622176 5.818166932091116 4.1262802090495816 2.8680306896567336 4.0698188534006468 5.9508002893999246 14.995117921382187 15.837476976215838 86.401135310530663 4.0150806279852977 10.396755484864116 70.093829814344645 4.0431929193437091 6.6391142085194614 48.036519814282656 18.029562041163445 15.379873905330895 14.205518390983341 24.180157087743282
leaf_count=936 222 1 797 54 4084 78 292 190 151 233 337 14 53 84 98 64 44 25 59 47 32 14 3 88
internal_value=0.0425919 0.0247164 0.00549449 0.0234189 -0.0170764 0.00793144 0.0293205 0.0329163 0.0357151 0.0377572 0.0275742 0.0340241 0.0237897 0.0378697 0.023889 0.0371897 0.0389174 0.0372212 0.0309458 0.0349473 0.0156647 0.0406572 0.0341304 0.0263884
internal_weight=2018.9 519.631 211.114 117.669 93.4452 32.8836 106.058 100.24 96.1134 93.2453 40.8532 36.7834 21.7883 308.517 21.5078 17.4927 287.009 216.915 76.7484 72.7052 24.6687 140.167 53.7655 39.56
internal_count=8000 7778 7219 2121 5098 1014 1324 1032 842 691 637 404 390 559 163 65 396 352 163 138 91 189 105 102
is_linear=0
shrinkage=0.03


Tree=30
num_leaves=25
num_cat=0
split_feature=14 13 16 2 7 7 8 2 3 15 6 3 7 16 2 5 1 6 2 2 1 4 4 6
split_gain=239.21 136.034 90.6211 39.6034 34.341 43.3459 24.9328 19.2605 13.6933 8.89841 10.0273 16.183 7.20834 6.19768 21.7013 4.68658 17.4075 4.56014 18.7218 2.8171 4.55726 3.66198 18.5278 8.91491
threshold=1.0000000180025095e-35 1.0000000180025095e-35 0.03139150000000001 309.35000000000008 5102.3550000000005 5066.6950000000006 7772.3000000000011 311.85000000000008 1440.5000000000002 1.0269000000000001 8.6500000000000004 1362.5000000000002 6805.5350000000008 0.033727500000000007 311.75000000000006 204.50000000000003 299.35000000000008 9.1500000000000004 309.45000000000005 313.15000000000003 302.75000000000006 31.050000000000004 33.050000000000004 10.950000000000001
decision_type=2 2 2 2 2 2 2 2 2 2 2 2 2 2 2 2 2 2 2 2 2 2 2 2
left_child=1 2 4 -4 5 -1 7 8 9 -5 -11 -12 -13 -14 -15 16 17 -3 -19 20 21 -17 -23 -24
right_child=-2 15 3 6 -6 -7 -8 -9 -10 10 11 12 13 14 -16 19 -18 18 -20 -21 -22 22 23 -25
leaf_value=-0.031467397320997424 0.04789280187693877 0.054692275597791475 -0.030473346022989595 -0.033169600468480144 -0.030573479801294538 0.038526505882698438 -0.032575432527221782 -0.032221536008760453 -0.030657271206081717 0.047002416713121921 -0.030698942269461099 -0.030782033503837684 0.04501061639392024 -0.030854951004670433 0.051776306151517452 0.043999588414244249 -0.03393935576389679 -0.040097591387797692 0.048891533122152039 0.050904893444055639 0.023323760953381671 -0.043694125068709455 0.040235754709168063 0.022611338715016388
leaf_weight=14.162937813438473 1481.7198371887207 7.062921524047856 11.272963833995162 1.6049405746161927 59.007105203345418 18.189788926392794 5.6557572903111568 4.010982781648635 2.7850829334929577 50.54541140794754 3.9522171681746832 1.5187340714037407 23.165551712736487 4.8031195476651174 7.0724399778991938 71.501746702939272 3.9099181462079278 2.9785150475800037 7.4489653296768665 14.123575225472448 19.852242160588503 2.5892420373857012 146.91344241052866 31.34062877856195
leaf_count=898 222 1 797 22 4142 58 292 190 151 32 233 82 67 251 4 67 98 51 13 4 40 19 188 78
internal_value=0.041769 0.0241661 0.00540947 0.0229642 -0.0169542 0.00788552 0.0286951 0.0321793 0.0348856 0.0368555 0.0380898 0.0269698 0.0332039 0.0359772 0.0183557 0.036829 0.0232869 0.0360796 0.0234726 0.0378412 0.0371634 0.0382521 0.0359797 0.037137
internal_weight=1997.19 515.468 207.747 116.387 91.3598 32.3527 105.114 99.4585 95.4475 92.6624 91.0575 40.5121 36.5598 35.0411 11.8756 307.721 21.4003 17.4904 10.4275 286.321 272.197 252.345 180.843 178.254
internal_count=8000 7778 7219 2121 5098 956 1324 1032 842 691 669 637 404 322 255 559 163 65 64 396 392 352 285 266
is_linear=0
shrinkage=0.03


Tree=31
num_leaves=25
num_cat=0
split_feature=14 13 16 2 4 16 8 2 3 15 6 3 3 1 5 1 6 5 3 16 5 2 2 3
split_gain=231.019 126.55 86.6464 37.7823 33.6482 45.6293 23.7331 18.3 12.9858 8.43842 9.42255 15.3721 5.52793 24.5838 4.243 16.5624 4.29424 2.82473 4.97063 11.659 28.2237 7.45326 21.2489 37.1041
threshold=1.0000000180025095e-35 1.0000000180025095e-35 0.03139150000000001 309.35000000000008 29.150000000000002 0.017048000000000004 7772.3000000000011 311.85000000000008 1440.5000000000002 1.0269000000000001 8.6500000000000004 1362.5000000000002 1437.5000000000002 301.85000000000008 204.50000000000003 299.35000000000008 9.1500000000000004 224.50000000000003 1456.5000000000002 0.025572000000000001 221.50000000000003 310.55000000000007 308.25000000000006 2267.5000000000005
decision_type=2 2 2 2 2 2 2 2 2 2 2 2 2 2 2 2 2 2 2 2 2 2 2 2
left_child=1 2 4 -4 5 -1 7 8 9 -5 -11 -12 13 -13 15 16 -3 18 -16 21 -21 22 -20 -24
right_child=-2 14 3 6 -6 -7 -8 -9 -10 10 11 12 -14 -15 17 -17 -18 -19 19 20 -22 -23 23 -25
leaf_value=-0.031582924194498034 0.047056060214924304 0.053378063742429087 -0.030459235860168417 -0.033071532270647262 -0.030631764658281144 0.040232140632727786 -0.032520205918185115 -0.032168192488005981 -0.030637585314812206 0.045919878419290315 -0.030678414267260853 -0.030688796747223201 0.046504470605835853 0.042059259485307893 0.040616234123790257 -0.033823426854694964 0.02297232500423679 0.042022621547205992 0.042890359755004825 -0.037709081876857613 0.045090180768120977 0.040229509204016869 -0.03888581845346438 0.050749715043806105
leaf_weight=14.545294114388524 1463.1062164306641 7.0203404426574751 10.944788622669874 1.562056167051195 57.195128151215613 17.594423662871122 5.4977850941941133 3.898797806352376 2.704481726512312 50.190220270305872 3.8379392074421039 5.6972342757508185 14.875189486891029 15.705843508243559 87.010277181863785 3.8071713028475633 10.333947884850204 69.543079145252705 23.19281542673707 6.9607721492648107 7.9218072686344385 74.194870319217443 9.8905413374304789 7.1688087731599799
leaf_count=935 222 1 797 22 4084 79 292 190 151 32 233 337 14 53 103 98 64 44 18 65 9 76 79 2
internal_value=0.0409898 0.0236305 0.00533114 0.0225593 -0.01683 0.00773119 0.0281405 0.0315273 0.0341532 0.0360605 0.0372563 0.0264171 0.0324574 0.0226946 0.0358035 0.0228413 0.0352724 0.036763 0.0350722 0.0313424 0.00636391 0.0345905 0.0241965 -0.0012185
internal_weight=1974.4 511.294 204.249 114.914 89.3348 32.1397 103.97 98.4718 94.573 91.8685 90.3064 40.1162 36.2783 21.4031 307.044 21.1615 17.3543 285.883 216.34 129.33 14.8826 114.447 40.2522 17.0594
internal_count=8000 7778 7219 2121 5098 1014 1324 1032 842 691 669 637 404 390 559 163 65 396 352 249 74 175 99 81
is_linear=0
shrinkage=0.03


Tree=32
num_leaves=25
num_cat=0
split_feature=14 13 16 2 4 4 8 2 15 6 3 6 8 5 5 0 3 2 1 2 6 3 3 6
split_gain=222.916 118.237 82.8606 36.0558 32.7645 43.4151 22.5989 17.3941 11.2575 6.4602 11.8128 7.32204 4.14441 3.98335 15.9839 3.08885 9.90076 2.79881 4.44652 3.43812 15.1421 17.5242 38.5985 10.112
threshold=1.0000000180025095e-35 1.0000000180025095e-35 0.03139150000000001 309.35000000000008 29.150000000000002 28.750000000000004 7772.3000000000011 311.85000000000008 1.0371500000000002 8.6500000000000004 1362.5000000000002 8.9500000000000011 948.05000000000007 204.50000000000003 203.50000000000003 1.0000000180025095e-35 1437.5000000000002 313.15000000000003 302.75000000000006 310.65000000000003 10.950000000000001 2267.5000000000005 1337.5000000000002 9.3500000000000032
decision_type=2 2 2 2 2 2 2 2 2 2 2 2 2 2 2 2 2 2 2 2 2 2 2 2
left_child=1 2 4 -4 5 -1 7 8 9 -5 -11 -12 -13 14 -3 16 -14 18 19 20 23 22 -22 -15
right_child=-2 13 3 6 -6 -7 -8 -9 -10 10 11 12 15 17 -16 -17 -18 -19 -20 -21 21 -23 -24 -25
leaf_value=-0.031553498119868621 0.04627205918371597 0.033554711039693735 -0.03044555065857469 0.042119462598122062 -0.030615202441144504 0.03897092371198102 -0.03246566663722452 -0.032115848862159214 -0.030734722087384057 -0.030706109213878223 -0.031423008100142667 -0.030849352956444878 -0.030748516663233708 0.018673969333296975 -0.038422611808989052 0.041373207234752227 0.037819579316853168 0.048942363676823773 0.021472196079625999 0.040439469334856509 0.05036899842629803 0.051749598103477984 -0.04143864874065184 0.041426167202021184
leaf_weight=14.161355420947077 1443.554271697998 17.74178492277861 10.626023410819469 51.652014153078198 55.534331292845309 17.644273739308119 5.3441289700567713 3.7896446641534558 2.3969376897439352 3.0498793879523864 1.6290580015629519 0.87433766666799684 2.4695963254198423 21.211392242461443 3.2919514551758757 23.466210128739476 8.149282322265206 13.910705499351023 19.839475773274899 102.83373950980604 6.8693919181823793 6.9488434791564933 10.303249040618537 102.70824196375906
leaf_count=936 222 132 797 71 4084 78 292 190 152 184 55 48 141 59 31 136 55 4 40 105 1 1 71 115
internal_value=0.0402641 0.0231393 0.00525465 0.0221644 -0.0167097 0.00757015 0.0276014 0.0308945 0.0334433 0.0351284 0.0260184 0.0307467 0.0336437 0.0348878 0.0222897 0.0352981 0.0218729 0.0358188 0.0351444 0.0362256 0.0332986 0.011552 -0.0047138 0.0375317
internal_weight=1950 506.446 200.787 113.447 87.34 31.8056 102.821 97.477 93.6873 91.2904 39.6384 36.5885 34.9594 305.659 21.0337 34.0851 10.6189 284.625 270.714 250.875 148.041 24.1215 17.1726 123.92
internal_count=8000 7778 7219 2121 5098 1014 1324 1032 842 690 619 435 380 559 163 332 196 396 392 352 247 73 72 174
is_linear=0
shrinkage=0.03


Tree=33
num_leaves=25
num_cat=0
split_feature=14 13 16 2 7 7 8 2 3 15 6 3 7 16 3 5 7 2 16 4 1 3 5 3
split_gain=216.21 110.423 79.142 34.357 31.911 38.5583 21.4826 16.5025 12.1905 8.14196 8.41267 13.9036 6.30697 5.28817 19.5337 3.84215 8.91074 25.8456 9.83115 11.811 24.162 7.34125 18.4135 22.0723
threshold=1.0000000180025095e-35 1.0000000180025095e-35 0.03139150000000001 309.35000000000008 5102.3550000000005 5066.6950000000006 7772.3000000000011 311.85000000000008 1440.5000000000002 1.0269000000000001 8.6500000000000004 1362.5000000000002 6805.5350000000008 0.033727500000000007 1364.5000000000002 224.50000000000003 6830.4850000000015 313.15000000000003 0.032748500000000007 41.350000000000001 301.65000000000003 1570.5000000000002 215.50000000000003 1920.5000000000002
decision_type=2 2 2 2 2 2 2 2 2 2 2 2 2 2 2 2 2 2 2 2 2 2 2 2
left_child=1 2 4 -4 5 -1 7 8 9 -5 -11 -12 -13 -14 -15 16 18 -18 19 21 -21 -3 23 -23
right_child=-2 15 3 6 -6 -7 -8 -9 -10 10 11 12 13 14 -16 -17 17 -19 -20 20 -22 22 -24 -25
leaf_value=-0.031433975762240197 0.045536272901493681 0.03704863580214747 -0.030432277084765195 -0.033097989023078797 -0.030533288246853505 0.036002610727433451 -0.032411828731443125 -0.032064498777675435 -0.030623443868622972 0.043986291858551241 -0.030639113863421073 -0.030742184221304262 0.042002816124565759 0.048933570530956087 -0.030868973383517784 0.040209832475556588 -0.035269898049474314 0.048950960014747337 0.045372970946484209 -0.037979172048399928 0.039554544360571375 -0.034244031742834087 0.03668016260953913 0.031427245845123825
leaf_weight=13.206565482541921 1423.1809759140015 107.15923464670777 10.316406946629284 1.5736656170338381 54.111283163540065 18.073976259678602 5.194671042263507 3.6834446666762224 2.6595531897619358 49.405625022947788 3.6188142057508221 1.426399785093962 22.810306733474135 6.9112737914547306 4.5965090487152338 68.793818596750498 6.363050318323074 6.7668113708496094 49.401526898145676 6.6219921912997943 7.9724696287885308 9.0332645149901527 32.980997301638126 9.3986547896638495
leaf_count=898 222 123 797 22 4142 58 292 190 151 32 233 82 67 7 248 44 120 1 15 57 10 143 28 18
internal_value=0.0395649 0.0226388 0.00517371 0.0217376 -0.0165896 0.00753105 0.0270203 0.0302135 0.03268 0.0345436 0.0357427 0.0253961 0.0310691 0.0336383 0.0170584 0.0339721 0.0321515 0.00813548 0.0335683 0.0302006 0.00437492 0.0325775 0.0232585 -0.000757467
internal_weight=1925.26 502.08 197.588 112.197 85.3918 31.2805 101.88 96.6856 93.0021 90.3426 88.7689 39.3633 35.7445 34.3181 11.5078 304.492 235.698 13.1299 222.568 173.167 14.5945 158.572 51.4129 18.4319
internal_count=8000 7778 7219 2121 5098 956 1324 1032 842 691 669 637 404 322 255 559 515 121 394 379 67 312 189 161
is_linear=0
shrinkage=0.03


Tree=34
num_leaves=25
num_cat=0
split_feature=14 13 16 2 4 16 8 2 15 3 16 6 2 5 5 1 6 16 16 5 5 3 3 2
split_gain=209.047 103.466 75.7465 32.8339 31.2684 40.0319 20.489 15.714 10.2758 6.34658 26.6184 7.109 16.2338 5.27303 3.64274 15.117 4.00604 2.75035 20.3199 2.70207 5.17213 4.57969 27.8694 6.62984
threshold=1.0000000180025095e-35 1.0000000180025095e-35 0.03139150000000001 309.35000000000008 29.150000000000002 0.017048000000000004 7772.3000000000011 311.85000000000008 1.0371500000000002 1380.5000000000002 0.033727500000000007 8.6500000000000004 311.75000000000006 19.500000000000004 204.50000000000003 299.35000000000008 9.1500000000000004 0.033545500000000006 0.031589500000000013 224.50000000000003 220.50000000000003 1456.5000000000002 1492.5000000000002 310.55000000000007
decision_type=2 2 2 2 2 2 2 2 2 2 2 2 2 2 2 2 2 2 2 2 2 2 2 2
left_child=1 2 4 -4 5 -1 7 8 9 11 13 -5 -13 -11 15 16 -3 18 -15 20 21 -16 -23 -24
right_child=-2 14 3 6 -6 -7 -8 -9 -10 10 -12 12 -14 17 19 -17 -18 -19 -20 -21 -22 22 23 -25
leaf_value=-0.031538060575006084 0.044844673480675744 0.050652094458384096 -0.030419402849206065 0.04650997488391042 -0.030594053919145842 0.037196916231474537 -0.032358703794628164 -0.032014134047947798 -0.030727752443368145 -0.034851106120519941 -0.032058633824526339 -0.03056861325825249 0.04629222223573607 0.046262942280633997 0.038863747399047403 -0.033794319289913527 0.02105229741352364 0.047520038890133696 -0.031697830553553692 0.039248582285550275 0.01321130510876484 -0.039716838462692229 0.02281187113709705 0.038118113406037796
leaf_weight=13.464632027782502 1402.0941982269287 6.88722944259644 10.015684367157517 39.846883580088615 52.446903971023858 17.586161438375711 5.0492970654740921 3.5801212443038812 2.2883649468421927 0.93426487129181524 6.2724818391725412 3.828365349210797 6.9865626469254494 14.18987287394703 84.318364184349775 3.7153902743011704 10.223753766156733 13.830272294580935 3.8186685694381586 68.370693519711494 11.940404655411838 4.9845004249364129 39.108258021995425 73.026430830359459
leaf_count=935 222 1 797 7 4084 79 292 190 152 28 218 254 7 18 89 98 64 11 147 44 39 43 100 81
internal_value=0.03892 0.022196 0.0051026 0.0213815 -0.0164682 0.0073912 0.0265375 0.029649 0.0320487 0.0336501 0.0245608 0.0406553 0.0190843 0.0353972 0.0331635 0.0210563 0.0329663 0.0374586 0.0297315 0.0340585 0.0323954 0.0335326 0.0296945 0.0327799
internal_weight=1898.81 496.714 194.139 110.641 83.4977 31.0508 100.625 95.5759 91.9957 89.7074 39.0456 50.6618 10.8149 32.7731 302.575 20.8264 17.111 31.8388 18.0085 281.749 213.378 201.438 117.119 112.135
internal_count=8000 7778 7219 2121 5098 1014 1324 1032 842 690 422 268 261 204 559 163 65 176 165 396 352 313 224 181
is_linear=0
shrinkage=0.03


Tree=35
num_leaves=25
num_cat=0
split_feature=14 13 16 2 16 3 8 2 15 3 16 6 2 5 5 7 2 16 4 1 3 15 6 5
split_gain=202.875 96.4239 72.6541 31.4689 30.4762 40.4081 19.6052 15.0172 9.80844 6.04477 25.4036 6.73259 15.4728 5.0205 3.52681 8.25139 24.3734 9.64359 11.0419 22.8295 6.93742 17.7867 25.9537 6.19001
threshold=1.0000000180025095e-35 1.0000000180025095e-35 0.03139150000000001 309.35000000000008 0.017599500000000001 1686.5000000000002 7772.3000000000011 311.85000000000008 1.0371500000000002 1380.5000000000002 0.033727500000000007 8.6500000000000004 311.75000000000006 19.500000000000004 224.50000000000003 6830.4850000000015 313.15000000000003 0.032748500000000007 41.350000000000001 301.65000000000003 1570.5000000000002 1.0362500000000001 8.6500000000000004 215.50000000000003
decision_type=2 2 2 2 2 2 2 2 2 2 2 2 2 2 2 2 2 2 2 2 2 2 2 2
left_child=1 2 4 -4 5 -1 7 8 9 11 13 -5 -13 -11 15 17 -17 18 20 -20 -3 22 -22 -23
right_child=-2 14 3 6 -6 -7 -8 -9 -10 10 -12 12 -14 -15 -16 16 -18 -19 19 -21 21 23 -24 -25
leaf_value=0.037752731783212069 0.044193674771763058 0.035259794104663775 -0.030406914737922303 0.045717025464879095 -0.030602569915876038 -0.031502122547872817 -0.032306304982006789 -0.031964748521681838 -0.030707413038823458 -0.034721113205700212 -0.031998952589121832 -0.030551717751256414 0.04532995097356509 0.036755429497785048 0.038331605338095473 -0.035192812599362307 0.047357761908557769 0.04374102921505129 -0.037943026511153347 0.037864431451730865 0.033746330592899797 0.017034056130817786 -0.039521313282919648 0.043976562193552747
leaf_weight=17.200605956837538 1380.3934450149536 106.38177287671715 9.7236078009009344 39.329686626791954 50.875535508617759 13.560107572004197 4.9078958043828598 3.4795996546745291 2.2221823064610353 0.90999641735106607 6.0982838310301295 3.7172436146065575 6.9218058530241251 31.477861943654716 67.91300180926919 6.2638921700417978 6.6219620704650879 48.505889639258385 6.5442865900695306 7.8808130770921707 8.719582420773806 11.818976093083618 8.6856137625873071 21.886808961629868
leaf_count=118 222 123 797 7 4025 955 292 190 152 28 218 254 7 176 44 120 1 15 57 10 19 53 108 9
internal_value=0.0382998 0.0217515 0.00504176 0.0210942 -0.0163497 0.00722342 0.0261492 0.0291962 0.0315432 0.0331071 0.024171 0.0399897 0.0188172 0.0347472 0.0323149 0.0305635 0.00722943 0.0319276 0.0285945 0.00347259 0.0308955 0.0218117 -0.002816 0.0345291
internal_weight=1872.04 491.647 190.424 108.788 81.6362 30.7607 99.0646 94.1567 90.6771 88.4549 38.4861 49.9687 10.639 32.3879 301.223 233.31 12.8859 220.424 171.918 14.4251 157.493 51.111 17.4052 33.7058
internal_count=8000 7778 7219 2121 5098 1073 1324 1032 842 690 422 268 261 204 559 515 121 394 379 67 312 189 127 62
is_linear=0
shrinkage=0.03


Tree=36
num_leaves=25
num_cat=0
split_feature=14 13 3 2 16 3 7 8 2 6 3 16 2 5 7 2 16 4 1 4 5 3 5 3
split_gain=196.729 90.4388 69.7872 30.4665 29.6858 38.3837 21.1479 16.6003 11.5517 4.90828 11.5131 3.62556 17.247 3.34691 7.65593 23.3603 9.39965 10.3396 21.7645 6.54037 5.56249 11.0039 8.38462 17.3691
threshold=1.0000000180025095e-35 1.0000000180025095e-35 1440.5000000000002 309.35000000000008 0.017599500000000001 1686.5000000000002 6660.3400000000011 7772.3000000000011 311.85000000000008 8.6500000000000004 1362.5000000000002 0.033727500000000007 311.75000000000006 224.50000000000003 6830.4850000000015 313.15000000000003 0.032748500000000007 41.350000000000001 301.65000000000003 40.45000000000001 218.50000000000003 1507.5000000000002 213.50000000000003 1557.5000000000002
decision_type=2 2 2 2 2 2 2 2 2 2 2 2 2 2 2 2 2 2 2 2 2 2 2 2
left_child=1 2 3 -1 5 -4 -5 8 9 -8 -11 -12 -13 14 16 -16 17 19 -19 20 21 -3 23 -23
right_child=-2 13 4 6 -6 -7 7 -9 -10 10 11 12 -14 -15 15 -17 -18 18 -20 -21 -22 22 -24 -25
leaf_value=-0.03039455056256584 0.043580068052279416 0.0041277818206768586 0.036551308785992033 -0.031641724673973207 -0.030584092755973322 -0.031475355797740932 0.039945771605726044 -0.032022214985605028 -0.031632117173558745 -0.030638360631320721 0.037211294521743883 -0.030779773793131144 0.046354704941557349 0.037455024817260804 -0.035086628312897036 0.046554903360946913 0.04290511717711222 -0.037675837909456458 0.036879798883310284 0.045085694147730657 0.0078313560447032613 0.035816944869282726 0.041306920260263773 -0.00011952960514801715
leaf_weight=9.5309989722445589 1358.1706008911133 13.686749728396533 17.232489620335404 5.4464011164382091 49.476551429368556 13.170368527062235 48.809012353420258 3.8212885502725831 2.5070433989167205 3.0236554387956849 23.023896835744381 4.2788669615983945 6.6847503390163183 67.424727376550436 6.09688543807715 6.5353827476501465 47.975410997867584 6.3952303295955044 7.8489620629698038 22.462142455391586 11.698856033384798 38.956205011345446 52.43647476285696 17.561190935783088
leaf_count=800 222 37 118 335 4014 955 52 232 144 207 102 256 4 44 120 1 15 57 10 17 28 39 32 159
internal_value=0.0377184 0.0213401 0.00497542 0.0208007 -0.0162478 0.00708249 0.0258004 0.0291955 0.0318439 0.0336982 0.0254592 0.0304499 0.0162508 0.0315725 0.0298604 0.00715113 0.0311702 0.0278787 0.00340647 0.0301018 0.0275965 0.0294819 0.0326669 0.0246507
internal_weight=1844.25 486.084 187.005 107.126 79.8794 30.4029 97.5949 92.1485 88.3272 85.8202 37.0112 33.9875 10.9636 299.078 231.653 12.6323 219.021 171.046 14.2442 156.802 134.339 122.641 108.954 56.5174
internal_count=8000 7778 7219 2132 5087 1073 1332 997 765 621 569 362 260 559 515 121 394 379 67 312 295 267 230 198
is_linear=0
shrinkage=0.03


Tree=37
num_leaves=25
num_cat=0
split_feature=14 13 3 2 16 3 7 8 2 6 3 3 1 5 5 4 8 1 15 7 0 5 16 2
split_gain=191.233 84.9054 66.792 29.1211 28.9041 36.4805 20.1683 15.8055 10.9835 4.6455 10.9547 3.43374 18.0576 3.25625 14.3153 2.82937 15.1829 21.4122 4.64402 5.86049 19.8358 4.19463 5.42625 5.7077
threshold=1.0000000180025095e-35 1.0000000180025095e-35 1440.5000000000002 309.35000000000008 0.017599500000000001 1686.5000000000002 6660.3400000000011 7772.3000000000011 311.85000000000008 8.6500000000000004 1362.5000000000002 1437.5000000000002 301.85000000000008 204.50000000000003 203.50000000000003 44.150000000000013 8646.9000000000015 297.45000000000005 1.0313500000000004 6288.1900000000014 1.5000000000000002 224.50000000000003 0.028273500000000003 310.55000000000007
decision_type=2 2 2 2 2 2 2 2 2 2 2 2 2 2 2 2 2 2 2 2 2 2 2 2
left_child=1 2 3 -1 5 -4 -5 8 9 -8 -11 12 -12 14 -3 16 21 -18 -17 -20 -21 22 23 -15
right_child=-2 13 4 6 -6 -7 7 -9 -10 10 11 -13 -14 15 -16 18 17 -19 19 20 -22 -23 -24 -25
leaf_value=-0.030382796706113772 0.043000957350123339 0.030138615744986347 0.035403603049487045 -0.031603195874879766 -0.030568666632213685 -0.031448878986942486 0.039121597674894523 -0.031974384867772578 -0.031590894418066069 -0.030619736228930758 -0.030693227944460177 0.040957747589794133 0.037609532052102768 0.019527694047724933 -0.038936059262135295 0.041124793369627308 0.033360734252054429 -0.038060212507682836 0.046326049820301626 -0.036832069715797167 0.043313253870067847 0.039620258144960452 0.046954947989607462 0.032710084750479977
leaf_weight=9.252839392051099 1335.5104579925537 17.180410563945774 17.256999217905108 5.2917823679745188 48.038163845427334 12.791724082082508 48.34913794696331 3.7138161687180391 2.4360759779810897 2.9360507829114786 4.5519615281373289 14.293237682431934 14.842391030862926 48.978966297581792 3.2037928830832234 54.816451270133257 8.3650909215211851 6.8893773015588513 6.5088739395141628 4.6849963348358852 6.8327333070337772 50.494035974144936 14.380715340375898 74.56160019338131
leaf_count=800 222 132 118 335 4014 955 52 232 144 207 293 16 53 118 31 31 9 59 1 58 6 23 5 86
internal_value=0.0371609 0.0209341 0.00490687 0.0204552 -0.0161332 0.00694454 0.0253341 0.0286406 0.031216 0.0330166 0.0249571 0.0298009 0.0215785 0.0308536 0.0192821 0.0317066 0.0298918 0.00110488 0.0367809 0.0235718 0.010713 0.0322224 0.029514 0.0274838
internal_weight=1816.16 480.651 183.754 105.667 78.0869 30.0487 96.4145 91.1227 87.4089 84.9728 36.6236 33.6876 19.3944 296.897 20.3842 276.513 203.67 15.2545 72.8431 18.0266 11.5177 188.415 137.921 123.541
internal_count=8000 7778 7219 2132 5087 1073 1332 997 765 621 569 362 346 559 163 396 300 68 96 65 64 232 209 204
is_linear=0
shrinkage=0.03


Tree=38
num_leaves=25
num_cat=0
split_feature=14 5 3 7 7 2 7 8 2 8 6 3 15 4 8 1 3 16 4 15 2 6 3 2
split_gain=186.364 79.7656 62.8118 28.8785 31.4088 28.1623 18.8695 16.0803 10.451 4.42504 4.35157 10.4285 4.57399 3.71876 15.2591 21.2626 4.54411 4.11168 5.2675 3.78802 5.39676 19.0719 34.1113 11.9024
threshold=1.0000000180025095e-35 202.50000000000003 1440.5000000000002 5102.3550000000005 5066.6950000000006 309.35000000000008 6660.3400000000011 7772.3000000000011 311.85000000000008 399.90000000000003 8.6500000000000004 1362.5000000000002 1.0297500000000002 44.150000000000013 8646.9000000000015 297.45000000000005 1428.5000000000002 0.033864000000000005 46.350000000000001 1.0282500000000001 310.55000000000007 10.950000000000001 2267.5000000000005 308.95000000000005
decision_type=2 2 2 2 2 2 2 2 2 2 2 2 2 2 2 2 2 2 2 2 2 2 2 2
left_child=1 2 5 4 -4 -1 -7 8 9 -8 -11 -12 -13 14 16 -16 -3 -15 -19 -18 21 23 -23 -21
right_child=-2 13 3 -5 -6 6 7 -9 -10 10 11 12 -14 17 15 -17 19 18 -20 20 -22 22 -24 -25
leaf_value=-0.030372156868549854 0.042453751289660072 -0.041695372211608142 -0.030587552725537329 -0.030372568776980739 0.032915999651278324 -0.031536518726888181 -0.034135109811040606 -0.031828958225057206 -0.03155055136025503 0.039037257497192543 -0.030607728169911395 -0.031728200597767042 0.031908454580656942 0.039217771650068366 0.032462274703745422 -0.037460193324000315 0.013185018827389507 0.044506591834106927 0.0099363874352175387 0.040584509001328588 0.036382403006464385 -0.042316335152356457 0.047523495678605185 0.013778344750708459
leaf_weight=9.1317550158128125 1312.4908218383789 0.78476747870445152 11.661228784359993 47.107355986721814 17.572940615937114 5.0708299055695525 0.8909557880833735 3.8777286466211072 2.3670564247295252 47.432780610397458 2.7813628567382684 1.0499634761363257 31.930469120852649 62.990759000182152 8.33910423517227 7.376041827723383 10.594093278050421 6.2660236358642605 10.810842048376797 50.676344556733966 100.00980109348893 8.9070374518632871 6.6386418342590323 21.120644845068455
leaf_count=811 222 4 911 4185 58 335 30 250 144 48 201 30 312 61 9 66 23 1 52 41 93 56 1 56
internal_value=0.0366245 0.0205308 0.00484998 -0.0158371 0.00758504 0.019958 0.0247756 0.0279367 0.0306175 0.0323675 0.0330797 0.0251779 0.0298825 0.0301611 0.0281013 -0.00035645 0.0303516 0.0356781 0.0226213 0.0306373 0.0316241 0.0261758 -0.00395105 0.0326989
internal_weight=1787.88 475.389 180.874 76.3415 29.2342 104.533 95.4011 90.3303 86.4526 84.0855 83.1946 35.7618 32.9804 294.514 214.446 15.7151 198.731 80.0676 17.0769 197.947 187.352 87.3427 15.5457 71.797
internal_count=8000 7778 7315 5154 969 2161 1350 1015 765 621 591 543 342 463 349 75 274 114 53 270 247 154 57 97
is_linear=0
shrinkage=0.03


Tree=39
num_leaves=25
num_cat=0
split_feature=14 5 3 4 4 2 7 8 2 6 3 4 8 1 16 4 15 2 6 4 2 16 3 1
split_gain=181.939 74.9645 60.064 28.2731 31.9579 26.8991 17.9802 15.2954 9.92628 4.26724 9.88389 3.58045 14.3767 20.3069 3.96347 5.11632 3.95254 4.61542 17.9366 32.641 11.4575 31.5029 3.26474 17.1433
threshold=1.0000000180025095e-35 202.50000000000003 1440.5000000000002 29.150000000000002 28.750000000000004 309.35000000000008 6660.3400000000011 7772.3000000000011 311.85000000000008 8.6500000000000004 1362.5000000000002 44.150000000000013 8646.9000000000015 297.45000000000005 0.033864000000000005 46.350000000000001 1.0282500000000001 310.55000000000007 10.950000000000001 16.850000000000005 308.95000000000005 0.018742500000000006 1437.5000000000002 301.85000000000008
decision_type=2 2 2 2 2 2 2 2 2 2 2 2 2 2 2 2 2 2 2 2 2 2 2 2
left_child=1 2 5 4 -4 -1 -7 8 9 -8 -11 12 16 -14 -13 -16 -3 18 20 -20 -18 -22 23 -12
right_child=-2 11 3 -5 -6 6 7 -9 -10 10 22 14 13 -15 15 -17 17 -19 19 -21 21 -23 -24 -25
leaf_value=-0.030361076077150724 0.041936110043650908 0.011961159136809467 -0.03068428176227531 -0.030433146968409732 0.033476470616260814 -0.031500424542314637 0.03758466345418255 -0.031785220995401951 -0.031511075984029996 -0.030584073968282461 -0.030681447744194911 0.038415984151123912 0.031599095219624923 -0.037223687293347005 0.043875112820306997 0.0096344048508671728 0.039697258671139782 0.035048787887053325 0.046710191739099301 -0.04186884917078175 0.037072636692072738 -0.043258238387031474 0.039386760905959543 0.03613423673284219
leaf_weight=8.8650567559525353 1289.183464050293 10.763997070491312 11.754496172070505 45.658574061468244 17.225897552445531 4.9265179736539713 47.365553718060255 3.7682246658951035 2.2999336756765834 2.7679943460971108 4.5241477768868235 62.385479174554348 8.3103279396891576 7.2028381470590821 6.1670193672180202 10.815139938145874 50.261005889624357 99.996665049344301 6.552898406982421 8.734774533659218 14.887466728687288 6.2332738358527413 14.07933012768626 14.638771645724772
leaf_count=811 222 24 952 4124 78 335 52 250 144 207 293 61 9 66 1 52 41 96 1 56 14 42 16 53
internal_value=0.0361099 0.0201354 0.00477931 -0.015723 0.00745276 0.0196024 0.0242959 0.0273692 0.0299709 0.0316669 0.0238831 0.0294797 0.0274527 -0.000355656 0.0349182 0.0220688 0.0296378 0.0306571 0.02559 -0.00390039 0.0319059 0.0133649 0.0284184 0.0203598
internal_weight=1759.37 470.185 177.874 74.639 28.9804 103.236 94.3705 89.444 85.6757 83.3758 36.0102 292.311 212.943 15.5132 79.3676 16.9822 197.43 186.666 86.6694 15.2877 71.3817 21.1207 33.2422 19.1629
internal_count=8000 7778 7315 5154 1030 2161 1350 1015 765 621 569 463 349 75 114 53 274 250 154 57 97 56 362 346
is_linear=0
shrinkage=0.03


Tree=40
num_leaves=25
num_cat=0
split_feature=14 13 3 16 3 2 7 8 15 6 3 7 5 7 2 16 4 1 3 15 6 2 2 1
split_gain=177.441 70.5374 58.6456 26.8147 32.6294 25.452 17.5082 13.6602 7.13503 6.83599 10.2041 5.94992 3.32539 7.11458 21.4008 9.20597 8.64359 19.1479 6.67874 17.2579 23.4042 5.8476 13.8387 30.5379
threshold=1.0000000180025095e-35 1.0000000180025095e-35 1440.5000000000002 0.017599500000000001 1686.5000000000002 309.35000000000008 6660.3400000000011 7772.3000000000011 1.0269000000000001 8.6500000000000004 1362.5000000000002 7716.3650000000007 224.50000000000003 6830.4850000000015 313.15000000000003 0.032748500000000007 41.350000000000001 301.65000000000003 1570.5000000000002 1.0362500000000001 8.6500000000000004 309.05000000000007 311.75000000000006 300.95000000000005
decision_type=2 2 2 2 2 2 2 2 2 2 2 2 2 2 2 2 2 2 2 2 2 2 2 2
left_child=1 2 5 4 -4 -1 -7 8 -8 -10 -11 -12 13 15 -15 16 18 -18 21 20 -20 -3 23 -23
right_child=-2 12 3 -5 -6 6 7 -9 9 10 11 -13 -14 14 -16 -17 17 -19 19 -21 -22 22 -24 -25
leaf_value=-0.030349612225428767 0.041445904620451585 0.040019980248857702 0.033252928256027672 -0.030534291856124853 -0.0315189832538798 -0.031491140536742596 -0.033277226352908272 -0.031836119355969257 0.038372492839504113 -0.030539552439216178 0.028627931512638479 -0.030716075444574262 0.03481311791395221 -0.035354473374222484 0.044032395775677337 0.040299734819419335 -0.037395364734337903 0.034096178445718182 0.029395224843741092 0.03100976484524829 -0.040149162123624918 -0.041176166818894293 0.041155267414796234 0.027959780728332221
leaf_weight=8.4655527565628272 1265.6543340682983 42.689369071274996 17.035874185152355 44.09211690351367 11.881544875912367 4.8526482013985506 1.603121643885969 3.4093152033165088 45.86702033597976 3.1557463081553569 32.475427154451609 1.5952395359054197 64.93726372346282 6.0341910272836667 6.1924495697021484 45.809804886579514 6.0815190579742175 7.5671845348551869 8.5702127879485506 32.739945944398642 8.855454399250446 7.4217792227864257 27.702231794595718 25.528386909514666
leaf_count=800 222 26 118 4014 955 335 22 232 40 246 353 104 44 120 1 15 57 10 19 62 108 50 11 36
internal_value=0.0356254 0.0197679 0.00469181 -0.0158106 0.00663954 0.0194503 0.0239855 0.027041 0.029411 0.0306205 0.0210692 0.0258494 0.0288321 0.0271074 0.00485274 0.028385 0.0251198 0.00224134 0.0271539 0.0181727 -0.00594616 0.0315138 0.0255268 0.0123874
internal_weight=1730.22 464.563 174.434 73.0095 28.9174 101.424 92.9585 88.1059 84.6966 83.0934 37.2264 34.0707 290.13 225.193 12.2266 212.966 167.156 13.6487 153.507 50.1656 17.4257 103.342 60.6524 32.9502
internal_count=8000 7778 7219 5087 1073 2132 1332 997 765 743 703 457 559 515 121 394 379 67 312 189 127 123 97 86
is_linear=0
shrinkage=0.03


Tree=41
num_leaves=25
num_cat=0
split_feature=14 13 3 16 3 2 7 8 2 3 16 6 2 5 7 2 16 4 1 3 15 6 5 8
split_gain=173.069 66.6342 56.09 26.1106 31.0692 24.3198 16.691 13.0013 9.36903 4.51068 24.9421 5.6398 12.9293 3.13142 6.65376 20.5663 8.94013 8.15337 18.2927 6.39984 16.2522 22.377 5.78558 17.7469
threshold=1.0000000180025095e-35 1.0000000180025095e-35 1440.5000000000002 0.017599500000000001 1686.5000000000002 309.35000000000008 6660.3400000000011 7772.3000000000011 311.85000000000008 1380.5000000000002 0.033727500000000007 8.6500000000000004 311.75000000000006 224.50000000000003 6830.4850000000015 313.15000000000003 0.032748500000000007 41.350000000000001 301.65000000000003 1570.5000000000002 1.0362500000000001 8.6500000000000004 215.50000000000003 4848.8000000000002
decision_type=2 2 2 2 2 2 2 2 2 2 2 2 2 2 2 2 2 2 2 2 2 2 2 2
left_child=1 2 5 4 -4 -1 -7 8 9 11 -11 -8 -13 14 16 -16 17 19 -19 -3 21 -21 23 -22
right_child=-2 13 3 -5 -6 6 7 -9 -10 10 -12 12 -14 -15 15 -17 -18 18 -20 20 22 -23 -24 -25
leaf_value=-0.030339210304343847 0.040981217441585137 0.030849883705579357 0.032263804067272021 -0.030520089128845792 -0.031492824220874974 -0.031455442373882828 0.042143589305095305 -0.031791585984483027 -0.03153599369654899 0.033963168949469963 -0.032359711747998725 -0.030476679094982789 0.041510256934475243 0.034084342298515737 -0.035248658302105003 0.043427923936246109 0.039633655431322523 -0.037150454972424793 0.033281867549277477 0.028583089380428035 0.041008540671505396 -0.0398346634394183 0.039726005646904997 -0.035455163007390357
leaf_weight=8.218132356181739 1241.9638767242432 102.41050511877984 17.031462930142883 42.808610403910279 11.539825789630411 4.7144947163760653 36.207976415753365 3.3131195353344074 2.2540985727682701 29.3446588749066 6.1776029746979466 3.4323234781622869 6.493868961930275 64.344955343753099 5.8731680139899236 6.0918049812316895 45.191658064723015 5.9401006046682578 7.5204732278361917 8.5496201179921645 7.5822373321279866 8.6605575662106258 20.775412827730179 4.2704378683120012
leaf_count=800 222 123 118 4014 955 335 7 232 144 112 218 275 9 44 120 1 15 57 10 19 5 108 9 48
internal_value=0.0351649 0.0194184 0.00462372 -0.0156969 0.00651276 0.0191059 0.0235257 0.0264975 0.028799 0.0304645 0.0224291 0.0366516 0.0166183 0.0282545 0.0265713 0.00480846 0.027806 0.0245804 0.00220035 0.0265591 0.0177421 -0.0058463 0.0301842 0.0134592
internal_weight=1700.71 458.747 171.536 71.3799 28.5713 100.156 91.9381 87.2236 83.9105 81.6564 35.5223 46.1342 9.92619 287.211 222.866 11.965 210.901 165.709 13.4606 152.249 49.8383 17.2102 32.6281 11.8527
internal_count=8000 7778 7219 5087 1073 2132 1332 997 765 621 330 291 284 559 515 121 394 379 67 312 189 127 62 53
is_linear=0
shrinkage=0.03


Tree=42
num_leaves=25
num_cat=0
split_feature=14 13 3 16 3 2 7 8 15 6 3 7 15 4 8 1 5 15 5 16 16 7 3 15
split_gain=168.718 62.7555 53.8076 25.4265 29.5947 23.3292 15.9836 12.4355 6.59078 6.45945 9.29598 5.35592 4.25386 3.14419 12.8449 18.2905 6.30533 16.2939 5.24363 4.76381 5.628 23.3721 5.51825 15.3326
threshold=1.0000000180025095e-35 1.0000000180025095e-35 1440.5000000000002 0.017599500000000001 1686.5000000000002 309.35000000000008 6660.3400000000011 7772.3000000000011 1.0269000000000001 8.6500000000000004 1362.5000000000002 7716.3650000000007 1.0297500000000002 44.150000000000013 8646.9000000000015 297.45000000000005 206.50000000000003 1.03685 224.50000000000003 0.028273500000000003 0.025572000000000001 5782.4300000000012 1570.5000000000002 1.0362500000000001
decision_type=2 2 2 2 2 2 2 2 2 2 2 2 2 2 2 2 2 2 2 2 2 2 2 2
left_child=1 2 5 4 -4 -1 -7 8 -8 -10 -11 12 -12 14 18 -16 17 -15 19 20 22 -22 -3 -24
right_child=-2 13 3 -5 -6 6 7 -9 9 10 11 -13 -14 16 15 -17 -18 -19 -20 -21 21 -23 23 -25
leaf_value=-0.030329116969044605 0.04054028822741184 0.030649178244602771 0.031311463363115702 -0.030506244164596037 -0.031466890625712368 -0.031420429140032798 -0.033178885777725139 -0.031747876814225237 0.03718036633597209 -0.030522899077790825 -0.031691493456119768 -0.030673793798015252 0.029298199494852864 -0.044190881321431022 0.029256213034507848 -0.037332138619583094 0.036246630302546545 0.036805660906239795 0.036423238555171815 0.041416361531226915 0.042364362558083686 -0.04148874673592795 -0.0056317405261119965 0.029630489260993521
leaf_weight=7.9778638295829287 1218.167667388916 68.932226854376495 17.023110411129895 41.561995254829526 11.207863177172838 4.5801819171756497 1.5377758126705874 3.2195619745180002 44.582100463099778 2.9895257307216516 1.0645490810275067 1.5026810774579633 31.023500087670982 3.2789558162912709 8.1704875901341421 6.8043477134779087 66.5556830316782 7.0227984599769115 48.10322667658329 14.31086037494242 6.4776914864778501 5.5588127123191953 16.922099132090807 32.24431914743036
leaf_count=800 222 73 118 4014 955 335 22 232 40 246 37 104 316 54 10 66 77 17 23 10 2 39 126 62
internal_value=0.0347291 0.0190901 0.00456862 -0.0155826 0.00638809 0.0188502 0.0231855 0.0260964 0.0283483 0.0295141 0.0201708 0.0246825 0.0272748 0.0276826 0.0257629 -0.00100057 0.032866 0.0110252 0.0278443 0.0249874 0.0231807 0.00363852 0.0251724 0.0174939
internal_weight=1670.82 452.652 168.271 69.793 28.231 98.4777 90.4999 85.9197 82.7001 81.1624 36.5803 33.5907 32.088 284.382 207.524 14.9748 76.8574 10.3018 192.549 144.446 130.135 12.0365 118.099 49.1664
internal_count=8000 7778 7219 5087 1073 2132 1332 997 765 743 703 457 353 559 411 76 148 71 335 312 302 41 261 188
is_linear=0
shrinkage=0.03


Tree=43
num_leaves=25
num_cat=0
split_feature=14 13 16 16 3 2 6 8 2 15 15 6 3 6 4 7 4 15 8 7 5 15 7 6
split_gain=165.259 59.1204 51.4946 24.7661 28.2 22.079 15.5945 13.5917 10.9095 7.55194 7.1303 5.2991 7.1601 5.19167 3.06983 12.1365 21.3243 6.36832 11.793 18.8583 5.97306 15.574 3.87516 21.7922
threshold=1.0000000180025095e-35 1.0000000180025095e-35 0.03139150000000001 0.017599500000000001 1686.5000000000002 309.35000000000008 9.5500000000000025 7772.3000000000011 311.85000000000008 1.0371500000000002 1.0269000000000001 8.6500000000000004 1362.5000000000002 8.9500000000000011 44.150000000000013 6297.9800000000005 39.050000000000004 1.0303500000000001 7677.1000000000013 5440.5250000000005 206.50000000000003 1.03685 5386.7750000000005 10.950000000000001
decision_type=2 2 2 2 2 2 2 2 2 2 2 2 2 2 2 2 2 2 2 2 2 2 2 2
left_child=1 2 3 4 6 -4 -1 8 9 10 -7 -12 -13 -14 15 17 -17 18 19 -3 21 -16 -19 -24
right_child=-2 14 5 -5 -6 7 -8 -9 -10 -11 11 12 13 -15 20 16 -18 22 -20 -21 -22 -23 23 -25
leaf_value=0.042906996593823937 0.040121525232608417 -0.051809558593590523 -0.030319514301024218 -0.030496665313323824 -0.03144118005256806 -0.032872695529099598 -0.035537581337385576 -0.031917036569684774 -0.031746284523128859 -0.030809855253074097 0.036911313692943842 -0.030557082968244664 -0.031417497247768732 0.02733009956267109 -0.0439070100962798 0.036372431593203455 -0.03651921014912192 0.035514828089669812 0.029534817751604291 0.019766409157370664 0.035555866427533646 0.03604021236230201 0.032567837581599458 -0.0069247480424782159
leaf_weight=14.297696273773914 1194.3164119720459 5.0510367779061189 7.6692222990095607 40.346512013114989 10.88538139220327 1.6604762179777015 2.7136917356401673 3.9184758691117159 2.9222302613779894 1.969286249950527 43.796113862656057 2.2451529530808321 1.4145074961706985 31.569283191114664 3.2023107893764955 6.9888507053256017 7.4760364620015025 64.457825397141278 23.064618764445186 9.6275201803073269 65.824367439374328 6.9577844832092524 74.038223422132432 15.147959026508031
leaf_count=40 222 36 797 4025 955 30 78 292 190 152 41 184 55 380 54 6 81 92 25 27 77 17 87 57
internal_value=0.0342966 0.0187419 0.0045043 -0.0154689 0.00626538 0.0185324 0.0303934 0.0227187 0.0252204 0.0272345 0.0286512 0.0299439 0.0212821 0.0248107 0.0270979 0.0251957 -0.00130091 0.0271982 0.0161571 -0.00486359 0.0322513 0.010842 0.0299106 0.0258602
internal_weight=1641.56 447.245 165.408 68.2433 27.8968 97.1647 17.0114 89.4955 85.5771 82.6548 80.6855 79.0251 35.2289 32.9838 281.837 205.852 14.4649 191.387 37.7432 14.6786 75.9845 10.1601 153.644 89.1862
internal_count=8000 7778 7219 5098 1073 2121 118 1324 1032 842 690 660 619 435 559 411 87 324 88 63 148 71 236 144
is_linear=0
shrinkage=0.03


Tree=44
num_leaves=25
num_cat=0
split_feature=14 5 3 7 7 2 7 8 15 6 3 7 15 4 8 1 5 3 5 16 16 3 15 7
split_gain=162.015 55.6596 48.5819 24.8054 26.0078 21.6327 14.4823 12.0971 5.9958 6.03105 8.43844 4.9917 3.83864 3.37408 11.9688 17.3201 3.86304 15.077 18.0755 4.2432 9.76587 4.06725 3.83518 5.27361
threshold=1.0000000180025095e-35 202.50000000000003 1440.5000000000002 5102.3550000000005 5066.6950000000006 309.35000000000008 6660.3400000000011 7772.3000000000011 1.0269000000000001 8.6500000000000004 1362.5000000000002 7716.3650000000007 1.0297500000000002 44.150000000000013 8646.9000000000015 297.45000000000005 213.50000000000003 1554.5000000000002 205.50000000000003 0.023213500000000001 0.028273500000000003 1566.5000000000002 1.0320500000000001 6288.1900000000014
decision_type=2 2 2 2 2 2 2 2 2 2 2 2 2 2 2 2 2 2 2 2 2 2 2 2
left_child=1 2 5 4 -4 -1 -7 8 -8 -10 -11 12 -12 14 16 -16 17 19 -19 -3 -21 -18 -15 -24
right_child=-2 13 3 -5 -6 6 7 -9 9 10 11 -13 -14 22 15 -17 21 18 -20 20 -22 -23 23 -25
leaf_value=-0.030310575880941659 0.039723475992753825 0.037451225378024616 -0.030592733062712058 -0.030320257744921583 0.030071116877754205 -0.031348451806156974 -0.032987692564246586 -0.031577242448509207 0.035959378503446861 -0.030492771505739313 -0.031594045097845476 -0.030661068179762701 0.027965887121818286 0.035680001406214697 0.028216874725846577 -0.037057480156267461 0.019766921497856534 0.024653114292753197 -0.037233915327550042 0.0090480021214940851 0.041296592677843934 0.033372985568567611 0.042392187428524845 0.0072969125844001646
leaf_weight=7.6444760616868725 1170.4564762115479 26.576129093766212 10.272375463508071 39.663383763283491 16.701889798045158 4.3093934692442408 1.4568058717995871 3.2649014117196193 43.411556424573064 2.8174399081617585 1.00576264318079 1.4596294006332744 30.735430406406522 57.694505881518126 8.0391685217618924 6.7140052113682023 25.806606449186802 9.3706688825041073 7.7689922805875531 21.706293694674969 13.840230360627173 84.576457872986794 5.8999948501586941 11.10936453193426
leaf_count=811 222 13 911 4185 58 335 22 250 40 246 37 104 316 51 9 66 37 33 78 50 6 57 1 62
internal_value=0.0338805 0.0184024 0.00445844 -0.0152259 0.00696903 0.0181072 0.0222913 0.0250382 0.0273234 0.0284296 0.0193541 0.0235842 0.0260787 0.0265331 0.024539 -0.00148876 0.0265638 0.021511 -0.00339877 0.0283836 0.0216042 0.030192 0.0319892 0.0194703
internal_weight=1612.3 441.845 162.743 66.6376 26.9743 96.1054 88.4609 84.1515 80.8866 79.4298 36.0183 33.2008 31.7412 279.102 204.399 14.7532 189.645 79.2623 17.1397 62.1227 35.5465 110.383 74.7039 17.0094
internal_count=8000 7778 7315 5154 969 2161 1350 1015 765 743 703 457 353 463 349 75 274 180 111 69 56 94 114 63
is_linear=0
shrinkage=0.03


Tree=45
num_leaves=25
num_cat=0
split_feature=14 13 3 16 4 2 6 7 8 3 16 6 8 2 2 6 5 6 2 2 5 3 2 3
split_gain=158.975 52.5369 47.4471 23.5704 26.5224 20.457 14.9471 14.0844 10.7996 5.03549 24.2583 6.0673 10.368 3.05269 6.74952 20.1937 3.58746 5.17537 4.85428 12.2521 17.0324 6.71336 10.4811 25.8578
threshold=1.0000000180025095e-35 1.0000000180025095e-35 1440.5000000000002 0.017599500000000001 28.750000000000004 309.35000000000008 9.5500000000000025 6660.3400000000011 7772.3000000000011 1380.5000000000002 0.033727500000000007 8.6500000000000004 6420.9500000000016 313.15000000000003 311.85000000000008 8.6500000000000004 224.50000000000003 8.5500000000000025 310.65000000000003 309.95000000000005 206.50000000000003 1475.5000000000002 308.45000000000005 2267.5000000000005
decision_type=2 2 2 2 2 2 2 2 2 2 2 2 2 2 2 2 2 2 2 2 2 2 2 2
left_child=1 2 5 4 -4 -1 -6 -7 9 11 -11 -9 -13 14 16 -16 17 -3 19 21 -21 -19 -23 -24
right_child=-2 13 3 -5 6 7 -8 8 -10 10 -12 12 -14 -15 15 -17 -18 18 -20 20 -22 22 23 -25
leaf_value=-0.030300604614926931 0.039344795515867455 0.0046519922274071189 -0.031484704615285249 -0.030484898932143102 0.042058399206006895 -0.031337292615556608 -0.035518193079644815 0.039568147765538894 -0.031621493908919607 0.030452739085532785 -0.032298927194115194 -0.030510401063643992 0.034421603766945058 0.040845941308756829 0.03689056181850154 -0.042142890261085975 0.032703448919237037 0.033265784866681247 0.031607893998397529 0.022903263928178562 -0.042214326726955187 0.027269471510792499 -0.037650746923599689 0.043339592172512202
leaf_weight=7.297728218138217 1146.6304149627686 11.309432091191409 10.381353342905642 38.194430952891707 13.95804092846811 4.2411744967102996 2.6615509558469048 34.229722455143929 2.9537406163290134 28.921945709735155 6.8593101790174833 3.3011221503838879 6.7155433725565672 11.893746582791207 6.8315724637359363 5.0682341121137142 60.749037232249975 49.011711366474628 72.099312567152083 8.8720036838203651 6.1012110225856295 30.251764649525285 8.4636822221800667 6.1084570474922648
leaf_count=800 222 36 933 4014 51 335 89 9 232 143 266 278 69 5 6 45 40 91 119 30 42 48 95 2
internal_value=0.0334794 0.0180708 0.00436983 -0.0153184 0.00613555 0.0179498 0.0296349 0.0219868 0.0247122 0.0267914 0.0184232 0.0335586 0.0130224 0.0259775 0.0253098 0.00322951 0.0263485 0.0243401 0.0255709 0.0215706 -0.00363053 0.025592 0.0172012 -0.00370062
internal_weight=1583.11 436.476 159.716 65.1954 27.0009 94.5203 16.6196 87.2226 82.9814 80.0276 35.7813 44.2464 10.0167 276.76 264.866 11.8998 252.967 192.218 180.908 108.809 14.9732 93.8356 44.8239 14.5721
internal_count=8000 7778 7219 5087 1073 2132 140 1332 997 765 409 356 347 559 554 51 503 463 427 308 72 236 145 97
is_linear=0
shrinkage=0.03


Tree=46
num_leaves=25
num_cat=0
split_feature=14 13 3 4 4 2 7 8 3 16 6 8 1 5 6 6 15 7 15 1 2 2 3 16
split_gain=155.734 49.3977 45.5432 22.937 25.763 19.6259 13.4892 10.3311 4.93419 23.086 5.84438 9.90204 3.15177 4.9379 6.70806 6.26305 14.0986 17.9993 6.39847 13.2667 20.771 4.74192 10.8682 25.0643
threshold=1.0000000180025095e-35 1.0000000180025095e-35 1440.5000000000002 29.150000000000002 28.750000000000004 309.35000000000008 6660.3400000000011 7772.3000000000011 1380.5000000000002 0.033727500000000007 8.6500000000000004 6420.9500000000016 297.25000000000006 224.50000000000003 8.5500000000000025 8.6500000000000004 1.0303500000000001 6390.2850000000008 1.0308500000000003 300.55000000000007 310.65000000000003 310.65000000000003 1475.5000000000002 0.021935500000000004
decision_type=2 2 2 2 2 2 2 2 2 2 2 2 2 2 2 2 2 2 2 2 2 2 2 2
left_child=1 2 5 4 -4 -1 -7 8 10 -10 -8 -12 -3 14 -14 -16 17 -17 -18 21 -21 22 -20 -24
right_child=-2 12 3 -5 -6 6 7 -9 9 -11 11 -13 13 -15 15 16 18 -19 19 20 -22 -23 23 -25
leaf_value=-0.03029166814846395 0.038984267778292926 0.013083897592407249 -0.031453910834652425 -0.030452729071174914 0.029440950531948038 -0.031304413285109529 0.039091755265285036 -0.031581055511478162 0.02971577214500884 -0.032234176911899365 -0.030495455402405544 0.033685188656506576 0.0020533757894346809 0.033900622205103044 0.039284935062596837 -0.042678265208827434 0.038127199863897357 0.02560079013409718 0.03251587497120173 0.029165136865523442 -0.041058448456489247 0.0372132153630612 0.023627275518347538 -0.041501646039585616
leaf_weight=7.0841055428609243 1122.8767604827881 17.391654290258884 10.138442957773806 37.132200926542282 16.315082063898444 4.1200866540893903 33.616742193698883 2.870059458538889 28.75264236330986 6.6697566313669077 3.2051056297495943 6.657375524751842 11.778440248221157 58.958579547703266 25.263398669660091 6.3883391665294749 30.755065971054137 7.6187371481209993 42.277605473995209 8.1886938856914622 7.0584265235811463 27.84909026324749 23.74731553718448 6.8526224093511692
leaf_count=800 222 41 936 4073 78 335 9 232 143 266 278 69 39 36 14 51 26 20 81 16 78 30 64 63
internal_value=0.0331017 0.017765 0.00432111 -0.0152446 0.0061027 0.017702 0.0216604 0.024329 0.0263628 0.0180511 0.0331342 0.0128278 0.0254432 0.0262805 0.0240089 0.0253992 0.0232167 -0.00553988 0.0259619 0.0227358 -0.00334382 0.0266835 0.0226597 0.00904215
internal_weight=1553.57 430.69 156.562 63.5857 26.4535 92.9759 85.8918 81.7717 78.9016 35.4224 43.4792 9.86248 274.128 256.736 197.778 185.999 160.736 14.0071 146.729 115.974 15.2471 100.727 72.8775 30.5999
internal_count=8000 7778 7219 5087 1014 2132 1332 997 765 409 356 347 559 518 482 443 429 71 358 332 94 238 208 127
is_linear=0
shrinkage=0.03


Tree=47
num_leaves=25
num_cat=0
split_feature=14 5 3 7 8 2 7 8 3 16 6 8 5 7 4 8 1 4 1 3 15 2 6 4
split_gain=152.738 46.6072 42.8105 23.0108 23.3267 19.0867 12.6859 10.6285 4.83929 21.9745 5.63609 9.4583 3.70352 10.6915 3.10818 11.497 15.9152 5.25073 5.90199 14.1582 3.72197 4.31864 17.2212 28.756
threshold=1.0000000180025095e-35 202.50000000000003 1440.5000000000002 5102.3550000000005 4198.5000000000009 309.35000000000008 6660.3400000000011 7772.3000000000011 1380.5000000000002 0.033727500000000007 8.6500000000000004 6420.9500000000016 147.50000000000003 5089.005000000001 44.150000000000013 8646.9000000000015 297.45000000000005 46.850000000000001 303.85000000000008 1364.5000000000002 1.0282500000000001 310.55000000000007 10.950000000000001 16.850000000000005
decision_type=2 2 2 2 2 2 2 2 2 2 2 2 2 2 2 2 2 2 2 2 2 2 2 2
left_child=1 2 5 4 -4 -1 -7 8 10 -10 -8 -12 -6 -14 15 20 -17 -16 19 -19 -3 22 -22 -24
right_child=-2 14 3 -5 12 6 7 -9 9 -11 11 -13 13 -15 17 16 -18 18 -20 -21 21 -23 23 -25
leaf_value=-0.030284548025994937 0.038640757578923858 0.0076766268361221322 -0.030931315187070135 -0.030297182641364537 0.04596051096357865 -0.031251963708445435 0.038635193543856299 -0.031457457768322941 0.028996492641986386 -0.032171171728971056 -0.030480943942015091 0.032964606653099013 -0.032514264002228919 0.036596743179268809 0.034680667282904802 0.026098370449781812 -0.037010104429214839 0.028981783924749226 0.040670176557453197 -0.041631140460164882 0.027537704383452433 0.030481793997772576 0.042592328176906294 -0.042921144572921052
leaf_weight=7.0071187671273938 1099.2307634353638 10.484288863837717 9.3895553909242171 36.405378645751625 6.5047640595585134 3.9512700247578314 33.002877935767174 3.0157459019683293 28.584475574083626 6.4851205507293335 3.1118389172479493 6.599695835262537 2.8236358873546106 7.031059093773365 55.697367446497083 7.8781995698809606 6.6174222473055124 6.8420633003115672 5.5194373130798331 4.0790782868862152 66.075662065297365 93.21257009729743 5.9390716552734366 8.7584745772182924
leaf_count=811 222 24 815 4185 3 335 9 250 143 266 278 69 144 7 46 9 66 12 1 55 97 96 1 56
internal_value=0.0327357 0.0174632 0.00427833 -0.0149457 0.00675895 0.0173002 0.0212344 0.0238011 0.0259435 0.0176853 0.0327238 0.0126349 0.0283914 0.0167946 0.0249486 0.0230144 -0.00271139 0.0302833 0.015386 0.00260765 0.0250359 0.026082 0.0210046 -0.00836635
internal_weight=1524.25 425.016 153.913 62.1544 25.749 91.7581 84.751 80.7998 77.784 35.0696 42.7144 9.71153 16.3595 9.85469 271.104 198.966 14.4956 72.1379 16.4406 10.9211 184.47 173.986 80.7732 14.6975
internal_count=8000 7778 7315 5154 969 2161 1350 1015 765 409 356 347 154 151 463 349 75 114 68 67 274 250 154 57
is_linear=0
shrinkage=0.03


Tree=48
num_leaves=25
num_cat=0
split_feature=14 5 3 16 8 2 15 7 8 2 3 16 6 2 4 8 1 4 1 3 15 5 3 3
split_gain=149.792 43.8409 41.1049 22.3785 22.7811 18.3178 13.7901 12.1547 10.1714 7.95742 4.52636 19.7148 4.2953 10.5898 3.07382 10.8647 15.2447 4.97194 5.68155 13.5688 3.5835 4.14658 11.038 15.4088
threshold=1.0000000180025095e-35 202.50000000000003 1440.5000000000002 0.017599500000000001 4198.5000000000009 309.35000000000008 1.0318500000000002 6660.3400000000011 7772.3000000000011 311.85000000000008 1380.5000000000002 0.033727500000000007 8.6500000000000004 311.75000000000006 44.150000000000013 8646.9000000000015 297.45000000000005 46.850000000000001 303.85000000000008 1364.5000000000002 1.0282500000000001 213.50000000000003 1554.5000000000002 1920.5000000000002
decision_type=2 2 2 2 2 2 2 2 2 2 2 2 2 2 2 2 2 2 2 2 2 2 2 2
left_child=1 2 5 4 -4 -1 -6 -7 9 10 12 -12 -9 -14 15 20 -17 -16 19 -19 -3 22 -22 -24
right_child=-2 14 3 -5 6 7 -8 8 -10 -11 11 -13 13 -15 17 16 -18 18 -20 -21 21 -23 23 -25
leaf_value=-0.030276089473809623 0.038313241096606485 0.0074509875486927207 -0.030801820162174101 -0.030366976930990011 0.040407008060369273 -0.031221116006207392 -0.034941825863315776 0.03897668570116037 -0.031420797992131835 -0.031787868787540779 0.02930811439281656 -0.032259641771684923 -0.030421509147162656 0.038707451116449416 0.034094019505092082 0.0254594071629357 -0.036794373214479786 0.028346452202586938 0.04024492832178491 -0.041444907669314482 0.02637735894775721 0.029272512291220788 -0.03464767999911323 0.025001751385720569
leaf_weight=6.8018978880718342 1075.7240753173828 10.477832019329069 9.2959582405164856 35.197653047740459 13.480762617662551 3.8382239406928411 2.6091245440766206 32.061294078826904 2.9299803175963453 2.1194153437390915 27.938140940852463 5.6229818910360327 3.0052256966009718 5.9294266877695918 54.967178096994758 7.8343147411942464 6.4589306078851223 6.7864037081599253 5.4120502471923819 3.9760437663644552 52.298602640628815 104.49814868718386 7.1880586091428986 8.5144443735480291
leaf_count=811 222 24 898 4063 70 335 123 7 250 144 112 218 275 9 46 9 66 12 1 55 60 88 90 12
internal_value=0.0323849 0.0171736 0.00423205 -0.0148824 0.00658703 0.0170638 0.0281885 0.0209226 0.0234368 0.025533 0.0271624 0.0189928 0.0338505 0.0154555 0.0244459 0.022518 -0.00267226 0.0297919 0.0151715 0.00256296 0.0244857 0.0255204 0.0197545 -0.00230368
internal_weight=1494.97 419.242 150.83 60.5835 25.3858 90.2466 16.0899 83.4447 79.6065 76.6765 74.5571 33.5611 40.9959 8.93465 268.412 197.27 14.2932 71.1417 16.1745 10.7624 182.977 172.499 68.0011 15.7025
internal_count=8000 7778 7315 5154 1091 2161 193 1350 1015 765 621 330 291 284 463 349 75 114 68 67 274 250 162 102
is_linear=0
shrinkage=0.03


Tree=49
num_leaves=25
num_cat=0
split_feature=14 13 3 16 3 2 7 8 3 16 6 1 16 16 1 5 6 6 15 7 15 1 2 2
split_gain=146.929 41.3093 40.4063 21.0958 22.9983 17.3624 11.8743 9.06703 4.687 19.9363 5.21552 8.76119 3.20856 18.5191 3.00663 4.86975 6.05713 6.09316 13.4723 17.0602 6.26222 12.5995 19.4434 4.50165
threshold=1.0000000180025095e-35 1.0000000180025095e-35 1440.5000000000002 0.017599500000000001 1686.5000000000002 309.35000000000008 6660.3400000000011 7772.3000000000011 1380.5000000000002 0.033727500000000007 8.6500000000000004 302.25000000000006 0.031589500000000013 0.033545500000000006 297.25000000000006 224.50000000000003 8.5500000000000025 8.6500000000000004 1.0303500000000001 6390.2850000000008 1.0308500000000003 300.55000000000007 310.65000000000003 310.65000000000003
decision_type=2 2 2 2 2 2 2 2 2 2 2 2 2 2 2 2 2 2 2 2 2 2 2 2
left_child=1 2 5 4 -4 -1 -7 8 10 12 -8 -12 -10 -14 -3 16 -16 -18 19 -19 -20 23 -23 -22
right_child=-2 14 3 -5 -6 6 7 -9 9 -11 11 -13 13 -15 15 -17 17 18 20 -21 21 22 -24 -25
leaf_value=-0.030266426253596008 0.038000763064077459 0.011758074917055916 0.027855361191977519 -0.030445317472284572 -0.031519826754434634 -0.031209220030726903 0.03780544110612951 -0.031464760531692691 0.039559010109236466 -0.032049932336924783 -0.030386131177346367 0.032039378989541734 -0.033870426318610154 0.038254250866766218 0.0016292622975730587 0.032508058518749793 0.037834741250399262 -0.042903882882753784 0.036749580779262693 0.024197581229240726 0.021157112792024192 0.027255397761027794 -0.041367475258004771 0.035541588180204968
leaf_weight=6.4796832469291976 1052.3855953216553 17.022650792263448 15.804896558634939 33.989617136772722 9.3413358307443541 3.7762542506679884 31.751118928194046 2.6330013731494537 11.817088602110745 6.1296450179070225 2.9570459458045644 6.4084930480457842 4.3663232745602754 12.036314016208051 11.740498828701673 56.790383692830801 24.320771643891931 6.3190294289961439 29.444645465351641 7.407511961646378 70.885658924467862 8.0462499130517227 6.9049020688980809 27.053568514063954
leaf_count=800 222 41 118 4014 955 335 9 232 17 266 287 60 109 17 39 36 14 51 26 20 208 16 78 30
internal_value=0.0320476 0.0168937 0.0041601 -0.0150334 0.00579863 0.0170063 0.0207475 0.0232597 0.025169 0.0169892 0.0320025 0.0123293 0.0276411 0.0190549 0.0239559 0.0247901 0.0225087 0.0238677 0.0216911 -0.00669266 0.0244283 0.0212146 -0.00443676 0.0251305
internal_weight=1465.81 413.427 147.491 59.1358 25.1462 88.355 81.8753 78.099 75.466 34.3494 41.1167 9.36554 28.2197 16.4026 265.936 248.913 192.123 180.382 156.062 13.7265 142.335 112.89 14.9512 97.9392
internal_count=8000 7778 7219 5087 1073 2132 1332 997 765 409 356 347 143 126 559 518 482 443 429 71 358 332 94 238
is_linear=0
shrinkage=0.03


Tree=50
num_leaves=25
num_cat=0
split_feature=14 13 16 16 4 2 6 8 2 15 3 3 5 6 2 4 16 2 4 6 16 3 2 1
split_gain=144.388 38.7557 38.8885 20.5532 22.0764 16.5442 13.1261 10.1 9.00529 6.2218 5.4539 17.2549 4.33477 3.47476 9.45376 3.0837 10.8578 2.96336 6.09835 13.1328 7.83327 7.7201 18.2244 5.7611
threshold=1.0000000180025095e-35 1.0000000180025095e-35 0.03139150000000001 0.017599500000000001 28.750000000000004 309.35000000000008 9.5500000000000025 7772.3000000000011 311.85000000000008 1.0371500000000002 1380.5000000000002 1418.5000000000002 19.500000000000004 8.6500000000000004 311.75000000000006 45.250000000000007 0.033545500000000006 313.15000000000003 46.850000000000001 8.7500000000000018 0.032748500000000007 1440.5000000000002 308.65000000000003 297.25000000000006
decision_type=2 2 2 2 2 2 2 2 2 2 2 2 2 2 2 2 2 2 2 2 2 2 2 2
left_child=1 2 3 4 -1 -4 -6 8 9 10 13 -12 -13 -7 -15 -14 -17 18 20 -20 21 22 -3 -23
right_child=-2 17 5 -5 6 7 -8 -9 -10 -11 11 12 15 14 -16 16 -18 -19 19 -21 -22 23 -24 -25
leaf_value=-0.031494764698845011 0.037702431094377126 0.033280184322503133 -0.030258675306409064 -0.030439167434857608 0.039154530402511288 0.038207288587773447 -0.035688470378108406 -0.031616834947575272 -0.031838044450148997 -0.030900532678114871 -0.032408710771554446 -0.036221473548492873 0.040557319706225142 -0.030411457816352901 0.038104908566729018 -0.032361451127943558 0.031838248216761927 0.038743566366647636 0.029451032544192169 -0.037196000212787177 0.037245808936870024 0.0015383375812203293 -0.040456964373708215 0.024280350307982975
leaf_weight=9.1008972944691777 1029.2414703369141 6.3699424341320974 6.2281349236145607 33.005547136999667 13.217354402877389 30.811577633023262 2.5093923811800787 3.2132395585067561 2.634891447145491 1.7748516188003112 5.3346299845725289 0.96007421845570462 11.375194661319258 2.6517669996246678 5.7260073982179165 2.9021359495818606 12.953352849464862 10.939059664495288 6.189744992181657 4.6675202501937747 33.50343662314117 10.597934065386651 5.7303815754130483 185.48680838663131
leaf_count=933 222 7 797 4025 51 7 89 292 190 152 194 33 5 254 7 107 83 5 7 87 11 30 47 365
internal_value=0.0317163 0.016611 0.00411942 -0.0149279 0.00569254 0.0168446 0.0272124 0.0204963 0.0226675 0.0245955 0.02595 0.017067 0.0264295 0.0335492 0.0164178 0.0286384 0.0200873 0.0234568 0.0227946 0.000799584 0.0237827 0.0216161 -0.00163971 0.0230512
internal_weight=1437.13 407.884 144.399 57.8332 24.8276 86.5659 15.7267 80.3377 77.1245 74.4896 72.7147 33.5254 28.1908 39.1894 8.37777 27.2307 15.8555 263.485 252.546 10.8573 241.689 208.185 12.1003 196.085
internal_count=8000 7778 7219 5098 1073 2121 140 1324 1032 842 690 422 228 268 261 195 190 559 554 94 460 449 54 395
is_linear=0
shrinkage=0.03


Tree=51
num_leaves=25
num_cat=0
split_feature=14 5 3 7 7 2 7 8 3 16 6 8 4 7 4 15 8 5 4 1 3 7 6 2
split_gain=141.979 36.2924 36.6448 20.6882 20.4185 16.3384 10.792 9.03781 4.34208 18.6593 4.83575 8.23048 3.16727 10.3244 18.1503 5.75011 12.0387 12.3673 4.63408 5.31011 12.5415 3.57653 12.6699 43.5786
threshold=1.0000000180025095e-35 202.50000000000003 1440.5000000000002 5102.3550000000005 5066.6950000000006 309.35000000000008 6660.3400000000011 7772.3000000000011 1380.5000000000002 0.033727500000000007 8.6500000000000004 6420.9500000000016 44.150000000000013 6297.9800000000005 39.050000000000004 1.0303500000000001 7677.1000000000013 217.50000000000003 46.850000000000001 303.85000000000008 1364.5000000000002 5163.6150000000007 10.950000000000001 311.75000000000006
decision_type=2 2 2 2 2 2 2 2 2 2 2 2 2 2 2 2 2 2 2 2 2 2 2 2
left_child=1 2 5 4 -4 -1 -7 8 10 -10 -8 -12 13 15 -15 16 17 -3 -14 20 -20 -17 -23 -24
right_child=-2 12 3 -5 -6 6 7 -9 9 -11 11 -13 18 14 -16 21 -18 -19 19 -21 -22 22 23 -25
leaf_value=-0.030252622214244684 0.037417432274030861 -0.044349916439288165 -0.030542964610365497 -0.030267105337301023 0.02722266421166547 -0.03113113751441441 0.037042213146816265 -0.031313061198971225 0.027054514471600549 -0.031956213692245897 -0.030461619373910835 0.031355364277459143 0.032751845958366131 0.032419535929196129 -0.036802397660283453 0.032556298711398556 0.026268131356702851 0.013073683582807014 0.026936392173067925 0.039125242559423089 -0.041531096888165676 0.028120621957409851 -0.046380223476546065 0.039606134375370493
leaf_weight=6.2274223649874321 1006.3150949478149 5.5298021659255019 8.5884888651780802 32.446370324585587 15.349849126301704 3.5186355346813789 30.507193386554718 2.6961441230960181 27.24037829041481 5.8599650510586789 2.8191703073680383 6.2048186864703894 52.78041392378509 6.4582113809883577 7.2206948734819889 45.491939350962639 21.600869666785002 8.6643296778202039 6.5391094945371133 5.1004161834716788 3.8111360101029277 76.175115305930376 9.4135593399405479 12.153018444776535
leaf_count=811 222 42 911 4185 58 335 9 250 143 266 278 69 46 6 70 45 24 12 12 1 55 89 57 4
internal_value=0.0313949 0.0163336 0.00409713 -0.0146584 0.00649777 0.0165278 0.0202226 0.0226214 0.0246235 0.0166075 0.0313356 0.0120432 0.0229672 0.0210005 -0.0041207 0.0229199 0.0121649 -0.00929761 0.0285218 0.0140715 0.0017255 0.0256076 0.0223735 0.00207409
internal_weight=1408.71 402.397 141.458 56.3847 23.9383 85.0737 78.8463 75.3277 72.6315 33.1003 39.5312 9.02399 260.939 192.708 13.6789 179.029 35.795 14.1941 68.2311 15.4507 10.3502 143.234 97.7417 21.5666
internal_count=8000 7778 7315 5154 969 2161 1350 1015 765 409 356 347 463 349 76 273 78 54 114 68 67 195 150 61
is_linear=0
shrinkage=0.03


Tree=52
num_leaves=25
num_cat=0
split_feature=14 13 16 4 4 2 8 2 15 3 3 5 6 2 4 16 2 2 6 5 1 1 2 3
split_gain=139.457 34.2994 35.9933 19.548 20.9774 15.3067 9.32479 8.49105 5.86386 5.16016 16.0681 4.13918 3.22706 8.83191 2.96913 10.3485 2.92615 5.93992 17.2926 3.49129 18.8253 7.71386 12.9102 3.20606
threshold=1.0000000180025095e-35 1.0000000180025095e-35 0.03139150000000001 29.150000000000002 28.750000000000004 309.35000000000008 7772.3000000000011 311.85000000000008 1.0371500000000002 1380.5000000000002 1418.5000000000002 19.500000000000004 8.6500000000000004 311.75000000000006 45.250000000000007 0.033545500000000006 313.15000000000003 311.85000000000008 8.6500000000000004 205.50000000000003 299.65000000000003 299.25000000000006 309.45000000000005 1456.5000000000002
decision_type=2 2 2 2 2 2 2 2 2 2 2 2 2 2 2 2 2 2 2 2 2 2 2 2
left_child=1 2 3 4 -1 -4 7 8 9 12 -11 -12 -7 -14 -13 -16 17 19 -19 20 21 22 -3 -21
right_child=-2 16 5 -5 -6 6 -8 -9 -10 10 11 14 13 -15 15 -17 -18 18 -20 23 -22 -23 -24 -25
leaf_value=-0.031523029164538204 0.037145022300990406 -0.041946839872085168 -0.030243544601813745 -0.030405467046293599 0.026858815262525648 0.037502046534783944 -0.03153786658089161 -0.03184062350914673 -0.030907817501592112 -0.032307768405014821 -0.036267067050275256 0.039772012361332432 -0.030392593139334963 0.037280528817169339 -0.032377046873024548 0.031015927729311919 0.038008261942832189 0.033293266928695359 -0.041899372923894555 0.029517704964160323 -0.038016017862414181 0.040794328587593645 0.029948526091532677 0.02160776405727699
leaf_weight=8.7044081874191779 983.62732315063477 3.4193233689293319 5.8683020849712184 31.224183401558548 15.232078378088771 29.57347846031189 3.03474770579487 2.5360169326886526 1.7080859676934768 5.0983444005250922 0.93746928684413688 11.028477005660536 2.5263232896104437 5.5457695033401251 2.8372333673760286 12.653813855722545 10.550116091966627 6.316124025732277 4.8790060188621283 68.758550712838769 5.2910684207454315 12.331016807816921 6.5613496424630284 140.05588998831809
leaf_count=936 222 55 797 4084 78 7 292 190 152 194 33 5 254 7 107 83 5 6 45 87 96 9 16 240
internal_value=0.0310895 0.0160734 0.0040298 -0.0147688 0.00562849 0.016471 0.0200091 0.0221104 0.0240131 0.0253494 0.016603 0.025685 0.0329131 0.0161009 0.0278751 0.0194053 0.022535 0.0218758 0.000523184 0.0228869 0.0128597 0.0249245 0.00531757 0.0242124
internal_weight=1380.3 396.671 138.509 55.1607 23.9365 83.3481 77.4798 74.445 71.909 70.2009 32.5553 27.457 37.6456 8.07209 26.5195 15.491 258.162 247.612 11.1951 236.417 27.6028 22.3117 9.98067 208.814
internal_count=8000 7778 7219 5098 1014 2121 1324 1032 842 690 422 228 268 261 195 190 559 554 51 503 176 80 71 327
is_linear=0
shrinkage=0.03


Tree=53
num_leaves=25
num_cat=0
split_feature=14 13 3 16 3 2 7 8 3 16 6 8 2 2 6 5 3 15 15 2 6 3 1 6
split_gain=137.337 32.1444 34.6393 19.065 20.0406 14.9053 10.1466 7.71858 4.13755 17.3408 4.4942 7.6182 2.8904 5.59238 16.565 3.37035 5.26701 10.8786 26.9173 7.51313 9.8978 20.897 5.62143 16.2647
threshold=1.0000000180025095e-35 1.0000000180025095e-35 1440.5000000000002 0.017599500000000001 1686.5000000000002 309.35000000000008 6660.3400000000011 7772.3000000000011 1380.5000000000002 0.033727500000000007 8.6500000000000004 6420.9500000000016 313.15000000000003 311.85000000000008 8.6500000000000004 224.50000000000003 1456.5000000000002 1.0362500000000001 1.0319500000000004 308.65000000000003 9.5500000000000025 1566.5000000000002 299.55000000000007 10.950000000000001
decision_type=2 2 2 2 2 2 2 2 2 2 2 2 2 2 2 2 2 2 2 2 2 2 2 2
left_child=1 2 5 4 -4 -1 -7 8 10 -10 -8 -12 13 15 -15 16 -3 18 19 -18 21 -21 23 -19
right_child=-2 12 3 -5 -6 6 7 -9 9 -11 11 -13 -14 14 -16 -17 17 22 -20 20 -22 -23 -24 -25
leaf_value=-0.030236137232600928 0.036884488704000511 0.026738012474415217 0.026140088138491349 -0.03040868594739244 -0.031501696906861942 -0.031089761372466985 0.036336979087700477 -0.031320086735158861 0.026204624000634492 -0.031869286630824965 -0.030447840951349059 0.030456644578134302 0.037591376615694443 0.032718553416168132 -0.041522280816607332 0.028856768450258412 0.036302476415244915 0.034878602683068423 -0.041987981352462928 -0.044740342267330244 0.041294497948633664 0.017260432962890631 0.035735454698680849 -0.0082493697958723605
leaf_weight=5.7522534714080384 961.19699764251709 70.973982765804976 15.187010035850109 30.310911681037396 8.4482090710662288 3.3628018288873127 29.278065085411072 2.3452960532158604 26.573547323234379 5.603276288136839 2.666575435549019 6.0242705494165421 10.35013287514448 6.2354841306805593 4.7771580656990409 55.37510933727026 11.815693937242029 18.825221920385957 8.6895799934864026 6.915460783056921 6.3557357639074317 16.725052364170551 25.258258068934083 13.523356952704487
leaf_count=800 222 140 118 4014 955 335 9 232 143 266 278 69 5 6 45 40 8 15 90 51 2 62 25 70
internal_value=0.0307846 0.0158034 0.00399222 -0.0146601 0.00553652 0.0163225 0.0198532 0.0222164 0.0240063 0.0160916 0.0307137 0.0117696 0.0220618 0.021407 0.00051373 0.0223884 0.0203883 0.0162196 0.00605565 0.0160403 0.00805896 -0.000876395 0.0251299 0.0168489
internal_weight=1352.57 391.372 135.552 53.9461 23.6352 81.6061 75.8538 72.491 70.1457 32.1768 37.9689 8.69085 255.82 245.47 11.0126 234.457 179.082 108.108 50.5015 41.8119 29.9962 23.6405 57.6068 32.3486
internal_count=8000 7778 7219 5087 1073 2132 1332 997 765 409 356 347 559 554 51 503 463 323 213 123 115 113 110 85
is_linear=0
shrinkage=0.03


Tree=54
num_leaves=25
num_cat=0
split_feature=14 5 3 7 7 2 7 8 2 15 6 3 16 3 2 8 3 16 5 1 2 3 15 8
split_gain=135.149 30.36 32.4878 19.2178 18.6373 14.5364 9.55682 8.01469 6.76653 4.62202 3.97147 5.56118 3.08914 7.59476 17.0553 5.24423 5.07192 7.57082 18.8499 5.11043 14.7684 27.175 7.55648 13.1326
threshold=1.0000000180025095e-35 202.50000000000003 1440.5000000000002 5102.3550000000005 5066.6950000000006 309.35000000000008 6660.3400000000011 7772.3000000000011 311.85000000000008 1.0269000000000001 8.6500000000000004 1362.5000000000002 0.032748500000000007 1440.5000000000002 308.85000000000008 9826.3000000000011 1456.5000000000002 0.025572000000000001 221.50000000000003 299.15000000000003 308.25000000000006 2267.5000000000005 1.0303500000000001 7677.1000000000013
decision_type=2 2 2 2 2 2 2 2 2 2 2 2 2 2 2 2 2 2 2 2 2 2 2 2
left_child=1 2 5 4 -4 -1 -7 8 9 -8 -11 -12 13 14 -3 -14 -15 19 -19 20 -18 -22 23 -21
right_child=-2 12 3 -5 -6 6 7 -9 -10 10 11 -13 15 16 -16 -17 17 18 -20 22 21 -23 -24 -25
leaf_value=-0.030231143040505455 0.036635186501827184 0.031769956007241099 -0.030551001098490176 -0.03024980102689603 0.02612325597822444 -0.031046724836726849 -0.032761377405227242 -0.031211900457734129 -0.031871477901255864 0.033101288344236104 -0.030473323885135864 0.021709323734297382 0.035571562381925111 0.034245248887477847 -0.040516316732275966 0.013817052852688878 0.026380826922860284 -0.037797692715425858 0.022752849000989155 -0.0091602368872137283 -0.044108373408910495 0.040696011769014447 0.03057057678749784 0.029477855838649283
leaf_weight=5.7004431942477813 939.04073810577393 6.05114498734474 8.0354249873198587 29.77247764589265 14.916163278743623 3.2254134048707774 1.2143703587353218 2.482945683412253 1.9208177980035532 35.595075715333223 1.9652749737724686 28.392377433367074 31.482909372076392 24.569616913795471 5.7091632131487131 14.596956794150172 26.0827621743083 6.9074018560349968 14.016803596168755 13.616348279640077 8.8430858924984914 5.52577781677246 76.387032274156809 18.914819605648518
leaf_count=811 222 5 911 4185 58 335 22 250 144 30 207 362 12 17 43 59 27 69 23 52 63 1 77 15
internal_value=0.0304928 0.0155471 0.00395824 -0.0143472 0.00628142 0.015948 0.0194675 0.0217439 0.0236471 0.0252348 0.0263027 0.0183312 0.0216565 0.0200901 -0.00332216 0.0286803 0.0215031 0.0196647 0.00276418 0.0220322 0.0129267 -0.0114955 0.0254139 0.0133054
internal_weight=1324.97 385.925 133.221 52.7241 22.9516 80.4967 74.7963 71.5709 69.0879 67.1671 65.9527 30.3577 252.704 206.624 11.7603 46.0799 194.864 170.294 20.9242 149.37 40.4516 14.3689 108.918 32.5312
internal_count=8000 7778 7315 5154 969 2161 1350 1015 765 621 599 569 463 392 48 71 344 327 92 235 91 64 144 67
is_linear=0
shrinkage=0.03


Tree=55
num_leaves=25
num_cat=0
split_feature=14 13 16 16 4 2 6 2 8 3 3 4 16 6 2 2 4 1 16 3 2 1 5 3
split_gain=133.118 28.7701 31.9157 18.1637 18.8284 13.5884 12.0298 8.37393 7.54429 5.50916 15.242 4.41641 12.3489 4.01956 9.16871 2.87902 5.52203 12.1026 7.56369 7.06728 16.27 5.48482 6.24301 5.72889
threshold=1.0000000180025095e-35 1.0000000180025095e-35 0.03139150000000001 0.017599500000000001 28.750000000000004 309.35000000000008 9.5500000000000025 311.85000000000008 7772.3000000000011 1380.5000000000002 1418.5000000000002 45.250000000000007 0.033545500000000006 8.6500000000000004 311.75000000000006 313.15000000000003 46.850000000000001 302.05000000000007 0.032748500000000007 1440.5000000000002 308.65000000000003 297.25000000000006 224.50000000000003 1456.5000000000002
decision_type=2 2 2 2 2 2 2 2 2 2 2 2 2 2 2 2 2 2 2 2 2 2 2 2
left_child=1 2 3 4 -1 -4 -6 8 9 13 -11 -12 -13 -7 -15 16 18 -18 19 20 -3 -21 23 -23
right_child=-2 15 5 -5 6 7 -8 -9 -10 10 11 12 -14 14 -16 -17 17 -19 -20 21 -22 22 -24 -25
leaf_value=-0.031518417851508558 0.036396501280730048 0.030994293547119283 -0.030222489928214098 -0.030401469618104904 0.037157753990850272 0.036575097759989947 -0.036297373222730855 -0.031566877106860465 -0.031635888871889874 -0.032107062580475375 0.03834284316649083 -0.033464475810104852 0.027837104116064267 -0.030350489397830215 0.036021412757124158 0.037005994630995048 -0.039390987602877639 0.026345859795843911 0.035379866508937645 -0.00047203768217102498 -0.04016337373115874 0.033559107992901592 0.030772017408187833 0.015681915478971561
leaf_weight=8.0647420021705347 917.17347049713135 5.9967135787010175 5.3667115457355967 28.643398525658995 12.51852362602949 27.806417897343636 2.3896203935146323 2.8102829009294501 2.3484593718312672 5.365967675112187 10.601255884394051 3.8572940658777979 12.678748534526674 2.8883400242775661 5.3296789498999715 10.026139508932827 4.2918931883759779 6.1074410444125533 30.87618273217231 10.282971930690108 5.5855465577915311 19.045079487375915 52.231165889650583 105.50862551666796
leaf_count=933 222 7 797 4025 51 7 89 245 237 235 7 148 115 321 9 5 81 13 11 30 47 16 32 317
internal_value=0.030207 0.0152922 0.00388482 -0.0144638 0.00540791 0.0158652 0.0253837 0.0192218 0.0212356 0.0230476 0.0140926 0.0232278 0.0135375 0.0311273 0.0126941 0.0212558 0.0205976 -0.000784293 0.0215663 0.0194193 -0.0033215 0.0208273 0.0220662 0.0184155
internal_weight=1297.79 380.621 130.669 51.6163 22.9729 79.0532 14.9081 73.6864 70.8762 68.5277 32.5033 27.1373 16.536 36.0244 8.21802 249.952 239.926 10.3993 229.526 198.65 11.5823 187.068 176.785 124.554
internal_count=8000 7778 7219 5098 1073 2121 140 1324 1079 842 505 270 263 337 330 559 554 94 460 449 54 395 365 333
is_linear=0
shrinkage=0.03


Tree=56
num_leaves=25
num_cat=0
split_feature=14 5 3 4 8 2 15 7 8 3 16 6 1 4 8 1 4 1 1 5 16 16 4 5
split_gain=131.114 26.9661 30.0382 18.2965 17.6131 13.4366 11.7526 8.80849 7.37367 4.07168 16.0189 4.0482 7.01783 3.06303 9.37519 13.0138 4.3941 4.9936 11.498 3.38859 4.52853 4.67537 5.09807 6.41603
threshold=1.0000000180025095e-35 202.50000000000003 1440.5000000000002 29.150000000000002 4198.5000000000009 309.35000000000008 1.0318500000000002 6660.3400000000011 7772.3000000000011 1380.5000000000002 0.033727500000000007 8.6500000000000004 302.25000000000006 44.150000000000013 8646.9000000000015 297.45000000000005 46.850000000000001 303.85000000000008 302.05000000000007 224.50000000000003 0.028273500000000003 0.025572000000000001 38.850000000000001 206.50000000000003
decision_type=2 2 2 2 2 2 2 2 2 2 2 2 2 2 2 2 2 2 2 2 2 2 2 2
left_child=1 2 5 4 -4 -1 -6 -7 9 11 -11 -9 -13 14 19 -16 -15 18 -18 20 21 22 23 -3
right_child=-2 13 3 -5 6 7 -8 8 -10 10 -12 12 -14 16 15 -17 17 -19 -20 -21 -22 -23 -24 -25
leaf_value=-0.030217660106312945 0.036167875641054274 0.02654996464936624 -0.030883745518442376 -0.030293939319505331 0.037327704762387476 -0.030993195574779579 -0.035250438246329695 0.035420114195996562 -0.031148955572888076 0.024930867090778717 -0.031830655119107008 -0.030336581848688444 0.029766596478314238 0.030818245454039928 0.021863930304197417 -0.036980561531919066 -0.039796653941166216 0.03773299491198219 0.026170903086795094 0.028246427481911921 0.035367287566274233 -0.0022906986056855233 0.037162562099185031 0.010202706773361096
leaf_weight=5.37113666627556 895.60789775848389 33.859112387523055 7.6072820210829404 28.074400375131518 12.218747477047144 3.0429666354320934 2.4028825717978171 27.522167354822159 2.3435178995132437 25.724751036614183 5.4170151646248987 2.5136603824794275 5.743422273080796 48.925669234246016 7.3882260024547559 6.2386583816260099 3.9355763616040331 4.6470842361450186 6.0083498135209084 41.43530210852623 12.731457933783529 10.787249296903608 11.649306610226629 59.720900110900402
leaf_count=811 222 59 853 4124 59 335 118 9 250 143 266 287 60 46 9 66 57 1 10 27 7 33 7 141
internal_value=0.0299302 0.0150451 0.00386629 -0.0141945 0.00613857 0.0155621 0.0254004 0.0189627 0.0211574 0.0229892 0.0150574 0.0298929 0.0114697 0.0208297 0.0188672 -0.00507625 0.0265091 0.0120601 6.24673e-05 0.0207844 0.0183829 0.016519 0.0184472 0.0161175
internal_weight=1270.92 375.309 127.982 50.3033 22.2289 77.6786 14.6216 72.3075 69.2645 66.921 31.1418 35.7793 8.25708 247.327 183.81 13.6269 63.5167 14.591 9.94393 170.183 128.748 116.017 105.229 93.58
internal_count=8000 7778 7315 5154 1030 2161 177 1350 1015 765 409 356 347 463 349 75 114 68 67 274 247 240 207 200
is_linear=0
shrinkage=0.03


Tree=57
num_leaves=25
num_cat=0
split_feature=14 5 1 16 2 5 2 15 2 3 6 1 2 3 16 5 2 2 3 1 4 1 1 0
split_gain=129.367 25.4116 28.2602 19.2235 29.8851 15.5699 8.52057 7.36243 6.54185 5.25322 4.28314 3.25736 8.80821 2.94576 7.37168 17.2856 4.96722 10.266 32.7114 5.18421 6.70962 3.69395 6.4053 26.2977
threshold=1.0000000180025095e-35 204.50000000000003 298.45000000000005 0.03139150000000001 309.85000000000008 144.50000000000003 311.85000000000008 1.0317500000000004 309.35000000000008 1440.5000000000002 8.1500000000000004 302.25000000000006 310.95000000000005 1456.5000000000002 0.025572000000000001 221.50000000000003 310.55000000000007 307.95000000000005 1612.5000000000002 301.05000000000007 34.350000000000001 301.65000000000003 298.85000000000008 1.5000000000000002
decision_type=2 2 2 2 2 2 2 2 2 2 2 2 2 2 2 2 2 2 2 2 2 2 2 2
left_child=1 2 -1 4 5 -4 8 -7 -5 10 -10 12 -12 21 16 -16 17 -15 -19 -18 -21 22 -3 -24
right_child=-2 13 3 6 -6 7 -8 -9 9 -11 11 -13 -14 14 15 -17 19 18 -20 20 -22 -23 23 -25
leaf_value=-0.032456252892267855 0.035948785387579445 0.03146037238939086 -0.030347327354509627 -0.034716606433181502 -0.031008340526862209 0.034356597396387592 -0.031839446529761714 -0.031768530450003288 -0.032518554408999534 -0.030319301669939392 0.022948645142765695 0.033098002473615426 -0.031128216352459062 0.033256866564444015 -0.038512865528162341 0.020803552356255136 0.032132225524150987 -0.046642078356233296 0.02068490183995372 -0.0022417938251497968 0.025819042872920472 0.032628262583414391 -0.042492461158072509 0.035507812439610389
leaf_weight=16.223973394371569 874.35545253753662 17.68254753574729 5.0024199588224318 1.872603055089711 22.032912013586611 18.237202422693375 2.8893200326710931 1.6527451407164324 1.2166569773107756 1.6835140353068698 43.300605823285878 24.485845631919801 2.8919097133912137 17.028933957219124 6.5020615737885263 13.818631585687397 48.343216761946678 8.4613279383629543 27.944467263296247 11.148395739495752 24.572502665221691 36.885434165596962 6.3304282575845727 10.091707989573479
leaf_count=2025 222 22 701 251 2784 142 248 161 27 186 588 54 209 9 65 24 30 54 54 34 23 26 56 5
internal_value=0.0296546 0.0147926 0.00479873 0.00962386 -0.00556099 0.0169631 0.0187195 0.028862 0.0206556 0.0220648 0.0232914 0.0242522 0.0195631 0.0209726 0.0186896 0.00182393 0.0211822 0.0140303 0.00503696 0.0257282 0.0170613 0.0260479 0.0189311 0.00544016
internal_weight=1244.65 370.299 141.49 125.266 46.9253 24.8924 78.3405 19.8899 75.4511 73.5785 71.895 70.6784 46.1925 228.81 157.82 20.3207 137.499 53.4347 36.4058 84.0641 35.7209 70.9901 34.1047 16.4221
internal_count=8000 7778 7376 5351 3788 1004 1563 303 1315 1064 878 851 797 402 293 89 204 117 108 87 57 109 83 61
is_linear=0
shrinkage=0.03


Tree=58
num_leaves=25
num_cat=0
split_feature=14 13 16 4 4 2 2 8 3 3 4 16 6 2 1 5 6 6 15 7 15 1 2 5
split_gain=127.429 24.1466 28.3585 16.7354 17.2317 12.0121 7.58437 6.92712 5.23671 14.1082 4.20633 11.6611 3.80893 8.42447 2.85402 4.48568 6.08638 6.45811 11.7162 14.7323 5.92721 11.298 16.4005 4.14468
threshold=1.0000000180025095e-35 1.0000000180025095e-35 0.03139150000000001 29.150000000000002 28.750000000000004 309.35000000000008 311.85000000000008 7772.3000000000011 1380.5000000000002 1418.5000000000002 45.250000000000007 0.033545500000000006 8.6500000000000004 311.75000000000006 297.25000000000006 224.50000000000003 8.5500000000000025 8.6500000000000004 1.0303500000000001 6390.2850000000008 1.0308500000000003 300.55000000000007 310.65000000000003 207.50000000000003
decision_type=2 2 2 2 2 2 2 2 2 2 2 2 2 2 2 2 2 2 2 2 2 2 2 2
left_child=1 2 3 4 -1 -4 7 8 12 -10 -11 -12 -7 -14 -3 16 -16 -18 19 -19 -20 23 -23 -22
right_child=-2 14 5 -5 -6 6 -8 -9 9 10 11 -13 13 -15 15 -17 17 18 20 -21 21 22 -24 -25
leaf_value=-0.031561022287250509 0.03573873206020417 0.0077302653789776488 -0.03020267061439438 -0.030371617391639717 0.02476961259524783 0.035782361947322656 -0.031532531208169894 -0.031608116674196725 -0.032062631291703059 0.037371899345393679 -0.033547683894357895 0.026833534292002012 -0.030337030211055199 0.034853109989403996 -0.0027960272597557629 0.028781706216328567 0.035259019694086749 -0.043011835513394728 0.033442205665079591 0.021165962387390169 0.0085487404575009338 0.022853945761036342 -0.04181229971682935 0.024504323582818555
leaf_weight=7.4754235385917154 853.42592668533325 15.798281729221342 4.8935371255502096 26.302276709116995 14.117458906956015 26.162373140454292 2.6338001391850403 2.2322139446623614 5.1576348352246013 10.118923684582116 3.7608667388558414 12.270406826399265 2.7519623935222617 5.0728738810867071 11.153757247142492 50.675009876489639 21.932008650153875 6.1633094423450512 25.520841551013291 6.7390826432965696 18.431358173489571 7.4972861097194237 6.6700380900874734 71.464843988418579
leaf_count=936 222 41 797 4084 78 7 245 237 235 7 148 115 321 9 39 36 14 51 26 20 117 16 78 121
internal_value=0.0293939 0.0145587 0.00373211 -0.014304 0.00526803 0.0152416 0.0184112 0.0203592 0.0221358 0.0132838 0.0222275 0.0126684 0.0302899 0.011926 0.0200581 0.0209189 0.0186495 0.0201044 0.0177717 -0.00949096 0.0204862 0.0173088 -0.0075912 0.021233
internal_weight=1218.42 364.996 122.95 47.8952 21.5929 75.0546 70.1611 67.5273 65.295 31.3078 26.1502 16.0313 33.9872 7.82484 242.046 226.248 175.573 164.419 142.487 12.9024 129.584 104.064 14.1673 89.8962
internal_count=8000 7778 7219 5098 1014 2121 1324 1079 842 505 270 263 337 330 559 518 482 443 429 71 358 332 94 238
is_linear=0
shrinkage=0.03


Tree=59
num_leaves=25
num_cat=0
split_feature=14 5 1 16 2 5 2 15 2 15 15 7 8 3 16 5 2 2 3 1 4 1 1 0
split_gain=125.7 22.6974 26.6915 17.6519 28.2776 14.4308 7.85987 6.86762 6.0995 4.91931 4.29242 3.1312 11.3722 2.94197 7.04396 16.2048 4.84339 9.99861 31.0024 5.0001 6.37637 3.57958 6.07682 25.1029
threshold=1.0000000180025095e-35 204.50000000000003 298.45000000000005 0.03139150000000001 309.85000000000008 144.50000000000003 311.85000000000008 1.0317500000000004 309.35000000000008 1.0371500000000002 1.0269000000000001 7319.5300000000007 6420.9500000000016 1456.5000000000002 0.025572000000000001 221.50000000000003 310.55000000000007 307.95000000000005 1612.5000000000002 301.05000000000007 34.350000000000001 301.65000000000003 298.85000000000008 1.5000000000000002
decision_type=2 2 2 2 2 2 2 2 2 2 2 2 2 2 2 2 2 2 2 2 2 2 2 2
left_child=1 2 -1 4 5 -4 8 -7 -5 10 -10 -12 -13 21 16 -16 17 -15 -19 -18 -21 22 -3 -24
right_child=-2 13 3 6 -6 7 -8 -9 9 -11 11 12 -14 14 15 -17 19 18 -20 20 -22 -23 23 -25
leaf_value=-0.032503604026125572 0.035537257154986741 0.030578351209061907 -0.030333171122373541 -0.034837998737316182 -0.030999253828364555 0.033492745533808835 -0.03174456241883733 -0.031749566531221456 -0.032206657128011539 -0.030916175984142237 0.027000791320517283 -0.035795720846603096 0.026197926405940705 0.032498042485333722 -0.038231573171897404 0.019752565386208339 0.031287361991983842 -0.046283785222615698 0.019704791310512934 -0.0025700170217997928 0.025004403068426197 0.031945839616855841 -0.042272143306393804 0.034895218132609977
leaf_weight=15.417010927572845 832.82763004302979 17.328404255211353 4.72181751392782 1.774469204712658 20.911007322371006 17.771509358193729 2.7295954991132012 1.5812820950523008 1.2604282945394505 1.5776692423969496 53.925427249632776 3.5020350143313399 11.117508290801196 16.602766536176205 6.3654986415058401 13.617359727621077 47.192572064697742 8.3524078261107189 27.520254503935575 11.016676574945448 23.96777556464076 35.73261771723628 6.203052926808593 9.7692411318421364
leaf_count=2025 222 22 701 251 2784 142 248 161 39 164 432 251 178 9 65 24 30 54 54 34 23 26 56 5
internal_value=0.0291347 0.0143211 0.00467048 0.00941194 -0.00547823 0.0166891 0.0182388 0.0281619 0.0201037 0.0214695 0.0226534 0.0236622 0.0113477 0.0202016 0.0179027 0.00128184 0.0203693 0.0132492 0.00434035 0.0249159 0.0163212 0.025351 0.0182746 0.00492625
internal_weight=1192.79 359.958 136.29 120.873 44.9856 24.0746 75.8871 19.3528 73.1575 71.3831 69.8054 68.545 14.6195 223.669 154.635 19.9829 134.652 52.4754 35.8727 82.177 34.9845 69.0333 33.3007 15.9723
internal_count=8000 7778 7376 5351 3788 1004 1563 303 1315 1064 900 861 429 402 293 89 204 117 108 87 57 109 83 61
is_linear=0
shrinkage=0.03


Tree=60
num_leaves=25
num_cat=0
split_feature=14 13 3 16 3 2 7 8 3 16 1 16 16 2 2 6 1 5 4 16 15 4 8 1
split_gain=123.889 21.5399 26.2164 15.947 16.0144 11.1942 7.8777 6.20226 3.92682 14.3569 6.08965 2.89085 15.5071 2.82671 5.08581 14.7418 2.94697 5.18336 5.89252 28.7208 8.14697 17.3603 6.01696 10.7538
threshold=1.0000000180025095e-35 1.0000000180025095e-35 1440.5000000000002 0.017599500000000001 1686.5000000000002 309.35000000000008 6660.3400000000011 7772.3000000000011 1380.5000000000002 0.033727500000000007 300.75000000000006 0.031589500000000013 0.033545500000000006 313.15000000000003 311.85000000000008 8.6500000000000004 297.25000000000006 224.50000000000003 37.45000000000001 0.021935500000000004 1.0362500000000001 30.250000000000004 9826.3000000000011 302.05000000000007
decision_type=2 2 2 2 2 2 2 2 2 2 2 2 2 2 2 2 2 2 2 2 2 2 2 2
left_child=1 2 5 4 -4 -1 -7 8 10 11 -8 -10 -13 14 16 -16 -3 18 19 20 21 -18 -20 -24
right_child=-2 13 3 -5 -6 6 7 -9 9 -11 -12 12 -14 -15 15 -17 17 -19 22 -21 -22 -23 23 -25
leaf_value=-0.030190261359664988 0.035343934781882261 0.0070735331387885006 0.023980031300048613 -0.030374553826278367 -0.031570369511917357 -0.030986449855881917 -0.030250747555499606 -0.031237900037245109 0.035895636678556102 -0.031792834667376667 0.031637878853022564 -0.033765501821162044 0.034465625651422131 0.035673054419527679 0.030272749810301963 -0.041373592117413337 -0.042190425188922728 0.029161060426872193 0.025020026662974055 -0.045966758257565944 0.027935668536288094 0.020435659030192399 -0.038847281919834088 0.026722031766604259
leaf_weight=4.6452712733298531 812.56765508651733 15.572661631740628 13.809290481731297 24.867828959599137 7.057810101658105 2.8368137869983903 1.4985096412710834 2.0521766683086744 9.8990845652297192 5.1339204125106326 31.721475874073803 4.2019437924027434 10.461368054151533 9.14535896014422 5.7783112591132504 4.6764849252067506 5.470116093754771 48.530884511768818 85.386013773735613 7.1386938644573084 30.954870655201375 14.660557913128285 3.8407365973107499 5.4391871988773346
leaf_count=800 222 41 118 4014 955 335 198 232 17 266 158 109 17 5 6 45 49 32 167 51 43 48 67 5
internal_value=0.0288861 0.0140954 0.00363655 -0.0141472 0.0051914 0.0148627 0.0179492 0.0200859 0.02176 0.013833 0.0288462 0.0233695 0.0149132 0.0193199 0.0186624 -0.00177503 0.019647 0.0206191 0.0179077 0.010398 0.0182744 0.00341825 0.0225266 -0.000415525
internal_weight=1167.35 354.779 118.185 45.7349 20.8671 72.4506 67.8053 64.9685 62.9163 29.6963 33.22 24.5624 14.6633 236.594 227.449 10.4548 216.994 201.421 152.89 58.2242 51.0855 20.1307 94.6659 9.27992
internal_count=8000 7778 7219 5087 1073 2132 1332 997 765 409 356 143 126 559 554 51 503 462 430 191 140 97 239 72
is_linear=0
shrinkage=0.03


Tree=61
num_leaves=25
num_cat=0
split_feature=14 5 1 16 2 5 2 15 2 3 7 8 8 3 16 5 2 2 3 1 4 1 1 0
split_gain=122.129 20.384 25.2014 16.1645 26.8798 13.4804 7.3858 6.36846 5.70411 4.62974 2.96476 10.9682 6.61429 2.92092 6.83529 15.3273 4.574 9.63656 29.0854 4.73984 5.97638 3.41109 5.7654 23.8773
threshold=1.0000000180025095e-35 204.50000000000003 298.45000000000005 0.03139150000000001 309.85000000000008 144.50000000000003 311.85000000000008 1.0317500000000004 309.35000000000008 1440.5000000000002 7319.5300000000007 6420.9500000000016 7072.4000000000005 1456.5000000000002 0.025572000000000001 221.50000000000003 310.55000000000007 307.95000000000005 1612.5000000000002 301.05000000000007 34.350000000000001 301.65000000000003 298.85000000000008 1.5000000000000002
decision_type=2 2 2 2 2 2 2 2 2 2 2 2 2 2 2 2 2 2 2 2 2 2 2 2
left_child=1 2 -1 4 5 -4 8 -7 -5 10 -10 -12 -13 21 16 -16 17 -15 -19 -18 -21 22 -3 -24
right_child=-2 13 3 6 -6 7 -8 -9 9 -11 11 12 -14 14 15 -17 19 18 -20 20 -22 -23 23 -25
leaf_value=-0.032561589606011146 0.035158355368358464 0.029805948366687235 -0.030324263452034379 -0.035041080345366481 -0.031004064985530037 0.032750799126979174 -0.031719691436220596 -0.031677591780125622 0.025358801276671419 -0.030295250031184117 -0.035722718976582968 0.034622827591999715 -0.031490258419651217 0.031813527338199671 -0.038043322738592872 0.018794177166523731 0.030419225823032806 -0.045728075033740989 0.01884639106981633 -0.0026528588760430616 0.024237413739943543 0.031253277101801195 -0.042022597401943092 0.034299424497433929
leaf_weight=14.645117202773688 792.65187692642212 16.951052583754063 4.4731425265781608 1.6799705112352956 19.878538023680449 17.320201661437753 2.6193261197768143 1.5003853649832297 53.156940948218107 1.5537339458242048 3.5550859938375643 9.3125673341564816 1.5952094043605018 16.190761387348175 6.2668002974241999 13.402111342176793 45.952795617282391 8.1766556575894338 27.029675234109163 10.911006543785332 23.373396318405867 34.612895224243402 6.053494663909075 9.4454738348722458
leaf_count=2025 222 22 701 251 2784 142 248 161 448 186 244 33 153 9 65 24 30 54 54 34 23 26 56 5
internal_value=0.0286433 0.013874 0.00453243 0.00918968 -0.00537934 0.0164884 0.0177504 0.0276145 0.0195792 0.0209057 0.0220822 0.0100393 0.0249541 0.0194906 0.0171806 0.000684926 0.0196454 0.0126582 0.003849 0.0241212 0.0156796 0.0247022 0.0177144 0.00449002
internal_weight=1142.31 349.656 131.29 116.645 43.1723 23.2937 73.4728 18.8206 70.8535 69.1735 67.6198 14.4629 10.9078 218.366 151.303 19.6689 131.634 51.3971 35.2063 80.2372 34.2844 67.0629 32.45 15.499
internal_count=8000 7778 7376 5351 3788 1004 1563 303 1315 1064 878 430 186 402 293 89 204 117 108 87 57 109 83 61
is_linear=0
shrinkage=0.03


Tree=62
num_leaves=25
num_cat=0
split_feature=14 5 1 16 2 5 2 15 2 15 15 3 16 5 2 2 3 1 4 1 1 0 1 1
split_gain=120.396 19.3034 24.3304 15.4019 25.9846 12.9189 7.07463 6.07865 5.46355 4.47222 3.87888 2.87277 6.50274 14.6817 4.3551 9.26048 27.753 4.60407 5.7143 3.2671 5.45832 22.9521 2.83227 7.51763
threshold=1.0000000180025095e-35 204.50000000000003 298.45000000000005 0.03139150000000001 309.85000000000008 144.50000000000003 311.85000000000008 1.0317500000000004 309.35000000000008 1.0371500000000002 1.0269000000000001 1456.5000000000002 0.025572000000000001 221.50000000000003 310.55000000000007 307.95000000000005 1612.5000000000002 301.05000000000007 34.350000000000001 301.65000000000003 298.85000000000008 1.5000000000000002 302.25000000000006 302.15000000000003
decision_type=2 2 2 2 2 2 2 2 2 2 2 2 2 2 2 2 2 2 2 2 2 2 2 2
left_child=1 2 -1 4 5 -4 8 -7 -5 10 -10 19 14 -14 15 -13 -17 -16 -19 20 -3 -22 23 -12
right_child=-2 11 3 6 -6 7 -8 -9 9 -11 22 12 13 -15 17 16 -18 18 -20 -21 21 -23 -24 -25
leaf_value=-0.032532693410926655 0.034980149727884179 0.029285009597364145 -0.030314920704729721 -0.035012098265847058 -0.030981609672631118 0.032179038693904559 -0.031676942097653128 -0.031632519104430948 -0.032124907927078963 -0.030898309807249762 0.020635897914249222 0.031362615871319097 -0.037788929333533165 0.018335264675591392 0.029919012776201102 -0.045174533981224889 0.018381265711607281 -0.0025725210894102166 0.023763271850822713 0.03082889362696287 -0.04169886938150158 0.033925047597698689 0.031276588020158314 -0.044955765895721631
leaf_weight=14.224723469931631 773.08500623703003 16.738257350400094 4.3422587937675443 1.6316494946368028 19.304810709320009 17.102434355299923 2.5452920990064731 1.4580857111141075 1.1844349000602949 1.48829986155033 41.490025629289448 15.934728555381296 6.1219096984714296 13.326585799455641 45.328946001827717 8.0307514984160644 26.884465504437685 10.914145920425652 23.128313712775707 34.045321177691221 5.9195037670433495 9.2659414857625961 22.516889307182282 1.6345855384133745
leaf_count=2025 222 22 701 251 2784 142 248 161 39 164 756 9 65 24 30 54 54 34 23 26 56 5 67 38
internal_value=0.0284067 0.013658 0.00447459 0.00906417 -0.00534293 0.016268 0.0174526 0.0271661 0.0192404 0.0205362 0.0216817 0.0191484 0.0168496 0.000668744 0.0192662 0.0124118 0.00376297 0.0236574 0.0153199 0.024364 0.0174695 0.00444576 0.0226526 0.0181497
internal_weight=1117.65 344.562 128.923 114.699 42.2076 22.9028 72.4912 18.5605 69.9459 68.3142 66.8259 215.639 149.67 19.4485 130.221 50.8499 34.9152 79.3714 34.0425 65.969 31.9237 15.1854 65.6415 43.1246
internal_count=8000 7778 7376 5351 3788 1004 1563 303 1315 1064 900 402 293 89 204 117 108 87 57 109 83 61 861 794
is_linear=0
shrinkage=0.03


Tree=63
num_leaves=25
num_cat=0
split_feature=14 13 3 16 4 2 6 7 8 3 3 6 2 8 16 3 4 4 1 1 5 3 15 6
split_gain=118.837 18.3719 23.216 14.8145 14.5702 9.85279 9.67028 7.23769 5.74495 3.76108 13.3529 3.88542 5.95732 3.21051 2.79291 6.40788 14.0197 5.40927 13.5357 5.30673 4.89221 5.86166 9.45797 18.5929
threshold=1.0000000180025095e-35 1.0000000180025095e-35 1440.5000000000002 0.017599500000000001 28.750000000000004 309.35000000000008 9.5500000000000025 6660.3400000000011 7772.3000000000011 1380.5000000000002 1418.5000000000002 8.6500000000000004 311.75000000000006 948.05000000000007 0.032748500000000007 1440.5000000000002 38.45000000000001 46.850000000000001 302.05000000000007 297.25000000000006 224.50000000000003 1524.5000000000002 1.0362500000000001 9.1500000000000004
decision_type=2 2 2 2 2 2 2 2 2 2 2 2 2 2 2 2 2 2 2 2 2 2 2 2
left_child=1 2 5 4 -4 -1 -6 -7 9 11 -11 -9 -13 -12 15 16 -3 -16 -19 -17 21 -21 23 -23
right_child=-2 14 3 -5 6 7 -8 8 -10 10 13 12 -14 -15 17 19 -18 18 -20 20 -22 22 -24 -25
leaf_value=-0.030172941025960062 0.034808954918311902 0.028504833164316377 -0.031602740917587219 -0.030368857472812059 0.034323671924750269 -0.030996524559875154 -0.035894813428869771 0.033844376908276783 -0.031206351336271761 -0.031931561881560273 -0.036982857010383161 -0.030354324837818365 0.027244185318333579 0.024391762926655881 0.033168136331001151 -0.003312322942777004 -0.03984706291765417 -0.039709771048680578 0.028542379973583231 0.023251258211532885 0.027645985585258572 0.011469007077693225 0.021325266279471022 -0.042047803834741257
leaf_weight=4.225044220685958 753.87080097198486 5.4057281017303449 6.5213503804989186 22.880840063095093 11.130900453776119 2.6977279596030703 2.0978072648867956 24.107355788350109 1.9706388958729792 4.9335614172741797 0.79373406618833797 2.3587591950781635 5.1329861111007631 22.840460853651166 27.03591351211071 9.7905045971274358 5.3971574725583196 3.6152757322415701 9.4529189709573966 56.568836286664009 46.779862701892853 23.658460778184239 32.563106351066381 7.7586930138058952
leaf_count=800 222 4 933 4014 51 335 89 9 232 254 15 275 72 140 11 31 50 73 13 112 32 67 68 98
internal_value=0.0281703 0.0134383 0.00347001 -0.0139384 0.00509672 0.0142162 0.0231884 0.0171088 0.0191974 0.0208482 0.0129597 0.02798 0.00910942 0.0223305 0.018321 0.0167872 -0.005644 0.0255081 0.00966063 0.0181553 0.0194114 0.0162159 0.00999558 -0.00174736
internal_weight=1093.59 339.718 111.691 42.6309 19.7501 69.0603 13.2287 64.8352 62.1375 60.1669 28.5678 31.5991 7.49175 23.6342 228.026 187.922 10.8029 40.1041 13.0682 177.119 167.329 120.549 63.9803 31.4172
internal_count=8000 7778 7219 5087 1073 2132 140 1332 997 765 409 356 347 155 559 462 54 97 86 408 377 345 233 165
is_linear=0
shrinkage=0.03


Tree=64
num_leaves=25
num_cat=0
split_feature=14 13 3 4 4 2 7 8 2 3 16 6 2 16 7 4 16 1 7 8 2 5 3 5
split_gain=117.286 17.2938 22.3217 14.4028 14.1583 9.48003 6.95476 5.51534 4.9597 3.76593 12.3615 3.05126 6.7643 2.8178 9.26807 14.9283 5.81669 10.5442 4.65781 11.1613 26.8548 4.50747 5.51646 13.1495
threshold=1.0000000180025095e-35 1.0000000180025095e-35 1440.5000000000002 29.150000000000002 28.750000000000004 309.35000000000008 6660.3400000000011 7772.3000000000011 311.85000000000008 1380.5000000000002 0.033727500000000007 8.6500000000000004 311.75000000000006 0.030702000000000004 6297.9800000000005 39.050000000000004 0.034088500000000001 302.05000000000007 6189.1500000000005 7885.6500000000005 308.65000000000003 224.50000000000003 1557.5000000000002 215.50000000000003
decision_type=2 2 2 2 2 2 2 2 2 2 2 2 2 2 2 2 2 2 2 2 2 2 2 2
left_child=1 2 5 4 -4 -1 -7 8 9 11 -11 -8 -13 14 18 -16 -15 -18 19 21 -21 22 -3 -24
right_child=-2 13 3 -5 -6 6 7 -9 -10 10 -12 12 -14 16 15 -17 17 -19 -20 20 -22 -23 23 -25
leaf_value=-0.030167812772351522 0.034644439043622438 0.023669061090136174 -0.031570504379770908 -0.03034395970224419 0.023063210313382689 -0.030970949199628901 0.034513505257639771 -0.031174620588950104 -0.031753440052729474 0.022816192960463201 -0.031834685147340162 -0.030343859908714309 0.032784107040433184 0.027781499096771606 0.027869728214005917 -0.037316570517301466 -0.042404449080649886 0.027221301725102797 0.028821496227936394 0.024245381798534287 -0.049841753738244336 0.030398341916137005 -0.012440707172344205 0.021709910895632456
leaf_weight=4.1008617500774553 735.01206636428833 41.352104121819139 6.3663109103217748 22.23205894138664 12.958970155566929 2.6201273817569009 23.270688459277157 1.914314895402639 1.587091237772255 22.998990675434474 4.4448152873665085 2.289824863895773 4.589503575116396 48.083550605457276 5.6690009944140893 7.1493207304738462 3.1719467216171306 5.1131405029445887 29.335252156481147 10.718000099062921 7.4737954474985591 24.918701007962227 16.723789571784437 25.804925605654716
leaf_count=800 222 47 936 4073 78 335 7 232 144 112 218 275 9 85 6 83 57 9 30 9 40 12 155 26
internal_value=0.0279398 0.0132245 0.00343527 -0.0138777 0.00506527 0.0140446 0.0168902 0.0189427 0.0205639 0.0220056 0.0139649 0.0293245 0.0117716 0.0179722 0.0160363 -0.00848743 0.0237812 0.000565074 0.0180472 0.0155583 -0.00619208 0.0191951 0.0158669 0.00828068
internal_weight=1069.9 334.887 109.374 41.5573 19.3253 67.8162 63.7154 61.0952 59.1809 57.5938 27.4438 30.15 6.87933 225.514 169.145 12.8183 56.3686 8.28509 156.327 126.991 18.1918 108.8 83.8808 42.5287
internal_count=8000 7778 7219 5087 1014 2132 1332 997 765 621 330 291 284 559 408 89 151 66 319 289 49 240 228 181
is_linear=0
shrinkage=0.03


Tree=65
num_leaves=25
num_cat=0
split_feature=14 5 1 16 2 5 2 15 2 15 15 3 16 5 2 2 5 1 4 1 1 0 1 1
split_gain=115.673 16.4415 22.2178 13.4448 24.1447 11.6711 6.44407 5.49971 4.99154 4.09401 3.50809 2.87801 6.11652 13.5679 4.1358 8.9984 26.2965 4.48914 5.38692 2.9748 5.0137 21.1936 2.72237 7.02471
threshold=1.0000000180025095e-35 204.50000000000003 298.45000000000005 0.03139150000000001 309.85000000000008 144.50000000000003 311.85000000000008 1.0317500000000004 309.35000000000008 1.0371500000000002 1.0269000000000001 1456.5000000000002 0.025572000000000001 221.50000000000003 310.55000000000007 307.95000000000005 216.50000000000003 301.05000000000007 34.350000000000001 301.65000000000003 298.85000000000008 1.5000000000000002 302.25000000000006 302.15000000000003
decision_type=2 2 2 2 2 2 2 2 2 2 2 2 2 2 2 2 2 2 2 2 2 2 2 2
left_child=1 2 -1 4 5 -4 8 -7 -5 10 -10 19 14 -14 15 -13 -17 -16 -19 20 -3 -22 23 -12
right_child=-2 11 3 6 -6 7 -8 -9 9 -11 22 12 13 -15 17 16 -18 18 -20 -21 21 -23 -24 -25
leaf_value=-0.032533953831125832 0.034486289803581587 0.028316960665715762 -0.030306732665717952 -0.035529838357332887 -0.031001079696156883 0.031233809050491237 -0.031641711816014724 -0.031589562637456943 -0.032036863959441747 -0.030940655874499047 0.01970832210299063 0.030506615097105699 -0.037575070024013599 0.017144117402087891 0.028878310727396644 -0.040030505973762572 0.019055448976168329 -0.0031839204176371434 0.022636607158891962 0.029832838029875637 -0.041348431492354183 0.033186460087188105 0.030474545332321346 -0.045333039559267846
leaf_weight=13.164570848457513 716.51070785522461 16.024970706552271 3.9951954311691251 1.5068737873807538 17.902271528262645 16.424714191351089 2.3941489681601515 1.3577986443415273 1.1107106115669001 1.4059413373470295 39.910052610561252 15.349919788539408 5.9530395651236203 12.949916647747157 43.698840491473675 9.343396592885254 24.700641628354788 10.77905937284231 22.350500091910362 32.430471438914537 5.6525824125856134 8.7456076890230179 21.269492275081575 1.5526255816221226
leaf_count=2025 222 22 701 251 2784 142 248 161 39 164 756 9 65 24 30 77 31 34 23 26 56 5 67 38
internal_value=0.0277177 0.0130203 0.00427661 0.00872939 -0.00519045 0.0160271 0.016717 0.0264369 0.0184513 0.019698 0.0208131 0.018149 0.0158265 -8.83982e-05 0.01821 0.0114373 0.00283929 0.0225642 0.0142356 0.0235115 0.016773 0.00392482 0.0217489 0.0172728
internal_weight=1046.48 329.973 121.994 108.83 39.68 21.7777 69.1498 17.7825 66.7557 65.2488 63.8429 207.979 145.125 18.903 126.222 49.394 34.044 76.8284 33.1296 62.8536 30.4232 14.3982 62.7322 41.4627
internal_count=8000 7778 7376 5351 3788 1004 1563 303 1315 1064 900 402 293 89 204 117 108 87 57 109 83 61 861 794
is_linear=0
shrinkage=0.03


Tree=66
num_leaves=25
num_cat=0
split_feature=14 5 1 16 2 5 2 15 2 3 3 16 5 2 2 3 1 4 1 1 0 7 8 5
split_gain=114.182 15.616 21.442 12.7762 23.342 11.1888 6.16482 5.25227 4.77543 4.05594 2.81755 5.82885 13.0062 3.91464 8.63239 25.4744 4.36007 5.14644 2.84799 4.74711 20.3835 2.59582 9.8778 7.05491
threshold=1.0000000180025095e-35 204.50000000000003 298.45000000000005 0.03139150000000001 309.85000000000008 144.50000000000003 311.85000000000008 1.0317500000000004 309.35000000000008 1440.5000000000002 1456.5000000000002 0.025572000000000001 221.50000000000003 310.55000000000007 307.95000000000005 1612.5000000000002 301.05000000000007 34.350000000000001 301.65000000000003 298.85000000000008 1.5000000000000002 7319.5300000000007 6420.9500000000016 119.50000000000001
decision_type=2 2 2 2 2 2 2 2 2 2 2 2 2 2 2 2 2 2 2 2 2 2 2 2
left_child=1 2 -1 4 5 -4 8 -7 -5 21 18 13 -13 14 -12 -16 -15 -18 19 -3 -21 -10 -23 -24
right_child=-2 10 3 6 -6 7 -8 -9 9 -11 11 12 -14 16 15 -17 17 -19 -20 20 -22 22 23 -25
leaf_value=-0.032502982192955172 0.034334211960531574 0.027826312299251216 -0.030297934820781337 -0.035495066619702739 -0.030978761916090204 0.030696107293332227 -0.031600583395476542 -0.031546563242544831 0.023594053549084289 -0.030277970011083732 0.030082533627930771 -0.037338368407149304 0.016721195747326389 0.028408109636502341 -0.044688091094620311 0.017132443958062887 -0.0030872297898645782 0.02218998978051696 0.029430855628319211 -0.041051396900503273 0.032839603278693494 -0.035812098086656238 0.035189667889752418 -0.031305838371828078
leaf_weight=12.787490142509339 698.36788988113403 15.821413442492487 3.8782284362241652 1.4637503339909006 17.385506943799555 16.214265521615747 2.3263695589266709 1.3194386092945922 49.778232946060598 1.4515971937216807 15.103076696395872 5.8131696162745383 12.880201360210775 43.098612248897552 7.8122974410653105 25.846223149448633 10.783092491328715 22.119866013526917 31.89536339789629 5.5246143229305718 8.5754232555627823 3.3588215145282438 8.2704398110508901 1.7376973666250695
leaf_count=2025 222 22 701 251 2784 142 248 161 448 186 9 65 24 30 54 54 34 23 26 56 5 244 10 176
internal_value=0.0274964 0.0128143 0.00421575 0.00859643 -0.00515479 0.0158131 0.0163978 0.0260122 0.0180881 0.0193023 0.0178398 0.0155326 -8.99731e-05 0.0178733 0.011239 0.00278361 0.0221298 0.013906 0.023194 0.0165457 0.00388796 0.0204421 0.00870411 0.0236442
internal_weight=1023.61 325.245 119.972 107.184 38.7974 21.4119 68.3869 17.5337 66.0605 64.5968 205.273 143.457 18.6934 124.763 48.7616 33.6585 76.0016 32.903 61.8168 29.9215 14.1 63.1452 13.367 10.0081
internal_count=8000 7778 7376 5351 3788 1004 1563 303 1315 1064 402 293 89 204 117 108 87 57 109 83 61 878 430 186
is_linear=0
shrinkage=0.03


Tree=67
num_leaves=25
num_cat=0
split_feature=14 13 3 16 16 6 2 7 8 3 3 6 8 16 16 2 2 6 1 2 15 3 3 15
split_gain=112.699 14.8327 19.7529 13.42 12.86 8.53326 8.34138 6.39945 5.10975 3.67774 12.0259 3.7037 5.4273 2.99778 9.88939 2.79173 4.82086 13.3068 4.0375 3.52337 14.162 14.8666 22.2112 5.76488
threshold=1.0000000180025095e-35 1.0000000180025095e-35 1440.5000000000002 0.017599500000000001 0.017048000000000004 9.5500000000000025 309.35000000000008 6660.3400000000011 7772.3000000000011 1380.5000000000002 1418.5000000000002 8.6500000000000004 6420.9500000000016 0.031589500000000013 0.033545500000000006 313.15000000000003 311.85000000000008 8.6500000000000004 302.75000000000006 310.65000000000003 1.0369500000000003 2267.5000000000005 1337.5000000000002 1.0303500000000001
decision_type=2 2 2 2 2 2 2 2 2 2 2 2 2 2 2 2 2 2 2 2 2 2 2 2
left_child=1 2 6 4 -4 -6 -1 -8 9 11 -11 -9 -13 -12 -15 16 18 -18 19 20 23 22 -22 -3
right_child=-2 15 3 -5 5 -7 7 8 -10 10 13 12 -14 14 -16 -17 17 -19 -20 -21 21 -23 -24 -25
leaf_value=-0.030152538486632907 0.03418792557611134 0.0029684176405763885 -0.031603005507898969 -0.03035847738759281 0.032945207633517916 -0.035814593471444549 -0.03098450499910288 0.033059301836299494 -0.031143813389427271 -0.031872930843688758 0.034410383205802683 -0.030496899650189663 0.026121618628061526 -0.034315117449776396 0.025944733948369714 0.034362333479030296 0.028265678284246018 -0.041621175833197341 -0.0039397929648741928 0.023609533024436198 0.036284021161911061 0.038117399097198586 -0.045091467489252232 0.022775176853735073
leaf_weight=3.7288885000161818 680.58403587341309 15.643276891671119 5.8646946633234647 20.468218574300408 10.493864227086304 1.921876590233295 2.4951946092769495 22.249835968017582 1.8388880798593152 4.7059722817502943 8.8892072765156644 2.2376542831771067 4.7758821402676404 3.1832700697705141 10.656138758640735 8.0894262567162496 5.2991582592949253 4.5637693530879915 7.6616727858781806 70.341804625466466 4.1723298123106387 4.7801952362060538 10.918317334726451 85.562285639345646
leaf_count=800 222 64 953 4014 44 76 335 9 232 254 17 278 69 58 80 5 6 45 21 130 2 1 92 193
internal_value=0.0272802 0.0126134 0.00326876 -0.0136736 0.00500805 0.0223016 0.013406 0.0160673 0.0180729 0.0196691 0.011778 0.0270672 0.0080576 0.0208159 0.0120841 0.0170701 0.0164006 -0.00407233 0.0174149 0.0182696 0.0151673 -0.00798786 -0.0225924 0.0197137
internal_weight=1001.13 320.542 103.51 38.7487 18.2804 12.4157 64.7609 61.032 58.5368 56.698 27.4346 29.2634 7.01354 22.7286 13.8394 217.032 208.943 9.86293 199.08 191.418 121.076 19.8708 15.0906 101.206
internal_count=8000 7778 7219 5087 1073 120 2132 1332 997 765 409 356 347 155 138 559 554 51 503 482 352 95 94 257
is_linear=0
shrinkage=0.03


Tree=68
num_leaves=25
num_cat=0
split_feature=14 15 1 5 16 15 1 2 2 5 3 2 3 5 2 5 6 3 4 15 7 15 1 2
split_gain=111.311 14.2385 14.597 15.1936 16.5031 15.6912 22.7711 10.4105 5.86228 4.57051 3.82329 3.02456 3.20932 8.56242 19.4837 7.44433 13.5486 5.19552 6.84696 5.28438 2.97459 2.96552 2.83543 6.87546
threshold=1.0000000180025095e-35 1.0384500000000003 296.85000000000008 204.50000000000003 0.03139150000000001 1.0317500000000004 300.55000000000007 309.35000000000008 311.85000000000008 144.50000000000003 1440.5000000000002 307.85000000000008 1456.5000000000002 213.50000000000003 310.55000000000007 206.50000000000003 11.350000000000003 1566.5000000000002 38.850000000000001 1.0366500000000001 6146.6650000000009 1.0269000000000001 302.25000000000006 310.95000000000005
decision_type=2 2 2 2 2 2 2 2 2 2 2 2 2 2 2 2 2 2 2 2 2 2 2 2
left_child=1 2 -1 4 5 6 9 -6 10 -4 21 -5 20 14 -14 -16 -17 18 -15 -20 -13 -9 23 -23
right_child=-2 -3 3 11 7 -7 -8 8 -10 -11 -12 12 13 17 15 16 -18 -19 19 -21 -22 22 -24 -25
leaf_value=-0.043708948689653936 0.034047170477686788 -0.043114373827913784 -0.030193980778342552 0.032228390275506662 -0.033590997731745162 -0.031411654871579535 -0.031150693439632227 -0.032109332874845381 -0.031644018574266838 0.030891928176427337 -0.030262504699528278 0.0054688331731183332 -0.038436787693161056 -0.010693986501196255 0.026930353882173731 -0.044442857962560589 0.026432214265735342 0.02513878276113032 0.0017990880523684196 0.034452897339028878 0.026114028062610543 0.019427243990834932 0.029995292171180809 -0.031237607776314631
leaf_weight=4.0123944240622214 663.15893411636353 4.1023765546269706 1.1867224425077498 14.279377669095991 3.8571311864070585 17.394823652226478 9.7509828805923444 0.96964366501197119 2.1431349976919583 15.507719898130743 1.3966410374268878 7.143408551812171 8.0396992787718755 9.8384572714567202 16.856056747958068 4.4718683008104545 5.309713140130043 59.370685285888612 7.8412684928625849 10.344745323061941 52.028877709060907 37.554047525860369 20.029043747577816 2.5759865664876989
leaf_count=257 222 266 242 8 717 2886 1603 27 236 135 190 17 77 27 19 38 5 51 35 8 83 591 54 206
internal_value=0.0270648 0.0124119 0.0131422 0.0138831 0.00509211 -0.00928185 0.00527432 0.0142881 0.0171438 0.0265496 0.0188161 0.0189352 0.0178879 0.0151085 0.00249512 0.0148491 -0.00596991 0.0201133 0.00946677 0.0203735 0.0236217 0.0199374 0.0207763 0.016175
internal_weight=979.164 316.005 311.902 307.89 112.366 43.8402 26.4454 68.5256 64.6685 16.6944 62.5254 195.524 181.245 122.072 34.6773 26.6376 9.78158 87.3952 28.0245 18.186 59.1723 61.1287 60.1591 40.13
internal_count=8000 7778 7512 7255 6887 4866 1980 2021 1304 377 1068 368 360 260 139 62 43 121 70 43 100 878 851 797
is_linear=0
shrinkage=0.03


Tree=69
num_leaves=25
num_cat=0
split_feature=14 15 1 5 16 15 1 2 2 5 3 2 6 7 8 3 8 4 1 15 7 15 0 3
split_gain=109.995 13.6764 13.9891 14.381 15.7672 15.2273 21.9022 9.98384 5.60972 4.36741 3.65453 2.94951 3.15006 5.86066 12.171 16.4657 7.80835 16.8802 21.1561 4.46289 3.64638 12.3211 10.1238 2.38794
threshold=1.0000000180025095e-35 1.0384500000000003 296.85000000000008 204.50000000000003 0.03139150000000001 1.0317500000000004 300.55000000000007 309.35000000000008 311.85000000000008 144.50000000000003 1440.5000000000002 307.85000000000008 11.350000000000003 6189.1500000000005 7885.6500000000005 1445.5000000000002 7677.1000000000013 30.650000000000002 304.35000000000008 1.0319500000000004 6297.9800000000005 1.0313500000000004 1.5000000000000002 1386.5000000000002
decision_type=2 2 2 2 2 2 2 2 2 2 2 2 2 2 2 2 2 2 2 2 2 2 2 2
left_child=1 2 -1 4 5 6 9 -6 10 -4 23 -5 13 14 16 -16 17 19 -19 -13 -15 -22 -23 -9
right_child=-2 -3 3 11 7 -7 -8 8 -10 -11 -12 12 -14 20 15 -17 -18 18 -20 -21 21 22 -24 -25
leaf_value=-0.043327603142509157 0.033911692518420092 -0.042897827417189123 -0.030188262786778924 0.031842060412033413 -0.033562856539848022 -0.031387849042441962 -0.031125736732749223 0.024707296101625309 -0.031602552507525403 0.030387489683287389 -0.030254708098357626 0.0021279636923127614 0.029043289688165726 0.030208344901498384 0.019240043706791519 -0.051081352271539489 0.030993897138165433 -0.047039871579930649 0.036134366011029734 0.025609389233809919 0.025163467147062087 -0.036306530570165509 0.022259631867023642 0.01265977562869864
leaf_weight=3.9275634181685737 646.09173774719238 4.0009275916963807 1.1518643377348841 14.022941224277018 3.7462275684811166 16.893339314498007 9.4702708185650391 34.587888422422111 2.082483605016022 15.295437098480759 1.355708067305385 9.9984008446335775 19.181469416245818 30.274126581847668 5.7626314647495729 6.2435781098902225 20.387491464614868 8.7290832139551622 4.0197958946228018 26.839377608150244 36.888707727193832 6.1986467065289599 4.6484918864443898 25.891238907817751
leaf_count=257 222 266 242 8 717 2886 1603 494 236 135 190 31 17 24 11 33 11 63 1 29 49 82 9 384
internal_value=0.026851 0.0122109 0.0129277 0.0136553 0.00502189 -0.00922656 0.00521839 0.0140369 0.0168268 0.0261451 0.0184578 0.0185921 0.0175551 0.0161778 0.0105767 -0.0173291 0.0153648 0.00893898 -0.0208145 0.0192361 0.0220639 0.0168986 -0.0112083 0.0195497
internal_weight=957.689 311.598 307.597 303.669 110.474 42.8109 25.9176 67.6635 63.9173 16.4473 61.8348 193.195 179.172 159.99 81.9804 12.0062 69.9741 49.5867 12.7489 36.8378 78.01 47.7358 10.8471 60.4791
internal_count=8000 7778 7512 7255 6887 4866 1980 2021 1304 377 1068 368 360 343 179 44 135 124 64 60 164 140 91 878
is_linear=0
shrinkage=0.03


Tree=70
num_leaves=25
num_cat=0
split_feature=14 15 1 5 16 15 1 2 2 3 15 3 16 3 2 6 7 8 3 8 3 1 5 7
split_gain=108.588 13.1403 13.4113 13.7221 15.0235 14.7775 21.0662 9.55538 5.35537 4.2676 3.62705 2.96125 9.91862 4.77454 2.85937 3.02141 5.62805 11.601 15.7225 7.51186 16.181 20.348 5.10187 3.49481
threshold=1.0000000180025095e-35 1.0384500000000003 296.85000000000008 204.50000000000003 0.03139150000000001 1.0317500000000004 300.55000000000007 309.35000000000008 311.85000000000008 1540.5000000000002 1.0371500000000002 1386.5000000000002 0.033727500000000007 1418.5000000000002 307.85000000000008 11.350000000000003 6189.1500000000005 7885.6500000000005 1445.5000000000002 7677.1000000000013 1668.5000000000002 304.35000000000008 217.50000000000003 6297.9800000000005
decision_type=2 2 2 2 2 2 2 2 2 2 2 2 2 2 2 2 2 2 2 2 2 2 2 2
left_child=1 2 -1 4 5 6 9 -6 10 -4 11 -9 13 -13 -5 16 17 19 -19 20 21 -16 -22 -18
right_child=-2 -3 3 14 7 -7 -8 8 -10 -11 -12 12 -14 -15 15 -17 23 18 -20 -21 22 -23 -24 -25
leaf_value=-0.042954035681039802 0.033781267607765834 -0.042680698841929723 -0.032297348445242013 0.03146199664064997 -0.033533168865518867 -0.031364265022032385 -0.031101146628652397 0.025012084361247466 -0.031561939535168948 0.029826526466277776 -0.030946842013915288 -0.03223655757608776 -0.031588745360916985 0.023176375741270641 -0.046544934766661605 0.028605882188152569 0.029761793826472906 0.018791035769234098 -0.050286776680988125 0.030566270995430966 0.00052257468279332821 0.035916661527829463 0.025718590397227865 0.016633482177604738
leaf_weight=3.8441334173548958 629.38101768493652 3.902137672295793 1.0652126972563625 13.770405426621435 3.6386805959045878 16.406208022730425 9.1975392010062915 33.725665804930031 2.0234982133842996 15.140865762252359 1.3307521133683611 1.5005670045502544 4.051812208723276 20.763551577925682 8.5844965744763595 18.894894618541002 29.81352786719799 5.7239127941429597 6.1533310264348984 20.057551100850105 9.937628820538519 3.9242804050445548 26.573879852890968 47.048757994547486
leaf_count=257 222 266 154 8 717 2886 1603 413 236 223 165 65 256 169 62 17 24 11 33 11 41 1 20 140
internal_value=0.0266456 0.0120203 0.0127244 0.0134394 0.00494207 -0.00917073 0.00516233 0.0137443 0.0164579 0.0257432 0.0180411 0.0191269 0.0115846 0.0194416 0.0182949 0.0172689 0.0159115 0.0103913 -0.0169966 0.0151004 0.00877225 -0.0206749 0.0188608 0.0217257
internal_weight=936.454 307.073 303.171 299.327 108.844 41.8098 25.4036 67.0345 63.3958 16.2061 61.3723 60.0416 26.3159 22.2641 190.483 176.712 157.817 80.9551 11.8772 69.0778 49.0203 12.5088 36.5115 76.8623
internal_count=8000 7778 7512 7255 6887 4866 1980 2021 1304 377 1068 903 490 234 368 360 343 179 44 135 124 63 61 164
is_linear=0
shrinkage=0.03


Tree=71
num_leaves=25
num_cat=0
split_feature=14 15 1 5 1 3 2 3 3 7 8 2 7 7 4 0 1 2 3 5 2 5 6 3
split_gain=107.262 12.6238 12.8567 12.9858 14.4414 10.1073 7.62133 14.9294 9.18515 6.09144 4.52703 4.00266 3.97465 3.62894 3.34789 7.73723 4.29036 2.78655 2.93804 7.69762 17.6852 6.94438 12.18 4.92883
threshold=1.0000000180025095e-35 1.0384500000000003 296.85000000000008 204.50000000000003 298.45000000000005 1386.5000000000002 309.95000000000005 1438.5000000000002 1418.5000000000002 6816.8400000000011 9474.8000000000011 310.65000000000003 5066.6950000000006 6715.0000000000009 29.150000000000002 1.0000000180025095e-35 299.35000000000008 307.85000000000008 1456.5000000000002 213.50000000000003 310.55000000000007 206.50000000000003 11.350000000000003 1566.5000000000002
decision_type=2 2 2 2 2 2 2 2 2 2 2 2 2 2 2 2 2 2 2 2 2 2 2 2
left_child=1 2 -1 4 -4 10 9 8 -8 12 13 -10 -7 -6 -14 -16 -17 -5 -19 20 -20 -22 -23 -21
right_child=-2 -3 3 17 5 6 7 -9 11 -11 -12 -13 14 -15 15 16 -18 18 19 23 21 22 -24 -25
leaf_value=-0.042588417084567363 0.033655663971488274 -0.042463206625090302 -0.032218407607375425 0.031087663751220799 -0.031589167500182834 -0.031030953409198449 -0.031621685384524006 -0.031007775755859664 -0.033053057986477376 -0.031332097409899819 -0.038157494612005724 0.022319110188807039 0.034357703773639572 0.024627715797357303 -0.031382456876038738 0.029980866800710975 -0.031350902572400606 0.022538640597701984 -0.037929996671550746 0.0085583245346441336 0.025882847664564227 -0.043497843717628257 0.024886274032729465 0.02407785733420734
leaf_weight=3.7620641696266821 613.02497434616089 3.8059160902630529 8.6791609071660769 13.521906159818171 1.066531053977086 1.4232926156837553 4.1705245648045119 14.965572567423804 1.2712080348283077 2.5261757005937389 1.129387764725833 15.511482308385892 9.4200412107165921 33.316015998832881 3.0055647464469066 9.3177743530832213 1.1536040622740973 57.04312352463603 7.6706530777737489 27.192481972277164 16.231738030910495 4.3297796584665758 5.1114269345998764 57.072799424640834
leaf_count=257 222 266 1610 8 120 194 312 2668 57 314 70 175 35 531 477 162 162 100 77 70 19 38 5 51
internal_value=0.0264408 0.0118293 0.0125206 0.0132231 0.00487621 0.00815215 0.000915442 -0.00812229 0.00822338 0.0130073 0.0209426 0.0181249 0.0176129 0.0228839 0.0206367 0.011046 0.0232241 0.0179674 0.0169516 0.0142418 0.00204069 0.0139833 -0.00647499 0.0190697
internal_weight=915.723 302.698 298.892 295.13 106.956 98.2772 62.7652 35.9188 20.9532 26.8465 35.5119 16.7827 24.3203 34.3825 22.897 13.4769 10.4714 188.174 174.652 117.609 33.3436 25.6729 9.44121 84.2653
internal_count=8000 7778 7512 7255 6887 5277 4556 3212 544 1344 721 232 1030 651 836 801 324 368 360 260 139 62 43 121
is_linear=0
shrinkage=0.03


Tree=72
num_leaves=25
num_cat=0
split_feature=14 15 1 13 3 16 3 7 8 15 3 1 3 2 15 2 1 5 1 4 4 4 4 2
split_gain=106.029 12.1258 12.3238 12.2674 14.7121 12.4498 11.8562 6.68956 5.5231 4.47037 7.36167 8.57093 2.9525 8.93221 2.83734 2.4439 4.71194 2.51644 2.41981 2.66801 18.2362 4.898 10.4915 19.6194
threshold=1.0000000180025095e-35 1.0384500000000003 296.85000000000008 1.0000000180025095e-35 1440.5000000000002 0.017599500000000001 1686.5000000000002 6660.3400000000011 7772.3000000000011 1.0298500000000004 1437.5000000000002 302.25000000000006 1380.5000000000002 310.85000000000008 1.0383500000000001 313.15000000000003 302.75000000000006 229.50000000000003 302.55000000000007 23.950000000000003 28.950000000000003 31.050000000000004 35.250000000000007 311.75000000000006
decision_type=2 2 2 2 2 2 2 2 2 2 2 2 2 2 2 2 2 2 2 2 2 2 2 2
left_child=1 2 -1 4 7 6 -6 -4 9 12 11 -11 -9 -14 15 16 18 -18 19 -5 -21 -22 23 -23
right_child=-2 -3 3 14 5 -7 -8 8 -10 10 -12 -13 13 -15 -16 -17 17 -19 -20 20 21 22 -24 -25
leaf_value=-0.042230873447620859 0.033534678342296502 -0.042245560826309501 -0.030778462204520837 0.026561257498905588 0.024369928323187379 -0.030362427470170174 -0.031921499563629691 0.030851679072884854 -0.030956745917043574 -0.030617942314121668 0.025624556413705535 0.021816909280111697 -0.034623226509587171 0.026300776738632632 0.03485850290731566 0.033425906001064702 -0.0093408538674007707 0.016237922369126603 0.031862709586282886 -0.049293787309592919 0.030164900541829909 -0.045666906736648936 0.017234831051712508 0.036704230254422689
leaf_weight=3.6813208230305454 597.02117300033569 3.7121764486655584 3.011542805703356 20.094997968990356 10.817645066883413 16.694590433966368 4.8895705265458664 20.716567191760987 2.2494887986686072 7.0287323144730198 9.734883848577736 4.6695579290390015 2.8149342853575936 9.3924629115499538 7.8587671890854827 7.3526046853512517 9.748865607660262 5.3673225194215766 9.5867779813706857 3.8758169412612906 20.623970456421375 6.6935131200589222 103.62235694518313 4.2578659057617188
leaf_count=257 222 266 504 24 113 3741 895 46 354 869 28 91 50 48 3 5 46 7 8 39 29 67 287 1
internal_value=0.0262355 0.0116366 0.0123151 0.0130049 0.0039465 -0.0123248 0.00684671 0.0127898 0.0151076 0.017014 0.006351 -0.00968774 0.0239554 0.0122522 0.0171919 0.0164658 0.0157876 -0.000258568 0.0172249 0.0163433 0.0148669 0.0167062 0.0142836 -0.0136412
internal_weight=895.518 298.496 294.784 291.103 92.02 32.4018 15.7072 59.6182 56.6066 54.3571 21.4332 11.6983 32.924 12.2074 199.083 191.224 183.871 15.1162 168.755 159.169 139.074 135.198 114.574 10.9514
internal_count=8000 7778 7512 7255 6739 4749 1008 1990 1486 1132 988 960 144 98 516 513 508 53 455 447 423 384 355 68
is_linear=0
shrinkage=0.03


Tree=73
num_leaves=25
num_cat=0
split_feature=14 15 1 5 1 3 2 3 3 7 1 7 2 6 8 3 4 0 1 2 6 7 8 3
split_gain=104.874 11.6461 11.8122 11.5907 13.6307 9.31254 7.21457 14.1136 8.63316 5.75139 4.34897 3.80398 3.71081 3.58657 7.12647 3.49758 3.11668 7.26193 4.03428 2.74689 2.83586 5.15875 11.1663 16.1407
threshold=1.0000000180025095e-35 1.0384500000000003 296.85000000000008 204.50000000000003 298.45000000000005 1386.5000000000002 309.95000000000005 1438.5000000000002 1418.5000000000002 6816.8400000000011 302.35000000000008 5066.6950000000006 310.65000000000003 8.6500000000000004 6420.9500000000016 1362.5000000000002 29.150000000000002 1.0000000180025095e-35 299.35000000000008 307.85000000000008 11.350000000000003 6189.1500000000005 7885.6500000000005 1434.5000000000002
decision_type=2 2 2 2 2 2 2 2 2 2 2 2 2 2 2 2 2 2 2 2 2 2 2 2
left_child=1 2 -1 4 -4 10 9 8 -8 11 13 -7 -10 -6 -15 -16 -13 -18 -19 -5 21 22 -21 -24
right_child=-2 -3 3 19 5 6 7 -9 12 -11 -12 16 -14 14 15 -17 17 18 -20 20 -22 -23 23 -25
leaf_value=-0.041881490443953423 0.033418108183254823 -0.04202796327242081 -0.032261409035581723 0.030529031579215455 0.030373136313588095 -0.031045395593411344 -0.031571131965129624 -0.031015982825701977 -0.032908934848108362 -0.031324041875687457 -0.032618381640081413 0.033845964752863715 0.021621297631896474 -0.030651757339300527 -0.030309658914616174 0.028550461100151196 -0.031367714661217357 0.02943359926513428 -0.03136397259681864 0.014317961869533623 0.02754476406605625 0.020593341510218754 0.021713338043546811 -0.049235135269445979
leaf_weight=3.6018734048120669 581.36696720123291 3.6208360877353689 8.2463176120072585 13.113445065915583 20.336533771827817 1.375030665891251 4.0031487985979792 14.236088118283076 1.2130692314822251 2.4069277057424179 1.3377727440092702 9.1010489268228429 15.151225717039777 2.9666888022329649 1.013842440675943 8.751899198163299 2.8490649883169672 9.0492247391957772 1.1018915504682798 66.572976589202881 18.001572892069817 74.736871014349163 5.2223882935941202 6.4503088053315878
leaf_count=257 222 266 1610 8 17 194 312 2668 57 314 93 35 175 371 150 90 477 162 162 135 17 164 9 35
internal_value=0.02603 0.0114432 0.0121089 0.012786 0.00473464 0.00794962 0.00086154 -0.00809923 0.00791874 0.0128413 0.0204104 0.0173694 0.017579 0.0225556 0.0100694 0.0224398 0.0203815 0.0109555 0.0228341 0.0172967 0.0162818 0.0149565 0.00957245 -0.0174926
internal_weight=875.827 294.46 290.839 287.237 103.14 94.8935 60.4867 34.6035 20.3674 25.8832 34.4067 23.4763 16.3643 33.069 12.7324 9.76574 22.1012 13.0002 10.1511 184.098 170.984 152.983 78.2457 11.6727
internal_count=8000 7778 7512 7255 6887 5277 4556 3212 544 1344 721 1030 232 628 611 240 836 801 324 368 360 343 179 44
is_linear=0
shrinkage=0.03


Tree=74
num_leaves=25
num_cat=0
split_feature=14 15 1 13 3 16 4 7 8 15 3 1 3 2 15 5 6 6 15 2 15 15 5 7
split_gain=103.766 11.1847 11.3219 10.8429 13.6528 11.7359 11.1678 6.29041 5.19964 4.17505 6.84776 8.07751 2.81893 8.41632 2.79364 2.47484 8.89815 5.58198 7.01431 13.0106 5.70639 14.1232 14.4489 5.31448
threshold=1.0000000180025095e-35 1.0384500000000003 296.85000000000008 1.0000000180025095e-35 1440.5000000000002 0.017599500000000001 28.750000000000004 6660.3400000000011 7772.3000000000011 1.0298500000000004 1437.5000000000002 302.25000000000006 1380.5000000000002 310.85000000000008 1.0383500000000001 231.50000000000003 8.5500000000000025 8.6500000000000004 1.0303500000000001 310.85000000000008 1.0320500000000001 1.0337500000000002 226.50000000000003 6309.1500000000005
decision_type=2 2 2 2 2 2 2 2 2 2 2 2 2 2 2 2 2 2 2 2 2 2 2 2
left_child=1 2 -1 4 7 6 -6 -4 9 12 11 -11 -9 -14 15 16 -5 -18 19 -19 -20 22 -22 -23
right_child=-2 -3 3 14 5 -7 -8 8 -10 10 -12 -13 13 -15 -16 -17 17 18 20 -21 21 23 -24 -25
leaf_value=-0.041540315782791652 0.033305768911416338 -0.041810608725022139 -0.030770038495369932 -0.01189929044658943 -0.031942933629049819 -0.030353580717136598 0.023845397152099011 0.030415375652552517 -0.030939222117846384 -0.030608144580554341 0.024962860777323393 0.021224054801214278 -0.034491996959537946 0.025679859341852011 0.034419909750807158 0.026549134810511812 0.032145056342455104 -0.046211946244512463 0.024826906936906135 0.013210809369635109 -0.042219181593140469 0.020918239386047848 0.024513746392985983 -0.0039678652992606016
leaf_weight=3.5236960707698008 566.05918121337891 3.5318162185139945 2.8728231019340447 10.618927937000988 4.6704326034523573 15.759925493039189 10.466759902657939 19.834312483668331 2.1509579764679065 6.6962456302717346 9.4744087527506036 4.5409608851186931 2.7117156004533163 9.1555527322925609 7.5401606708765021 17.468802429735661 18.106759576126933 4.6985091073438516 49.020309453364462 11.271337231155483 7.8637429787777346 54.922146356198937 4.6449242532253265 8.9867667010985297
leaf_count=257 222 266 504 42 876 3741 132 46 354 869 28 91 50 48 3 13 14 48 106 27 76 105 3 79
internal_value=0.0258253 0.0112507 0.0119037 0.012568 0.00384739 -0.0122333 0.00663245 0.0124977 0.0147757 0.0166518 0.00617655 -0.00966273 0.0234956 0.0119304 0.0165155 0.0157959 0.0146918 0.016462 0.0144538 -0.00427204 0.0168378 0.011713 -0.0174388 0.0174188
internal_weight=856.591 290.532 287 283.476 88.3341 30.8971 15.1372 57.437 54.5642 52.4132 20.7116 11.2372 31.7016 11.8673 195.142 187.602 170.133 159.514 141.408 15.9698 125.438 76.4176 12.5087 63.9089
internal_count=8000 7778 7512 7255 6739 4749 1008 1990 1486 1132 988 960 144 98 516 513 500 458 444 75 369 263 79 184
is_linear=0
shrinkage=0.03


Tree=75
num_leaves=25
num_cat=0
split_feature=14 15 1 13 3 7 7 7 8 15 3 1 15 3 2 2 7 8 3 5 5 5 5 3
split_gain=102.516 10.7462 10.8575 10.214 13.1142 11.4673 11.8046 6.05845 5.00264 4.01851 6.5249 7.79453 2.75025 2.74347 8.05922 2.41017 3.09808 13.0806 15.8201 8.80837 11.2245 6.01197 11.9498 4.89308
threshold=1.0000000180025095e-35 1.0384500000000003 296.85000000000008 1.0000000180025095e-35 1440.5000000000002 5102.3550000000005 5066.6950000000006 6660.3400000000011 7772.3000000000011 1.0298500000000004 1437.5000000000002 302.25000000000006 1.0383500000000001 1380.5000000000002 310.85000000000008 307.85000000000008 6189.1500000000005 7885.6500000000005 1434.5000000000002 206.50000000000003 203.50000000000003 214.50000000000003 209.50000000000003 1557.5000000000002
decision_type=2 2 2 2 2 2 2 2 2 2 2 2 2 2 2 2 2 2 2 2 2 2 2 2
left_child=1 2 -1 4 7 6 -6 -4 9 13 11 -11 15 -9 -15 -5 17 21 -19 20 -18 22 23 -17
right_child=-2 -3 3 12 5 -7 -8 8 -10 10 -12 -13 -14 14 -16 16 19 18 -20 -21 -22 -23 -24 -25
leaf_value=-0.041207365840533319 0.033197481360395777 -0.04159368414838463 -0.030750691730176662 0.027945885123058803 -0.031939854962649526 -0.030273979851045289 0.025251517082750346 0.030135886432805167 -0.03091462761870023 -0.030591157509483623 0.024485725892260935 0.020745730710691777 0.034183574240870283 -0.034362608108139549 0.025196566009105761 0.021168600616708846 0.02069461706635406 0.021158783792458859 -0.048886911417428409 0.022554963550249104 -0.044649707144356225 0.022320244070095592 -0.040969871030912389 -0.0038564356883679474
leaf_weight=3.4467668624129137 551.09437465667725 3.445041532162576 2.7896459300536653 13.008192185312508 4.8081223662011352 15.396240043919532 10.011172808706759 19.423942509107295 2.0890231884550294 6.5018957427237201 9.3708450142294151 4.5068155582994223 7.3671406134963027 2.6413315653335294 9.0528047150000912 19.959638114552948 5.3731032344512624 5.1066717505454999 6.721618564799428 70.394327975809574 4.2272332012653351 45.599388957023621 4.3118890915065995 10.856927069369702
leaf_count=257 222 266 504 14 844 3854 51 46 354 869 28 91 3 50 48 27 58 9 37 137 42 42 38 109
internal_value=0.0256308 0.0110714 0.0117126 0.0123652 0.0038052 -0.0121421 0.00669577 0.0123523 0.0145962 0.0164424 0.00608691 -0.00957454 0.0162072 0.0232243 0.0117441 0.0154934 0.0145547 0.0108176 -0.0186458 0.0188786 -0.00807788 0.0151346 0.005807 0.0123521
internal_weight=837.504 286.41 282.965 279.518 86.5918 30.2155 14.8193 56.3763 53.5867 51.4976 20.3796 11.0087 192.926 31.1181 11.6941 185.559 172.551 92.5561 11.8283 79.9947 9.60034 80.7278 35.1285 30.8166
internal_count=8000 7778 7512 7255 6739 4749 895 1990 1486 1132 988 960 516 144 98 513 499 262 46 237 100 216 174 136
is_linear=0
shrinkage=0.03


Tree=76
num_leaves=25
num_cat=0
split_feature=14 15 1 5 1 3 2 3 3 7 1 3 2 6 8 3 3 7 1 2 3 5 2 1
split_gain=101.269 10.3254 10.4136 9.6685 12.5635 8.4769 6.67436 13.0074 7.95538 5.31651 4.19472 3.53288 3.32932 3.15163 6.65881 3.1929 3.0998 7.02967 3.8514 2.64701 2.69389 7.01905 16.0069 6.60716
threshold=1.0000000180025095e-35 1.0384500000000003 296.85000000000008 204.50000000000003 298.45000000000005 1386.5000000000002 309.95000000000005 1438.5000000000002 1418.5000000000002 6816.8400000000011 302.35000000000008 1686.5000000000002 310.65000000000003 8.6500000000000004 6420.9500000000016 1362.5000000000002 1660.5000000000002 6054.1000000000013 299.35000000000008 307.85000000000008 1456.5000000000002 213.50000000000003 310.55000000000007 300.45000000000005
decision_type=2 2 2 2 2 2 2 2 2 2 2 2 2 2 2 2 2 2 2 2 2 2 2 2
left_child=1 2 -1 4 -4 10 9 8 -8 11 13 16 -10 -6 -15 -16 17 -7 -19 -5 -21 22 -22 -24
right_child=-2 -3 3 19 5 6 7 -9 12 -11 -12 -13 -14 14 15 -17 -18 18 -20 20 21 -23 23 -25
leaf_value=-0.040882629138092638 0.033093076652440309 -0.041377369074474257 -0.032268929386488558 0.029654260110658349 0.029788193565068941 -0.03193918976468467 -0.031512844519251529 -0.031041707940225993 -0.032688606255484871 -0.031350853335079087 -0.03259343408195739 -0.030838133277906118 0.020748891688659888 -0.030638772964736213 -0.030299109450937525 0.028135488281204844 0.033931972652659008 0.029236774776338313 -0.030677271742768537 0.020832050530346119 -0.037741787592037959 0.017408336701014975 0.032085825539550597 7.2305160710651485e-05
leaf_weight=3.3710667458362868 536.46884250640869 3.3604401086922726 7.6766028683632603 12.463376328349112 19.032834420911971 2.7419903320260444 3.7916914334055063 13.238059356342999 1.1306971756275732 2.2485807740595183 1.3118042340502132 1.305039558559655 14.578772144392131 2.7699045343324533 0.9348253128118803 8.4356800417881441 8.5510838970076275 8.5719214163254929 1.0881999393459398 53.83955667540431 7.4474269421771195 79.999326957389712 9.4828695654869097 14.948556959629057
leaf_count=257 222 266 1610 8 17 392 312 2668 57 314 93 220 175 371 150 90 46 181 191 100 77 121 5 57
internal_value=0.0254393 0.0108956 0.0115253 0.0121664 0.00456655 0.00771787 0.000771828 -0.0080908 0.00748907 0.0126116 0.0199584 0.0170528 0.0169027 0.0221698 0.0102263 0.0223059 0.0200356 0.0104543 0.0224875 0.0163211 0.0153183 0.0126649 0.000761237 0.0124981
internal_weight=818.789 282.32 278.96 275.589 97.4077 89.7311 57.246 32.7392 19.5012 24.5068 32.485 22.2582 15.7095 31.1732 12.1404 9.37051 20.9532 12.4021 9.66012 178.181 165.718 111.878 31.8789 24.4314
internal_count=8000 7778 7512 7255 6887 5277 4556 3212 544 1344 721 1030 232 628 611 240 810 764 372 368 360 260 139 62
is_linear=0
shrinkage=0.03


Tree=77
num_leaves=25
num_cat=0
split_feature=14 15 1 13 16 4 7 8 15 2 15 3 2 5 15 5 4 15 2 6 5 4 2 5
split_gain=100.123 9.91929 9.98635 9.07313 12.2314 10.8624 10.5457 5.49668 4.61134 5.24634 5.24638 3.14736 8.06387 2.98661 2.42358 5.2844 19.9011 6.53299 19.3192 6.54503 4.46308 3.24454 4.65772 10.3435
threshold=1.0000000180025095e-35 1.0384500000000003 296.85000000000008 1.0000000180025095e-35 0.03139150000000001 29.150000000000002 5066.6950000000006 7772.3000000000011 1.0298500000000004 309.85000000000008 1.0313500000000004 1380.5000000000002 310.85000000000008 39.500000000000007 1.0366500000000001 224.50000000000003 30.250000000000004 1.0320500000000001 308.95000000000005 8.5500000000000025 216.50000000000003 31.050000000000004 309.85000000000008 203.50000000000003
decision_type=2 2 2 2 2 2 2 2 2 2 2 2 2 2 2 2 2 2 2 2 2 2 2 2
left_child=1 2 -1 4 5 6 -4 8 11 -10 -11 -6 -13 -12 15 16 -5 19 20 -18 -19 -21 23 -23
right_child=-2 -3 3 14 7 -7 -8 -9 9 10 13 12 -14 -15 -16 -17 17 18 -20 21 -22 22 -24 -25
leaf_value=-0.040566070135967948 0.03299239300458074 -0.041161833720522005 -0.032032042486165715 -0.044069331719623531 0.029308108646669908 -0.030347217363358499 0.023749235524294053 -0.03111860481449992 -0.030721332205132814 -0.030927538884076081 -0.031693237403874371 -0.033838828040514225 0.023625156631367238 0.02010313853197496 0.02123693221526142 0.023738112311661268 -0.0064905159361155779 0.001056765822626268 -0.041715923178187946 0.037538213545170659 0.032065689680418008 0.029150850621210936 0.02180065396995726 -0.039553004953592749
leaf_weight=3.2965793889015904 522.17856216430664 3.2779433217365286 4.4165466909762499 5.7499738493934265 18.719410069286827 14.537199008977039 9.8604630676563811 2.5266620831098399 3.3985810733865973 2.4367761118337539 1.0776569072622795 2.909119587391614 8.9889988393988443 14.250953909242524 50.355086314491928 34.425633139908314 8.8421341795474273 7.9792046644724968 7.1155697968788436 9.1867433418519777 8.7674224078655225 4.2123329048044971 48.397271119523793 3.7084305360913277
leaf_count=257 222 266 802 60 55 3806 150 449 682 221 120 83 70 301 109 29 32 45 79 7 6 12 96 41
internal_value=0.0252455 0.0107169 0.0113349 0.0119643 0.00370581 -0.0120932 0.00649348 0.0120883 0.0141965 0.00342856 0.00996156 0.0216398 0.00957507 0.0164617 0.0156013 0.0135507 0.0101771 0.0133532 -0.000304539 0.0177367 0.017291 0.021007 0.0183104 -0.00301568
internal_weight=800.615 278.437 275.159 271.862 83.1224 28.8142 14.277 54.3082 51.7815 21.164 17.7654 30.6175 11.8981 15.3286 188.74 138.385 103.959 98.2091 23.8622 74.3469 16.7466 65.5048 56.318 7.92076
internal_count=8000 7778 7512 7255 6739 4758 952 1981 1532 1324 642 208 153 421 516 407 378 318 130 188 51 156 149 53
is_linear=0
shrinkage=0.03


Tree=78
num_leaves=25
num_cat=0
split_feature=14 15 1 5 1 3 2 3 3 16 1 3 6 8 3 3 7 1 2 3 5 2 5 1
split_gain=98.9322 9.53088 9.57918 8.63318 11.8871 7.86121 6.33661 12.2967 7.49874 4.98678 3.99691 3.34488 2.99032 6.32872 2.99486 2.9042 6.61842 3.48766 2.56751 2.6493 6.47206 15.0818 6.56724 12.3479
threshold=1.0000000180025095e-35 1.0384500000000003 296.85000000000008 204.50000000000003 298.45000000000005 1386.5000000000002 309.95000000000005 1438.5000000000002 1418.5000000000002 0.031493500000000008 302.35000000000008 1686.5000000000002 8.6500000000000004 6420.9500000000016 1362.5000000000002 1660.5000000000002 6054.1000000000013 299.35000000000008 307.85000000000008 1456.5000000000002 213.50000000000003 310.55000000000007 206.50000000000003 300.45000000000005
decision_type=2 2 2 2 2 2 2 2 2 2 2 2 2 2 2 2 2 2 2 2 2 2 2 2
left_child=1 2 -1 4 -4 10 9 8 -8 11 12 15 -6 -14 -15 16 -7 -18 -5 -20 21 -21 -23 -24
right_child=-2 -3 3 18 5 6 7 -9 -10 -11 -12 -13 13 14 -16 -17 17 -19 19 20 -22 22 23 -25
leaf_value=-0.040257630161653034 0.032895277194561083 -0.040947243142362144 -0.032306798753941629 0.029090549533129773 0.029372873040677469 -0.031915929929718867 -0.031462905769011576 -0.031032968876938089 0.016365626675451477 -0.031391804634682691 -0.032577844519945817 -0.030798129685124631 -0.030622843889146472 -0.030292711502926943 0.027588053491140709 0.033484402252744801 0.028530767949813671 -0.030495415842457407 0.020252999745611781 -0.03747150903794437 0.016671259330544377 0.023904593732998344 0.028251420467866648 -0.042789606244277315
leaf_weight=3.2232908941805354 508.21929931640625 3.1974854459986082 7.3100463713053605 12.02834754437208 18.226414546370513 2.6079320204444327 3.6514866871293696 12.601876778062431 15.362198312999679 2.1197407767176619 1.2697345812339325 1.2490363020915527 2.6715463534928849 0.89216452743857999 8.1922241193242353 8.2459681953769159 8.323176840785889 1.0102777571883041 52.707698184996843 7.2274863934144404 78.374265253543854 15.201760658994319 4.2408504933118802 4.5801638998091221
leaf_count=257 222 266 1610 8 17 392 312 2668 232 263 93 220 371 150 90 46 208 215 100 77 121 19 3 40
internal_value=0.0250566 0.0105447 0.0111515 0.0117696 0.00442722 0.00753432 0.000724575 -0.00805135 0.00718039 0.0125031 0.0195561 0.0168436 0.0217639 0.00996697 0.0219037 0.0197913 0.0103358 0.0221416 0.0157168 0.0147259 0.0120684 0.000524595 0.0119561 -0.00863544
internal_weight=782.734 274.515 271.318 268.094 93.7338 86.4238 55.1717 31.6156 19.0137 23.5561 31.2521 21.4364 29.9823 11.7559 9.08439 20.1874 11.9414 9.33345 174.361 162.332 109.625 31.2503 24.0228 8.82101
internal_count=8000 7778 7512 7255 6887 5277 4556 3212 544 1344 721 1081 628 611 240 861 815 423 368 360 260 139 62 43
is_linear=0
shrinkage=0.03


Tree=79
num_leaves=25
num_cat=0
split_feature=14 5 15 5 1 3 2 3 3 7 8 8 5 6 6 15 15 15 5 3 7 3 7 1
split_gain=97.7791 9.21188 9.34757 8.83897 12.7217 7.56247 6.08444 11.9267 7.17977 4.8219 4.81539 3.92968 3.5441 7.18447 5.13208 6.28772 3.99972 11.9595 12.5114 3.22374 2.95057 2.7861 6.37803 3.46206
threshold=1.0000000180025095e-35 234.50000000000003 1.0384500000000003 204.50000000000003 298.45000000000005 1386.5000000000002 309.95000000000005 1438.5000000000002 1418.5000000000002 6816.8400000000011 4536.4000000000005 9474.8000000000011 231.50000000000003 8.5500000000000025 8.6500000000000004 1.0304500000000003 1.0320500000000001 1.0337500000000002 226.50000000000003 1686.5000000000002 6715.0000000000009 1660.5000000000002 6054.1000000000013 299.35000000000008
decision_type=2 2 2 2 2 2 2 2 2 2 2 2 2 2 2 2 2 2 2 2 2 2 2 2
left_child=1 2 3 4 -1 11 9 8 -8 19 -10 20 13 -5 -15 -16 -17 18 -18 21 -6 22 -7 -24
right_child=-2 -3 -4 12 5 6 7 -9 10 -11 -12 -13 -14 14 15 16 17 -19 -20 -21 -22 -23 23 -25
leaf_value=-0.032139570462239336 0.03280158371568543 -0.047915666820228804 -0.040733752349493932 -0.010828467249583159 -0.031579755732689681 -0.031869345820470067 -0.031422836159184869 -0.031009495988313561 0.021775674263884662 -0.031238981575126348 -0.032649001467401406 -0.038645768051046719 0.029200805357109488 0.031446523238640799 -0.0046260908212442161 0.023655774454719468 -0.042155351740734683 0.017056217616840282 0.023018353535505815 -0.030776114178130039 0.023053207661157153 0.033157527422240762 0.028366706036081886 -0.030651277951466785
leaf_weight=7.9936404523905358 494.58660793304443 2.4183564074337474 3.1190038102213284 9.7057970054447633 0.91816938063130393 2.5344996922649541 3.54801952722483 12.238552990602328 13.656870079692451 2.0752229152712962 1.638686966150998 1.0159896253608156 15.517397738993166 16.76086799800396 14.762219496071337 41.263567328453064 6.7779278848320228 63.248933178372681 4.3538367003202438 1.2129757241345931 28.683352581458166 8.0799604062922281 8.1625207664910686 1.0046604233793903
leaf_count=1853 222 13 266 30 120 392 312 2668 123 314 109 70 9 10 55 70 56 136 3 220 531 46 181 191
internal_value=0.0248683 0.0103733 0.0108988 0.0115061 0.00403919 0.00745079 0.000713099 -0.00795036 0.00702612 0.0123854 0.0159449 0.0193675 0.0155241 0.0141712 0.01582 0.0138115 0.0161651 0.0120096 -0.0166647 0.0166975 0.0213586 0.0196085 0.010253 0.0218987
internal_weight=765.278 270.691 268.273 265.154 92.7631 84.7695 54.152 31.0821 18.8436 23.0698 15.2956 30.6175 172.391 156.873 147.167 130.406 115.644 74.3807 11.1318 20.9946 29.6015 19.7816 11.7017 9.16718
internal_count=8000 7778 7765 7499 7130 5277 4556 3212 544 1344 232 721 369 360 330 320 265 195 59 1030 651 810 764 372
is_linear=0
shrinkage=0.03


Tree=80
num_leaves=25
num_cat=0
split_feature=14 1 15 13 16 7 7 8 6 2 3 1 3 15 15 5 4 15 2 6 5 4 2 5
split_gain=96.7781 8.87464 8.99993 7.69135 10.9672 10.0429 10.0641 5.03565 4.262 5.37811 4.01726 7.72243 3.46997 2.62977 2.23049 4.93612 18.341 5.95258 18.1161 5.92528 4.24996 3.18565 4.52187 9.8234
threshold=1.0000000180025095e-35 296.85000000000008 1.0384500000000003 1.0000000180025095e-35 0.03139150000000001 5102.3550000000005 5066.6950000000006 7772.3000000000011 8.6500000000000004 309.85000000000008 1382.5000000000002 303.55000000000007 1362.5000000000002 1.0297500000000002 1.0366500000000001 224.50000000000003 30.250000000000004 1.0320500000000001 308.95000000000005 8.5500000000000025 216.50000000000003 31.050000000000004 309.85000000000008 203.50000000000003
decision_type=2 2 2 2 2 2 2 2 2 2 2 2 2 2 2 2 2 2 2 2 2 2 2 2
left_child=1 -1 3 4 5 6 -3 8 10 -10 -6 -12 -11 -14 15 16 -5 19 20 -18 -19 -21 23 -23
right_child=-2 2 -4 14 7 -7 -8 -9 9 12 11 -13 13 -15 -16 -17 17 18 -20 21 -22 22 -24 -25
leaf_value=-0.039938306796811839 0.03271118029840963 -0.031941157288675907 -0.040530546699611057 -0.043649594753903599 0.030486509545659877 -0.030273977811821468 0.024138388849641743 -0.031079464329267722 -0.030647273527559631 -0.030650607731176855 -0.033648819562249965 0.032676461364102211 -0.031613688438802044 0.016339997644767401 0.0202514774907081 0.022812892883617576 -0.0062703511670550481 0.00073415959001056164 -0.041344360040540401 0.036855830129060019 0.031435261617865161 0.0285274659448021 0.020826634123724361 -0.039578476660667113
leaf_weight=3.1405306223314247 481.27583026885986 4.2083295593038228 3.0398078842554233 5.5315357595682135 17.116847164928917 13.491771080298347 9.1252395892515761 2.3722739215008906 3.2779602638911483 1.706632421119141 2.8919260920956722 3.4825235242024064 1.0857764855027223 19.765753032872453 48.871912115719169 33.083336859941483 8.7854997953399998 7.8387751569971504 6.9157694494351736 8.7234244365245086 8.41382924094796 3.9819196145981541 46.676143584772944 3.6561745516955853
leaf_count=258 222 845 265 60 10 3862 51 449 702 214 70 6 70 460 109 29 32 45 79 7 6 12 96 41
internal_value=0.0246734 0.0101951 0.0107914 0.0113892 0.00353859 -0.0120259 0.00643861 0.0116145 0.0136678 0.00525919 0.0229157 0.00258636 0.0104768 0.013843 0.0147675 0.0127614 0.0094534 0.0125457 -0.000676881 0.016811 0.0166278 0.0200278 0.017325 -0.00407323
internal_weight=748.46 267.184 264.043 261.003 78.525 26.8253 13.3336 51.6997 49.3274 25.8361 23.4913 6.37445 22.5582 20.8515 182.478 133.606 100.523 94.9915 23.1684 71.8232 16.2526 63.0377 54.3142 7.63809
internal_count=8000 7778 7520 7255 6739 4758 896 1981 1532 1446 86 76 744 530 516 407 378 318 130 188 51 156 149 53
is_linear=0
shrinkage=0.03


Tree=81
num_leaves=25
num_cat=0
split_feature=14 5 15 5 1 2 3 16 16 2 1 5 6 6 15 15 15 5 1 15 6 8 3 16
split_gain=95.6289 8.68493 8.62779 7.94854 12.0002 7.20872 6.40644 5.20436 6.91005 10.64 12.601 3.43147 6.5802 4.90215 6.05255 3.8278 10.9985 11.6062 3.2884 2.79423 2.63754 5.96963 2.95409 2.54026
threshold=1.0000000180025095e-35 234.50000000000003 1.0384500000000003 204.50000000000003 298.45000000000005 311.85000000000008 1386.5000000000002 0.033727500000000007 0.033545500000000006 309.95000000000005 303.55000000000007 231.50000000000003 8.5500000000000025 8.6500000000000004 1.0304500000000003 1.0320500000000001 1.0337500000000002 226.50000000000003 298.75000000000006 1.0303500000000001 8.6500000000000004 6420.9500000000016 1362.5000000000002 0.017188500000000002
decision_type=2 2 2 2 2 2 2 2 2 2 2 2 2 2 2 2 2 2 2 2 2 2 2 2
left_child=1 2 3 4 -1 6 20 8 9 18 -11 12 -5 -14 -15 -16 17 -17 -8 -20 -6 -22 -23 -18
right_child=-2 -3 -4 11 5 -7 7 -9 -10 10 -12 -13 13 14 15 16 23 -19 19 -21 21 22 -24 -25
leaf_value=-0.032168617805435763 0.032623929937208515 -0.04710372195883071 -0.040310607583429268 -0.010258590482578751 0.027888943948211696 -0.031479842445826557 -0.030914521223407612 -0.031212549680843013 0.031187846989553049 -0.031602778148956352 0.033863933249319828 0.02866896513324789 0.030792056522242466 -0.0048785460911798719 0.023062853239849471 -0.041444229148223058 0.02590223870397413 0.022313684512726334 -0.030971914792555098 0.019838685342054217 -0.030626012712972772 -0.030338855448346906 0.02709281827378102 0.012518199727166479
leaf_weight=7.5946370528545222 468.28220272064209 2.3729651048779479 2.9677168193738899 9.7197922356426698 17.391288189217452 4.1076930772978804 1.3651831927709306 3.7585068799089631 7.8137037018313995 12.870322443544866 3.3309359694831064 14.990533277392386 16.198846228420734 14.637751379981635 40.145387029275298 6.5534282894805056 17.936332546174526 4.2269694656133652 1.0270869408268506 18.874794935574755 2.5988480972591779 0.89864762383512964 7.8227700267452747 44.247919471003115
leaf_count=1853 222 13 266 30 21 758 222 368 27 2316 9 9 10 55 70 56 17 3 194 769 360 148 85 119
internal_value=0.0244893 0.0100302 0.0105495 0.0111343 0.00390554 0.00725236 0.00929861 0.00270953 0.00552514 0.000173398 -0.018143 0.0149684 0.0136318 0.015245 0.0132736 0.0156227 0.011529 -0.0164449 0.0141268 0.0172165 0.020553 0.00928287 0.0211751 0.0163787
internal_weight=731.734 263.452 261.079 258.111 89.4544 81.8598 77.7521 49.0405 45.282 37.4683 16.2013 168.657 153.666 143.947 127.748 113.11 72.9646 10.7804 21.2671 19.9019 28.7116 11.3203 8.72142 62.1843
internal_count=8000 7778 7765 7499 7130 5277 4519 3905 3537 3510 2325 369 360 330 320 265 195 59 1185 963 614 593 233 136
is_linear=0
shrinkage=0.03


Tree=82
num_leaves=25
num_cat=0
split_feature=14 1 15 5 1 2 3 16 16 2 1 8 1 15 2 3 5 2 5 1 3 1 15 7
split_gain=94.5538 8.41631 8.30961 6.86402 10.4985 6.958 6.15587 5.03094 6.63303 10.2141 12.1995 3.80576 3.14338 2.6643 2.51427 2.63299 6.0513 13.9575 6.0727 11.4005 4.99092 5.94301 18.9058 2.75356
threshold=1.0000000180025095e-35 296.85000000000008 1.0384500000000003 204.50000000000003 298.45000000000005 311.85000000000008 1386.5000000000002 0.033727500000000007 0.033545500000000006 309.95000000000005 303.55000000000007 9474.8000000000011 298.75000000000006 1.0303500000000001 307.85000000000008 1456.5000000000002 213.50000000000003 310.55000000000007 206.50000000000003 300.45000000000005 1566.5000000000002 303.25000000000006 1.0366500000000001 6146.6650000000009
decision_type=2 2 2 2 2 2 2 2 2 2 2 2 2 2 2 2 2 2 2 2 2 2 2 2
left_child=1 -1 3 4 -3 6 11 8 9 12 -11 -6 -8 -14 -5 23 17 -17 -19 -20 21 22 -18 -16
right_child=-2 2 -4 14 5 -7 7 -9 -10 10 -12 -13 13 -15 15 16 20 18 19 -21 -22 -23 -24 -25
leaf_value=-0.039632906007805613 0.032539709112158352 -0.032277214275555126 -0.040109703514386696 0.028261198751664728 0.022376150671916922 -0.031446912887697312 -0.030889048758476659 -0.031178480736612248 0.030837231522263846 -0.031564700356246103 0.033667889982402145 -0.039181112632419177 -0.030947362561560041 0.019368728872581724 0.00079206084780746987 -0.037322338934770279 -0.04792110404143337 0.02263891045543609 0.027135322864622082 -0.042379682934303699 0.020915708417259551 0.024877782744732117 0.018514068272374614 0.021889477932348914
leaf_weight=3.0554946726188055 455.60080289840698 6.5684909336268893 2.8923858350608489 11.280759155750273 27.224482375662777 3.9904038372915229 1.3259119812864835 3.6513516977429381 7.6676885848864904 12.504787212936206 3.2510302113369098 0.93495146767236192 0.99751078640111046 18.754637302132323 6.3719034269452086 7.0760464742779758 6.1015068627893987 14.527165224775674 4.0541765689849836 4.4581390395760536 50.096004948019981 8.526537284255026 10.471291046589611 44.116330441087484
leaf_count=258 222 1610 265 8 556 758 222 368 27 2316 9 58 194 769 17 77 47 19 3 40 51 6 17 83
internal_value=0.0243028 0.00986347 0.0104523 0.0110282 0.00418812 0.00717086 0.0091902 0.00267438 0.005452 0.000167576 -0.0181047 0.0203323 0.0138261 0.0168277 0.0145846 0.0135943 0.010894 -0.000469477 0.010849 -0.00927164 0.015445 0.00452588 -0.00594497 0.0192269
internal_weight=715.5 259.899 256.843 253.951 86.8712 80.3028 76.3124 48.1529 44.5016 36.8339 15.7558 28.1594 21.0781 19.7521 167.08 155.799 105.311 30.1155 23.0395 8.51232 75.1953 25.0993 16.5728 50.4882
internal_count=8000 7778 7520 7255 6887 5277 4519 3905 3537 3510 2325 614 1185 963 368 360 260 139 62 43 121 70 64 100
is_linear=0
shrinkage=0.03


Tree=83
num_leaves=25
num_cat=0
split_feature=14 5 15 5 1 2 3 16 16 2 1 5 6 6 15 15 15 5 1 6 8 3 7 4
split_gain=93.3899 8.18284 7.96742 7.0792 11.1935 6.70785 5.83663 4.86331 6.36652 9.80515 11.8113 3.35023 6.20785 4.7625 5.7337 3.65501 10.4551 10.9637 3.00485 2.62219 5.75084 2.83624 2.57848 2.7446
threshold=1.0000000180025095e-35 234.50000000000003 1.0384500000000003 204.50000000000003 298.45000000000005 311.85000000000008 1386.5000000000002 0.033727500000000007 0.033545500000000006 309.95000000000005 303.55000000000007 231.50000000000003 8.5500000000000025 8.6500000000000004 1.0304500000000003 1.0320500000000001 1.0337500000000002 226.50000000000003 298.75000000000006 8.6500000000000004 6420.9500000000016 1362.5000000000002 5066.6950000000006 29.150000000000002
decision_type=2 2 2 2 2 2 2 2 2 2 2 2 2 2 2 2 2 2 2 2 2 2 2 2
left_child=1 2 3 4 -1 6 19 8 9 18 -11 12 -5 -14 -15 -16 17 -17 -8 -6 -21 -22 -20 -24
right_child=-2 -3 -4 11 5 -7 7 -9 -10 10 -12 -13 13 14 15 16 -18 -19 22 20 21 -23 23 -25
leaf_value=-0.032102543984332578 0.032458395912967244 -0.046293599038709533 -0.03989356505365467 -0.010190736039488411 0.027431568352981855 -0.031414466366685975 -0.030864243009770715 -0.031145321742176706 0.030487032803440176 -0.031527321483457521 0.033475409539299936 0.02820950226078664 0.030286859061027249 -0.0050004588251182308 0.022445496773709724 -0.041155774760570391 0.015793642279756784 0.02164133617250362 -0.03101512947681228 -0.030621334256237573 -0.030336843978750982 0.026449602142096972 0.032917850491783009 0.0094532694493749229
leaf_weight=7.1605342698749146 443.22665548324585 2.3271247036755076 2.8236498425249001 9.6412887871265394 16.772758980281655 3.8764091359917066 1.2877439162693942 3.5471536079421631 7.5252586968708775 12.149385973811148 3.1728147678077212 14.473766021430491 15.664528034627436 14.496354622766374 39.063834182918072 6.3998486893251521 61.045655570924282 4.1085409969091415 0.97890282724984246 2.5783231081441036 0.88356980797834506 7.6035270155407488 7.5296126985922482 11.100267229368908
leaf_count=1853 222 13 266 30 21 758 222 368 27 2316 9 9 10 55 70 56 136 3 159 360 148 85 28 776
internal_value=0.0241238 0.00970564 0.0102189 0.0107825 0.00381374 0.00706895 0.00905456 0.00263909 0.00537863 0.000161798 -0.018067 0.0144241 0.0130977 0.0146926 0.0127402 0.0150651 0.0110358 -0.0166035 0.0135279 0.0199531 0.00861728 0.0205377 0.0164432 0.0189369
internal_weight=699.438 256.211 253.884 251.06 86.1663 79.0057 75.1293 47.2911 43.744 36.2187 15.3222 164.894 150.42 140.779 125.114 110.618 71.554 10.5084 20.8965 27.8382 11.0654 8.4871 19.6088 18.6299
internal_count=8000 7778 7765 7499 7130 5277 4519 3905 3537 3510 2325 369 360 330 320 265 195 59 1185 614 593 233 963 804
is_linear=0
shrinkage=0.03


Tree=84
num_leaves=25
num_cat=0
split_feature=14 1 15 5 5 1 2 3 3 3 8 15 8 8 2 5 6 6 15 7 4 5 7 1
split_gain=92.347 7.99092 7.67396 6.19441 6.91325 9.80171 6.47651 5.60261 4.72655 4.2077 3.6747 3.66543 3.62792 4.15024 9.65652 3.56281 6.18526 4.31342 5.88154 2.97032 12.208 4.05314 6.36913 10.8509
threshold=1.0000000180025095e-35 296.85000000000008 1.0384500000000003 234.50000000000003 204.50000000000003 298.45000000000005 311.85000000000008 1386.5000000000002 1418.5000000000002 1686.5000000000002 9474.8000000000011 1.0371500000000002 948.05000000000007 5188.7500000000009 308.45000000000005 231.50000000000003 8.5500000000000025 8.6500000000000004 1.0304500000000003 5181.545000000001 33.050000000000004 210.50000000000003 6260.9550000000008 303.85000000000008
decision_type=2 2 2 2 2 2 2 2 2 2 2 2 2 2 2 2 2 2 2 2 2 2 2 2
left_child=1 -1 3 4 5 -3 7 10 -9 11 -7 12 -10 -14 -15 16 -6 -18 -19 -20 -21 -22 -23 -24
right_child=-2 2 -4 -5 15 6 -8 8 9 -11 -12 -13 13 14 -16 -17 17 18 19 20 21 22 23 -25
leaf_value=-0.03934351234328845 0.032379879976650872 -0.032208338912775254 -0.039695511450908438 -0.044595171217780616 -0.0098690493939282472 0.021790028919800027 -0.031382505843306326 -0.031136929829831676 -0.032521540687334052 -0.030512120661581803 -0.039188203954245916 -0.031521126536932696 0.017623872453640502 0.032274698063056412 -0.031708435251509293 0.029196701708233207 0.029947172120757228 -0.0048459233133736363 0.024442367634755918 -0.043941973188695235 0.021535307705918383 0.014554537851678501 -0.038957692263097726 0.033652549001379505
leaf_weight=2.9739062669686964 431.1545205116272 6.1998107165563843 2.7519564160611472 1.8113138191401947 9.6566468439996225 26.387919635046277 3.7656173852737984 3.4573124193120739 1.7339852610602964 2.7591644299682221 0.92046085372567077 2.027405761415138 27.585910574300215 3.5484497847501171 5.2843557836022228 13.962848924100397 15.371395409107206 14.509677145630119 25.515450788661838 3.284740960225462 41.600546721369028 29.295245132409036 5.6342377662658674 2.7595322132110596
leaf_count=258 222 1610 265 11 30 556 758 377 321 683 58 400 1305 15 804 8 10 55 32 24 80 51 66 1
internal_value=0.023939 0.0095427 0.0101246 0.0106796 0.0110878 0.00408822 0.00699296 0.00895358 0.00260797 0.00532499 0.0197347 0.00778592 0.00987467 0.0118933 -0.00600415 0.0147121 0.0133421 0.0149667 0.0130884 0.0154959 0.0127314 0.0150793 0.00795317 -0.0150864
internal_weight=683.952 252.798 249.824 247.072 245.261 83.6704 77.4706 73.705 46.3966 42.9393 27.3084 40.1801 38.1527 36.4187 8.83281 161.59 147.627 137.971 122.599 108.09 82.5743 79.2896 37.689 8.39377
internal_count=8000 7778 7520 7255 7244 6887 5277 4519 3905 3528 614 2845 2445 2124 819 357 349 319 309 254 222 198 118 67
is_linear=0
shrinkage=0.03


Tree=85
num_leaves=25
num_cat=0
split_feature=14 1 15 5 5 1 2 15 3 5 6 6 15 5 3 16 16 4 0 16 7 4 5 7
split_gain=91.4115 7.66539 7.36931 5.92435 6.54666 9.45915 6.23793 5.35042 4.46278 3.48686 5.8953 4.20053 5.62666 3.43783 3.11153 5.78023 3.88133 7.71348 4.18504 7.80485 2.85046 11.67 3.85369 6.06173
threshold=1.0000000180025095e-35 296.85000000000008 1.0384500000000003 234.50000000000003 204.50000000000003 298.45000000000005 311.85000000000008 1.0371500000000002 1686.5000000000002 231.50000000000003 8.5500000000000025 8.6500000000000004 1.0304500000000003 203.50000000000003 1386.5000000000002 0.033727500000000007 0.033545500000000006 45.250000000000007 1.0000000180025095e-35 0.017599500000000001 5181.545000000001 33.050000000000004 210.50000000000003 6260.9550000000008
decision_type=2 2 2 2 2 2 2 2 2 2 2 2 2 2 2 2 2 2 2 2 2 2 2 2
left_child=1 -1 3 4 5 -3 7 8 13 10 -6 -12 -13 14 -7 16 17 18 19 -16 -14 -22 -23 -24
right_child=-2 2 -4 -5 9 6 -8 -9 -10 -11 11 12 20 -15 15 -17 -18 -19 -20 -21 21 22 23 -25
leaf_value=-0.039057380315510905 0.032304053446465975 -0.032173680921067926 -0.039491186066132514 -0.044059926974685686 -0.0095581155045572613 0.020768993003391474 -0.031351036520546584 -0.031156790917035271 -0.030446914007467601 0.028914593636381124 0.02961055395375034 -0.0046962942048390591 0.024030512318904709 -0.038211927308143954 0.02533667233876459 -0.031153864142388119 0.030557448733060315 -0.03286268778792345 0.021003883120215942 -0.03082776548358819 -0.043481929769619079 0.021110208691919961 0.014212908569443378 -0.015004438546717919
leaf_weight=2.9068369835149488 419.37929034233093 6.0229626214131704 2.6842333239037535 1.7788104265928257 9.6714330390095693 26.388436631532386 3.6579394687432787 2.8963254867121568 2.3210886446759096 13.680392935872076 15.084120623767374 14.522612584754823 25.179308736696839 1.2118989042937744 4.1974491402506882 3.2035949474666259 7.2332294255029401 3.9706507469527415 16.585601765662432 4.7431176707614213 3.2208761610090724 41.171689540147781 29.102384033612907 8.1891631912440044
leaf_count=258 222 1610 265 11 30 537 758 587 606 8 10 55 32 17 39 329 23 308 863 1210 24 80 51 67
internal_value=0.0237485 0.00937485 0.00994548 0.0104893 0.0108898 0.00402283 0.00687602 0.00879807 0.0104547 0.0144316 0.0130759 0.0146799 0.0128245 0.0118604 0.0127754 0.00749318 0.010864 0.00603473 0.0120853 -0.00445949 0.0152056 0.0124853 0.0147827 0.00779683
internal_weight=669.003 249.624 246.717 244.033 242.254 82.4323 76.4093 72.7514 69.8551 159.822 146.142 136.47 121.386 67.534 66.3221 39.9336 36.73 29.4968 25.5262 8.94057 106.863 81.6841 78.4632 37.2915
internal_count=8000 7778 7520 7255 7244 6887 5277 4519 3932 357 349 319 309 3326 3309 2772 2443 2420 2112 1249 254 222 198 118
is_linear=0
shrinkage=0.03


Tree=86
num_leaves=25
num_cat=0
split_feature=14 1 15 5 5 1 2 15 3 5 6 6 15 5 3 16 16 4 2 1 15 15 5 7
split_gain=90.5004 7.35351 7.07662 5.66709 6.16371 9.13413 6.01361 5.15174 4.2929 3.41915 5.60971 4.10017 5.36886 3.30046 2.92794 5.56936 3.73853 7.42073 4.08246 8.34793 2.82945 10.6634 10.2803 2.49384
threshold=1.0000000180025095e-35 296.85000000000008 1.0384500000000003 234.50000000000003 204.50000000000003 298.45000000000005 311.85000000000008 1.0371500000000002 1686.5000000000002 231.50000000000003 8.5500000000000025 8.6500000000000004 1.0304500000000003 203.50000000000003 1386.5000000000002 0.033727500000000007 0.033545500000000006 45.250000000000007 309.95000000000005 303.55000000000007 1.0320500000000001 1.0337500000000002 226.50000000000003 6189.1500000000005
decision_type=2 2 2 2 2 2 2 2 2 2 2 2 2 2 2 2 2 2 2 2 2 2 2 2
left_child=1 -1 3 4 5 -3 7 8 13 10 -6 -12 23 14 -7 16 17 18 -16 -20 -14 22 -22 -13
right_child=-2 2 -4 -5 9 6 -8 -9 -10 -11 11 12 20 -15 15 -17 -18 -19 19 -21 21 -23 -24 -25
leaf_value=-0.038779708219425772 0.032230812685716308 -0.03213895748479699 -0.039288867564219586 -0.043548783372732554 -0.0092575335603606243 0.020347350315673217 -0.031320062075625307 -0.031128722806482143 -0.030434522700971724 0.028634314345567815 0.029276700832979549 -0.014466554963049187 0.021490226240266606 -0.038011751098485924 0.019984838867788329 -0.031121184176699387 0.030226288465273123 -0.032786992818444514 -0.030458497351806207 0.033206442067989388 -0.0407994066782345 0.01624124285108362 0.020846274904478844 0.011022302111432203
leaf_weight=2.8408198866527519 407.89561915397644 5.8511773734353474 2.6181141599081448 1.7461919151246537 9.6856690123677236 26.131159453419968 3.553288923110812 2.8132223407737902 2.2533933962695292 13.404065296053885 14.802722573280333 8.8810001127421838 37.680223673582077 1.1821818500757206 17.363893579691656 3.1121298207435748 7.0952009949833146 3.8620622335001817 4.8427664474584153 3.0030817026272416 6.2901344541460258 57.907524555921555 3.9721482843160629 5.6541710775345555
leaf_count=258 222 1610 265 11 30 537 758 587 606 8 10 39 70 17 795 329 23 308 1309 8 56 125 3 16
internal_value=0.0235575 0.00920801 0.00976739 0.0103001 0.010693 0.00396585 0.00677464 0.0086636 0.0102896 0.0141384 0.0127972 0.0143773 0.0125452 0.0116677 0.0125655 0.00738855 0.0107023 0.00593728 0.0118697 -0.00609007 0.0148929 0.0112463 -0.0169387 -0.00455141
internal_weight=654.442 246.546 243.706 241.087 239.341 81.0636 75.2124 71.6591 68.8459 158.278 144.874 135.188 120.385 66.5925 65.4103 39.2791 36.167 29.0718 25.2097 7.84585 105.85 68.1698 10.2623 14.5352
internal_count=8000 7778 7520 7255 7244 6887 5277 4519 3932 357 349 319 309 3326 3309 2772 2443 2420 2112 1317 254 184 59 55
is_linear=0
shrinkage=0.03


Tree=87
num_leaves=25
num_cat=0
split_feature=14 1 15 5 5 1 2 15 3 5 6 6 15 5 7 4 1 1 5 6 2 5 3 16
split_gain=89.5708 7.05557 6.79631 5.42261 5.80335 8.82102 5.79813 4.96126 4.13031 3.3502 5.33915 3.99929 5.11891 3.16915 2.78985 7.29965 3.29019 7.01506 8.48487 5.17384 3.1203 7.91929 2.75027 5.36804
threshold=1.0000000180025095e-35 296.85000000000008 1.0384500000000003 234.50000000000003 204.50000000000003 298.45000000000005 311.85000000000008 1.0371500000000002 1686.5000000000002 231.50000000000003 8.5500000000000025 8.6500000000000004 1.0304500000000003 203.50000000000003 5181.545000000001 34.95000000000001 298.05000000000007 300.25000000000006 208.50000000000003 9.6500000000000004 311.75000000000006 226.50000000000003 1386.5000000000002 0.033727500000000007
decision_type=2 2 2 2 2 2 2 2 2 2 2 2 2 2 2 2 2 2 2 2 2 2 2 2
left_child=1 -1 3 4 5 -3 7 8 13 10 -6 -12 -13 22 -14 -16 -17 18 -18 -19 21 -21 -7 -24
right_child=-2 2 -4 -5 9 6 -8 -9 -10 -11 11 12 14 -15 15 16 17 19 -20 20 -22 -23 23 -25
leaf_value=-0.038510307142766285 0.032160060360864301 -0.032104195473592403 -0.039088655799668671 -0.043060308576585396 -0.0089669206450401009 0.019927887379480355 -0.031289583202176952 -0.031101190414142464 -0.030422453040477519 0.028355624880203975 0.02894532923748807 -0.004418552254502931 0.023430723425240208 -0.037815774283241461 -0.014313293137301421 0.023963757855302879 0.014166188827765167 0.024590527978813465 -0.039915842016916649 -0.042136965795946654 0.020079487679729262 0.018489724300496557 0.010549517061753248 -0.031089391315073749
leaf_weight=2.7758550248108795 396.69818758964539 5.6843049924354991 2.5535548340994856 1.713515356183051 9.6993771381676179 25.88454972137697 3.451581733999773 2.7324595020618281 2.1876500369980922 13.133833177387713 14.52720797434449 14.521754093468187 24.57553381100297 1.1530988556332875 8.5557763148099166 24.356189727783203 5.5526432311162335 24.390430144965649 4.9279876369982958 3.7574791070073825 4.7203510031104088 4.0069467574357986 35.591581451008096 3.0231944059487423
leaf_count=258 222 1610 265 11 30 537 758 587 606 8 10 55 32 17 39 35 18 33 46 37 10 4 2443 329
internal_value=0.0233687 0.00904501 0.00959344 0.0101154 0.0105008 0.00391024 0.00667578 0.0085326 0.010129 0.0138527 0.0125262 0.0140832 0.0122744 0.0114802 0.0145865 0.0118787 0.0150036 0.0103951 -0.0112632 0.0165508 0.000844292 -0.0108497 0.0123615 0.00728956
internal_weight=640.175 243.477 240.701 238.147 236.434 79.7084 74.0241 70.5725 67.8401 156.726 143.592 133.892 119.365 65.6524 104.843 80.2678 71.712 47.3558 10.4806 36.8752 12.4848 7.76443 64.4993 38.6148
internal_count=8000 7778 7520 7255 7244 6887 5277 4519 3932 357 349 319 309 3326 254 222 183 148 64 84 51 41 3309 2772
is_linear=0
shrinkage=0.03


Tree=88
num_leaves=25
num_cat=0
split_feature=14 1 15 5 5 1 2 4 2 5 3 5 6 6 15 8 3 7 4 1 4 1 1 16
split_gain=88.7798 6.76763 6.52453 5.18762 5.5396 8.5024 5.57485 4.8334 10.8915 6.57104 3.49068 3.27136 5.09321 3.88606 4.90333 3.18993 3.08445 2.66559 6.95488 3.13141 6.92045 5.35163 8.61904 2.93213
threshold=1.0000000180025095e-35 296.85000000000008 1.0384500000000003 234.50000000000003 204.50000000000003 298.45000000000005 311.85000000000008 44.750000000000007 309.85000000000008 144.50000000000003 1540.5000000000002 231.50000000000003 8.5500000000000025 8.6500000000000004 1.0304500000000003 9474.8000000000011 1440.5000000000002 5181.545000000001 34.95000000000001 298.05000000000007 37.750000000000007 300.25000000000006 298.85000000000008 0.025572000000000001
decision_type=2 2 2 2 2 2 2 2 2 2 2 2 2 2 2 2 2 2 2 2 2 2 2 2
left_child=1 -1 3 4 5 -3 7 8 9 -7 -11 12 -6 -14 -15 16 -9 -16 -19 -20 -21 22 -22 -23
right_child=-2 2 -4 -5 11 6 -8 15 -10 10 -12 -13 13 14 17 -17 -18 18 19 20 21 23 -24 -25
leaf_value=-0.038248981967460356 0.03209169513606349 -0.032069419050885707 -0.038890643871286192 -0.042593178395439919 -0.008685906995124339 -0.030256536534723426 -0.031259604058164019 0.016447473423571418 -0.030724654795532227 -0.033181474263836115 0.026137384944843595 0.028078299873165166 0.028616183009387862 -0.0042824548196003587 0.023027163368931129 -0.036888457608064334 -0.03016305305798157 -0.013874932510968838 0.023549928984193145 -0.01783994020185449 0.021359353681022805 0.032901104863521137 -0.037982029268230577 0.013799047148663191
leaf_weight=2.7119424630654967 385.78170275688171 5.5222005846444508 2.4905129584949455 1.6808334104716767 9.7125784754753095 2.6862662711646434 3.3527360544539979 44.374999980209395 8.1740907423663867 0.96853135852143069 11.422485231654717 12.86965763568878 14.257571052759884 14.533576099202035 24.26085258834064 1.0872625373303879 1.3156545977108169 8.5612183846533281 24.045412097126245 6.7625809330493203 4.8581237681210023 11.465588409453632 4.0303861424326897 19.586851236410439
leaf_count=258 222 1610 265 11 30 682 758 956 2149 112 186 8 10 55 32 95 339 39 35 26 11 7 40 64
internal_value=0.0231708 0.0088747 0.00941162 0.00992237 0.0102998 0.00382945 0.00653093 0.0083402 -0.00283883 0.0122794 0.0215008 0.0135948 0.0122829 0.0138215 0.0120355 0.0138968 0.0151053 0.0143253 0.0116635 0.0147538 0.0102251 0.014977 -0.00554827 0.0208522
internal_weight=626.514 240.732 238.02 235.529 233.849 78.9042 73.382 70.0293 23.2514 15.0773 12.391 154.944 142.075 132.362 118.105 46.7779 45.6907 103.571 79.3102 70.7489 46.7035 39.9409 8.88851 31.0524
internal_count=8000 7778 7520 7255 7244 6887 5277 4519 3129 980 298 357 349 319 309 1390 1295 254 222 183 148 122 51 71
is_linear=0
shrinkage=0.03


Tree=89
num_leaves=25
num_cat=0
split_feature=14 1 15 7 3 0 16 3 8 15 5 5 5 7 16 6 5 5 5 7 7 15 3 1
split_gain=87.9404 6.4932 6.26495 5.04546 7.0206 6.36032 4.98374 11.1714 8.6216 7.60848 4.75699 4.12239 11.8134 8.21801 4.02861 16.0944 9.42893 4.79416 12.031 9.89811 6.62565 5.57181 4.23784 3.45139
threshold=1.0000000180025095e-35 296.85000000000008 1.0384500000000003 7319.5300000000007 1364.5000000000002 1.0000000180025095e-35 0.032748500000000007 1420.5000000000002 1778.5500000000004 1.0283500000000003 234.50000000000003 231.50000000000003 228.50000000000003 6816.8400000000011 0.028273500000000003 8.5500000000000025 144.50000000000003 213.50000000000003 209.50000000000003 6064.795000000001 4667.3450000000003 1.0303500000000001 1492.5000000000002 298.75000000000006
decision_type=2 2 2 2 2 2 2 2 2 2 2 2 2 2 2 2 2 2 2 2 2 2 2 2
left_child=1 -1 3 6 5 -5 7 -3 -9 -8 11 12 13 14 15 -10 -17 18 19 20 -18 -22 -23 -16
right_child=-2 2 -4 4 -6 -7 9 8 10 -11 -12 -13 -14 -15 23 16 17 -19 -20 -21 21 22 -24 -25
leaf_value=-0.03799553316244611 0.032025636490836187 -0.037150946100491661 -0.038694919266302925 -0.04465781231218674 -0.03219523149058013 0.024254935974876352 -0.048646187794498211 -0.030950838590788812 -0.045183712333346643 0.021178382499573677 -0.042966739522885919 0.027802132371941048 -0.072415014682327514 -0.034516256610964524 -0.032876551192653841 -0.030189042858039583 -0.042985742995840327 0.019410286997113432 -0.039863492760535003 -0.037643747827439324 -0.038091848593562676 -0.040780612940148453 0.021863945804789956 0.026524891656333888
leaf_weight=2.6490822371561071 375.14071297645569 4.714345089159905 2.4289480408187947 1.4927035195287297 6.0166439888998866 6.2620838740840554 1.446312041953205 4.5678176793735465 4.6069076384883365 48.590305390767753 1.4646887630224217 12.61149091273546 1.5515455007553089 3.5124051843304178 0.92006249981932597 4.5766000279691061 1.6707751455251116 60.660454262048006 4.513714854605495 3.407229925505816 1.5329261785373081 0.99785003322176535 37.368788213003427 20.382037619827315
leaf_count=258 222 310 265 206 728 155 23 1286 221 705 9 8 7 402 114 1495 129 77 47 269 120 61 579 304
internal_value=0.0229767 0.00871038 0.00923622 0.00973617 -0.0078773 0.0109901 0.0108433 0.00838174 0.00968787 0.0191601 0.0108497 0.0113476 0.00992332 0.0108096 0.0119416 0.00979633 0.0120041 0.0137571 0.0068281 0.0115138 0.0155429 0.0179938 0.0202347 0.0239593
internal_weight=613.086 237.946 235.297 232.868 13.7714 7.75479 219.096 169.06 164.345 50.0366 159.777 158.313 145.701 144.15 140.637 119.335 114.728 110.152 49.4913 44.9776 41.5703 39.8996 38.3666 21.3021
internal_count=8000 7778 7520 7255 1089 361 6166 5438 5128 728 3842 3833 3825 3818 3416 2998 2777 1282 1205 1158 889 760 640 418
is_linear=0
shrinkage=0.03


Tree=90
num_leaves=25
num_cat=0
split_feature=14 1 15 7 3 0 16 3 8 15 5 5 5 7 16 6 5 5 5 7 7 15 3 3
split_gain=86.7815 6.23701 6.02244 4.81238 6.7961 6.13133 4.71997 10.7418 8.29527 7.28159 4.55424 3.99555 11.128 7.89489 3.85112 15.4143 9.05002 4.53629 11.5469 9.48505 6.34066 5.32862 4.47448 4.04445
threshold=1.0000000180025095e-35 296.85000000000008 1.0384500000000003 7319.5300000000007 1364.5000000000002 1.0000000180025095e-35 0.032748500000000007 1420.5000000000002 1778.5500000000004 1.0283500000000003 234.50000000000003 231.50000000000003 228.50000000000003 6816.8400000000011 0.028273500000000003 8.5500000000000025 144.50000000000003 213.50000000000003 209.50000000000003 6064.795000000001 4667.3450000000003 1.0303500000000001 1456.5000000000002 1492.5000000000002
decision_type=2 2 2 2 2 2 2 2 2 2 2 2 2 2 2 2 2 2 2 2 2 2 2 2
left_child=1 -1 3 6 5 -5 7 -3 -9 -8 11 12 13 14 15 -10 -17 18 19 20 -18 -22 -16 -23
right_child=-2 2 -4 4 -6 -7 9 8 10 -11 -12 -13 -14 -15 22 16 17 -19 -20 -21 21 23 -24 -25
leaf_value=-0.037749763359361511 0.031961792546735979 -0.036979294263969946 -0.038501564977471002 -0.044850275014193454 -0.032150024946055476 0.023839190307971932 -0.04833655579190628 -0.030928396377384312 -0.044737464254551426 0.020773589841839808 -0.042495563070851339 0.027526927793592549 -0.070044758570728852 -0.03441626700917938 0.026949332571775144 -0.030183580978278352 -0.042679220427815884 0.019023879107020292 -0.039584503478319863 -0.037420621507865418 -0.037922400702413699 -0.0404077627671161 -0.033057890562189302 0.02142655966716734
leaf_weight=2.5872739827027535 364.76984596252441 4.5959312387276432 2.3688210826367131 1.4424646755214761 5.8469117670319974 6.1813896181993186 1.4124233918264497 4.4359864196740082 4.5146726625971487 48.059166598366573 1.4369212314486492 12.359278611838816 1.5558527559041966 3.4183517983183256 19.827749548247088 4.4421325963921836 1.6328654219396401 60.045220067724586 4.410719512961804 3.325948830228298 1.4941683977376659 0.97715883888304134 1.1852011093869794 36.993417432066053
leaf_count=258 222 310 265 206 728 155 23 1286 221 705 9 8 7 402 259 1495 129 77 47 269 120 61 159 579
internal_value=0.0228077 0.00857142 0.00908808 0.00957909 -0.00781796 0.0108429 0.0106634 0.00824789 0.00953055 0.0188005 0.0106692 0.0111583 0.00975172 0.0106244 0.0117332 0.00962342 0.0117891 0.0135016 0.00671147 0.0113081 0.0152516 0.0176485 0.0235647 0.0198353
internal_weight=599.32 234.55 231.963 229.594 13.4708 7.62385 216.123 166.652 162.056 49.4716 157.62 156.183 143.823 142.268 138.849 117.836 113.322 108.879 48.8343 44.4236 41.0976 39.4647 21.013 37.9706
internal_count=8000 7778 7520 7255 1089 361 6166 5438 5128 728 3842 3833 3825 3818 3416 2998 2777 1282 1205 1158 889 760 418 640
is_linear=0
shrinkage=0.03


Tree=91
num_leaves=25
num_cat=0
split_feature=14 1 15 7 3 0 16 3 8 15 5 5 5 7 7 6 4 5 5 16 15 15 5 15
split_gain=85.6406 5.99148 5.78946 4.58994 6.57884 5.90992 4.4665 10.3295 7.98202 6.96733 4.36113 3.87167 10.498 7.58513 3.7331 11.5371 10.5248 6.56558 4.61733 12.3792 2.67086 5.8617 13.7001 4.62078
threshold=1.0000000180025095e-35 296.85000000000008 1.0384500000000003 7319.5300000000007 1364.5000000000002 1.0000000180025095e-35 0.032748500000000007 1420.5000000000002 1778.5500000000004 1.0283500000000003 234.50000000000003 231.50000000000003 228.50000000000003 6816.8400000000011 6189.1500000000005 8.5500000000000025 37.850000000000001 144.50000000000003 207.50000000000003 0.03139150000000001 1.0284500000000001 1.0303500000000001 227.50000000000003 1.0320500000000001
decision_type=2 2 2 2 2 2 2 2 2 2 2 2 2 2 2 2 2 2 2 2 2 2 2 2
left_child=1 -1 3 6 5 -5 7 -3 -9 -8 11 12 13 14 15 -10 17 -17 19 -16 -19 22 -22 -23
right_child=-2 2 -4 4 -6 -7 9 8 10 -11 -12 -13 -14 -15 18 16 -18 20 -20 -21 21 23 -24 -25
leaf_value=-0.037511473528297541 0.031900080058148671 -0.036811310970968437 -0.038310653024015692 -0.045037185233328378 -0.03210553811347408 0.023422181367114103 -0.048017904167710804 -0.030906341226382628 -0.044722569625371029 0.020370546709166059 -0.042045100812712226 0.027252505852870614 -0.06788054023965083 -0.034317790991979819 -0.03270136027676792 -0.030215989546901453 -0.03930778642717158 0.030302812216835128 0.025218616377806521 0.031414776158550713 -0.048617917616103672 0.024327466003476572 0.029163792700913682 0.0086060740052200779
leaf_weight=2.5265170382335773 354.663729429245 4.4801469368394455 2.3100947379134587 1.394111362984402 5.6818533698096871 6.1038878825493157 1.3796396465040732 4.3079089757520697 3.5566103653982273 47.547591884853318 1.409166682511567 12.112960383296011 1.5572650283575047 3.3267000769264987 4.9439372543711197 3.1394011583179227 3.6903124770615241 8.141083730151875 29.937001055106521 5.9984977508429438 4.3041199860163015 28.567691374570131 3.8709692656993866 40.936824436997995
leaf_count=258 222 310 265 206 728 155 23 1286 182 705 9 8 7 402 929 1019 270 15 47 15 155 224 2 558
internal_value=0.022639 0.00843385 0.00894142 0.00942359 -0.00775725 0.0106935 0.0104857 0.008116 0.00937558 0.0184421 0.0104916 0.0109721 0.00958301 0.0104421 0.0115283 0.00830125 0.0103367 0.0123961 0.019123 0.00244626 0.0139549 0.0122416 -0.0117877 0.0150679
internal_weight=585.888 231.224 228.698 226.388 13.1799 7.498 213.208 164.281 159.8 48.9272 155.493 154.083 141.97 140.413 137.086 96.207 92.6504 88.9601 40.8794 10.9424 85.8207 77.6796 8.17509 69.5045
internal_count=8000 7778 7520 7255 1089 361 6166 5438 5128 728 3842 3833 3825 3818 3416 2425 2243 1973 991 944 954 939 157 782
is_linear=0
shrinkage=0.03


Tree=92
num_leaves=25
num_cat=0
split_feature=14 1 15 7 3 0 5 16 3 8 15 5 5 7 16 6 5 5 5 4 7 15 15 15
split_gain=84.5154 5.75621 5.56572 4.37779 6.36861 5.69583 4.22287 3.85944 10.074 7.85653 6.66532 3.75047 9.91694 7.2883 3.62465 14.2435 8.32282 4.26604 10.9951 8.8156 6.01223 5.42882 3.88584 11.1051
threshold=1.0000000180025095e-35 296.85000000000008 1.0384500000000003 7319.5300000000007 1364.5000000000002 1.0000000180025095e-35 234.50000000000003 0.032748500000000007 1420.5000000000002 1778.5500000000004 1.0283500000000003 231.50000000000003 228.50000000000003 6816.8400000000011 0.028273500000000003 8.5500000000000025 144.50000000000003 213.50000000000003 209.50000000000003 37.850000000000001 4667.3450000000003 1.0303500000000001 1.0319500000000004 1.0366500000000001
decision_type=2 2 2 2 2 2 2 2 2 2 2 2 2 2 2 2 2 2 2 2 2 2 2 2
left_child=1 -1 3 6 5 -5 7 8 -3 -10 -9 12 13 14 15 -11 -17 18 19 20 -18 -22 -23 -24
right_child=-2 2 -4 4 -6 -7 -8 10 9 11 -12 -13 -14 -15 -16 16 17 -19 -20 -21 21 22 23 -25
leaf_value=-0.037280463761258376 0.03184042467542525 -0.036687954046031347 -0.038122255135228288 -0.045217362497903243 -0.032061759495091949 0.023004150832796767 -0.041377354559708333 -0.047691042172906595 -0.030884674874731347 -0.044027714094348976 0.019969468646797897 0.026978697754110863 -0.065896056938533384 -0.034220834690369663 0.023001346992240764 -0.030173139402194581 -0.042442158506187551 0.018399277885362719 -0.039347790116576915 -0.037157216103358738 -0.038846115787091559 0.028000325898483041 -0.039940437892441963 0.020914402942926104
leaf_weight=2.4668103394797063 344.81693816184998 4.3353848925326011 2.2527331149904049 1.3475994711043293 5.52134491619654 6.0295036141760647 1.4130269400775421 1.3479038143996138 4.1834797060582778 4.3435351653024545 47.055047595407814 11.872470863163469 1.5560500025749195 3.2373902578838161 20.339411052176729 4.1795099661685517 1.5935333397937927 58.725989354774356 4.3150227274745694 3.1883385307155541 1.5046659308718506 20.554147706134245 3.3913127309642759 13.217059127287937
leaf_count=258 222 309 265 206 728 155 10 23 1286 221 705 8 7 402 418 1495 129 77 47 272 124 175 287 171
internal_value=0.0224705 0.00829797 0.00879655 0.00926999 -0.00769514 0.0105419 0.0103103 0.0106598 0.00842099 0.00967299 0.0180853 0.0107891 0.00941761 0.0102632 0.0113272 0.00926269 0.0113542 0.0129841 0.00632608 0.0108621 0.0146648 0.0170183 0.0192802 0.00848827
internal_weight=572.788 227.971 225.504 223.252 12.8984 7.3771 210.353 208.94 160.537 156.202 48.403 152.018 140.146 138.59 135.353 115.013 110.67 106.49 47.7641 43.4491 40.2607 38.6672 37.1625 16.6084
internal_count=8000 7778 7520 7255 1089 361 6166 6156 5428 5119 728 3833 3825 3818 3416 2998 2777 1282 1205 1158 886 757 633 458
is_linear=0
shrinkage=0.03


Tree=93
num_leaves=25
num_cat=0
split_feature=14 1 15 5 5 1 2 15 7 5 6 6 15 7 4 6 7 1 16 16 5 5 7 1
split_gain=83.3771 5.53122 5.35131 4.1929 4.57159 7.6041 4.76805 4.33927 3.46277 2.92231 5.19168 3.53557 4.78611 3.45188 3.63374 18.1084 3.37275 11.0279 3.15983 6.7383 2.76916 2.70519 6.17165 9.09208
threshold=1.0000000180025095e-35 296.85000000000008 1.0384500000000003 234.50000000000003 204.50000000000003 298.45000000000005 311.85000000000008 1.0371500000000002 5066.6950000000006 232.50000000000003 8.5500000000000025 8.6500000000000004 1.0304500000000003 4925.3900000000003 34.95000000000001 11.350000000000003 6366.4950000000008 302.55000000000007 0.023213500000000001 0.025287000000000004 203.50000000000003 210.50000000000003 6260.9550000000008 303.85000000000008
decision_type=2 2 2 2 2 2 2 2 2 2 2 2 2 2 2 2 2 2 2 2 2 2 2 2
left_child=1 -1 3 4 5 -3 7 8 -7 10 -6 -12 16 -14 15 -15 17 -13 -16 -20 -10 -21 -23 -24
right_child=-2 2 -4 -5 9 6 -8 -9 20 -11 11 12 13 14 18 -17 -18 -19 19 21 -22 22 23 -25
leaf_value=-0.037056536680527281 0.031782748103233963 -0.032114079713145789 -0.037936432431269811 -0.040518884483738346 -0.010069360396962625 -0.030616881128232257 -0.031019647343620289 -0.03097594317284056 0.011348696287717038 0.029497815557678195 0.027777649455142009 -0.05198700184267431 0.02438580860383513 -0.045557337654279009 0.026581478044119502 0.027041135314906855 0.014338294883753509 0.01519096397574485 -0.015578988303553974 0.021298045184480113 -0.037872568601903689 0.019289826664457867 -0.037243450608385582 0.033109945554993685
leaf_weight=2.4081523376516989 335.22415280342102 5.0668431181693441 2.1967017608694723 1.520883647724985 9.3792084231972677 1.9015643741004158 2.9958932079607612 2.5111530498834318 59.486982512869872 8.603476867079733 13.16753141954541 4.1440515592694265 21.239235313609242 5.3996633775532228 13.40658821724355 7.2360138669610023 5.0837364662438622 4.6864438429474831 7.7460295697674146 25.052411230280995 1.0467925602570165 12.8271974734962 5.1845381995663038 2.4272317886352539
leaf_count=258 222 1610 265 11 31 510 758 587 3404 5 10 32 23 43 16 6 13 10 28 56 18 19 64 1
internal_value=0.0223046 0.00816549 0.00865535 0.00912033 0.0094657 0.00333932 0.00598328 0.00769017 0.00924532 0.0125381 0.0114728 0.0130563 0.0113623 0.013645 0.0107675 -0.00398271 -0.00512807 -0.0163349 0.0135641 0.010286 0.0104975 0.0146902 0.00659083 -0.0148092
internal_weight=559.942 224.718 222.31 220.113 218.593 73.0092 67.9424 64.9465 62.4353 145.583 136.98 127.601 114.433 100.519 79.2797 12.6357 13.9142 8.8305 66.644 53.2374 60.5338 45.4914 20.439 7.61177
internal_count=8000 7778 7520 7255 7244 6887 5277 4519 3932 357 352 321 311 256 233 49 55 42 184 168 3422 140 84 65
is_linear=0
shrinkage=0.03


Tree=94
num_leaves=25
num_cat=0
split_feature=14 1 15 7 3 0 16 5 7 2 15 7 1 3 4 6 4 4 4 5 15 15 0 15
split_gain=82.5441 5.31021 5.14 4.15623 6.10153 5.46881 3.94328 14.3241 12.0235 4.36697 8.28955 5.17162 6.41757 4.3332 5.02806 15.5006 6.43082 3.75209 6.86314 3.23935 2.65166 8.19102 14.7099 3.27739
threshold=1.0000000180025095e-35 296.85000000000008 1.0384500000000003 7319.5300000000007 1364.5000000000002 1.0000000180025095e-35 0.030702000000000004 144.50000000000003 6403.5300000000007 309.45000000000005 1.0383500000000001 6660.3400000000011 302.05000000000007 1428.5000000000002 40.45000000000001 8.5500000000000025 39.050000000000004 38.850000000000001 37.95000000000001 206.50000000000003 1.0284500000000001 1.0303500000000001 1.5000000000000002 1.0320500000000001
decision_type=2 2 2 2 2 2 2 2 2 2 2 2 2 2 2 2 2 2 2 2 2 2 2 2
left_child=1 -1 3 6 5 -5 7 -3 13 10 -8 12 -11 -9 15 -15 17 18 20 -13 -17 22 -22 -23
right_child=-2 2 -4 4 -6 -7 9 8 -10 11 -12 19 -14 14 -16 16 -18 -19 -20 -21 21 23 -24 -25
leaf_value=-0.036839494398231122 0.031726976697500187 -0.030241545366480369 -0.037753243662561269 -0.045491161450385675 -0.03203029004656955 0.02247229620798296 -0.03601613081698183 -0.037881681378611497 -0.035935847597381575 -0.042013746214230721 0.033285776215295632 0.015337933874356465 0.024521790036167085 -0.049400015935958427 0.029818187857951598 0.029618953502653925 -0.038521765681727799 0.03405388564842473 -0.042895256965757272 0.030212938643400775 -0.053938868017773901 0.022619036690114561 0.025526470423501313 0.0097889788909445493
leaf_weight=2.3505409627687177 325.88000106811523 8.6766822881763783 2.1419674720382309 1.2998259871965254 5.3622450832044706 5.9127654740586877 3.7870672476710743 1.584292932297102 5.0212236980441949 2.7199413895141324 2.6337064077379182 33.922362991492264 2.5074420677265152 3.8194435569457701 12.836918566958046 7.7507554623298338 2.2102076311130068 7.2199823431437826 2.0336321454960844 21.544237367808819 4.4869068647967634 27.72034301108215 3.9352684828918427 50.678576530655846
leaf_count=258 222 3267 265 206 728 155 458 45 313 121 4 591 38 90 59 15 86 16 63 21 144 231 18 586
internal_value=0.022114 0.00801265 0.00849229 0.00894738 -0.00779425 0.0102242 0.00997387 0.0070726 0.00957661 0.0159383 -0.00758951 0.0184273 -0.0100984 0.0114155 0.012052 0.00997602 0.0121148 0.0131927 0.0116336 0.0211157 0.0128062 0.0113052 -0.0168086 0.0143254
internal_weight=548.036 222.156 219.806 217.664 12.5748 7.21259 205.089 137.974 129.298 67.1148 6.42077 60.694 5.22738 124.276 122.692 109.855 106.036 103.825 96.6055 55.4666 94.5719 86.8211 8.42218 78.3989
internal_count=8000 7778 7520 7255 1089 361 6166 4933 1666 1233 462 771 159 1353 1308 1249 1159 1073 1057 612 994 979 162 817
is_linear=0
shrinkage=0.03


Tree=95
num_leaves=25
num_cat=0
split_feature=14 1 15 5 5 2 3 8 8 7 7 15 6 5 6 6 15 0 7 15 7 16 7 3
split_gain=81.4446 5.10344 4.94216 3.98243 4.28149 7.23414 4.32668 6.52554 5.19542 5.66706 5.15982 5.06056 3.82589 2.90577 5.40414 3.25732 4.82618 3.72031 11.6664 3.0661 4.97245 9.79335 3.9269 11.6826
threshold=1.0000000180025095e-35 296.85000000000008 1.0384500000000003 234.50000000000003 202.50000000000003 309.15000000000003 1380.5000000000002 5188.7500000000009 3777.1500000000005 6805.5350000000008 7103.045000000001 1.0314500000000002 10.15 232.50000000000003 8.5500000000000025 8.6500000000000004 1.0303500000000001 1.5000000000000002 6390.2850000000008 1.0308500000000003 5181.545000000001 0.021282500000000003 6309.1500000000005 1397.5000000000002
decision_type=2 2 2 2 2 2 2 2 2 2 2 2 2 2 2 2 2 2 2 2 2 2 2 2
left_child=1 -1 3 4 5 -3 11 8 9 -8 -11 -7 -10 14 -6 -16 17 18 -17 -18 -21 -22 -23 -24
right_child=-2 2 -4 -5 13 6 7 -9 12 10 -12 -13 -14 -15 15 16 19 -19 -20 20 21 22 23 -25
leaf_value=-0.036629143034964395 0.03167304762864305 -0.030214347050967021 -0.037572739969099531 -0.040201051148400314 -0.010773670771471761 0.021762096318185438 -0.030733945731908137 -0.030741737034588237 0.021851165845388175 0.018837914436804493 -0.031884395815274698 -0.03023920401586425 -0.031390306486173407 0.029155824202572938 0.026864355246540437 -0.048308531761525955 0.026034199710902536 0.017239634361086081 0.018126969838196443 0.022526192939045037 -0.041151151794128607 0.014046131556179772 0.015979356529092558 -0.035854555262249024
leaf_weight=2.293973453459329 316.779137134552 5.5386079833842805 2.088498374563641 1.482405537739395 9.6841828394681198 18.133766705868769 5.8262457968667176 5.4396661216160274 14.068438599817453 7.4744290116941539 2.3796809901250526 1.8567259948467825 1.3295092470943917 8.2685146331787092 12.737744517624376 4.9263965180143696 14.244077214971183 4.3564320504665366 4.6004267642274499 24.935521818697453 3.6204653456807128 46.846163015812635 10.795617043972017 6.1386862033978096
leaf_count=258 222 2078 265 11 37 241 1807 1212 524 136 234 333 264 5 12 43 18 8 12 35 37 89 30 89
internal_value=0.0219469 0.0078824 0.00835344 0.00880023 0.00914094 0.00250544 0.00571243 -0.00042944 0.00487615 -0.00727889 0.00658892 0.0169322 0.0172541 0.0118647 0.0108641 0.0124373 0.0109118 -0.00572574 -0.0162274 0.013079 0.0110805 0.00684602 0.00957056 -0.00281044
internal_weight=535.845 219.066 216.772 214.684 213.201 62.0471 56.5085 36.518 31.0783 15.6804 9.85411 19.9905 15.3979 151.154 142.886 133.202 120.464 13.8833 9.52682 106.581 92.3365 67.4009 63.7805 16.9343
internal_count=8000 7778 7520 7255 7244 6829 4751 4177 2965 2177 370 574 788 415 410 373 361 63 55 298 280 245 208 119
is_linear=0
shrinkage=0.03


Tree=96
num_leaves=25
num_cat=0
split_feature=14 1 15 7 3 0 5 5 16 3 8 15 7 16 6 5 3 5 5 7 7 15 3 15
split_gain=80.3862 4.90468 4.75162 3.9083 5.737 5.24939 3.69696 3.51653 4.01499 8.74443 6.67962 6.20812 5.81153 4.23924 15.0558 7.06352 5.28299 3.03913 10.1395 8.05867 5.70281 4.64775 3.66594 3.22289
threshold=1.0000000180025095e-35 296.85000000000008 1.0384500000000003 7319.5300000000007 1364.5000000000002 1.0000000180025095e-35 234.50000000000003 233.50000000000003 0.032748500000000007 1420.5000000000002 1778.5500000000004 1.0283500000000003 6841.1400000000012 0.028273500000000003 8.5500000000000025 144.50000000000003 1456.5000000000002 213.50000000000003 209.50000000000003 6064.795000000001 4667.3450000000003 1.0303500000000001 1492.5000000000002 1.0319500000000004
decision_type=2 2 2 2 2 2 2 2 2 2 2 2 2 2 2 2 2 2 2 2 2 2 2 2
left_child=1 -1 3 6 5 -5 7 8 9 -3 -11 -10 13 14 -12 -16 -15 18 19 20 -17 -22 -23 -24
right_child=-2 2 -4 4 -6 -7 -8 -9 11 10 12 -13 -14 16 15 17 -18 -19 -20 -21 21 22 23 -25
leaf_value=-0.03642529165249795 0.03162088761167943 -0.036337086932405553 -0.03739496762378744 -0.045864225232997657 -0.032008832961569249 0.02187443443236705 -0.040294946516557885 0.033643723538025846 -0.046938113676163518 -0.030895540676007478 -0.046273213679096828 0.018942242578255268 -0.033762950190100942 0.025840708765482848 -0.030156339242592558 -0.042856848106549557 -0.033939597886133446 0.015825884907120748 -0.039180061617323007 -0.036762393654421716 -0.038565313020904275 -0.039947632596433968 0.028072292690224883 0.0095973646676283126
leaf_weight=2.2384465589420861 307.91634750366211 4.0939647236373267 2.0362637982470906 1.2539374985499288 5.1234807696891949 5.7557049854658544 1.3246413469314564 5.4998977184295645 1.3254948859103013 3.8407001706073052 4.4621546035632482 44.714043390238658 2.7755896445596582 20.912434990401383 3.8149285773979491 1.5354519512038667 1.4208715147105966 60.056212106719613 4.1461425712332121 3.0661341673694542 1.3456840018043283 0.94834626733790983 19.079124764306471 15.323334801942108
leaf_count=258 222 309 265 206 728 155 10 2 23 1286 223 705 373 265 1502 129 174 85 47 273 120 61 159 420
internal_value=0.0217775 0.00775131 0.00821371 0.00865216 -0.00787965 0.00975683 0.00965665 0.00999023 0.00931569 0.0068918 0.00813177 0.0170455 0.00921101 0.0100873 0.00774167 0.00994651 0.0220374 0.0113966 0.00554324 0.0100333 0.0137862 0.0161562 0.0182393 0.0198433
internal_weight=524.009 216.093 213.855 211.818 12.1331 7.00964 199.685 198.361 192.861 146.821 142.727 46.0395 138.886 136.111 113.778 109.315 22.3333 105.5 45.4442 41.2981 38.2319 36.6965 35.3508 34.4025
internal_count=8000 7778 7520 7255 1089 361 6166 6156 6154 5426 5117 728 3831 3458 3019 2796 439 1294 1209 1162 889 760 640 579
is_linear=0
shrinkage=0.03


Tree=97
num_leaves=25
num_cat=0
split_feature=14 1 15 7 3 0 5 5 16 3 8 15 7 16 6 4 5 3 4 4 15 15 0 7
split_gain=79.33 4.71427 4.56876 3.72736 5.55531 5.05854 3.54386 3.43846 3.79529 8.41193 6.43022 5.93668 5.58729 4.07573 13.8192 8.50286 5.94544 5.0808 3.00873 6.48603 2.55898 6.98114 13.6039 3.91276
threshold=1.0000000180025095e-35 296.85000000000008 1.0384500000000003 7319.5300000000007 1364.5000000000002 1.0000000180025095e-35 234.50000000000003 233.50000000000003 0.032748500000000007 1420.5000000000002 1778.5500000000004 1.0283500000000003 6841.1400000000012 0.027443500000000006 8.5500000000000025 39.050000000000004 144.50000000000003 1475.5000000000002 38.850000000000001 37.95000000000001 1.0284500000000001 1.0303500000000001 1.5000000000000002 5141.4150000000009
decision_type=2 2 2 2 2 2 2 2 2 2 2 2 2 2 2 2 2 2 2 2 2 2 2 2
left_child=1 -1 3 6 5 -5 7 8 9 -3 -11 -10 13 14 -12 16 -16 -15 19 20 -18 22 -22 -23
right_child=-2 2 -4 4 -6 -7 -8 -9 11 10 12 -13 -14 17 15 -17 18 -19 -20 -21 21 23 -24 -25
leaf_value=-0.036227750847380016 0.031570434533018908 -0.036181074298965998 -0.037219967135473299 -0.046027439939898294 -0.031967315725318447 0.021456997828482476 -0.039941844210897852 0.033523218409694161 -0.046603005914228612 -0.030873889062690736 -0.046568618555772288 0.018551700377174716 -0.033678245089774538 0.023456566690992928 -0.030169878276749142 -0.036907906809395916 0.028953021207832538 -0.0332634043878123 0.031106265862901716 -0.042501319009723745 -0.053894592068025826 0.021311967352854681 0.024796480762380856 0.007251157397103877
leaf_weight=2.1839563328539944 299.28636574745178 3.9898427007719866 1.9852341887308274 1.2126283039106036 4.978419256513007 5.6926179528236389 1.2966841813176859 5.3562471866607657 1.2954312383662898 3.729764836956746 4.1239639942068598 44.2921648460906 2.7002311828546217 25.584002401097681 3.055215311353094 3.4443897221935904 7.3939466458978123 1.5049645557301108 7.1197198164882129 2.0053739523282266 4.1303009077673769 31.810269791283645 3.7929276113864034 40.475026946864091
leaf_count=258 222 309 265 206 728 155 10 2 23 1286 213 705 373 426 1195 364 15 184 18 69 143 257 18 556
internal_value=0.021609 0.00762229 0.00807623 0.00850652 -0.00781025 0.00960608 0.0094903 0.00981765 0.00915095 0.00677517 0.00799182 0.0167002 0.00904883 0.00990701 0.00728308 0.00943447 0.0110342 0.0203054 0.0123356 0.0108442 0.0120654 0.0105086 -0.0162244 0.0134388
internal_weight=512.44 213.153 210.969 208.984 11.8837 6.90525 197.1 195.804 190.448 144.86 140.87 45.5876 137.14 134.44 107.351 103.227 99.7828 27.089 96.7276 89.6078 87.6025 80.2085 7.92323 72.2853
internal_count=8000 7778 7520 7255 1089 361 6166 6156 6154 5426 5117 728 3831 3458 2848 2635 2271 610 1076 1058 989 974 161 813
is_linear=0
shrinkage=0.03


Tree=98
num_leaves=25
num_cat=0
split_feature=14 1 15 7 3 0 5 5 16 3 8 15 7 16 6 4 5 3 4 4 7 1 1 15
split_gain=78.3452 4.53069 4.39215 3.55219 5.37951 4.87384 3.39678 3.36412 3.59015 8.09033 6.18823 5.67622 5.36996 3.89024 13.2421 8.15579 5.70446 4.85632 2.93231 6.19847 2.6793 2.54423 7.90295 16.5706
threshold=1.0000000180025095e-35 296.85000000000008 1.0384500000000003 7319.5300000000007 1364.5000000000002 1.0000000180025095e-35 234.50000000000003 233.50000000000003 0.032748500000000007 1420.5000000000002 1778.5500000000004 1.0283500000000003 6841.1400000000012 0.027443500000000006 8.5500000000000025 39.050000000000004 144.50000000000003 1475.5000000000002 38.850000000000001 37.95000000000001 6189.1500000000005 302.55000000000007 301.05000000000007 1.0284500000000001
decision_type=2 2 2 2 2 2 2 2 2 2 2 2 2 2 2 2 2 2 2 2 2 2 2 2
left_child=1 -1 3 6 5 -5 7 8 9 -3 -11 -10 13 14 -12 16 -16 20 19 21 -15 22 -18 -24
right_child=-2 2 -4 4 -6 -7 -8 -9 11 10 12 -13 -14 17 15 -17 18 -19 -20 -21 -22 -23 23 -25
leaf_value=-0.036036335739182787 0.031521628175090993 -0.036028499638894325 -0.03704777228133397 -0.046179041835126583 -0.031926436193746639 0.021039839550599165 -0.039602727979234295 0.033407109508084377 -0.046263278443376563 -0.030852635964314749 -0.046128609795894115 0.018164003940153967 -0.033594926372345985 -0.0344997474398233 -0.030164948855826258 -0.036712498862228701 0.013420246017692304 -0.033169062323524831 0.030815248687393128 -0.042061147034946296 0.024676222169925707 0.026184068479443715 0.025683808816676118 -0.056726518050389509
leaf_weight=2.1304982261499381 290.88403129577637 3.8880746285431078 1.9353811115724955 1.1729850627016256 4.8373777605593204 5.6322487771976739 1.2689732648432244 5.2157387733459464 1.2662383990827937 3.6219894281821317 4.0396791654638937 43.886651877779514 2.6268283355748272 0.70845329854637995 2.9653972391970447 3.360115338000468 68.247975078644231 1.4645774565869931 6.9735672326060003 1.9661630991613481 24.584541779011488 9.822247985401189 4.259766446775755 4.5323640117421746
leaf_count=258 222 309 265 206 728 155 10 2 23 1286 213 705 373 54 1195 364 712 184 18 69 372 90 11 176
internal_value=0.0214348 0.00749007 0.00793531 0.00835723 -0.00773932 0.00945365 0.00931977 0.00964072 0.00898211 0.00665438 0.00784681 0.0163572 0.00888087 0.00972027 0.00714374 0.00925094 0.0108146 0.0199433 0.0120831 0.0106125 0.0230187 0.0118048 0.00997151 -0.0167989
internal_weight=501.292 210.408 208.277 206.342 11.6426 6.80523 194.699 193.43 188.215 143.062 139.174 45.1529 135.552 132.925 106.167 102.128 98.7675 26.7576 95.8021 88.8285 25.293 86.8624 77.0401 8.79213
internal_count=8000 7778 7520 7255 1089 361 6166 6156 6154 5426 5117 728 3831 3458 2848 2635 2271 610 1076 1058 426 989 899 187
is_linear=0
shrinkage=0.03


Tree=99
num_leaves=25
num_cat=0
split_feature=14 1 15 7 3 0 5 5 2 1 16 16 3 15 1 5 8 3 8 8 1 0 7 5
split_gain=77.3706 4.35466 4.22254 3.38505 5.20941 4.69507 3.2563 3.29153 3.40478 7.18833 11.4603 5.72621 7.70468 5.41557 8.69989 12.0232 8.14967 7.92418 5.22788 3.93462 3.06016 11.6456 6.43794 5.72163
threshold=1.0000000180025095e-35 296.85000000000008 1.0384500000000003 7319.5300000000007 1364.5000000000002 1.0000000180025095e-35 234.50000000000003 233.50000000000003 310.95000000000005 302.05000000000007 0.033727500000000007 0.032748500000000007 1428.5000000000002 1.0375500000000002 303.35000000000008 227.50000000000003 9147.6000000000004 1522.5000000000002 6251.7000000000007 1778.5500000000004 299.75000000000006 1.0000000180025095e-35 5066.6950000000006 226.50000000000003
decision_type=2 2 2 2 2 2 2 2 2 2 2 2 2 2 2 2 2 2 2 2 2 2 2 2
left_child=1 -1 3 6 5 -5 7 8 9 10 11 12 -3 14 15 16 -10 -16 -15 -14 23 22 -22 -21
right_child=-2 2 -4 4 -6 -7 -8 -9 13 -11 -12 -13 19 18 17 -17 -18 -19 -20 20 21 -23 -24 -25
leaf_value=-0.03585086317361677 0.03147441194906616 -0.035914401254333379 -0.036878417141182063 -0.046317723636151109 -0.031886185855956546 0.020623292457854169 -0.039276906471227564 0.033295206478160082 -0.042443892853188787 0.025843116697133173 -0.04081772596357882 0.024227206352754951 -0.030756005495336455 -0.036990810287694187 0.025556057207559324 0.018612382075249855 0.0064660943566792308 -0.03867903843839976 0.027288831934006948 0.014581905851333432 -0.048505921193223597 -0.044525930465507221 0.014139990663468709 -0.05920135900135557
leaf_weight=2.0780670160893342 282.70418357849121 3.6796978987986213 1.886677041184156 1.1349617114756236 4.7002482867101207 5.5745152570307255 1.2415302265435446 5.0783448219299308 11.614136203890668 24.707443694816902 4.1701137754134825 20.329386270139366 2.2483158719260237 1.2856087799882505 11.03697417094372 6.6299109011888495 4.1658968038391313 2.0493714838521546 9.9672200126806256 56.569974285317585 1.5893384071532697 4.2423532253596923 20.776692618848756 0.96198906004428764
leaf_count=258 222 282 265 206 728 155 10 2 1084 213 366 147 852 180 189 7 29 225 55 1589 88 364 480 4
internal_value=0.0212604 0.00735923 0.00779588 0.00820955 -0.00766688 0.00929968 0.00915132 0.00946595 0.00881542 0.0111668 0.00800179 0.00984588 0.00659986 0.00181005 -0.003939 -0.0152885 -0.0295318 0.0154966 0.019945 0.00841074 0.00945732 0.0010446 0.00968835 0.0133482
internal_weight=490.423 207.719 205.641 203.754 11.4097 6.70948 192.344 191.103 186.024 139.275 114.568 110.398 90.0684 46.7491 35.4963 22.4099 15.78 13.0863 11.2528 86.3887 84.1403 26.6084 22.366 57.532
internal_count=8000 7778 7520 7255 1089 361 6166 6156 6154 4385 4172 3806 3659 1769 1534 1120 1113 414 235 3377 2525 932 568 1593
is_linear=0
shrinkage=0.03


Tree=100
num_leaves=25
num_cat=0
split_feature=14 1 15 5 1 2 15 7 15 15 8 3 3 8 3 8 2 6 2 2 7 8 3 8
split_gain=76.3247 4.18719 4.06099 3.25147 6.68192 3.98692 3.7388 2.88413 2.46 5.64354 4.31199 3.56829 5.26673 3.12658 7.77256 2.87114 6.06946 2.38224 3.53581 2.23937 2.57705 8.95 7.45309 4.29467
threshold=1.0000000180025095e-35 296.85000000000008 1.0384500000000003 204.50000000000003 298.45000000000005 311.85000000000008 1.0371500000000002 5066.6950000000006 1.03685 1.0336500000000004 7772.3000000000011 1380.5000000000002 1418.5000000000002 3777.1500000000005 1420.5000000000002 5188.7500000000009 308.45000000000005 8.6500000000000004 311.75000000000006 307.85000000000008 6146.6650000000009 7885.6500000000005 1456.5000000000002 7677.1000000000013
decision_type=2 2 2 2 2 2 2 2 2 2 2 2 2 2 2 2 2 2 2 2 2 2 2 2
left_child=1 -1 3 4 -3 6 7 -6 9 10 11 17 -13 14 -14 -15 -17 -9 -19 -5 21 23 -23 -21
right_child=-2 2 -4 19 5 -7 -8 8 -10 -11 -12 12 13 15 -16 16 -18 18 -20 20 -22 22 -24 -25
leaf_value=-0.03567115798495462 0.031428730777410971 -0.03232035286890321 -0.03671192334668049 0.025441611583105914 -0.030645097593367768 -0.030838080529746736 -0.030875093735269768 0.029992915616490087 0.027529004040165894 -0.032661290983660302 -0.03178096514154681 -0.031830722344559664 0.032255822117651864 0.024848411839785645 -0.031997181514604976 0.030393198260511164 -0.031853357830243789 -0.03040339800455704 0.025641472575046717 0.0055632338399403524 0.014409799714824444 0.0033591685774053419 -0.050487548039729789 0.024538326531321174
leaf_weight=2.0266568656079462 274.74176788330078 4.5801832011202341 1.8390955544309679 8.7354529500007612 1.6580322362715367 2.6405162087175986 2.2751620725030071 11.906485438346865 6.0710849836468688 2.9891774092102414 2.1339130875421679 3.0472131542628658 2.7830169836524901 12.188536019530149 4.3317804395919666 2.7918796073645344 2.8479372065048665 1.6571206180378784 2.6068998705595732 44.825508516281843 57.546006978489459 5.0008837729692441 4.3049678206443787 14.115509733557699
leaf_count=258 222 1610 265 8 510 758 587 7 127 582 284 263 10 355 1006 14 536 231 7 133 176 15 25 11
internal_value=0.0210938 0.00723644 0.00766507 0.00807103 0.00264491 0.0052309 0.0068373 0.00834225 0.00951003 0.00729034 0.00986995 0.0118826 0.00540087 0.00994932 -0.00686404 0.0166591 -0.00103943 0.0231021 0.00386083 0.0107536 0.00973365 0.0057907 -0.0215508 0.0101075
internal_weight=479.645 204.903 202.876 201.037 66.5089 61.9288 59.2882 57.0131 55.355 49.284 46.2948 44.1609 27.9904 24.9432 7.1148 17.8284 5.63982 16.1705 4.26402 134.528 125.793 68.2469 9.30585 58.941
internal_count=8000 7778 7520 7255 6887 5277 4519 3932 3422 3295 2713 2429 2184 1921 1016 905 550 245 238 368 360 184 40 144
is_linear=0
shrinkage=0.03


Tree=101
num_leaves=25
num_cat=0
split_feature=14 5 15 5 8 1 5 1 2 15 3 3 16 1 4 16 1 7 4 1 4 5 15 15
split_gain=75.382 4.05352 3.90116 3.56542 3.94529 3.12556 3.01728 6.49586 3.87205 3.64751 2.82707 2.3818 4.82121 9.97018 3.49675 9.25069 4.32957 10.4305 8.75084 2.61499 5.11407 2.3457 2.12042 4.73838
threshold=1.0000000180025095e-35 234.50000000000003 1.0384500000000003 233.50000000000003 10624.100000000002 296.85000000000008 204.50000000000003 298.45000000000005 311.85000000000008 1.0371500000000002 1686.5000000000002 1456.5000000000002 0.025572000000000001 297.45000000000005 37.750000000000007 0.023213500000000001 300.05000000000007 5369.4550000000008 19.950000000000003 299.15000000000003 35.250000000000007 203.50000000000003 1.03685 1.0336500000000004
decision_type=2 2 2 2 2 2 2 2 2 2 2 2 2 2 2 2 2 2 2 2 2 2 2 2
left_child=1 2 3 4 5 -1 7 -7 9 10 21 -8 14 -14 15 16 19 18 -18 20 -13 22 23 -9
right_child=-2 -3 -4 -5 -6 6 11 8 -10 -11 -12 12 13 -15 -16 -17 17 -19 -20 -21 -22 -23 -24 -25
leaf_value=-0.034355822126516937 0.031384523385192049 -0.038918012643761414 -0.036543990047736369 0.033157385793190379 -0.03531879788273181 -0.03228761129888013 0.016972926456868119 0.010643363203208005 -0.030820249197511321 -0.030851835179729767 -0.030415845937455284 -0.0027786842558730654 0.025204866075113685 -0.037264655202149943 0.023754790569624554 -0.022397815446432871 0.016368242705334657 0.016606975839563574 -0.049058580577137877 0.029623640542765298 0.028113337875104394 -0.037891018017731252 0.027327004537873265 -0.030738858830146525
leaf_weight=1.5782774400431652 266.99180889129639 1.7076273355633009 1.7938023530878116 4.9047522544860831 1.9391560878138978 4.4305439487798131 38.392194341868162 44.363550035050139 2.551008421345613 2.20956030441448 1.6345582042122249 10.036499239504343 3.8505476042628271 5.7078226916491985 14.521253205835817 8.1515512848272902 2.8609836399555224 15.158093232661484 5.15478381421417 12.622597360983489 9.2847192548215371 0.91882821591570873 5.9516397756524375 2.6383587357122442
leaf_count=253 222 13 266 2 58 1600 78 2616 754 587 606 37 5 67 18 29 4 28 41 12 9 16 118 561
internal_value=0.0209176 0.00710773 0.00749942 0.0078967 0.00725792 0.00768789 0.00803633 0.00277199 0.00534939 0.00694805 0.00845274 0.010745 0.00800768 -0.0120991 0.0104783 0.00743109 0.0118426 0.00197088 -0.0257065 0.0190041 0.0120663 0.00963207 0.0104567 0.00832045
internal_weight=469.355 202.363 200.655 198.861 193.957 192.017 190.439 64.698 60.2675 57.7165 55.5069 125.741 87.3489 9.55837 77.7905 63.2692 55.1177 23.1739 8.01577 31.9438 19.3212 53.8724 52.9535 47.0019
internal_count=8000 7778 7765 7499 7497 7439 7186 6858 5258 4504 3917 328 250 72 178 160 131 73 45 58 46 3311 3295 3177
is_linear=0
shrinkage=0.03


Tree=102
num_leaves=25
num_cat=0
split_feature=14 5 15 5 8 1 5 2 6 3 1 8 16 4 15 16 3 3 6 5 15 16 15 1
split_gain=74.5121 3.88876 3.75008 3.48186 3.79308 3.00387 2.90047 6.22793 3.81811 4.64172 5.82756 3.62634 2.7799 4.05791 7.90825 4.43392 4.11132 3.44307 5.15524 5.43598 7.42372 19.4173 2.59575 3.10856
threshold=1.0000000180025095e-35 234.50000000000003 1.0384500000000003 233.50000000000003 10624.100000000002 296.85000000000008 202.50000000000003 309.15000000000003 8.6500000000000004 1382.5000000000002 303.55000000000007 6467.4000000000005 0.032748500000000007 41.350000000000001 1.03095 0.027443500000000006 1507.5000000000002 1524.5000000000002 8.8500000000000032 224.50000000000003 1.0362500000000001 0.024302000000000004 1.0371500000000002 300.65000000000003
decision_type=2 2 2 2 2 2 2 2 2 2 2 2 2 2 2 2 2 2 2 2 2 2 2 2
left_child=1 2 3 4 5 -1 7 -7 9 -9 -11 22 13 15 -15 16 -8 -18 -19 20 21 -20 23 -10
right_child=-2 -3 -4 -5 -6 6 12 8 11 10 -12 -13 -14 14 -16 -17 17 18 19 -21 -22 -23 -24 -25
leaf_value=-0.034225489861403474 0.031341747242644526 -0.038609980694221537 -0.036383451245590025 0.033054452337588094 -0.035182700109107304 -0.030224943643622496 -0.0077701661127285437 0.027002944477517474 0.014093851998844885 -0.032729482688628318 0.029463830673615365 -0.030510227059575273 0.02031543850603882 0.014647560297529715 -0.035533413349488729 0.027636254811561338 0.025592937529120688 -0.014291444901652484 -0.043424649009270955 0.025158841572650848 0.015120469033560751 0.025993515409673363 -0.030756033353442458 -0.0061030091760694892
leaf_weight=1.5373767132405181 259.44930481910706 1.6701797265559424 1.7483527460135508 4.7743930816650382 1.8890151309315104 4.8872478228295213 12.695925265550612 12.027321558445694 15.095782649586914 3.1763435857137656 2.3659370634704828 3.3205940452171481 20.940548900980502 6.1056133378297073 5.2627685340121388 11.761361042037604 11.76505635678768 8.1912483340129238 7.9915584591217321 17.33055667579174 24.320844585075974 6.6393060795962811 1.9662012046901498 12.569285379722713
leaf_count=253 222 13 266 2 58 2067 40 13 1073 454 27 781 39 20 68 17 12 37 80 12 50 10 597 1789
internal_value=0.020734 0.0069753 0.00735912 0.00774809 0.00711828 0.00753896 0.00787974 0.00211282 0.00524104 0.0165355 -0.00617986 -0.000781059 0.0102822 0.00840736 -0.00858273 0.0103255 0.0080362 0.0106684 0.00794501 0.0111813 0.00496232 -0.0119235 0.00255051 0.00491766
internal_weight=459.482 200.033 198.363 196.614 191.84 189.951 188.414 55.4087 50.5215 17.5696 5.54228 32.9519 133.005 112.064 11.3684 100.696 88.9345 76.2386 64.4735 56.2823 38.9517 14.6309 29.6313 27.6651
internal_count=8000 7778 7765 7499 7497 7439 7186 6801 4734 494 481 4240 385 346 88 258 241 201 189 152 140 90 3459 2862
is_linear=0
shrinkage=0.03


Tree=103
num_leaves=25
num_cat=0
split_feature=14 5 15 5 8 1 15 8 8 7 2 1 4 8 8 16 5 6 6 6 3 15 16 6
split_gain=73.5046 3.7334 3.60724 3.39688 3.64931 2.88914 2.7777 2.77317 15.4457 5.99196 5.95248 3.65338 7.02069 9.27457 8.1902 3.05002 3.04376 2.72129 9.5909 4.7295 4.36185 3.58427 2.64339 9.67327
threshold=1.0000000180025095e-35 234.50000000000003 1.0384500000000003 233.50000000000003 10624.100000000002 296.85000000000008 1.0383500000000001 6251.7000000000007 5279.7000000000007 7319.5300000000007 309.15000000000003 299.75000000000006 47.650000000000013 4198.5000000000009 4536.4000000000005 0.031493500000000008 228.50000000000003 8.5500000000000025 7.8500000000000005 8.6500000000000004 1362.5000000000002 1.0293500000000002 0.020393000000000005 11.350000000000003
decision_type=2 2 2 2 2 2 2 2 2 2 2 2 2 2 2 2 2 2 2 2 2 2 2 2
left_child=1 2 3 4 5 -1 7 8 9 10 -7 15 13 -13 -15 -12 17 18 -9 -19 -21 -22 23 -23
right_child=-2 -3 -4 -5 -6 6 -8 16 -10 -11 11 12 -14 14 -16 -17 -18 19 -20 20 21 22 -24 -25
leaf_value=-0.034099047310629724 0.031300346471015407 -0.038314242198101527 -0.036225818125422332 0.032955176874012657 -0.035049598208158478 -0.030531983332545302 0.029879678652812592 0.019182000750389585 -0.040702325148895414 -0.037513617164107442 0.026374928713492937 -0.034105539578756637 0.02297520404572358 0.024916485614924083 -0.039531654424259446 -0.032046474822824043 -0.015821379642962739 0.026144810222931303 -0.048015718959759118 -0.035477161097932489 -0.039999587958207079 -0.042848782350496023 0.012216112092026535 0.032007657338365338
leaf_weight=1.4973890434484918 252.1094126701355 1.6331395544111718 1.7039527263259504 4.6470348834991446 1.840042860014363 3.1147125380812204 4.9639888716628766 5.0736518430057895 6.8084222812904036 2.5512284717988214 16.049093245528642 6.686496702837764 12.630313243251292 8.2644086001673696 2.2599585369462138 0.84670063818339159 4.0594494417309752 17.488627572194673 3.0671967002563179 1.9316653972491611 1.2680185115896154 3.3397059382405123 82.789501362713054 2.9051874279975891
leaf_count=253 222 13 266 2 58 1270 56 20 734 507 492 1811 118 152 284 81 11 26 65 223 80 48 1206 2
internal_value=0.0205654 0.00685661 0.0072334 0.00761495 0.00699333 0.00740571 0.00773966 0.00713292 0.00180632 0.00732924 0.00962413 0.0123003 0.00598896 -0.00647652 0.0110772 0.0234473 0.00971975 0.0105994 -0.00613583 0.0118411 0.00912896 0.0100831 0.0107964 -0.00802481
internal_weight=449.529 197.42 195.787 194.083 189.436 187.596 186.098 181.134 59.2113 52.4029 49.8517 46.737 29.8412 17.2109 10.5244 16.8958 121.923 117.864 8.14085 109.723 92.2341 90.3024 89.0344 6.24489
internal_count=8000 7778 7765 7499 7497 7439 7186 7130 5449 4715 4208 2938 2365 2247 436 573 1681 1670 85 1585 1559 1336 1256 50
is_linear=0
shrinkage=0.03


Tree=104
num_leaves=25
num_cat=0
split_feature=14 5 15 5 8 1 6 2 2 2 1 1 5 5 2 3 0 3 8 5 8 8 2 5
split_gain=72.5114 3.58472 3.46991 3.31437 3.51109 2.77892 2.79429 2.87907 6.32456 10.9165 5.94939 7.81799 9.61128 9.0227 5.15099 9.89551 8.62582 8.31061 6.59655 4.77725 4.13782 3.91056 3.96308 3.66286
threshold=1.0000000180025095e-35 234.50000000000003 1.0384500000000003 233.50000000000003 10624.100000000002 296.85000000000008 7.7500000000000009 310.95000000000005 310.85000000000008 310.75000000000006 302.05000000000007 301.05000000000007 232.50000000000003 227.50000000000003 311.75000000000006 1627.5000000000002 1.0000000180025095e-35 1554.5000000000002 9147.6000000000004 224.50000000000003 1778.5500000000004 9826.3000000000011 307.55000000000007 216.50000000000003
decision_type=2 2 2 2 2 2 2 2 2 2 2 2 2 2 2 2 2 2 2 2 2 2 2 2
left_child=1 2 3 4 5 -1 -7 8 9 10 11 13 -13 19 15 18 -17 23 -9 20 -8 22 -22 -16
right_child=-2 -3 -4 -5 -6 6 7 14 -10 -11 -12 12 -14 -15 17 16 -18 -19 -20 -21 21 -23 -24 -25
leaf_value=-0.033976385697030854 0.031260273901567596 -0.03803018535835629 -0.036071097872456319 0.032859413892568953 -0.034919443556902255 -0.04658861764915781 -0.030676973638349973 -0.041932494308949977 0.026411134303407132 -0.05552061268999979 0.028266241834097892 -0.042117452601555472 0.03262670416162914 -0.064749254179133214 0.019651577021488589 -0.048589237857288713 0.024057635622676082 -0.038698873327177551 0.0057066195402958025 0.028845553082204104 -0.064204032566826746 -0.037358756189250546 0.010343283184326662 -0.038887102884060512
leaf_weight=1.4583014042582352 244.96734237670898 1.5965313687920559 1.6605791550828133 4.5226385593414298 1.7922166809439648 0.85245614999439467 2.4706928036175659 8.4406244150595757 18.462230519275181 2.421427051187492 12.63070629944559 5.8073241712991139 2.1112523078918457 1.4752196371555317 21.273160834447488 1.7568050848785777 9.0415431336732563 2.7029733379604286 3.7908484915969884 10.734768778085707 0.64724111859686573 1.6213757450459514 76.576903214212507 1.0075673237442959
leaf_count=253 222 13 266 2 58 34 941 837 191 210 131 504 1 7 550 185 108 340 45 7 42 54 2990 9
internal_value=0.0203963 0.00673845 0.00710828 0.00748252 0.00686902 0.00727323 0.00760047 0.00785293 0.0100975 0.00751216 0.00885012 0.00643266 -0.0221892 0.00885598 0.00154374 -0.00869078 0.0122386 0.0109779 -0.0271679 0.0100356 0.00755243 0.00875038 0.00971848 0.0170044
internal_weight=439.823 194.855 193.259 191.598 187.076 185.283 183.825 182.973 134.959 116.497 114.075 101.445 7.91858 93.5262 48.0135 23.0298 10.7983 24.9837 12.2315 92.051 81.3162 78.8455 77.2241 22.2807
internal_count=8000 7778 7765 7499 7497 7439 7186 7152 5078 4887 4677 4546 505 4041 2074 1175 293 899 882 4034 4027 3086 3032 559
is_linear=0
shrinkage=0.03


Tree=105
num_leaves=25
num_cat=0
split_feature=14 1 15 7 3 0 16 7 5 2 15 7 7 3 4 6 4 4 4 5 15 15 5 15
split_gain=71.5803 3.4436 3.33974 2.76229 4.65157 4.37703 2.9697 10.7292 9.27793 3.73105 7.01323 4.38375 5.29402 3.53112 4.40979 11.3667 5.11537 3.38654 5.49891 3.19502 2.34985 7.60309 3.37964 7.65938
threshold=1.0000000180025095e-35 296.85000000000008 1.0384500000000003 7319.5300000000007 1364.5000000000002 1.0000000180025095e-35 0.030702000000000004 6403.5300000000007 144.50000000000003 309.45000000000005 1.0383500000000001 6660.3400000000011 6260.9550000000008 1428.5000000000002 40.45000000000001 8.5500000000000025 39.050000000000004 38.850000000000001 37.95000000000001 206.50000000000003 1.0284500000000001 1.0293500000000002 224.50000000000003 1.0303500000000001
decision_type=2 2 2 2 2 2 2 2 2 2 2 2 2 2 2 2 2 2 2 2 2 2 2 2
left_child=1 -1 3 6 5 -5 7 8 -3 10 -8 12 -11 -10 15 -15 17 18 20 -13 -17 -22 23 -23
right_child=-2 2 -4 4 -6 -7 9 -9 13 11 -12 19 -14 14 -16 16 -18 -19 -20 -21 21 22 -24 -25
leaf_value=-0.034833662428067104 0.031221489934549974 -0.030216892078566777 -0.035923046792275815 -0.047184940261689609 -0.031719726942176049 0.020439038512830306 -0.035849670116804525 -0.034264446612336567 -0.037114734358264914 0.024309344826940492 0.032604851957803292 0.012989328355231816 -0.040886248378566678 -0.045813533008746556 0.027969745412481661 0.027712604093425883 -0.037567645904159064 0.032779394722213834 -0.041141374713818533 0.029067050895410517 -0.065792265203713798 -0.040943488483176804 0.020983847582047251 0.0091822643837278454
leaf_weight=1.7870415771612886 238.01833033561707 5.5617085539270184 1.6171788939973328 1.0358939514262582 4.2651880179764703 5.1148484677542001 3.4643963758135206 5.7896929120179257 1.4434219473041583 2.0257990114623672 2.2038137678755447 29.206650872132741 2.509679148090072 3.400372151285409 11.172213962418025 6.6946691358461967 1.9898588899523009 6.0318548399955025 1.8855828496161837 17.967637142166495 1.1983534810133267 2.8924510484794146 19.918546076864004 53.298391610151157
leaf_count=258 222 2618 265 206 728 155 458 962 45 17 4 591 142 90 59 15 86 16 63 21 61 98 21 799
internal_value=0.0202209 0.00661732 0.00700578 0.00737296 -0.00764469 0.00904996 0.00824852 0.00558808 0.00758599 0.0138718 -0.00923439 0.0164046 -0.0117662 0.00949864 0.0101189 0.00806939 0.0100204 0.0110506 0.00952461 0.019113 0.0106619 0.00918534 0.0103659 0.00660202
internal_weight=430.494 192.475 190.688 189.071 10.4159 6.15074 178.655 121.277 115.487 57.378 5.66821 51.7098 4.53548 109.926 108.482 97.3101 93.9097 91.9198 85.888 47.1743 84.0024 77.3077 76.1094 56.1908
internal_count=8000 7778 7520 7255 1089 361 6166 4933 3971 1233 462 771 159 1353 1308 1249 1159 1073 1057 612 994 979 918 897
is_linear=0
shrinkage=0.03


Tree=106
num_leaves=25
num_cat=0
split_feature=14 5 5 8 15 1 15 15 6 6 7 15 16 2 16 3 7 2 2 8 4 3 5 3
split_gain=70.5661 3.42753 3.27009 3.25979 3.17463 2.57081 2.61042 2.65194 2.54751 2.89441 8.22203 8.06511 6.09246 5.14075 4.61864 7.49213 4.56728 3.60942 9.93722 3.42936 2.76565 11.9619 8.31969 2.78629
threshold=1.0000000180025095e-35 234.50000000000003 233.50000000000003 10624.100000000002 1.0384500000000003 296.85000000000008 1.0383500000000001 1.0380500000000004 7.7500000000000009 8.6500000000000004 5440.5250000000005 1.0293500000000002 0.033864000000000005 311.75000000000006 0.032748500000000007 1428.5000000000002 6816.8400000000011 310.95000000000005 311.75000000000006 1778.5500000000004 23.650000000000002 1692.5000000000002 228.50000000000003 1684.5000000000002
decision_type=2 2 2 2 2 2 2 2 2 2 2 2 2 2 2 2 2 2 2 2 2 2 2 2
left_child=1 2 3 4 5 -1 7 8 -7 10 -10 -11 14 -14 15 -13 19 -12 -19 -17 -21 22 23 -22
right_child=-2 -3 -4 -5 -6 6 -8 -9 9 11 17 12 13 -15 -16 16 -18 18 -20 20 21 -23 -24 -25
leaf_value=-0.033738682100872511 0.031183943195261934 -0.037796309741406596 0.032700138161629026 -0.034660063330653447 -0.035786419086180007 -0.045532465521683822 0.029458278299805039 -0.035925055102937149 -0.046215093107154805 -0.046980423539059415 0.023373221034207092 -0.034495038983538853 -0.033234439178689339 0.01471652419164138 0.021751475179002767 -0.030374227734803774 -0.032488205286942497 -0.045635708884302899 0.024226185266591978 0.021936392291500233 0.009471827333611205 -0.040632228425923407 -0.064875272231353892 0.031947256836235088
leaf_weight=1.3817083339672525 231.25774526596069 1.5588490292429913 4.3108456134796134 1.7349847313016642 1.5723966457298946 0.82472962280735274 4.6770195781718931 1.3009453988634039 1.888094869093037 2.6054430109215891 26.839593171724118 4.0322619872167698 6.0879599804757145 3.0056552401510999 18.797515739570372 2.0284433445194727 2.543278172495774 2.7674824136774969 5.4234263787511736 12.958630711655131 72.444341843132861 4.4827477826038367 1.3223120570182789 5.3294460462639099
leaf_count=253 222 13 2 60 264 34 56 190 131 322 218 351 1070 135 256 986 491 111 49 181 2173 388 6 38
internal_value=0.0200558 0.0065054 0.00687203 0.00626708 0.00665656 0.0070258 0.00733984 0.00674763 0.00706782 0.00731922 0.0147666 0.00529215 0.00631591 -0.0173855 0.00805493 0.00560622 0.00720546 0.0180534 0.000621776 0.00822967 0.00904082 0.0070414 0.00974329 0.011012
internal_weight=421.176 189.918 188.359 184.048 182.313 180.741 179.359 174.682 173.381 172.557 36.9186 135.638 133.033 9.09362 123.939 105.141 101.109 35.0305 8.19091 98.5659 96.5375 83.5788 79.0961 77.7738
internal_count=8000 7778 7765 7763 7703 7439 7186 7130 6940 6906 509 6397 6075 1205 4870 4614 4263 378 160 3772 2786 2605 2217 2211
is_linear=0
shrinkage=0.03


Tree=107
num_leaves=25
num_cat=0
split_feature=14 5 5 8 15 1 15 15 8 8 7 2 1 3 8 3 5 7 2 7 7 7 4 2
split_gain=69.6257 3.2918 3.18962 3.1374 3.05379 2.47308 2.52948 2.5499 2.4417 14.2084 5.46191 5.44086 3.44226 11.9789 3.74593 2.72733 2.28649 5.44163 6.73344 4.35557 12.2269 3.31793 8.84147 3.06956
threshold=1.0000000180025095e-35 234.50000000000003 233.50000000000003 10624.100000000002 1.0384500000000003 296.85000000000008 1.0383500000000001 1.0380500000000004 6251.7000000000007 5279.7000000000007 7319.5300000000007 309.15000000000003 300.75000000000006 1422.5000000000002 1778.5500000000004 1437.5000000000002 130.50000000000003 6841.1400000000012 313.15000000000003 6677.9800000000005 6403.5300000000007 6189.1500000000005 37.850000000000001 307.85000000000008
decision_type=2 2 2 2 2 2 2 2 2 2 2 2 2 2 2 2 2 2 2 2 2 2 2 2
left_child=1 2 3 4 5 -1 7 8 9 10 11 -7 14 -14 -13 -16 -10 19 -19 20 21 22 23 -18
right_child=-2 -3 -4 -5 -6 6 -8 -9 16 -11 -12 12 13 -15 15 -17 17 18 -20 -21 -22 -23 -24 -25
leaf_value=-0.0336268091783333 0.031147591129898369 -0.03753307046139235 0.032613306228049761 -0.034538222451506333 -0.03563982533001242 -0.030565691096772412 0.029219598448385797 -0.035765465076098887 0.027204521344879773 -0.040361786241426466 -0.037794020858179303 -0.031068961721410576 0.017917349829079231 -0.036203669386416115 -0.030454911780299156 0.023345299354886957 0.026542189963564826 -0.034234385342458616 0.03157686693495159 0.023251621845356295 -0.038479241131628962 0.019216638364636791 -0.037755965689903435 0.0061309496143961573
leaf_weight=1.345266253047156 224.68100881576538 1.5232272241264571 4.194410800933837 1.6895581978606049 1.5321070689824399 2.8710886919870964 4.5753105110488823 1.2680450901389111 6.1551408846862605 6.3790245492709792 2.3112663554493329 1.2841219455003763 12.341349609429018 5.2449314298573873 0.87877652805764483 24.239749630098231 7.8629238031571722 5.2866431410657233 1.9028059139382092 18.754461535369046 4.9496821061475194 24.790274453232996 3.8657362315570927 42.324116622679867
leaf_count=253 222 13 2 60 264 1240 56 190 85 711 486 419 191 1425 129 693 17 661 10 119 220 152 115 267
internal_value=0.0198828 0.00638922 0.00674882 0.00615226 0.00653385 0.00689557 0.00720306 0.00661982 0.00693331 0.00176211 0.00722687 0.00944743 0.012059 0.0017763 0.0189081 0.0214631 0.00941202 0.00841404 -0.0168164 0.0101829 0.00725788 0.0101292 0.00596143 0.00932883
internal_weight=412.251 187.57 186.047 181.852 180.163 178.631 177.285 172.71 171.442 55.5503 49.1713 46.86 43.9889 17.5863 26.4026 25.1185 115.892 109.737 7.18945 102.547 83.7927 78.8431 54.0528 50.187
internal_count=8000 7778 7765 7763 7703 7439 7186 7130 6940 5294 4583 4097 2857 1616 1241 822 1646 1561 671 890 771 551 399 284
is_linear=0
shrinkage=0.03


Tree=108
num_leaves=25
num_cat=0
split_feature=14 6 15 7 16 16 3 2 5 0 8 8 8 2 13 7 4 0 4 2 3 4 6 15
split_gain=68.5509 3.16585 8.16911 8.05396 7.51924 6.06633 7.09139 4.82458 4.47814 5.50052 4.83111 2.87622 8.64239 2.97606 2.74216 2.40235 3.73056 7.05453 14.0435 6.02523 9.93769 2.27994 2.14863 11.2078
threshold=1.0000000180025095e-35 8.6500000000000004 1.0293500000000002 5440.5250000000005 0.033864000000000005 0.032748500000000007 1428.5000000000002 311.75000000000006 144.50000000000003 1.5000000000000002 9238.2500000000018 5279.7000000000007 6046.6000000000013 309.15000000000003 1.0000000180025095e-35 4996.5300000000007 37.45000000000001 1.5000000000000002 35.45000000000001 311.75000000000006 1612.5000000000002 53.850000000000001 8.5500000000000025 1.0270500000000002
decision_type=2 2 2 2 2 2 2 2 2 2 2 2 2 2 2 2 2 2 2 2 2 2 2 2
left_child=1 3 -3 -1 5 6 -4 -6 9 -8 11 13 -13 -10 -14 -16 17 18 19 20 -17 -9 23 -5
right_child=-2 2 4 22 7 -7 8 21 10 -11 -12 12 14 -15 15 16 -18 -19 -20 -21 -22 -23 -24 -25
leaf_value=-0.044917468118685806 0.03111239651275733 -0.046069536842012294 -0.034206931132075846 0.021752116589320306 -0.033132350101693825 0.022262990371003207 -0.030508472960536971 -0.031816792596529059 -0.032211782696108242 0.019105522090112747 -0.03561877707014495 -0.039447169698992951 -0.030343708302884947 0.021762530312389665 0.030087251880034718 -0.04445905339579715 0.014903686387872454 0.023915265542355249 -0.053005388054614938 0.031712610157661449 0.0092427347961509029 0.026916575365181453 0.022951456282371503 -0.042672997209678147
leaf_weight=1.9875621682731424 218.28360879421234 2.8455014046048737 4.114990997244603 11.494120494695379 7.1207906409981643 20.30597254447639 6.1217856006696802 0.80269730894360725 0.96750502951909112 2.9950506030581892 2.2583862871397278 3.5642410897999062 1.6104205081937824 18.496303766325582 4.653770610690116 4.3005531337112251 33.651935909176245 8.8509726352058333 4.8673020605929187 5.1620897604152551 11.121953838504849 2.2970414779847488 22.228721923311241 3.0818599249469107
leaf_count=143 222 326 399 174 1251 280 2878 105 125 324 42 269 669 254 3 45 105 17 35 9 41 53 76 155
internal_value=0.0197273 0.00628683 0.00426414 0.0139052 0.00526387 0.0071688 0.00445007 -0.0195332 0.00591453 -0.0142094 0.00775831 0.00876567 0.0061848 0.0190796 0.0083762 0.00923499 0.00780695 0.000844892 -0.0071779 0.00365818 -0.00573196 0.0117072 0.0170818 0.00813045
internal_weight=403.185 184.902 146.109 38.7923 143.264 133.043 112.737 10.2205 108.622 9.11684 99.5054 97.247 77.7832 19.4638 74.219 72.6086 67.9548 34.3029 25.4519 20.5846 15.4225 3.09974 36.8047 14.576
internal_count=8000 7778 7230 548 6904 5495 5215 1409 4816 3202 1614 1572 1193 379 924 255 252 147 130 95 86 158 405 329
is_linear=0
shrinkage=0.03


Tree=109
num_leaves=25
num_cat=0
split_feature=14 5 5 8 15 6 6 7 15 16 16 3 2 5 0 8 2 2 8 8 2 2 15 4
split_gain=67.4501 3.06568 3.08388 2.9242 2.93006 2.41559 2.67251 7.44757 7.40215 5.67937 5.44969 6.91527 4.68495 4.36696 5.3527 4.11186 3.29909 9.21276 2.80015 7.14594 2.80461 19.2815 12.4856 2.68934
threshold=1.0000000180025095e-35 234.50000000000003 233.50000000000003 10624.100000000002 1.0384500000000003 7.7500000000000009 8.6500000000000004 5440.5250000000005 1.0293500000000002 0.033864000000000005 0.032748500000000007 1428.5000000000002 311.75000000000006 144.50000000000003 1.5000000000000002 9238.2500000000018 310.95000000000005 311.75000000000006 5279.7000000000007 6046.6000000000013 310.55000000000007 308.95000000000005 1.0367500000000003 35.250000000000007
decision_type=2 2 2 2 2 2 2 2 2 2 2 2 2 2 2 2 2 2 2 2 2 2 2 2
left_child=1 2 3 4 5 -1 7 -7 -8 10 11 -10 -11 14 -13 18 -9 -18 -15 -20 21 22 23 -21
right_child=-2 -3 -4 -5 -6 6 8 16 9 12 -12 13 -14 15 -16 -17 17 -19 19 20 -22 -23 -24 -25
leaf_value=-0.045024585897764292 0.031078321343727709 -0.037099067309402489 0.032492956128518852 -0.034284653468742966 -0.035616530294637926 -0.04539839411059398 -0.04674036901778237 0.022685804188064981 -0.034156702397202622 -0.033088744953574084 0.021935507582147712 -0.030504445229236215 0.013641050164445123 0.019442118689991027 0.019106497507259377 -0.035529259385116599 -0.044716425119528481 0.0237702456485295 -0.039268323127010438 -0.0015311366099417089 0.014602441054514212 -0.040172142562628001 -0.040895800354887372 0.025402046142938919
leaf_weight=0.80953480326570471 212.06111240386963 1.4606164954602707 4.0284640789031974 1.6111329768318672 1.4869070972781617 1.7865315575036209 2.4416268626810043 25.624750745599158 3.9342560801305799 5.7885117030236852 20.021985941973981 5.8332612551748735 2.8973961755400524 18.958944967249408 2.9457343639223836 1.8900774968788017 2.6782365664839736 5.199882747256197 2.9462199766421682 3.9645817948039683 33.991353466408327 7.5078123289858913 3.3059099758975199 21.067239663738292
leaf_count=34 222 13 2 60 264 131 322 218 380 1169 270 2760 143 365 315 36 111 49 253 37 313 287 77 169
internal_value=0.0195769 0.00618906 0.00653892 0.00594719 0.00631741 0.00667659 0.00691882 0.0142834 0.00502863 0.00596456 0.00757746 0.00487423 -0.0175009 0.00637365 -0.0138578 0.00827056 0.0174659 0.000487594 0.00917293 0.00649796 0.00842871 0.00257432 0.0138996 0.0211363
internal_weight=394.242 182.181 180.72 176.692 175.081 173.594 172.784 35.2894 137.495 135.053 126.367 106.345 8.68591 102.411 8.779 93.6321 33.5029 7.87812 91.7421 72.7831 69.8369 35.8455 28.3377 25.0318
internal_count=8000 7778 7765 7763 7703 7439 7405 509 6896 6574 5262 4992 1312 4612 3075 1537 378 160 1501 1136 883 570 283 206
is_linear=0
shrinkage=0.03


Tree=110
num_leaves=25
num_cat=0
split_feature=14 5 5 8 15 6 6 7 15 16 16 3 2 7 2 2 5 7 7 16 5 5 5 3
split_gain=66.3443 2.94797 3.00398 2.81751 2.82144 2.31521 2.55789 7.1424 7.13909 5.43793 5.19344 6.66218 4.54752 4.18131 3.14703 8.82827 3.09177 6.82707 2.81975 12.3672 8.01939 4.15932 5.13697 3.56856
threshold=1.0000000180025095e-35 234.50000000000003 233.50000000000003 10624.100000000002 1.0384500000000003 7.7500000000000009 8.6500000000000004 5440.5250000000005 1.0293500000000002 0.033864000000000005 0.032748500000000007 1428.5000000000002 311.75000000000006 6816.8400000000011 310.95000000000005 311.75000000000006 144.50000000000003 6805.5350000000008 5141.4150000000009 0.021038000000000005 228.50000000000003 219.50000000000003 217.50000000000003 1440.5000000000002
decision_type=2 2 2 2 2 2 2 2 2 2 2 2 2 2 2 2 2 2 2 2 2 2 2 2
left_child=1 2 3 4 5 -1 7 -7 -8 10 11 -10 -11 16 -9 -16 17 -13 -18 -20 21 22 23 -21
right_child=-2 -3 -4 -5 -6 6 8 14 9 12 -12 13 -14 -15 15 -17 18 -19 19 20 -22 -23 -24 -25
leaf_value=-0.044534155843002576 0.031045323379371305 -0.036862030209883087 0.032413293618279992 -0.034171021766799557 -0.035472351608021056 -0.045040766935851323 -0.046581321015659399 0.022329989697066281 -0.034040682646167164 -0.033036566823282335 0.021556564807862152 -0.030209913233749091 0.013291256711811 -0.032237323249437726 -0.04425425083919797 0.023388260819332561 0.016631401553008494 0.031779385240171869 -0.040815775494337687 -0.04258545163437031 -0.057919167143499817 0.024602484646469958 -0.050498788017312009 0.0096146253449579458
leaf_weight=0.79412965010851522 206.00919270515442 1.4264254644513119 3.9188681840896598 1.5686376728117455 1.4487388789420936 1.7472895155660797 2.3774358599912366 25.257684048265219 3.830797557369805 5.6261743598151934 19.766644617775455 5.2258833764353758 2.8846363773336634 2.4763440017704843 2.6258152184309429 5.1273742157500237 28.249533647147473 2.3039214452728629 4.8468755482463157 1.2154001939925354 1.5649480447173107 14.774119745939968 1.3961231969296921 39.00405242171837
leaf_count=34 222 13 2 60 264 131 322 218 380 1169 270 2719 143 523 111 49 299 10 276 34 8 18 8 717
internal_value=0.019429 0.00609409 0.00643826 0.00585363 0.0062175 0.00657051 0.00680881 0.0140693 0.00494697 0.00586691 0.00745098 0.00479272 -0.0173343 0.00626478 0.017198 0.0004794 0.00723195 -0.0112428 0.00875979 0.00521897 0.00906895 0.010928 0.00607341 0.00803718
internal_weight=385.467 179.458 178.031 174.113 172.544 171.095 170.301 34.7582 135.543 133.165 124.655 104.888 8.51081 101.057 33.0109 7.75319 98.5809 7.5298 91.0511 62.8015 57.9546 56.3897 41.6156 40.2195
internal_count=8000 7778 7765 7763 7703 7439 7405 509 6896 6574 5262 4992 1312 4612 378 160 4089 2729 1360 1061 785 777 759 751
is_linear=0
shrinkage=0.03


Tree=111
num_leaves=25
num_cat=0
split_feature=14 5 5 8 15 6 6 15 7 16 16 3 2 7 2 2 8 16 4 5 7 8 5 15
split_gain=65.3564 2.83392 2.92841 2.71361 2.71569 2.21847 2.4533 6.8815 6.84935 5.20017 4.95568 6.41436 4.41468 4.02478 3.00085 8.46006 2.96831 2.46965 6.9578 4.49892 2.55555 6.71606 3.53879 7.27179
threshold=1.0000000180025095e-35 234.50000000000003 233.50000000000003 10624.100000000002 1.0384500000000003 7.7500000000000009 8.6500000000000004 1.0293500000000002 5440.5250000000005 0.033864000000000005 0.032748500000000007 1428.5000000000002 311.75000000000006 6816.8400000000011 310.95000000000005 311.75000000000006 1778.5500000000004 0.030702000000000004 41.350000000000001 144.50000000000003 6251.0150000000012 8377.4000000000033 224.50000000000003 1.0303500000000001
decision_type=2 2 2 2 2 2 2 2 2 2 2 2 2 2 2 2 2 2 2 2 2 2 2 2
left_child=1 2 3 4 5 -1 8 -8 -7 10 11 -9 -11 16 -10 -16 -13 18 19 -18 21 22 23 -21
right_child=-2 -3 -4 -5 -6 6 7 9 14 12 -12 13 -14 -15 15 -17 17 -19 -20 20 -22 -23 -24 -25
leaf_value=-0.044060530272932205 0.031013370318385119 -0.036633884481596983 0.032336360287084795 -0.034060070046023121 -0.035331153286987493 -0.044690452337883761 -0.046413172304226501 -0.033927721051675151 0.021973501277196373 -0.032984341693187522 0.021177111262058141 -0.030312343460260176 0.012947704022667605 -0.03217735311045769 -0.043806055592960719 0.023004665716786207 -0.030119145278535389 0.029014734421186295 -0.034611523869268503 -0.040387553787048253 0.021525164813167637 -0.05245560970655333 0.023394409248501349 0.008094530400203654
leaf_weight=0.77881809545215119 200.12357568740845 1.3927585035562504 3.8119593858718863 1.5271614849916648 1.4114560890011478 1.7087401695316646 2.3154060826636842 3.7297712109866543 24.902855213265866 5.4684108115616237 19.520965466275811 1.8733187609468576 2.8725289847934619 2.4075683286646372 2.5738872654037541 5.0575540516292676 2.6480355942621818 4.7041646368452339 3.5232114013051605 2.9343519929097956 13.564060939359477 1.6525193341076363 12.222127035260199 54.461600556445774
leaf_count=34 222 13 2 60 264 131 322 380 218 1169 270 1078 143 523 111 49 1420 28 366 109 149 10 10 919
internal_value=0.019267 0.0059909 0.00632884 0.00575197 0.00610892 0.00645519 0.00668917 0.00485661 0.0138549 0.00575878 0.00731031 0.00470048 -0.0171658 0.00614135 0.0169298 0.000471142 0.00708675 0.00781876 0.00672312 0.0083878 0.00958976 0.00731824 0.00873709 0.0056159
internal_weight=377.187 177.063 175.67 171.859 170.331 168.92 168.141 133.898 34.243 131.583 123.242 103.721 8.34094 99.991 32.5343 7.63144 97.5834 95.7101 91.0059 87.4827 84.8347 71.2706 69.6181 57.396
internal_count=8000 7778 7765 7763 7703 7439 7405 6896 509 6574 5262 4992 1312 4612 378 160 4089 3011 2983 2617 1197 1048 1038 1028
is_linear=0
shrinkage=0.03


Tree=112
num_leaves=25
num_cat=0
split_feature=14 1 15 15 6 15 7 16 2 16 3 7 8 16 4 5 7 8 8 8 2 2 3 16
split_gain=64.3996 2.7368 2.64803 2.31596 2.60106 7.09505 6.81524 6.22237 4.30369 3.64759 6.02156 3.7176 2.75223 2.39555 6.21079 4.17706 2.8314 6.6263 3.26278 10.7922 3.42795 6.06372 9.23389 8.85066
threshold=1.0000000180025095e-35 296.85000000000008 1.0384500000000003 1.0383500000000001 8.6500000000000004 1.0293500000000002 5440.5250000000005 0.033864000000000005 311.75000000000006 0.032748500000000007 1428.5000000000002 6816.8400000000011 1778.5500000000004 0.030702000000000004 41.350000000000001 144.50000000000003 6251.0150000000012 8377.4000000000033 5279.7000000000007 6251.7000000000007 311.75000000000006 308.55000000000007 1627.5000000000002 0.025287000000000004
decision_type=2 2 2 2 2 2 2 2 2 2 2 2 2 2 2 2 2 2 2 2 2 2 2 2
left_child=1 -1 3 4 6 -6 -3 9 -9 10 -7 12 -12 14 15 -14 17 18 -17 -20 21 -21 23 -23
right_child=-2 2 -4 -5 5 7 -8 8 -10 -11 11 -13 13 -15 -16 16 -18 -19 19 20 -22 22 -24 -25
leaf_value=-0.033908829291155684 0.030982425371676472 -0.04358128823202638 -0.035182510830377559 0.028655050498628414 -0.045332205017637836 -0.033820603904266701 0.016083999200794171 -0.032969998864664389 0.01090163972874056 0.019572719765316753 -0.030313442700608362 -0.032128576166375981 -0.030117931978402557 0.028767255424580432 -0.034483405005107944 0.019218780862068616 0.021983659444539491 -0.050520786281446559 -0.041026062864281912 0.017584575445991631 0.026560502067501268 -0.044078027644957538 0.016816985875971368 0.0095773608631583209
leaf_weight=1.5415640589781094 194.40007996559143 1.8132042207871553 1.3778378690476518 4.1709677586331955 2.5667655513971104 3.5249431553529567 34.625903050764464 6.2094356835004856 2.9773221652721986 17.384074254892766 1.7493417231598858 2.2392438204260534 2.5003379452973595 4.6047300016507497 3.1968434379668897 18.223535057390109 13.208385363104751 1.7663574442267407 4.3041474288329473 18.16734738170635 7.9519412813242516 7.2720550933154318 8.9297504448331875 4.4661984054837376
leaf_count=258 222 143 265 56 326 361 405 1142 150 260 1018 505 1350 27 354 353 145 11 305 80 31 139 34 60
internal_value=0.0191019 0.00588709 0.00624123 0.00657334 0.00602408 0.00405529 0.0131151 0.00504044 -0.0187517 0.00686967 0.00470689 0.00608452 0.00697271 0.00766226 0.0065823 0.00809492 0.00922845 0.00685827 0.00832046 0.0044332 0.00861517 0.00494068 -0.00617341 -0.0236631
internal_weight=369.172 174.772 173.231 171.853 167.682 131.243 36.4391 128.676 9.18676 119.489 102.105 98.5802 96.341 94.5916 89.9869 86.7901 84.2897 71.0813 69.315 51.0914 46.7873 38.8354 20.668 11.7383
internal_count=8000 7778 7520 7255 7199 6651 548 6325 1292 5033 4773 4412 3907 2889 2862 2508 1158 1013 1002 649 344 313 233 199
is_linear=0
shrinkage=0.03


Tree=113
num_leaves=25
num_cat=0
split_feature=14 1 15 15 6 15 7 16 2 16 3 7 8 16 7 5 7 8 8 8 2 2 3 16
split_gain=63.3871 2.63598 2.54971 2.23878 2.45578 6.83998 6.51898 5.96103 4.18759 3.45876 5.80455 3.58377 2.65347 2.31486 5.98314 3.90619 2.66699 6.34297 3.09453 10.3727 3.30588 5.76681 8.8018 8.53949
threshold=1.0000000180025095e-35 296.85000000000008 1.0384500000000003 1.0383500000000001 8.6500000000000004 1.0293500000000002 5440.5250000000005 0.033864000000000005 311.75000000000006 0.032748500000000007 1428.5000000000002 6816.8400000000011 1778.5500000000004 0.030702000000000004 6403.5300000000007 144.50000000000003 6251.0150000000012 8377.4000000000033 5279.7000000000007 6251.7000000000007 311.75000000000006 308.55000000000007 1627.5000000000002 0.025287000000000004
decision_type=2 2 2 2 2 2 2 2 2 2 2 2 2 2 2 2 2 2 2 2 2 2 2 2
left_child=1 -1 3 4 6 -6 -3 9 -9 10 -7 12 -12 14 15 -14 17 18 -17 -20 21 -21 23 -23
right_child=-2 2 -4 -5 5 7 -8 8 -10 -11 11 -13 13 -15 -16 16 -18 -19 19 20 -22 22 -24 -25
leaf_value=-0.033789060837123915 0.030952451392552642 -0.043269091867854173 -0.035047618913947011 0.028413582381327455 -0.045130528871031278 -0.033713985345272354 0.015736441100364647 -0.032912522402970316 0.01060444002968515 0.019190212841763078 -0.030305284778430561 -0.032071461000045015 -0.030117679533146091 0.028505020840297227 -0.033882571255478368 0.018835659170991025 0.021506337542774132 -0.049919558317140157 -0.040760026362886885 0.017232732288114276 0.026263464531689415 -0.04363800963253732 0.016467220492674364 0.0093190135913068309
leaf_weight=1.5012265772093076 188.83461678028107 1.7721201858366828 1.3421852946630668 4.0815786938183001 2.5018706713453858 3.4314200845547012 34.333432471146807 6.0362842670292576 2.9690691763535142 17.201467310544103 1.6980909666744981 2.1768758001271626 2.3562180872540912 4.5091316273901603 3.1880650912644333 18.039208341157064 13.049147163284941 1.734485551714896 4.2037918677087864 17.984922115458176 7.8028881632490075 7.1272137768100965 8.8471052267122996 4.4525236279005185
leaf_count=258 222 143 265 56 326 361 405 1142 150 260 1018 505 1282 27 466 353 101 11 305 80 31 139 34 60
internal_value=0.018946 0.00579039 0.00613819 0.00646432 0.00592273 0.00399121 0.0128404 0.00496036 -0.018565 0.00675874 0.00463312 0.0059873 0.00685946 0.00753591 0.00647096 0.00797392 0.00905214 0.00673682 0.00817231 0.00435707 0.00846102 0.00484467 -0.00606247 -0.0232755
internal_weight=361.175 172.34 170.839 169.497 165.415 129.31 36.1056 126.808 9.00535 117.803 100.601 97.1697 94.9928 93.2947 88.7856 85.5975 83.2413 70.1921 68.4577 50.4184 46.2147 38.4118 20.4268 11.5797
internal_count=8000 7778 7520 7255 7199 6651 548 6325 1292 5033 4773 4412 3907 2889 2862 2396 1114 1013 1002 649 344 313 233 199
is_linear=0
shrinkage=0.03


Tree=114
num_leaves=25
num_cat=0
split_feature=14 1 15 6 15 6 16 6 15 16 2 16 3 5 0 8 5 8 5 8 7 3 15 15
split_gain=62.3947 2.53901 2.45511 2.19401 2.60339 9.81478 5.37923 5.11775 6.78968 6.08311 4.07806 4.01218 5.73411 3.55978 4.6475 3.27049 2.39375 2.61116 9.77965 9.15828 4.50939 3.65268 2.73425 2.93092
threshold=1.0000000180025095e-35 296.85000000000008 1.0384500000000003 7.7500000000000009 1.0270500000000002 8.5500000000000025 0.028273500000000003 8.6500000000000004 1.0293500000000002 0.033864000000000005 311.75000000000006 0.032748500000000007 1428.5000000000002 144.50000000000003 1.5000000000000002 9238.2500000000018 224.50000000000003 8232.5500000000011 218.50000000000003 7822.8500000000013 6064.795000000001 1492.5000000000002 1.0303500000000001 1.0319500000000004
decision_type=2 2 2 2 2 2 2 2 2 2 2 2 2 2 2 2 2 2 2 2 2 2 2 2
left_child=1 -1 3 -3 6 -6 -5 -7 -9 11 -11 12 -10 14 -14 16 17 18 19 20 21 -15 -23 -24
right_child=-2 2 -4 4 5 7 -8 8 9 10 -12 -13 13 15 -16 -17 -18 -19 -20 -21 -22 22 23 -25
leaf_value=-0.033673051762892203 0.030923424695630339 -0.0435400267323343 -0.034915633176639295 -0.044216844129337775 -0.040790639733539434 0.020738220017146227 0.028284356365573689 -0.044924260222491456 -0.033602185806910725 -0.032846096101324412 0.010313856423762187 0.020087816559400087 -0.0304545148962834 -0.045339111556840311 0.018906226220483602 -0.034753643383198855 0.018674566184043895 0.015304533007790869 -0.048682907576875503 -0.045157419117479322 -0.036717094028121552 -0.034658458332055879 0.024006418255404331 0.0075131533283992304
leaf_weight=1.4618019388290111 183.42313706874847 0.78940437629353155 1.3073671785532486 1.0216333823627781 3.9951415319228536 20.6242782320478 9.3527994765900058 2.4389100165572009 3.3476719022728494 5.8878695587045495 2.9612598679959774 18.826693460228853 4.9697997763287267 0.99767984286881883 2.6226604786934331 1.583311051595955 17.537174720317125 20.608715624199249 3.1348863914608947 2.9509792032185933 1.8287600926123548 1.0670840516686428 15.966615346260367 24.694320447510108
leaf_count=258 222 35 265 131 213 98 71 326 365 1150 150 261 2656 66 301 34 22 121 16 85 359 80 195 520
internal_value=0.0187887 0.00569405 0.00603555 0.00635574 0.00659242 0.00562492 0.0211447 0.00684451 0.00466418 0.00560182 -0.0184031 0.00737 0.00500661 0.006326 -0.0134039 0.00798361 0.00874574 0.00630187 0.00263812 0.0060248 0.00941475 0.0113893 0.0127456 0.0139897
internal_weight=353.4 169.977 168.515 167.208 166.418 156.044 10.3744 152.049 131.424 128.985 8.84913 120.136 101.31 97.962 7.59246 90.3695 88.7862 71.249 50.6403 47.5054 44.5545 42.7257 41.728 40.6609
internal_count=8000 7778 7520 7255 7220 7018 202 6805 6707 6381 1300 5081 4820 4455 2957 1498 1464 1442 1321 1305 1220 861 795 715
is_linear=0
shrinkage=0.03


Tree=115
num_leaves=25
num_cat=0
split_feature=14 5 5 8 15 6 6 6 1 6 15 16 16 3 2 7 8 5 16 7 16 1 5 15
split_gain=61.437 2.50953 2.75733 2.38654 2.33294 2.04906 2.2003 5.56033 7.34433 5.11303 5.9502 4.33601 4.08363 5.52661 3.9536 3.47763 2.57323 2.41557 2.71283 2.24458 11.9411 7.48984 7.01459 4.105
threshold=1.0000000180025095e-35 234.50000000000003 233.50000000000003 10624.100000000002 1.0384500000000003 7.7500000000000009 7.9500000000000011 8.5500000000000025 303.55000000000007 8.6500000000000004 1.0293500000000002 0.033864000000000005 0.032748500000000007 1428.5000000000002 311.75000000000006 6816.8400000000011 1778.5500000000004 206.50000000000003 0.033356500000000004 5141.4150000000009 0.021038000000000005 300.75000000000006 228.50000000000003 1.0379500000000002
decision_type=2 2 2 2 2 2 2 2 2 2 2 2 2 2 2 2 2 2 2 2 2 2 2 2
left_child=1 2 3 4 5 -1 -7 8 -8 -9 -11 12 13 -12 -13 16 -15 18 -14 21 -21 -18 23 -22
right_child=-2 -3 -4 -5 -6 6 7 9 -10 10 11 14 17 15 -16 -17 19 -19 -20 20 22 -23 -24 -25
leaf_value=-0.043542728893256312 0.030895305960447476 -0.035970898624142288 0.032140299438089652 -0.033590237116718616 -0.034795886377388167 0.024293613950626531 -0.041534153011498126 0.020778783326439898 0.028933380643973414 -0.045667900260491917 -0.033504167963787669 -0.032774612736036199 -0.031573329105194899 -0.030280426272517546 0.011771201856867166 -0.031940662909945974 0.018856268796128839 0.031013800191858801 0.015494335480195888 -0.039374508929198922 0.011023260084117966 -0.040851674650388553 -0.055599590904643864 -0.040253459316445403
leaf_weight=0.74748050217749451 178.16172409057617 1.2970344470813859 3.5331463813781729 1.404134853335562 1.2708496537525196 5.8552408054820253 4.6831004775594911 20.199196932895575 1.8597242454998193 2.0903655768488525 3.3499336593085891 4.8821527858381151 1.2665947055211315 1.6741729339701112 2.8341175138484687 2.1587445922777979 25.442537641851235 8.8721333071589452 8.4858395225019176 5.2067072686622842 55.611950134800281 2.0426258980296543 1.5186754018068302 1.44155049312394
leaf_count=34 222 13 2 60 264 100 291 96 22 322 380 1169 125 1078 143 523 414 7 138 613 1674 169 8 133
internal_value=0.0186276 0.00559678 0.00592073 0.00535204 0.00569063 0.00601176 0.00624403 0.00555607 -0.0215046 0.00675988 0.00452805 0.0053689 0.00680458 0.00436755 -0.0164133 0.00570164 0.00657598 0.0196864 0.00938144 0.00725209 0.00416358 0.0144189 0.00803385 0.00972767
internal_weight=345.89 167.728 166.431 162.898 161.494 160.223 159.475 153.62 6.54282 147.077 126.878 124.788 117.071 98.4469 7.71627 95.097 92.9382 18.6246 9.75243 91.264 63.7789 27.4852 58.5722 57.0535
internal_count=8000 7778 7765 7763 7703 7439 7405 7305 313 6992 6896 6574 5262 4992 1312 4612 4089 270 263 3011 2428 583 1815 1807
is_linear=0
shrinkage=0.03


Tree=116
num_leaves=25
num_cat=0
split_feature=14 5 5 8 15 6 6 6 1 6 15 16 16 3 2 7 8 5 16 16 4 5 7 8
split_gain=60.5012 2.41391 2.6878 2.29939 2.24632 1.9643 2.09989 5.33031 7.07685 4.88973 5.73125 4.14353 3.93793 5.32156 3.84006 3.34739 2.47633 2.38575 2.59928 2.2203 6.16121 3.83814 2.21328 5.72095
threshold=1.0000000180025095e-35 234.50000000000003 233.50000000000003 10624.100000000002 1.0384500000000003 7.7500000000000009 7.9500000000000011 8.5500000000000025 303.55000000000007 8.6500000000000004 1.0293500000000002 0.033864000000000005 0.032748500000000007 1428.5000000000002 311.75000000000006 6816.8400000000011 1778.5500000000004 206.50000000000003 0.033356500000000004 0.030702000000000004 41.350000000000001 144.50000000000003 6251.0150000000012 8377.4000000000033
decision_type=2 2 2 2 2 2 2 2 2 2 2 2 2 2 2 2 2 2 2 2 2 2 2 2
left_child=1 2 3 4 5 -1 -7 8 -8 -9 -11 12 13 -12 -13 16 -15 18 -14 20 21 -18 23 -23
right_child=-2 -3 -4 -5 -6 6 7 9 -10 10 11 14 17 15 -16 -17 19 -19 -20 -21 -22 22 -24 -25
leaf_value=-0.043104644249507447 0.030868066377664736 -0.035775753771888345 0.032072636311917667 -0.033492226693194418 -0.034669277891145045 0.023880766222315598 -0.0412487491575887 0.020442355074072528 0.028709553575342224 -0.045459466111256133 -0.033405489860276562 -0.032722838382276687 -0.031530774410762782 -0.0302730454095189 0.011457032433806096 -0.031887906677717182 -0.030107969967433788 0.030890599767568125 0.015142576911232124 0.028080934139607817 -0.034326413974468867 0.0079155019083428559 0.020152547846696421 -0.049959711979692706
leaf_weight=0.73264967784052615 173.04651403427124 1.2654631780460466 3.435850501060485 1.3665638105012465 1.2377262755762775 5.7789397007436483 4.5756643463391802 19.919944922847208 1.8186202623182905 2.0377480728784567 3.2603863101103334 4.7452470329008056 1.2307950677932264 1.625083801394793 2.82462529593613 2.0983577193110241 2.3563028002390629 8.6437450647354108 8.4234350832412002 4.319096586899831 3.2739498761366113 66.166223216219805 12.846829425543545 1.573742952197789
leaf_count=34 222 13 2 60 264 100 291 96 22 322 380 1169 125 1078 143 523 1420 7 138 28 366 1038 149 10
internal_value=0.0184644 0.00549962 0.00581754 0.00525674 0.00558876 0.00590362 0.00613157 0.0054556 -0.0213517 0.00663495 0.00444208 0.0052662 0.00667169 0.00427549 -0.0162375 0.00557886 0.00643191 0.0194423 0.0091923 0.00709075 0.00603923 0.00763256 0.00873606 0.00657094
internal_weight=338.604 165.557 164.292 160.856 159.489 158.251 157.519 151.74 6.39428 145.346 125.426 123.388 115.818 97.52 7.56987 94.2596 92.1612 18.298 9.65423 90.5361 86.217 82.9431 80.5868 67.74
internal_count=8000 7778 7765 7763 7703 7439 7405 7305 313 6992 6896 6574 5262 4992 1312 4612 4089 270 263 3011 2983 2617 1197 1048
is_linear=0
shrinkage=0.03


Tree=117
num_leaves=25
num_cat=0
split_feature=14 1 15 15 8 8 7 2 1 8 4 8 4 16 15 5 0 0 4 2 1 2 7 1
split_gain=59.6172 2.32343 2.19209 2.0719 2.27519 12.1237 4.72789 4.35824 3.18635 5.42856 3.50432 10.8196 2.39371 8.8514 3.49499 2.36301 3.70305 2.36107 4.39997 14.7101 9.12789 3.52003 2.76953 6.143
threshold=1.0000000180025095e-35 296.85000000000008 1.0384500000000003 1.0383500000000001 6251.7000000000007 5279.7000000000007 7319.5300000000007 309.15000000000003 299.75000000000006 4536.4000000000005 47.650000000000013 4198.5000000000009 31.050000000000004 0.021038000000000005 1.0379500000000002 178.50000000000003 1.5000000000000002 1.5000000000000002 37.45000000000001 311.75000000000006 297.35000000000008 308.25000000000006 6297.9800000000005 301.65000000000003
decision_type=2 2 2 2 2 2 2 2 2 2 2 2 2 2 2 2 2 2 2 2 2 2 2 2
left_child=1 -1 3 4 5 6 7 -3 15 10 11 -10 -6 -14 17 16 -9 18 19 20 -15 -20 -23 -24
right_child=-2 2 -4 -5 12 -7 -8 8 9 -11 -12 -13 13 14 -16 -17 -18 -19 21 -21 -22 22 23 -25
leaf_value=-0.033372508666461777 0.030841680219161897 -0.030691903650424079 -0.034536751294075858 0.027954188890581558 0.021443110908165745 -0.03905799546048587 -0.039688955608597115 -0.031130187384271313 -0.033957277343027385 -0.040248951470245681 0.021552336186428041 0.02300803539588394 -0.042456334041415411 0.010551657094676261 -0.040184781563102352 0.029483935129713361 0.028530192741303934 0.020094820387237453 -0.037999719675477772 0.027793137464515633 -0.046968612519227286 0.018635765689513483 -0.012679342255782371 0.015240234604546562
leaf_weight=1.3792850672616612 168.0737224817276 2.4621689211344338 1.2077401640126471 3.7886180356144896 10.64301328267902 6.2022538843448265 1.9606438698829141 1.7013225659611628 5.4124349948251673 2.2677569944644338 10.081075250636784 6.7345147334854119 3.2194093692232846 3.7405431157676521 1.3285200552782033 10.144386434229089 2.0823798034107313 14.168688806705175 1.308360528666525 7.0352959740557699 7.385359529114794 27.856184309232049 10.806256259034855 20.638549891242292
leaf_count=258 222 1270 265 56 18 737 507 500 1811 297 105 152 68 13 95 12 61 156 123 19 142 168 687 258
internal_value=0.018294 0.00539968 0.00572943 0.00603155 0.00550313 0.000144035 0.00581871 0.00800098 0.0104804 0.00396608 0.00847701 -0.00237456 0.00793406 0.00645924 0.00812979 0.0219373 0.00170421 0.00882042 0.00679246 -0.00616029 -0.0276302 0.0106737 0.0117476 0.00564545
internal_weight=331.628 163.555 162.175 160.968 157.179 49.0489 42.8467 40.886 38.4239 24.4958 22.228 12.1469 108.13 97.4872 94.2678 13.9281 3.7837 92.9392 78.7705 18.1612 11.1259 60.6094 59.301 31.4448
internal_count=8000 7778 7520 7255 7199 5452 4715 4208 2938 2365 2068 1963 1747 1729 1661 573 561 1566 1410 174 155 1236 1113 945
is_linear=0
shrinkage=0.03


Tree=118
num_leaves=25
num_cat=0
split_feature=14 5 5 8 15 6 6 6 1 6 15 16 16 3 2 7 5 16 8 16 4 5 7 8
split_gain=58.5972 2.26334 2.58819 2.19823 2.08435 1.87761 1.99316 5.07818 6.68527 4.60678 5.44352 3.85787 3.7673 5.08333 3.66859 3.15105 2.31736 2.43732 2.29988 2.1227 5.85028 3.56087 2.07718 5.37995
threshold=1.0000000180025095e-35 234.50000000000003 233.50000000000003 10624.100000000002 1.0384500000000003 7.7500000000000009 7.9500000000000011 8.5500000000000025 303.55000000000007 8.6500000000000004 1.0293500000000002 0.033864000000000005 0.032748500000000007 1428.5000000000002 311.75000000000006 6816.8400000000011 206.50000000000003 0.033356500000000004 1778.5500000000004 0.030702000000000004 41.350000000000001 144.50000000000003 6251.0150000000012 8377.4000000000033
decision_type=2 2 2 2 2 2 2 2 2 2 2 2 2 2 2 2 2 2 2 2 2 2 2 2
left_child=1 2 3 4 5 -1 -7 8 -8 -9 -11 12 13 -12 -13 18 17 -14 -15 20 21 -20 23 -23
right_child=-2 -3 -4 -5 -6 6 7 9 -10 10 11 14 16 15 -16 -17 -18 -19 19 -21 -22 22 -24 -25
leaf_value=-0.042905984803649211 0.030816118520324658 -0.035419206698669957 0.031969746726682118 -0.033429415848101614 -0.034424572005274941 0.023460115083906587 -0.040899779175883985 0.020014616505125687 0.028423493693938269 -0.045212755795470613 -0.033342171385052605 -0.032658361059656665 -0.031461586351602081 -0.030258499864631576 0.011100070464391135 -0.031816358415051621 0.030735028126780042 0.014727210434338004 -0.030101489847986843 0.027762098703228152 -0.034226165254652219 0.0076150556004431534 0.019597214887067421 -0.048802386511846478
leaf_weight=0.71184831397840653 163.23964440822601 1.2183544076979149 3.2873694896697989 1.3233131584129285 1.1738171009346832 5.6230788584798566 4.4395533813512875 19.377343354863115 1.7437514248304067 1.9685931293060992 3.1581108720274633 4.5371225697454056 1.1735842579510087 1.5311955852084782 2.7813710239715874 2.006548185425344 8.275457985699175 8.3006960501661506 2.2219238653196944 4.1536785371135911 3.1641260863398193 64.879542769456748 12.556511347647755 1.557750854641198
leaf_count=34 222 13 2 60 264 100 291 96 22 322 380 1169 125 1078 143 523 7 138 1420 28 366 1038 149 10
internal_value=0.0181472 0.00531524 0.00562553 0.00507271 0.00540072 0.00570395 0.00592945 0.00526262 -0.0213499 0.00642436 0.00427051 0.00508027 0.00644762 0.00408253 -0.0160281 0.00536622 0.0191366 0.00900578 0.00619461 0.00682507 0.00579443 0.00735361 0.00840714 0.00629224
internal_weight=324.404 161.165 159.946 156.659 155.336 154.162 153.45 147.827 6.1833 141.644 122.266 120.298 112.979 95.2294 7.31849 92.0713 17.7497 9.47428 90.0647 88.5335 84.3799 81.2157 78.9938 66.4373
internal_count=8000 7778 7765 7763 7703 7439 7405 7305 313 6992 6896 6574 5262 4992 1312 4612 270 263 4089 3011 2983 2617 1197 1048
is_linear=0
shrinkage=0.03


Tree=119
num_leaves=25
num_cat=0
split_feature=14 1 15 15 8 8 7 2 1 8 4 8 4 4 16 15 0 1 4 2 1 7 1 5
split_gain=57.7344 2.18301 2.03408 1.97061 2.08718 11.6387 4.54256 4.13527 3.0842 5.22156 3.30787 5.93782 4.58564 2.24643 8.45823 3.35057 2.25505 4.32005 3.11082 12.479 12.966 2.43146 6.05837 6.9092
threshold=1.0000000180025095e-35 296.85000000000008 1.0384500000000003 1.0383500000000001 6251.7000000000007 5279.7000000000007 7319.5300000000007 309.15000000000003 299.75000000000006 4536.4000000000005 48.350000000000001 4198.5000000000009 47.650000000000013 31.050000000000004 0.021038000000000005 1.0379500000000002 1.5000000000000002 297.25000000000006 37.45000000000001 311.75000000000006 297.35000000000008 6297.9800000000005 301.65000000000003 203.50000000000003
decision_type=2 2 2 2 2 2 2 2 2 2 2 2 2 2 2 2 2 2 2 2 2 2 2 2
left_child=1 -1 3 4 5 6 7 -3 -9 10 11 12 -10 -6 -15 16 17 -16 19 20 -19 -20 23 -23
right_child=-2 2 -4 -5 13 -7 -8 8 9 -11 -12 -13 -14 14 15 -17 -18 18 21 -21 -22 22 -24 -25
leaf_value=-0.033179906405479048 0.030791353966756144 -0.030693415353917883 -0.03429820296316962 0.02760589042312292 0.020904540906659365 -0.03887612406818533 -0.040077004162011376 0.021803598920017264 -0.033920643269336699 -0.0401606099291969 0.025668176865606077 0.021160645746035475 0.013363748445123291 -0.042125092743056314 -0.048206320768634826 -0.040019558639357702 0.019712784055356362 0.029072737940625121 0.017192197912707447 0.02750026590678762 -0.046350704784767605 0.0093637914591280791 0.0147594416098469 -0.038320351585814406
leaf_weight=1.3215302504249837 158.54068064689636 2.3501778303179881 1.1451921679545183 3.652928532101213 10.388662006705998 6.0248141441261387 1.8594574282760721 13.473396908957509 5.1693041571998091 2.2027228552033185 6.786426418926566 6.7276610069675362 2.8711457157041878 3.1501933002145952 1.2753882575780142 1.2965680230990972 13.81017618923215 2.860639576334508 27.720503513643052 6.8195637499447903 7.2508752645226195 5.8455781344673614 20.110077339806594 5.1389943021349609
leaf_count=258 222 1270 265 56 18 737 507 573 1811 297 70 155 32 68 43 95 156 4 180 19 142 670 258 94
internal_value=0.0179758 0.0052174 0.0055387 0.00582968 0.00531021 8.44399e-05 0.00574874 0.00790157 0.0103379 0.00383535 0.00833142 0.000364623 -0.017036 0.0076576 0.00621322 0.00786608 0.00854962 0.00654803 0.00746997 -0.00386135 -0.0250127 0.0107319 0.00497263 -0.0129446
internal_weight=317.793 159.252 157.93 156.785 153.132 47.4651 41.4403 39.5808 37.2307 23.7573 21.5545 14.7681 8.04045 105.667 95.2786 92.1284 90.8318 77.0216 75.7462 16.9311 10.1115 58.8152 31.0946 10.9846
internal_count=8000 7778 7520 7255 7199 5452 4715 4208 2938 2365 2068 1998 1843 1747 1729 1661 1566 1410 1367 165 146 1202 1022 764
is_linear=0
shrinkage=0.03


Tree=120
num_leaves=25
num_cat=0
split_feature=14 5 5 8 15 6 6 6 1 6 15 16 16 3 2 7 5 16 8 7 16 1 5 5
split_gain=56.7456 2.12337 2.49341 2.08249 1.93419 1.79557 1.89539 4.83066 6.32378 4.30671 5.16987 3.5935 3.56132 4.8428 3.49552 2.97932 2.28145 2.28864 2.15676 2.07996 10.794 6.82015 6.08534 3.95506
threshold=1.0000000180025095e-35 234.50000000000003 233.50000000000003 10624.100000000002 1.0384500000000003 7.7500000000000009 7.9500000000000011 8.5500000000000025 303.55000000000007 8.6500000000000004 1.0293500000000002 0.033864000000000005 0.032748500000000007 1428.5000000000002 311.75000000000006 6816.8400000000011 206.50000000000003 0.033356500000000004 1778.5500000000004 5141.4150000000009 0.021038000000000005 300.75000000000006 228.50000000000003 219.50000000000003
decision_type=2 2 2 2 2 2 2 2 2 2 2 2 2 2 2 2 2 2 2 2 2 2 2 2
left_child=1 2 3 4 5 -1 -7 8 -8 -9 -11 12 13 -12 -13 18 17 -14 -15 21 -21 -20 23 -22
right_child=-2 -3 -4 -5 -6 6 7 9 -10 10 11 14 16 15 -16 -17 -18 -19 19 20 22 -23 -24 -25
leaf_value=-0.042714273743933898 0.030767359425463353 -0.035092746100897368 0.031873158767672306 -0.033344211374050831 -0.034190949548934195 0.023051040899071024 -0.04056262091329383 0.019550735014541052 0.028137557466692793 -0.044983522934578697 -0.033245616162864408 -0.032516515501621455 -0.031410028044206506 -0.030259227336724676 0.010736060677773917 -0.031744772843608778 0.030596887500196627 0.01421485467296915 0.018064351723571133 -0.039015591060834472 0.0044155015761709803 -0.040542309053138943 -0.05257777496078099 0.023403613390742879
leaf_weight=0.69183527043787663 153.97327172756195 1.1721480060368765 3.1460871696472159 1.2712996418122191 1.1129072296316724 5.4762829149840391 4.3064468651427878 18.818373171670828 1.6748713182751087 1.8998905617627304 3.0525538469082667 4.3503640219569197 1.1260931894066768 1.4534337047953148 2.7412673636572435 1.9249833685462352 7.9232847094535819 8.1575526061351393 24.007554723997604 4.9260873042512676 41.337909721769392 1.9307986327912647 1.486297458410262 12.970253074541686
leaf_count=34 222 13 2 60 264 100 291 96 22 322 380 1169 125 1078 143 523 7 138 414 613 1789 169 8 18
internal_value=0.0178277 0.00513405 0.00543672 0.00489184 0.00521297 0.00550482 0.00572787 0.00506947 -0.0213254 0.00621262 0.00410846 0.004903 0.00623394 0.0039163 -0.0157972 0.00517621 0.0187724 0.00868062 0.00598282 0.00659067 0.00355296 0.0137018 0.00731134 0.00895037
internal_weight=310.932 156.959 155.786 152.64 151.369 150.256 149.564 144.088 5.98132 138.107 119.288 117.388 110.297 93.0899 7.09163 90.0373 17.2069 9.28365 88.1123 86.6589 60.7205 25.9384 55.7945 54.3082
internal_count=8000 7778 7765 7763 7703 7439 7405 7305 313 6992 6896 6574 5262 4992 1312 4612 270 263 4089 3011 2428 583 1815 1807
is_linear=0
shrinkage=0.03


Tree=121
num_leaves=25
num_cat=0
split_feature=14 1 15 15 8 8 7 2 1 8 4 8 4 5 0 4 16 15 0 1 4 2 1 7
split_gain=55.8599 2.0593 1.88843 1.86114 1.96506 11.0544 4.34699 3.93772 2.8953 4.95681 3.14475 5.54605 4.36913 2.23723 3.45859 2.13266 7.85352 3.21225 2.1258 4.09518 2.93449 11.9067 12.3701 2.26114
threshold=1.0000000180025095e-35 296.85000000000008 1.0384500000000003 1.0383500000000001 6251.7000000000007 5279.7000000000007 7319.5300000000007 309.15000000000003 299.75000000000006 4536.4000000000005 48.350000000000001 4198.5000000000009 47.650000000000013 178.50000000000003 1.5000000000000002 31.050000000000004 0.021038000000000005 1.0379500000000002 1.5000000000000002 297.25000000000006 37.45000000000001 311.75000000000006 297.35000000000008 6297.9800000000005
decision_type=2 2 2 2 2 2 2 2 2 2 2 2 2 2 2 2 2 2 2 2 2 2 2 2
left_child=1 -1 3 4 5 6 7 -3 13 10 11 12 -10 14 -9 -6 -17 18 19 -18 21 22 -21 -22
right_child=-2 2 -4 -5 15 -7 -8 8 9 -11 -12 -13 -14 -15 -16 16 17 -19 -20 20 23 -23 -24 -25
leaf_value=-0.033018851335152831 0.030744105384975743 -0.030700693171231329 -0.034070557568600959 0.027240691323847543 0.020538553147104881 -0.038673391761512764 -0.040475441953610962 -0.031098713947321485 -0.033867020621634478 -0.039917203320143611 0.025316376949759092 0.020595980549088656 0.012861255025178733 0.028889125225217617 0.028080857007077291 -0.041582776794553224 -0.047632361528984764 -0.039816376943753368 0.019283291317648561 0.028752727681874077 0.016711864859166918 0.027226268196421606 -0.045751486202772758 0.0048024595923457517
leaf_weight=1.2688684575259674 149.53397727012634 2.2637842064723364 1.0855930329416867 3.5066209030337623 10.077980244532226 5.8185970121412529 1.7643580494332116 1.6337521921959697 4.952924256504053 2.1308041103766291 6.5614992398768655 6.5430460646166466 2.8297235700301826 9.5659091046545637 1.9491693718591705 3.0192620309535405 1.2450831052847195 1.2674391278997053 13.420687331294173 2.7936975653283316 27.198282377852593 6.6229483439237802 7.1102075222297572 30.367932233959436
leaf_count=258 222 1270 265 56 18 737 507 500 1811 297 70 155 32 12 61 68 43 95 156 4 180 19 142 1022
internal_value=0.0176629 0.00504283 0.00535698 0.00563739 0.00512944 -2.58444e-05 0.00556875 0.00768265 0.0100852 0.00366979 0.00811631 0.000238275 -0.0168769 0.0213158 0.00109596 0.00742972 0.00600987 0.00760601 0.00828318 0.00632363 0.00723032 -0.0039123 -0.0247353 0.0104293
internal_weight=304.532 154.998 153.729 152.644 149.137 46.0136 40.195 38.4306 36.1668 23.018 20.8872 14.3257 7.78265 13.1488 3.58292 103.124 93.0455 90.0263 88.7588 75.3382 74.0931 16.5269 9.90391 57.5662
internal_count=8000 7778 7520 7255 7199 5452 4715 4208 2938 2365 2068 1998 1843 573 561 1747 1729 1661 1566 1410 1367 165 146 1202
is_linear=0
shrinkage=0.03


Tree=122
num_leaves=25
num_cat=0
split_feature=14 5 5 8 15 6 6 6 1 6 15 16 4 16 3 7 4 5 16 5 2 1 5 8
split_gain=54.9314 1.9936 2.4138 2.01139 1.79578 1.70744 1.81639 4.57886 5.97791 4.05815 4.91434 3.34591 3.41207 3.3982 4.65108 2.82536 2.5378 2.23777 2.14518 2.04482 2.86426 2.89352 7.86881 6.13894
threshold=1.0000000180025095e-35 234.50000000000003 233.50000000000003 10624.100000000002 1.0384500000000003 7.7500000000000009 7.9500000000000011 8.5500000000000025 303.55000000000007 8.6500000000000004 1.0293500000000002 0.033864000000000005 53.850000000000001 0.032748500000000007 1428.5000000000002 6816.8400000000011 54.050000000000004 206.50000000000003 0.033356500000000004 224.50000000000003 307.55000000000007 300.55000000000007 214.50000000000003 7129.1500000000005
decision_type=2 2 2 2 2 2 2 2 2 2 2 2 2 2 2 2 2 2 2 2 2 2 2 2
left_child=1 2 3 4 5 -1 -7 8 -8 -9 -11 13 -13 14 -12 19 -14 18 -15 20 -16 -22 23 -23
right_child=-2 -3 -4 -5 -6 6 7 9 -10 10 11 12 16 17 15 -17 -18 -19 -20 -21 21 22 -24 -25
leaf_value=-0.042416722916003617 0.030721579717514991 -0.034790951899909675 0.031789502909221848 -0.033300733756044497 -0.033968124366341446 0.022697064444004614 -0.040205060935935136 0.019130726419946998 0.027851993185583502 -0.044740387666839326 -0.033204028902298698 -0.032823405673409356 0.030631095741607672 -0.031360226499028705 -0.04966675627778807 -0.031690025298732293 -0.030180519895511008 0.030449061067516561 0.013743392717798762 0.016219015664034886 0.0080507899624713188 -0.033414675461328584 -0.043678096905659977 0.013869405516983797
leaf_weight=0.67139585741097008 145.21938335895538 1.1272335713729251 3.0236243009567252 1.2422107826569107 1.054875666683073 5.3465494667179874 4.1726308585493816 18.313282512419391 1.609666579402983 1.8370835363166396 2.9682406310457727 4.127258153865113 1.8401334771770055 1.0764088879805083 0.89319634583080088 1.8514066804782476 0.92966365913161997 7.6147861927747718 8.020204419270156 14.087749876081942 52.068561782769393 3.1098768988740657 3.8897765167057505 12.032600449980235
leaf_count=34 222 13 2 60 264 100 291 96 22 322 380 888 20 125 145 523 404 7 138 20 2540 1267 24 93
internal_value=0.0175076 0.00495809 0.00525329 0.00471392 0.00503404 0.00531495 0.00553477 0.00488141 -0.0212594 0.0060039 0.0039377 0.00471865 -0.0155375 0.00601689 0.00373111 0.00497788 0.0102201 0.0184504 0.00840625 0.00576652 0.00372118 0.00439186 -0.00561828 0.00415847
internal_weight=298.128 152.908 151.781 148.758 147.515 146.46 145.789 140.443 5.7823 134.66 116.347 114.51 6.89706 107.613 90.9014 87.9332 2.7698 16.7114 9.09661 86.0818 71.994 71.1008 19.0323 15.1425
internal_count=8000 7778 7765 7763 7703 7439 7405 7305 313 6992 6896 6574 1312 5262 4992 4612 424 270 263 4089 4069 3924 1384 1360
is_linear=0
shrinkage=0.03


Tree=123
num_leaves=25
num_cat=0
split_feature=14 1 15 15 8 8 7 2 1 3 3 15 7 5 5 4 8 7 5 7 7 7 4 2
split_gain=54.0959 1.94227 1.75304 1.75592 1.78392 10.513 4.16864 3.80177 2.77798 8.20411 2.65135 2.26718 2.19022 3.6829 2.09744 5.96666 3.38143 4.49892 2.66955 1.761 9.19589 3.34034 7.20387 2.22476
threshold=1.0000000180025095e-35 296.85000000000008 1.0384500000000003 1.0383500000000001 6251.7000000000007 5279.7000000000007 7319.5300000000007 309.15000000000003 300.75000000000006 1422.5000000000002 1437.5000000000002 1.0375500000000002 7012.1900000000014 100.50000000000001 130.50000000000003 48.050000000000004 10129.500000000002 6830.4850000000015 228.50000000000003 6677.9800000000005 6403.5300000000007 6189.1500000000005 37.850000000000001 307.85000000000008
decision_type=2 2 2 2 2 2 2 2 2 2 2 2 2 2 2 2 2 2 2 2 2 2 2 2
left_child=1 -1 3 4 5 6 7 -3 10 12 -9 -12 13 -10 -6 16 17 18 19 20 21 22 23 -16
right_child=-2 2 -4 -5 14 -7 -8 8 9 -11 11 -13 -14 -15 15 -17 -18 -19 -20 -21 -22 -23 -24 -25
leaf_value=-0.032882778070503854 0.030699747977533779 -0.030692138020438815 -0.033853520722772597 0.026845202316777089 0.026361043775481822 -0.03841418940178154 -0.040929926312695486 -0.030396787501380848 -0.034571665192665628 -0.035973057669978464 0.021037232014625123 -0.0356478398628313 0.024702269975846295 0.028634214072991618 0.024501628168033571 -0.032098347790703662 0.029336227371488464 -0.035672054074025523 -0.017486661741964397 0.019457787733747938 -0.037305073323345359 0.019658017656149707 -0.036863670146676034 0.005353124109754687
leaf_weight=1.2168600247823622 141.02620840072632 2.2005679063149719 1.0288232419406984 3.3716065607732153 4.869519335217773 5.6190754297422236 1.6671593078644935 1.0195652397815163 1.7879023159621268 4.1197747343103392 19.489306679111909 0.65641291456995432 6.4486464040819556 1.5481097156298345 6.4466219738824284 3.5304077331093131 6.0426586098037651 2.2573534250841467 3.7533982582390299 11.158685097587293 4.0401839549886054 19.69837425055448 3.4408376723877145 35.710072505113203
leaf_count=258 222 1270 265 56 87 737 507 216 126 1427 884 220 45 20 17 504 10 250 15 104 220 150 116 274
internal_value=0.0173364 0.00486577 0.00517219 0.00544188 0.00494593 -5.39934e-05 0.00548178 0.00755785 0.00995797 -0.000459317 0.0168016 0.0191902 0.0144935 -0.00524035 0.0071528 0.00617927 0.00763944 0.00612386 0.00724374 0.0083969 0.0066168 0.00933446 0.00487463 0.00828132
internal_weight=292.148 151.122 149.905 148.876 145.505 44.5565 38.9374 37.2703 35.0697 13.9044 21.1653 20.1457 9.78466 3.33601 100.948 96.0786 92.5482 86.5055 84.2482 80.4948 69.3361 65.2959 45.5975 42.1567
internal_count=8000 7778 7520 7255 7199 5452 4715 4208 2938 1618 1320 1104 191 146 1747 1660 1156 1146 896 881 777 557 407 291
is_linear=0
shrinkage=0.03


Tree=124
num_leaves=25
num_cat=0
split_feature=14 1 15 15 15 8 8 7 2 1 3 3 7 5 4 16 16 4 15 4 4 2 2 2
split_gain=53.1686 1.87281 1.68964 1.69285 1.7147 1.7096 10.1266 4.03322 3.64651 2.73701 7.92305 2.43308 2.0928 3.55647 2.05422 7.02805 2.13699 7.29796 2.95945 2.79267 15.4175 5.08345 2.55528 3.70127
threshold=1.0000000180025095e-35 296.85000000000008 1.0384500000000003 1.0383500000000001 1.0380500000000004 6251.7000000000007 5279.7000000000007 7319.5300000000007 309.15000000000003 300.75000000000006 1422.5000000000002 1437.5000000000002 7012.1900000000014 100.50000000000001 31.050000000000004 0.021038000000000005 0.021391000000000004 34.95000000000001 1.0376500000000004 36.150000000000013 37.45000000000001 308.25000000000006 311.85000000000008 313.15000000000003
decision_type=2 2 2 2 2 2 2 2 2 2 2 2 2 2 2 2 2 2 2 2 2 2 2 2
left_child=1 -1 3 4 5 6 7 8 -3 11 12 -10 13 -11 -7 -16 -17 -18 19 -19 -21 -22 -23 -24
right_child=-2 2 -4 -5 -6 14 -8 -9 9 10 -12 -13 -14 -15 15 16 17 18 -20 20 21 22 23 -25
leaf_value=-0.032794641132142865 0.030678591511736436 -0.030685035004219558 -0.033748895168986062 0.026582683726627334 -0.034070264708284947 0.020402359661527123 -0.038393610583853759 -0.041264431650528968 -0.030378957056409733 -0.034453131358147024 -0.035891490317584374 0.019100884920876009 0.024382559505000723 0.02842687591541038 -0.041361637804447918 0.026302675079621439 -0.04578310609315385 0.021836082884136125 -0.039442852674920814 -0.051365082142550006 -0.040720266868109402 0.012798045231666113 -0.03474004759865526 0.025478253210851613
leaf_weight=1.184022165602072 136.95121049880981 2.1036760819260953 1.0014654352562491 3.3037872229469931 1.0109590386273328 9.7300346698611957 5.3695364644518113 1.5826817514025595 0.93674990476575004 1.7409411665284991 4.005658723646774 19.79480525595136 6.3388815741054714 1.5131496639223767 2.7462771638529366 5.0601032465929157 2.3593257035245179 11.922649729473049 1.1776845410931844 3.9558262359932987 1.7480683008325275 56.533132917422336 2.4579769205884072 1.4668164023896677
leaf_count=258 222 1240 265 56 191 17 714 486 203 126 1425 1038 45 20 66 15 38 62 120 71 142 1015 145 20
internal_value=0.0171845 0.00478527 0.0050862 0.00535102 0.00486239 0.00513852 0.000171655 0.00561869 0.00765529 0.0100047 -0.000454286 0.0168652 0.0143429 -0.00521398 0.00731174 0.00588744 0.0073844 0.00621157 0.00775925 0.00847116 0.00606274 0.00971471 0.011173 -0.0122346
internal_weight=285.995 149.044 147.86 146.859 143.555 142.544 43.3861 38.0165 36.4339 34.3302 13.5986 20.7316 9.59297 3.25409 99.1579 89.4279 86.6816 81.6215 79.2622 78.0845 66.1618 62.206 60.4579 3.92479
internal_count=8000 7778 7520 7255 7199 7008 5297 4583 4097 2857 1616 1241 191 146 1711 1694 1628 1613 1575 1455 1393 1322 1180 165
is_linear=0
shrinkage=0.03


Tree=125
num_leaves=25
num_cat=0
split_feature=14 5 5 8 3 7 6 5 16 5 5 7 15 15 8 16 1 15 3 4 15 2 1 1
split_gain=52.288 1.80713 2.33253 1.84967 1.66884 6.68222 5.93713 4.61821 4.08871 4.47821 7.99128 3.03426 2.28407 8.85995 9.62402 4.14955 2.5564 6.4323 8.94093 2.12388 6.2668 1.66643 1.6176 4.2903
threshold=1.0000000180025095e-35 234.50000000000003 233.50000000000003 10624.100000000002 1456.5000000000002 6403.5300000000007 8.5500000000000025 144.50000000000003 0.026312500000000003 206.50000000000003 203.50000000000003 6660.3400000000011 1.0320500000000001 1.0362500000000001 8591.8000000000011 0.025377500000000004 299.15000000000003 1.0367500000000003 2267.5000000000005 28.750000000000004 1.0319500000000004 311.85000000000008 302.25000000000006 302.15000000000003
decision_type=2 2 2 2 2 2 2 2 2 2 2 2 2 2 2 2 2 2 2 2 2 2 2 2
left_child=1 2 3 4 8 6 -6 -8 -1 10 11 -10 15 14 -14 19 17 -15 -19 20 -9 22 23 -13
right_child=-2 -3 -4 -5 5 -7 7 12 9 -11 -12 21 13 16 -16 -17 -18 18 -20 -21 -22 -23 -24 -25
leaf_value=-0.060971440638980412 0.030658089227337957 -0.034358136631139666 0.031700387046134947 -0.033081368329649467 -0.039296403650110237 -0.033044072532055366 -0.030165391677299421 -0.047638618340189752 -0.031649053193901239 0.01902695360895337 -0.056156508734852194 0.0088130294875317736 -0.042035127351784433 0.019351200962484969 0.030754918524809487 -0.035357979688503877 0.018696957007581779 -0.038833591437960266 0.032672965312880629 0.018021980845768414 0.031555146532934793 -0.031109937943026092 0.021095322331067545 -0.048417376932950652
leaf_weight=0.74867385119432484 132.99122714996338 1.0583651633933175 2.8832273483276358 1.1723378884489637 2.740097335074096 4.6125340606085947 3.1101446599350302 1.7283591746818301 1.8108117912197546 25.254551714751869 1.9863961962983001 17.81820871270612 6.6711592809879203 8.6367609471781233 2.1653930228203535 1.5272570164524939 15.107170523377134 5.4959921035915604 2.2051815991289914 28.313234725384973 1.8748060229700059 0.92797734442865376 8.0032357242889685 1.2624233480310056
leaf_count=27 222 13 2 60 269 1182 2383 111 705 64 25 1473 367 67 3 62 122 194 3 297 8 214 92 35
internal_value=0.0170255 0.00470171 0.00498475 0.00444675 0.00475658 0.00206152 0.00409639 0.00564386 0.00868121 0.00959505 0.00210667 0.0059874 0.00715449 0.0023431 -0.024198 0.0129496 0.00980154 0.00157623 -0.0183581 0.0152612 -0.00643236 0.00842039 0.00977482 0.00502652
internal_weight=280.106 147.114 146.056 143.173 142 84.1881 79.5756 76.8355 57.8123 57.0636 31.8091 29.8227 73.7253 40.2817 8.83655 33.4437 31.4451 16.3379 7.70117 31.9164 3.60317 28.0118 27.0839 19.0806
internal_count=8000 7778 7765 7763 7703 5068 3886 3617 2635 2608 2544 2519 1234 756 370 478 386 264 197 416 119 1814 1600 1508
is_linear=0
shrinkage=0.03


Tree=126
num_leaves=25
num_cat=0
split_feature=14 1 6 15 6 16 6 15 16 4 16 3 7 4 5 5 8 5 8 15 5 5 15 15
split_gain=51.3646 1.74597 1.61024 2.05918 6.92967 4.25926 3.70631 4.86911 4.08602 3.19199 3.13158 4.28719 2.53185 2.48822 2.09626 2.04178 2.5742 7.28135 7.15209 3.23422 3.65061 7.61974 4.93802 10.2278
threshold=1.0000000180025095e-35 296.85000000000008 7.7500000000000009 1.0270500000000002 8.5500000000000025 0.028273500000000003 8.6500000000000004 1.0293500000000002 0.033864000000000005 53.850000000000001 0.032748500000000007 1428.5000000000002 6816.8400000000011 54.050000000000004 206.50000000000003 224.50000000000003 8232.5500000000011 218.50000000000003 7822.8500000000013 1.0303500000000001 215.50000000000003 209.50000000000003 1.0319500000000004 1.0366500000000001
decision_type=2 2 2 2 2 2 2 2 2 2 2 2 2 2 2 2 2 2 2 2 2 2 2 2
left_child=1 -1 -3 5 -5 -4 -6 -8 10 -10 11 -9 15 -11 -12 16 17 18 19 -13 21 22 -21 -24
right_child=-2 2 3 4 6 -7 7 8 9 13 14 12 -14 -15 -16 -17 -18 -19 -20 20 -22 -23 23 -25
leaf_value=-0.032631492648249119 0.030638220699049146 -0.041744536177319408 -0.040671713391059995 -0.038832810254853738 0.018186417763475678 0.026970519434039768 -0.043017918875193774 -0.033121713057382547 -0.032675358463835513 0.030322853579742851 0.0081364127638836672 -0.033900652988959848 -0.03166788196763632 -0.030201518315422705 0.030190879321488142 0.015310606767486081 0.012760712502150516 -0.045018874525133958 -0.043832520023735118 0.020663441827102991 0.026504736460785258 -0.039647448442474358 -0.037712083820990304 0.01195563390200491
leaf_weight=1.1233021724037815 129.14317524433136 0.66257170971948554 0.94241224945289825 3.281453513656742 17.433592051151209 7.5474218542221934 2.0037873606488565 2.7874969612166742 4.6122430938703465 1.7036363399238328 8.6413082026992907 1.7985993167385448 1.6910135410435021 0.95345241087488819 7.037765070796012 15.335634518414734 18.594604316516779 3.0765859447419635 2.8093057912774375 14.537186563131398 7.2918216139078131 3.3800326213240615 5.3244603267521624 12.471961698262019
leaf_count=258 222 35 131 213 98 71 326 383 899 20 264 443 532 427 7 28 79 18 60 845 6 38 1443 1154
internal_value=0.0168775 0.00462507 0.00491587 0.00513168 0.00422892 0.0194619 0.00530361 0.00333437 0.0041633 -0.0175867 0.00567229 0.00349661 0.00467924 0.00860468 0.0180359 0.00540558 0.00321318 -0.000289148 0.00260111 0.00551259 0.00716095 0.00321144 0.00769175 -0.00290431
internal_weight=274.185 145.042 143.918 143.256 134.766 8.48983 131.484 114.051 112.047 7.26933 104.778 89.0987 86.3112 2.65709 15.6791 84.6202 69.2846 50.69 47.6134 44.8041 43.0055 35.7136 32.3336 17.7964
internal_count=8000 7778 7520 7485 7283 202 7070 6972 6646 1346 5300 5029 4646 447 271 4114 4086 4007 3989 3929 3486 3480 3442 2597
is_linear=0
shrinkage=0.03


Tree=127
num_leaves=25
num_cat=0
split_feature=14 5 5 8 2 2 15 15 8 4 1 16 3 3 2 1 2 5 2 7 8 2 2 2
split_gain=50.4564 1.73555 2.23597 1.72804 1.5817 3.81536 1.63946 5.97524 4.58567 4.104 3.59713 2.74531 3.3196 7.84317 5.34059 4.37008 3.12273 3.0854 2.24582 6.24882 6.74023 3.73264 3.70857 7.84954
threshold=1.0000000180025095e-35 234.50000000000003 233.50000000000003 10624.100000000002 313.15000000000003 312.05000000000007 1.0320500000000001 1.0335500000000002 8591.8000000000011 39.150000000000013 300.75000000000006 0.033727500000000007 1475.5000000000002 1522.5000000000002 310.65000000000003 298.65000000000003 308.25000000000006 205.50000000000003 311.05000000000007 5715.3000000000011 7885.6500000000005 311.45000000000005 310.85000000000008 310.75000000000006
decision_type=2 2 2 2 2 2 2 2 2 2 2 2 2 2 2 2 2 2 2 2 2 2 2 2
left_child=1 2 3 4 5 6 18 8 -8 -10 11 12 16 -14 15 17 -9 -15 22 -20 21 -21 23 -1
right_child=-2 -3 -4 -5 -6 -7 7 10 9 -11 -12 -13 13 14 -16 -17 -18 -19 19 20 -22 -23 -24 -25
leaf_value=0.0087941629748790641 0.030618963517152702 -0.034237872246996148 0.031614788457484867 -0.032908664096893456 0.025278682564235724 -0.033458591511576756 -0.039397220154570103 -0.049445344311599734 0.032495739345947877 -0.034636510263131262 -0.03957694514575362 -0.032695430869278667 -0.040195402328269056 -0.031760534136011959 0.019962871228234449 -0.038770722222155586 0.020569459955614065 0.0092814124825214579 -0.048738449765375377 -0.036561665826985952 -0.041406494408515709 0.024522306950336741 0.023193743601198274 -0.052225020005860656
leaf_weight=39.985247601027368 125.40405106544495 1.030779568478464 2.7508087158203116 1.1142442479613226 3.2512571935658334 2.3906474918185259 5.2709219514508714 0.59362219314789655 2.022189855575562 1.3781031480175441 1.5823213831172314 1.5719686928787258 3.5444951655517789 1.980633668834346 14.52258145122323 2.8876082214992485 16.763131584331859 9.8318677553907019 2.2515496636333401 1.0157832543482053 2.1660012997454023 7.9216910036629997 15.198595667403422 1.9918967744451936
leaf_count=1693 222 13 2 60 112 545 939 109 1 69 142 656 451 854 287 302 571 41 195 180 51 171 211 123
internal_value=0.0167287 0.00454918 0.00483076 0.00430161 0.00460178 0.00410334 0.00478115 0.00122019 -0.0218747 0.00528774 0.00497896 0.00634274 0.00756704 0.00194808 0.00705977 -0.00568751 0.0181749 0.0023998 0.00790886 -0.00316766 0.00607313 0.0175798 0.0104961 0.00589868
internal_weight=268.422 143.018 141.987 139.236 138.122 134.871 132.48 61.9494 8.67121 3.40029 53.2782 51.6959 50.1239 32.7672 29.2227 14.7001 17.3568 11.8125 70.5308 13.355 11.1035 8.93747 57.1757 41.9771
internal_count=8000 7778 7765 7763 7703 7591 7046 4422 1009 70 3413 3271 2615 1935 1484 1197 680 895 2624 597 402 351 2027 1816
is_linear=0
shrinkage=0.03


Tree=128
num_leaves=25
num_cat=0
split_feature=14 5 5 8 3 7 15 15 8 4 1 2 7 1 4 3 4 2 8 2 2 2 2 1
split_gain=49.6126 1.6719 2.17844 1.66648 1.56471 3.09176 1.78246 5.16956 4.39408 3.9702 3.45872 2.74131 10.9378 3.79717 3.25507 4.15399 8.14508 3.91871 2.95355 2.35832 5.63774 3.38666 6.39675 3.43027
threshold=1.0000000180025095e-35 234.50000000000003 233.50000000000003 10624.100000000002 2267.5000000000005 4096.0950000000012 1.0320500000000001 1.0335500000000002 8591.8000000000011 39.150000000000013 300.75000000000006 310.65000000000003 5632.4300000000012 298.85000000000008 46.350000000000001 1475.5000000000002 35.850000000000001 308.15000000000003 8377.4000000000033 311.05000000000007 311.45000000000005 310.85000000000008 310.75000000000006 302.05000000000007
decision_type=2 2 2 2 2 2 2 2 2 2 2 2 2 2 2 2 2 2 2 2 2 2 2 2
left_child=1 2 3 4 5 -1 19 8 -8 -10 11 12 -9 14 15 -14 17 -17 -13 21 -21 22 23 -7
right_child=-2 -3 -4 -5 -6 6 7 10 9 -11 -12 18 13 -15 -16 16 -18 -19 -20 20 -22 -23 -24 -25
leaf_value=-0.045560718340645227 0.030600296720524278 -0.034102689442499542 0.031564560360493793 -0.032827831278600811 0.029757502921089404 0.0039899985759491519 -0.039443685057375784 -0.038735197902640239 0.032415941483682459 -0.034501088534032574 -0.038884450080184027 0.017605260780870317 0.025221048229214532 -0.032684679440967625 -0.033399625590653084 0.032077344121941909 -0.039373542179170308 -0.035696450683963793 -0.040147023009905067 -0.043204827244051586 0.0049123785871879565 0.022868060909083634 -0.050748753114173512 0.025297571662756584
leaf_weight=1.1185033988440398 121.77091705799103 1.0042207371443499 2.6736937761306754 1.0839357312070195 2.175306225748499 31.062421177281067 4.914907490485346 5.3599488155450699 1.9671829938888552 1.3425441402359863 1.6216681363584928 17.188964720815424 13.153733945218855 1.8670374306675501 1.3513944674923539 4.5765245520742592 3.2199836232757661 0.9226163952553178 0.83573036431334813 2.5427654998202369 15.865436743450116 14.959996365592813 1.7012758118216869 8.7056784105952811
leaf_count=99 222 13 2 60 35 1504 945 643 1 69 193 603 378 336 524 37 524 135 54 297 841 208 120 157
internal_value=0.0165683 0.00446839 0.00474464 0.00422327 0.00451759 0.0041087 0.00452591 0.000594154 -0.0214494 0.00527199 0.00421309 0.00565483 0.000166139 0.00847616 0.0117852 0.0145769 -0.00148106 0.0207066 0.0149275 0.00759 -0.00173416 0.0106317 0.00621745 0.00865446
internal_weight=262.986 141.215 140.211 137.538 136.454 134.278 133.16 58.3222 8.22463 3.30973 50.0976 48.4759 30.4512 25.0913 23.2243 21.8729 8.71912 5.49914 18.0247 74.8376 18.4082 56.4294 41.4694 39.7681
internal_count=8000 7778 7765 7763 7703 7668 7569 4442 1015 70 3427 3234 2577 1934 1598 1074 696 172 657 3127 1138 1989 1781 1661
is_linear=0
shrinkage=0.03


Tree=129
num_leaves=25
num_cat=0
split_feature=14 5 5 8 2 2 6 6 7 6 2 8 5 2 16 2 2 6 4 5 1 5 15 7
split_gain=48.7668 1.6109 2.1221 1.60739 1.51765 3.67452 1.52389 1.6802 4.00087 3.41014 3.43258 2.5606 2.471 2.82273 2.7568 2.34226 10.2772 3.93869 7.69851 3.07742 4.00434 6.92622 2.32021 7.27298
threshold=1.0000000180025095e-35 234.50000000000003 233.50000000000003 10624.100000000002 313.15000000000003 312.05000000000007 7.7500000000000009 8.6500000000000004 5440.5250000000005 8.8500000000000032 311.85000000000008 9826.3000000000011 202.50000000000003 309.15000000000003 0.032748500000000007 310.55000000000007 309.85000000000008 10.950000000000001 21.850000000000005 219.50000000000003 297.35000000000008 209.50000000000003 1.0369500000000003 5860.5750000000007
decision_type=2 2 2 2 2 2 2 2 2 2 2 2 2 2 2 2 2 2 2 2 2 2 2 2
left_child=1 2 3 4 5 6 -1 8 -8 -9 11 12 13 -11 15 16 17 19 -19 20 -14 -22 23 -17
right_child=-2 -3 -4 -5 -6 -7 7 9 -10 10 -12 -13 14 -15 -16 22 -18 18 -20 -21 21 -23 -24 -25
leaf_value=-0.041835533828042455 0.030582208199266235 -0.033972151898191874 0.031515972885422718 -0.032749098553694504 0.024904867841816163 -0.033384763961756179 -0.039630301948969091 -0.045777289338184417 0.014264091277471191 -0.030196338214083077 -0.038939875044387624 -0.034115841541683505 0.027733394650965637 0.00060608185575183817 0.024604612725710715 -0.024199099434164661 -0.041775307061363821 0.032504083161526247 -0.039245120159405178 0.026674397122072136 0.0092532571072708007 -0.041837098561543787 0.022344181464492543 0.017105780390688927
leaf_weight=0.6325473771430542 118.24088859558105 0.97822959069162507 2.5986139774322501 1.054391342884627 3.183177694620098 2.3316148443554985 1.3042199862538861 1.2686356990307093 25.051601345476229 3.0747719273495049 1.6697847254690703 1.5269577393773932 4.751824054867039 20.727931365458062 7.803109739907085 5.3662656869273695 4.5137660186737767 2.0279083251953116 4.0020056506618857 8.4190833643078786 8.6710842652246338 3.2958802902139714 11.699143148958681 13.459891443140803
leaf_count=34 222 13 2 60 112 545 127 211 365 2328 139 90 6 3464 10 31 45 1 51 10 40 37 17 40
internal_value=0.0164102 0.00439033 0.00466141 0.00414767 0.00443631 0.0039412 0.00461446 0.00484288 0.0115971 0.00310239 0.0037163 0.0044333 0.00503509 -0.0033729 0.00773922 0.00575147 0.000532377 0.00665944 -0.0151153 0.0118826 0.00443393 -0.00481779 0.0118522 0.00533211
internal_weight=257.653 139.412 138.434 135.836 134.781 131.598 129.266 128.634 26.3558 102.278 101.009 99.3396 97.8127 23.8027 74.01 66.2069 35.6816 31.1678 6.02991 25.1379 16.7188 11.967 30.5253 18.8262
internal_count=8000 7778 7765 7763 7703 7591 7046 7012 492 6520 6309 6170 6080 5792 288 278 190 145 52 93 83 77 88 71
is_linear=0
shrinkage=0.03


Tree=130
num_leaves=25
num_cat=0
split_feature=14 5 5 8 15 6 6 6 1 6 15 16 4 16 3 7 4 5 16 5 16 7 16 4
split_gain=47.939 1.55225 2.0673 1.55045 1.47778 1.46775 1.52261 3.89497 4.91936 3.28768 3.95546 2.77802 2.93964 2.81773 4.00623 2.39134 2.18056 2.06843 1.8946 1.82274 2.59985 3.89513 1.80771 4.92585
threshold=1.0000000180025095e-35 234.50000000000003 233.50000000000003 10624.100000000002 1.0384500000000003 7.7500000000000009 7.9500000000000011 8.5500000000000025 303.55000000000007 8.6500000000000004 1.0293500000000002 0.033864000000000005 53.850000000000001 0.032748500000000007 1428.5000000000002 6816.8400000000011 54.050000000000004 206.50000000000003 0.033356500000000004 212.50000000000003 0.035356500000000006 6758.5500000000011 0.030702000000000004 41.350000000000001
decision_type=2 2 2 2 2 2 2 2 2 2 2 2 2 2 2 2 2 2 2 2 2 2 2 2
left_child=1 2 3 4 5 -1 -7 8 -8 19 -11 13 -13 14 -12 22 -14 18 -15 20 21 -9 23 -16
right_child=-2 -3 -4 -5 -6 6 7 9 -10 10 11 12 16 17 15 -17 -18 -19 -20 -21 -22 -23 -24 -25
leaf_value=-0.041454373625775982 0.030564668475586896 -0.03384607719169213 0.031468963771099916 -0.032672419994147051 -0.033708747689657204 0.021360247795670816 -0.038924921325086681 0.0087467050959589756 0.027141091094330182 -0.042527764629395171 -0.0329559402986307 -0.032586885244316459 0.030112228276496459 -0.031400268600337733 0.0056670358972648483 -0.03160169361219374 -0.030164732430846226 0.029962784397316207 0.0126941129321584 0.031559813346717737 0.022714706689289273 -0.057139754418021715 0.025862988681672222 -0.033770757256078657
leaf_weight=0.61941145424498145 114.8111869096756 0.95280123129486938 2.5255236625671378 1.0255945434037119 0.91166953076026302 4.8335237909341222 3.7961643890594123 3.3286377036129142 1.3842513564741237 1.6654292527236965 2.6774014382681335 3.6556761700485358 1.6181647907942536 0.9965492252376843 71.693078162526945 1.6310280239849806 0.81078047008486454 6.5367770940065375 7.3098119465867057 5.6529788225889197 6.4149894714355469 1.0662305265432221 3.6004006020957595 2.9683644893520968
leaf_count=34 222 13 2 60 264 100 291 66 22 322 380 888 20 125 3583 523 404 7 138 4 11 15 39 467
internal_value=0.01625 0.00431253 0.00457845 0.00407238 0.00435536 0.00461774 0.00483453 0.00420461 -0.0212715 0.00528971 0.00333819 0.00407624 -0.0155897 0.00530461 0.00314134 0.00435104 0.00999181 0.0173386 0.00740392 0.0177559 0.0105371 -0.00723788 0.00510032 0.00409908
internal_weight=252.486 137.675 136.722 134.197 133.171 132.26 131.64 126.807 5.18042 121.626 105.163 103.498 6.08462 97.4134 82.5703 79.8929 2.42895 14.8431 8.30636 16.4628 10.8099 4.39487 78.2618 74.6614
internal_count=8000 7778 7765 7763 7703 7439 7405 7305 313 6992 6896 6574 1312 5262 4992 4612 424 270 263 96 92 81 4089 4050
is_linear=0
shrinkage=0.03


Tree=131
num_leaves=25
num_cat=0
split_feature=14 1 3 7 4 3 1 7 16 16 5 1 2 4 4 2 7 2 2 2 5 8 5 7
split_gain=47.1844 1.51057 1.44431 2.85319 1.50982 6.66039 2.91847 2.04757 2.49965 3.65757 4.93313 2.49125 2.02437 3.01377 10.7481 7.87861 7.0565 3.06202 2.9017 3.05038 1.88069 7.1948 3.90005 3.2993
threshold=1.0000000180025095e-35 296.85000000000008 2267.5000000000005 4096.0950000000012 23.650000000000002 1737.5000000000002 300.75000000000006 4898.0900000000011 0.017873000000000003 0.020393000000000005 233.50000000000003 299.15000000000003 307.85000000000008 37.45000000000001 35.95000000000001 311.45000000000005 5982.1650000000009 308.25000000000006 311.85000000000008 313.15000000000003 206.50000000000003 9474.8000000000011 205.50000000000003 6146.6650000000009
decision_type=2 2 2 2 2 2 2 2 2 2 2 2 2 2 2 2 2 2 2 2 2 2 2 2
left_child=1 -1 3 -3 6 7 -5 -6 11 10 -10 -9 -11 14 15 16 -14 -15 20 -20 21 -19 -23 -22
right_child=-2 2 -4 4 5 -7 -8 8 9 12 -12 -13 13 17 -16 -17 -18 18 19 -21 23 22 -24 -25
leaf_value=-0.032323188260095531 0.03054767512913048 -0.044280590167105303 0.029433750920167638 0.024204339202064089 -0.039024335377526913 -0.0424020994447653 -0.042488651318021771 -0.032920172343052077 -0.038131510757873917 0.021818410325318924 0.027650983222593049 0.021803118685665857 -0.037853170242828929 -0.038888681938785565 -0.04548841319827273 0.026039964116498726 0.023279435337420478 0.0066055894893564428 -0.033448935644574199 0.020350368769022471 -0.0091790495231251403 -0.034245282044273184 -0.15138128471804033 0.017199723178767921
leaf_weight=1.0100457334774535 111.47905969619751 1.0873964086931653 2.0592359440634018 6.3850099009287069 0.95238160996814158 2.7518971878744187 0.65070536045823235 0.80242131624254298 3.868584463838487 6.0279971673153332 1.3963104970753191 11.185946387035072 4.8730714092671432 1.3086533839232277 4.8226178430486462 8.1979762428672966 2.6092853909649421 34.074020244705025 2.9815859406953669 1.3910348897334186 4.9364198520779601 1.0057716487499408 0.34308193530887354 31.483101419871673
leaf_count=258 222 97 35 133 137 410 121 104 633 212 3 173 585 221 419 119 51 3280 432 72 22 131 6 124
internal_value=0.0160743 0.00422823 0.0045013 0.00411567 0.0045142 0.00375318 0.0180362 0.00479207 0.00513607 0.00370998 -0.0206852 0.0181403 0.00494432 0.00390667 -0.00632186 0.00572414 -0.0165347 0.00661184 0.00739311 -0.0163341 0.00883725 0.00391555 -0.0640389 0.0136243
internal_weight=247.684 136.205 135.195 133.135 132.048 125.012 7.03572 122.26 121.308 109.32 5.26489 11.9884 104.055 98.0266 20.503 15.6803 7.48236 77.5237 76.215 4.37262 71.8424 35.4229 1.34885 36.4195
internal_count=8000 7778 7520 7485 7388 7134 254 6724 6587 6310 636 277 5674 5462 1174 755 636 4288 4067 504 3563 3417 137 146
is_linear=0
shrinkage=0.03


Tree=132
num_leaves=25
num_cat=0
split_feature=14 1 6 15 6 16 6 15 16 4 16 3 7 4 5 5 3 1 4 8 2 15 2 5
split_gain=46.4058 1.45686 1.43316 1.74273 6.17464 3.7506 3.12149 4.01805 3.45611 2.86974 2.62824 3.82313 2.26093 2.23623 2.02053 1.8601 2.32045 5.75761 4.03912 6.21843 4.74608 2.82732 2.5397 5.35065
threshold=1.0000000180025095e-35 296.85000000000008 7.7500000000000009 1.0270500000000002 8.5500000000000025 0.028273500000000003 8.6500000000000004 1.0293500000000002 0.033864000000000005 53.850000000000001 0.032748500000000007 1428.5000000000002 6816.8400000000011 54.050000000000004 206.50000000000003 224.50000000000003 1568.5000000000002 300.55000000000007 29.150000000000002 7677.1000000000013 309.15000000000003 1.0379500000000002 308.95000000000005 214.50000000000003
decision_type=2 2 2 2 2 2 2 2 2 2 2 2 2 2 2 2 2 2 2 2 2 2 2 2
left_child=1 -1 -3 5 -5 -4 -6 -8 10 -10 11 -9 15 -11 -12 16 21 18 20 -20 -18 22 -13 -24
right_child=-2 2 3 4 6 -7 7 8 9 13 14 12 -14 -15 -16 -17 17 -19 19 -21 -22 -23 23 -25
leaf_value=-0.032252519664350006 0.030531196367995912 -0.041002656326424608 -0.038889095144514767 -0.038193724956293258 0.01713283208965255 0.025895106729896106 -0.041084486332210735 -0.032862596012912498 -0.032406453838697939 0.029938831684988971 0.0071623753865523712 0.018442287975320625 -0.031564981623512546 -0.030188690323132289 0.029764587264190935 0.014786234323352774 -0.038650143296180474 -0.037208549849525416 -0.036194236439994205 0.021048413868097485 0.017547659601260021 -0.038924063158340509 0.0072185381723353405 -0.0419831899134189
leaf_weight=0.98230964536196452 108.24186050891876 0.62235486134886642 0.91010153785464254 3.0781539254239751 16.107359686167911 6.916771906777285 1.8320324147061899 2.5784026098845052 4.1640910601126953 1.569247941777576 8.2307624996174109 14.885485243750734 1.5558595857874014 0.86274534818949167 6.2722421064972869 14.201997196301816 1.517379214434192 4.0194610455364446 4.8169112568430128 2.6463152413489297 12.447530233708674 1.1526892645051692 21.080084556015212 2.1965220095589748
leaf_count=258 222 35 131 213 98 71 326 383 899 20 264 471 532 427 7 28 312 749 818 9 286 215 1207 19
internal_value=0.0159059 0.00414874 0.00441626 0.00462872 0.00377029 0.0183621 0.00482788 0.0029586 0.00373297 -0.0172841 0.00515334 0.0030967 0.00424819 0.0086087 0.0169374 0.00495382 0.00279764 -0.00426067 0.00191964 -0.0158971 0.0114414 0.00736632 0.00876453 0.00257556
internal_weight=242.889 134.647 133.665 133.042 125.215 7.82687 122.137 106.03 104.198 6.59608 97.6016 83.0986 80.5202 2.43199 14.503 78.9644 64.7624 25.4476 21.4281 7.46323 13.9649 39.3148 38.1621 23.2766
internal_count=8000 7778 7520 7485 7283 202 7070 6972 6646 1346 5300 5029 4646 447 271 4114 4086 2174 1425 827 598 1912 1697 1226
is_linear=0
shrinkage=0.03


Tree=133
num_leaves=25
num_cat=0
split_feature=14 5 5 3 7 16 3 1 7 16 16 1 0 2 2 2 4 2 1 2 7 2 2 2
split_gain=45.5764 1.45097 1.95073 1.43974 2.6423 1.61092 5.84429 2.75139 1.85775 2.55508 7.08986 2.45567 1.83236 3.45661 2.72144 9.29732 6.5722 7.88273 4.11071 3.33503 3.49196 9.66116 5.33678 4.45565
threshold=1.0000000180025095e-35 234.50000000000003 233.50000000000003 2267.5000000000005 4096.0950000000012 0.012719500000000002 1737.5000000000002 300.75000000000006 4898.0900000000011 0.017873000000000003 0.020393000000000005 299.15000000000003 1.5000000000000002 311.55000000000007 311.75000000000006 311.05000000000007 37.45000000000001 308.15000000000003 297.25000000000006 308.25000000000006 6297.9800000000005 310.65000000000003 309.75000000000006 309.35000000000008
decision_type=2 2 2 2 2 2 2 2 2 2 2 2 2 2 2 2 2 2 2 2 2 2 2 2
left_child=1 2 3 4 -1 7 8 -6 -7 11 -11 -10 14 -14 15 16 17 18 -12 -18 -21 22 23 -22
right_child=-2 -3 -4 -5 5 6 -8 -9 9 10 12 -13 13 -15 -16 -17 19 -19 -20 20 21 -23 -24 -25
leaf_value=-0.043775287618552761 0.030515221939894359 -0.033616456170215157 0.031364006775995969 0.029219373076349149 0.024155953076813497 -0.038531779511259925 -0.042177199263198975 -0.04182494133535105 -0.032677560640379771 -0.037915236398597812 -0.046144464843770064 0.021400507083267115 0.018308560373891867 -0.040742728226879105 0.014400727097045499 -0.039028432477244357 -0.035188395391840342 -0.038861980085462072 0.022812779573216032 0.018194392464875236 -0.032969725038450942 0.017417858097910681 -0.041735799077293669 0.011393008168916132
leaf_weight=1.0573961805494025 105.09698921442032 0.91280412673950095 2.3606127500534049 1.9817861163755868 6.1606040237238622 0.91656422993400966 2.5184521554911035 0.62665715612820339 0.81213035676046175 3.7020226051972704 0.94922570540802365 10.883233089960411 13.264670976321209 0.95647071916028004 14.870754444302291 5.0307667462038799 1.589702297351322 6.590121045417618 4.3141025915392675 21.652695291297277 2.9914708636060841 17.581059222255135 4.7663906376983496 6.3900921614549588
leaf_count=99 222 13 2 35 139 142 426 115 111 655 62 173 500 93 628 655 481 761 63 507 823 343 658 294
internal_value=0.0157528 0.0040769 0.00433762 0.00384537 0.00345135 0.0038459 0.00304024 0.018064 0.00401139 0.00434654 0.00286031 0.0176453 0.00435566 0.014337 0.00271895 0.000301372 0.00326223 -0.0169984 0.0103765 0.00763103 0.00890618 0.00256767 -0.015886 -0.0027528
internal_weight=237.977 132.88 131.967 129.606 127.625 126.567 119.78 6.78726 117.261 116.345 104.65 11.6954 100.948 14.2211 86.7264 71.8556 66.8249 11.8534 5.26333 54.9714 53.3817 31.729 14.148 9.38156
internal_count=8000 7778 7765 7763 7728 7629 7375 254 6949 6807 6523 284 5868 593 5275 4647 3992 886 125 3106 2625 2118 1775 1117
is_linear=0
shrinkage=0.03


Tree=134
num_leaves=25
num_cat=0
split_feature=14 5 5 2 2 3 7 15 15 5 1 16 3 2 2 15 3 2 2 2 7 8 2 2
split_gain=44.7178 1.3992 1.8991 1.40167 3.62586 1.37245 2.55405 1.66348 4.83525 3.89006 2.9321 2.63185 3.26598 7.39789 6.5008 4.74323 3.0726 2.68497 1.84182 1.76287 5.2108 5.89042 3.25186 3.1032
threshold=1.0000000180025095e-35 234.50000000000003 233.50000000000003 313.15000000000003 312.05000000000007 2267.5000000000005 4096.0950000000012 1.0320500000000001 1.0335500000000002 226.50000000000003 300.75000000000006 0.033727500000000007 1475.5000000000002 310.65000000000003 308.15000000000003 1.0367500000000003 1522.5000000000002 308.25000000000006 310.75000000000006 311.05000000000007 5715.3000000000011 7885.6500000000005 311.45000000000005 310.85000000000008
decision_type=2 2 2 2 2 2 2 2 2 2 2 2 2 2 2 2 2 2 2 2 2 2 2 2
left_child=1 2 3 4 5 6 -1 19 9 -9 11 12 17 14 15 -14 -15 -10 -19 23 -21 22 -22 -8
right_child=-2 -3 -4 -5 -6 -7 7 8 10 -11 -12 -13 13 16 -16 -17 -18 18 -20 20 21 -23 -24 -25
leaf_value=-0.043378475793340629 0.030499739548787239 -0.03350236997292614 0.031321907102365189 0.024220892896956749 -0.033336085650419879 0.029076685059813999 0.0052874697821142895 -0.035278224605355707 -0.047486665195714046 0.011179081169867952 -0.038217498970605571 -0.032133515187290962 0.020586000413490839 -0.041665922892701809 -0.036082033487344976 -0.038934447343619331 0.018800657652075295 0.021821478669615174 -0.031144639799363109 -0.047485801215782046 -0.036318849698935465 -0.040297316448919512 0.023763168888223531 0.021801318671030655
leaf_weight=1.0322018214501429 102.0418986082077 0.88879761472344299 2.2938786745071402 2.9498619576334013 2.3850465490540946 1.935051866370485 39.103697996004485 5.536882393207633 0.55453519511502136 2.2943179160356522 1.4474768385407504 1.6411330975824956 4.8640904013882409 0.8016387069656038 6.861637804628117 1.6018150290765332 13.385262330848489 14.78122732575866 0.61547474437975402 1.9873865460976947 0.91334642437868563 2.0137761967489487 7.2173193659982644 13.875236549269173
leaf_count=92 222 13 2 112 552 31 1794 1005 109 3 139 680 189 96 1238 83 273 441 130 185 180 51 171 209
internal_value=0.0156103 0.00401063 0.00426692 0.0037813 0.00329837 0.00401184 0.00360943 0.00401531 0.000142398 -0.0216676 0.00381119 0.00515989 0.00656798 0.000306576 -0.015743 0.00584085 0.015384 0.0173683 0.0197042 0.00725027 -0.0030653 0.00563707 0.0170139 0.00961246
internal_weight=233.023 130.981 130.092 127.798 124.849 122.464 120.528 119.496 54.3855 7.8312 46.5543 45.1068 43.4657 27.5144 13.3275 6.46591 14.1869 15.9512 15.3967 65.1108 12.1318 10.1444 8.13067 52.9789
internal_count=8000 7778 7765 7763 7651 7099 7068 6976 4386 1008 3378 3239 2559 1879 1510 272 369 680 571 2590 587 402 351 2003
is_linear=0
shrinkage=0.03


Tree=135
num_leaves=25
num_cat=0
split_feature=14 6 15 6 16 6 15 16 4 16 3 7 4 5 5 16 7 16 16 4 5 3 3 16
split_gain=43.9263 1.36095 1.72435 5.53934 3.43696 2.93195 3.63381 3.13286 2.66812 2.52715 3.60844 2.14634 2.10272 2.00935 1.88644 2.38252 3.58441 1.75689 1.70164 4.51387 3.92399 1.64418 4.06892 1.87678
threshold=1.0000000180025095e-35 7.7500000000000009 1.0270500000000002 8.5500000000000025 0.028273500000000003 8.6500000000000004 1.0293500000000002 0.033864000000000005 53.850000000000001 0.032748500000000007 1428.5000000000002 6816.8400000000011 54.050000000000004 206.50000000000003 212.50000000000003 0.035356500000000006 6758.5500000000011 0.033356500000000004 0.030702000000000004 41.350000000000001 144.50000000000003 1429.5000000000002 1454.5000000000002 0.027443500000000006
decision_type=2 2 2 2 2 2 2 2 2 2 2 2 2 2 2 2 2 2 2 2 2 2 2 2
left_child=1 -1 4 -4 -3 14 -7 9 -9 10 -8 18 -10 17 15 16 -5 -11 19 20 -12 -22 -23 -24
right_child=-2 2 3 5 -6 6 7 8 12 13 11 -13 -14 -15 -16 -17 -18 -19 -20 -21 21 22 23 -25
leaf_value=-0.040884161859057237 0.030484726606292707 -0.038118270691664374 -0.037467785478890236 0.0078828947265835343 0.025491009631776522 -0.040424507214657075 -0.032674129165551589 -0.032270016108255611 0.029706774787063111 -0.031361852902004918 -0.030143981141978374 -0.031482581374187045 -0.03017749803905892 0.029580467560710783 0.031255502226967991 0.021037709604689318 -0.055314176341306386 0.011754906406484801 0.02520752584836343 -0.033624535358962419 0.032582967021639687 -0.048977745692373321 0.0051132948140393993 0.025082600537356552
leaf_weight=0.60679038800299068 99.074134111404419 0.86447492311708529 2.9288730829721308 3.1847552591934782 6.6103898266446777 1.7481488931807678 2.5391103313013437 3.9621220348344641 1.4798068387317473 0.96720337786245902 2.7622666977113104 1.5330595839477599 0.82020592130720604 5.9353851974010459 5.1622526347637168 6.1418414376676083 1.0822024717926977 7.0516183813451789 3.3712295924779019 2.8470716286683446 2.0816755294799796 1.2110678018070746 59.893569021951407 4.5580956959165624
leaf_count=35 222 131 213 66 71 326 399 945 20 132 2485 547 444 7 4 13 15 141 39 484 1 31 1206 23
internal_value=0.0154529 0.00393891 0.00415018 0.00328815 0.0181345 0.00429691 0.00245871 0.00320086 -0.0173502 0.00455908 0.00252298 0.00366496 0.00835149 0.0163484 0.0164281 0.00907446 -0.00814539 0.00655431 0.00436725 0.00340946 0.0049049 0.00633402 0.00550186 0.00652555
internal_weight=228.417 129.343 128.736 121.262 7.47486 118.333 102.762 101.013 6.26213 94.7514 80.7971 78.258 2.30001 13.9542 15.5711 10.4088 4.26696 8.01882 76.725 73.3537 70.5067 67.7444 65.6627 64.4517
internal_count=8000 7778 7743 7541 202 7328 7230 6904 1409 5495 5215 4816 464 280 98 94 81 273 4269 4230 3746 1261 1260 1229
is_linear=0
shrinkage=0.03


Tree=136
num_leaves=25
num_cat=0
split_feature=14 5 5 3 7 16 3 1 7 7 16 16 1 16 4 4 4 2 2 5 2 7 7 2
split_gain=43.1703 1.3462 1.83229 1.34294 2.39922 1.55135 5.50342 2.57858 1.70147 2.3939 1.76433 8.47285 2.41998 2.07764 5.50015 2.40409 11.2122 4.33107 3.13534 3.33437 3.05674 4.55671 6.81015 4.13715
threshold=1.0000000180025095e-35 234.50000000000003 233.50000000000003 2267.5000000000005 4096.0950000000012 0.012719500000000002 1737.5000000000002 300.75000000000006 4898.0900000000011 4925.3900000000003 0.017873000000000003 0.021038000000000005 299.65000000000003 0.021391000000000004 34.95000000000001 36.150000000000013 37.45000000000001 308.25000000000006 310.95000000000005 215.50000000000003 310.85000000000008 6297.9800000000005 6703.3950000000013 310.75000000000006
decision_type=2 2 2 2 2 2 2 2 2 2 2 2 2 2 2 2 2 2 2 2 2 2 2 2
left_child=1 2 3 4 -1 7 8 -6 -7 -10 12 -12 -11 -13 -15 -16 -17 -18 20 -20 21 -19 -23 -24
right_child=-2 -3 -4 -5 5 6 -8 -9 9 10 11 13 -14 14 15 16 17 18 19 -21 -22 22 23 -25
leaf_value=-0.042727993859207995 0.030470174020987506 -0.033410845631930482 0.031264621292862969 0.028762144213310116 0.023816267637906962 -0.037804949111460012 -0.041811642954384561 -0.041249664244264503 0.030457207525271042 -0.03247002471581608 -0.037084017184314359 0.024233618306488357 0.020068375568894171 -0.04216363680560007 0.017712175217965396 -0.045421752423205126 -0.037369665729214706 0.017078916645520578 2.868468669121163e-05 -0.041028726120020384 0.02631099990385237 -0.035272808251025231 0.0087501359841429538 -0.048898781383068843
leaf_weight=1.0127755653229531 96.191280841827393 0.86604098975658317 2.1992046833038321 1.8862911872856774 5.9565022410533848 0.87809769951854733 2.4329152604623223 0.60373239652835753 3.0219351294799699 0.86466668290085991 4.7105600605136706 4.4155954429297699 9.0216065670829249 2.3472448568791142 10.674411822110413 4.1535294540517489 2.0840443553752257 21.243684346176451 13.518147216876967 2.0502127502113572 8.5894133531837706 4.490301153331532 19.638476186082702 1.1881527726072807
leaf_count=99 222 13 2 35 139 142 426 115 18 114 844 95 156 243 355 382 537 529 1220 25 104 667 1450 68
internal_value=0.0152881 0.0038653 0.00411953 0.00364112 0.00325555 0.00363764 0.0028304 0.0178283 0.00379248 0.00411858 0.0033883 0.00218274 0.0154733 0.00414229 0.00315632 0.00437025 0.00251961 0.00525477 0.00651089 -0.00537821 0.00986708 0.00683354 -0.00176346 0.00546128
internal_weight=224.039 127.848 126.982 124.782 122.896 121.883 115.323 6.56023 112.89 112.012 108.99 99.1038 9.88627 94.3932 89.9776 87.6304 76.956 72.8024 70.7184 15.5684 55.15 46.5606 25.3169 20.8266
internal_count=8000 7778 7765 7763 7728 7629 7375 254 6949 6807 6789 6519 270 5675 5580 5337 4982 4600 4063 1245 2818 2714 2185 1518
is_linear=0
shrinkage=0.03


Tree=137
num_leaves=25
num_cat=0
split_feature=14 2 2 6 6 7 8 2 6 5 2 16 8 2 1 6 4 16 15 5 16 5 3 1
split_gain=42.3886 1.29926 3.73553 1.27956 1.67446 3.21499 3.08333 2.8305 2.73091 2.09973 2.39117 2.36231 2.05718 1.99912 5.34272 7.6981 7.20765 2.6288 2.04117 4.54289 10.4046 1.84406 5.1555 4.00426
threshold=1.0000000180025095e-35 313.15000000000003 312.05000000000007 7.7500000000000009 8.6500000000000004 5440.5250000000005 9826.3000000000011 311.85000000000008 8.8500000000000032 202.50000000000003 309.15000000000003 0.032748500000000007 6467.4000000000005 310.55000000000007 299.65000000000003 10.950000000000001 16.850000000000005 0.018742500000000006 1.0369500000000003 226.50000000000003 0.024848500000000006 210.50000000000003 1380.5000000000002 303.55000000000007
decision_type=2 2 2 2 2 2 2 2 2 2 2 2 2 2 2 2 2 2 2 2 2 2 2 2
left_child=1 2 3 -1 5 -5 7 8 -6 10 -10 13 -12 14 15 -11 -17 -16 19 20 -15 22 -7 -24
right_child=-2 -3 -4 4 6 21 -8 -9 9 11 12 -13 -14 18 17 16 -18 -19 -20 -21 -22 -23 23 -25
leaf_value=-0.040224575503570691 0.030456062915548407 0.023880504189969481 -0.033131263388313403 -0.037738518137157881 -0.043663535773005795 0.02035931326396986 -0.032899779915866421 -0.038741441796133598 -0.03018319047355043 0.014873277291052173 0.0032632708168301421 0.0238500459816571 -0.030670694020571217 -0.045100106626485142 0.0027333590244017466 0.032097191929414161 -0.037996104477546908 -0.03998359607468991 0.02155892249558582 0.028099775166672277 0.014147716090289329 0.022683193077148014 -0.035699954461568921 0.027337906303676662
leaf_weight=0.58378174551762541 93.390996694564819 2.8339451741194344 2.4773685222899067 1.1505666234879779 1.0709483113605518 8.1149714142084139 2.16514361440204 1.4184688437089779 2.6707718932593734 21.174074037931863 17.357556111761372 6.8190194638445965 1.7719948943413317 3.9666373506188455 1.9441622658632685 1.7417236566543568 5.4572779627051204 3.89256342779845 10.616605423390864 5.2756805866956702 8.1457958398386818 10.896567296236752 3.4567708733666214 1.2294615571154279
leaf_count=35 222 112 556 127 207 14 148 136 2328 72 2876 10 588 32 10 1 71 44 17 4 35 17 325 13
internal_value=0.0151332 0.00379682 0.00333558 0.0040827 0.00429765 0.0112349 0.00249242 0.00331353 0.00396261 0.00452414 -0.00359253 0.00708732 0.000119924 0.00525005 0.000384463 0.0057617 -0.0210378 -0.025755 0.0111937 0.00486505 -0.00525504 0.0136126 0.0058916 -0.0191616
internal_weight=219.623 126.232 123.398 120.921 120.337 24.8483 95.4884 93.3233 91.9048 90.8339 21.8003 69.0335 19.1296 62.2145 34.2098 28.3731 7.199 5.83673 28.0047 17.3881 12.1124 23.6978 12.8012 4.68623
internal_count=8000 7778 7666 7110 7075 496 6579 6431 6295 6088 5792 296 3464 286 198 144 72 54 88 71 67 369 352 338
is_linear=0
shrinkage=0.03


Tree=138
num_leaves=25
num_cat=0
split_feature=14 15 5 5 8 1 2 2 2 1 1 5 5 0 8 5 5 2 2 5 5 3 16 3
split_gain=41.5717 1.26103 1.26985 1.73973 1.29191 1.21685 1.50779 3.87745 5.88881 3.63353 7.10079 5.87459 4.76114 3.47929 3.97759 3.91025 3.43271 3.09414 6.99321 2.62974 6.28617 3.94486 2.27212 6.23326
threshold=1.0000000180025095e-35 1.0384500000000003 234.50000000000003 233.50000000000003 10624.100000000002 304.35000000000008 310.95000000000005 310.85000000000008 310.75000000000006 302.05000000000007 301.05000000000007 232.50000000000003 227.50000000000003 1.0000000180025095e-35 7677.1000000000013 216.50000000000003 207.50000000000003 310.55000000000007 309.95000000000005 216.50000000000003 210.50000000000003 1686.5000000000002 0.021391000000000004 1422.5000000000002
decision_type=2 2 2 2 2 2 2 2 2 2 2 2 2 2 2 2 2 2 2 2 2 2 2 2
left_child=1 2 3 4 5 6 7 8 9 10 12 -12 17 14 -8 16 -16 18 19 20 21 -1 -15 -24
right_child=-2 -3 -4 -5 -6 -7 13 -9 -10 -11 11 -13 -14 22 15 -17 -18 -19 -20 -21 -22 -23 23 -25
leaf_value=0.0095081513008714365 0.030442381028337559 -0.033344799042258906 -0.033197278343140561 0.031213317293339954 -0.032246211904985729 0.031489167475916756 -0.035552857525848608 0.022176014305820953 -0.047601013493862761 0.024349465849332813 -0.043343252763381392 0.031354104880103359 -0.049106688419927276 0.018097112229229592 -0.034859011214065656 -0.03894247134475045 0.018504668387975914 0.021223833378169337 -0.035077397825273145 0.018284237506253111 -0.037631557788918066 -0.034670576621967313 0.016271259466548432 -0.041233253400607017
leaf_weight=27.787839886295846 90.670992493629456 0.82001321046845888 0.8213322889059772 2.1134141087532035 0.89037058659596269 1.4345298852422264 4.7022851424990249 11.167710591078501 1.9953810254519329 7.5553654553659717 4.8351893787621512 1.1785249710083006 1.4075570665299881 8.4341298599902057 1.3308115060208345 1.981767466291785 5.8710857289843261 10.846737054060211 3.8903134338906957 12.92439264943823 3.2007262620609245 1.9464855202240858 4.6407312884402918 2.6740446406765841
leaf_count=2947 222 266 13 2 58 5 1057 191 210 160 509 1 9 241 129 21 13 169 604 34 42 489 203 405
internal_value=0.0149919 0.00373511 0.00398105 0.0042297 0.00375721 0.00402478 0.00369194 0.00564862 0.00326914 0.00461228 0.00241988 -0.0287046 0.00543862 -0.00216699 -0.0131142 -0.00162497 0.00864379 0.00670562 0.00354027 0.00681625 0.00231598 0.0066161 0.00748524 -0.00475052
internal_weight=215.122 124.451 123.631 122.809 120.696 119.806 118.371 88.7362 77.5685 75.5731 68.0178 6.01371 62.0041 29.6349 13.8859 9.18366 7.2019 60.5965 49.7498 45.8594 32.9351 29.7343 15.7489 7.31478
internal_count=8000 7778 7512 7499 7497 7439 7434 5365 5174 4964 4804 510 4294 2069 1220 163 142 4285 4116 3512 3478 3436 849 608
is_linear=0
shrinkage=0.03


Tree=139
num_leaves=25
num_cat=0
split_feature=14 3 7 15 15 8 1 5 5 3 1 2 7 3 2 7 2 2 4 16 1 1 5 16
split_gain=40.7724 1.21772 2.19434 1.25563 3.72533 3.36206 2.44751 2.11102 3.52294 2.23748 5.3815 5.77093 2.19574 1.56922 1.43719 4.5885 3.62344 5.225 3.33262 6.45413 2.9678 8.30364 5.67296 2.68216
threshold=1.0000000180025095e-35 2267.5000000000005 4096.0950000000012 1.0320500000000001 1.0325500000000003 9474.8000000000011 300.85000000000008 202.50000000000003 78.500000000000014 1477.5000000000002 299.15000000000003 308.15000000000003 6805.5350000000008 1437.5000000000002 310.95000000000005 5526.3650000000007 310.85000000000008 310.75000000000006 35.95000000000001 0.030702000000000004 302.05000000000007 301.05000000000007 232.50000000000003 0.031589500000000013
decision_type=2 2 2 2 2 2 2 2 2 2 2 2 2 2 2 2 2 2 2 2 2 2 2 2
left_child=1 2 -1 14 -5 6 7 8 12 -9 11 -11 -6 -14 16 -16 17 20 -17 -20 21 -4 -23 -21
right_child=-2 -3 3 4 5 -7 -8 9 -10 10 -12 -13 13 -15 15 18 -18 -19 19 23 -22 22 -24 -25
leaf_value=-0.041496766367920566 0.030429119526105646 0.028399211704628877 0.011142462433689658 -0.039345102086544723 -0.030209911677385112 -0.03391618034235979 -0.035603632020712053 0.019571313130411449 -0.03049694554044452 0.0066483112565084348 0.013763021419904344 -0.037243036417211571 -0.030261694163824172 0.02631919837019512 -0.04427273402779839 0.024244405945946977 0.024755598701075455 -0.048959934026044968 -0.039122791740253078 0.029181339957837463 0.024024339789811687 -0.042965163702676869 0.031312307964395769 -0.0043571404493258836
leaf_weight=0.9756690914509808 88.029031991958618 1.7667914566700336 22.252064077649269 2.0593366622633758 1.052511852059977 2.2638000719889524 1.3996229634794861 10.37420335318893 3.7732355364423711 5.9523603841662425 17.078785405028611 4.9282813677564263 0.50930861561209928 3.2965397544030566 1.9378227072884353 5.3044112623028949 10.508841071830828 1.5585539828171011 3.4345953090232788 3.6198876325797738 7.43139776206226 4.8220165947277556 1.1451979875564573 5.2709263143187854
leaf_count=99 222 35 1016 404 1009 149 229 29 2071 25 40 67 289 176 291 150 105 120 412 58 157 503 1 343
internal_value=0.0148493 0.00367322 0.00331204 0.00367644 0.000208147 0.00181699 0.00348954 0.00465457 -0.0087491 0.00767267 0.00325774 -0.0132318 0.00814132 0.0187474 0.00639228 -0.000454544 0.00919994 0.00480662 0.00436183 -0.00419491 0.00715715 0.00271527 -0.0287102 0.00929802
internal_weight=210.745 122.716 120.949 119.974 52.688 50.6286 48.3648 46.9652 8.6316 38.3336 27.9594 10.8806 4.85836 3.80585 67.2857 19.5676 47.7181 37.2092 17.6298 12.3254 35.6507 28.2193 5.96721 8.89081
internal_count=8000 7778 7743 7644 4488 4084 3935 3706 3545 161 132 92 1474 465 3156 1254 1902 1797 963 813 1677 1520 504 401
is_linear=0
shrinkage=0.03


Tree=140
num_leaves=25
num_cat=0
split_feature=14 2 2 1 5 2 5 2 5 4 4 5 5 1 7 8 1 5 8 3 4 4 5 1
split_gain=39.9856 1.20839 3.42112 1.20577 1.27012 2.14491 2.07541 1.58803 2.12334 1.98081 5.92777 3.47081 5.13969 5.56285 3.08838 1.89525 1.94367 1.75908 6.35914 3.96052 3.31046 6.25484 2.52992 1.70024
threshold=1.0000000180025095e-35 313.15000000000003 312.05000000000007 296.85000000000008 224.50000000000003 307.55000000000007 222.50000000000003 307.85000000000008 205.50000000000003 37.45000000000001 35.95000000000001 218.50000000000003 215.50000000000003 299.55000000000007 4667.3450000000003 9826.3000000000011 302.05000000000007 206.50000000000003 9474.8000000000011 1477.5000000000002 37.850000000000001 44.750000000000007 205.50000000000003 300.55000000000007
decision_type=2 2 2 2 2 2 2 2 2 2 2 2 2 2 2 2 2 2 2 2 2 2 2 2
left_child=1 2 3 -1 5 -5 7 8 -7 10 11 12 13 -9 -15 17 -17 18 20 -19 -11 -22 -20 -16
right_child=-2 -3 -4 4 -6 6 -8 9 -10 15 -12 -13 -14 14 23 16 -18 19 22 -21 21 -23 -24 -25
leaf_value=-0.031907159346537525 0.030416257399326425 0.023467397720861247 -0.032883650319107081 -0.053047571302250053 0.012013766068159416 -0.037434967821209836 -0.037753048458331655 -0.034122615720450389 0.030873875585572721 0.029867925250174107 -0.040627983120431164 -0.042287438940267139 0.02346052456275919 -0.039271010426126234 0.015002517752176222 -0.034476858915574886 0.0092051711893222071 0.021394036082410191 -0.035826350949249713 -0.0044417891332023413 -0.03233605084363432 0.0073444679362319075 -0.1418584556308406 -0.0086267295899267356
leaf_weight=0.84110762341879208 85.462958335876465 2.6972162669990203 2.3235354405478565 0.61331084268749592 15.904035947285591 0.46606492411228773 1.0997070409357537 4.4590117900224966 3.3775892294943333 4.1788275438884765 3.3859643700416191 1.5567050203680981 8.3269822150468809 1.3463368978991628 9.7590826183150039 2.0252643923158753 1.6749629038386045 17.301738915499303 0.50266549809020844 7.7241252888925365 4.2308392720297006 23.071938654902624 0.33917579706758261 3.8108556987135662
leaf_count=258 222 112 556 63 39 205 14 953 3 97 380 9 11 254 360 130 8 44 51 49 1679 1800 4 699
internal_value=0.0147065 0.00361224 0.00315962 0.00388161 0.00414302 0.0028818 0.00322956 0.00369163 0.022591 0.00291631 -0.00304881 0.0013 0.00374936 -0.00472197 0.00406694 0.00610603 -0.0147035 0.00744868 0.00282556 0.0134199 0.0050015 0.00119557 -0.0785464 0.0083667
internal_weight=206.48 121.017 118.32 115.996 115.155 99.2511 98.6378 97.5381 3.84365 93.6945 32.6449 29.259 27.7023 19.3753 14.9163 61.0495 3.70023 57.3493 32.3234 25.0259 31.4816 27.3028 0.841841 13.5699
internal_count=8000 7778 7666 7110 6852 6813 6750 6736 208 6528 2666 2286 2277 2266 1313 3862 138 3724 3631 93 3576 3479 55 1059
is_linear=0
shrinkage=0.03


Tree=141
num_leaves=25
num_cat=0
split_feature=14 5 5 2 2 3 7 16 3 7 5 2 2 8 1 1 1 16 4 7 2 2 7 2
split_gain=39.2761 1.16667 1.68447 1.18516 2.98682 1.16691 2.05277 1.44278 4.84351 1.5794 3.4372 1.55064 6.64602 2.46219 2.25532 2.36352 3.29642 2.54578 5.62729 5.85166 2.30177 2.41485 3.5988 3.43606
threshold=1.0000000180025095e-35 234.50000000000003 233.50000000000003 313.15000000000003 312.05000000000007 2267.5000000000005 4096.0950000000012 0.012719500000000002 1737.5000000000002 4552.505000000001 231.50000000000003 311.75000000000006 311.55000000000007 8377.4000000000033 302.75000000000006 302.55000000000007 302.35000000000008 0.017873000000000003 35.250000000000007 4925.3900000000003 311.05000000000007 310.85000000000008 6390.2850000000008 310.75000000000006
decision_type=2 2 2 2 2 2 2 2 2 2 2 2 2 2 2 2 2 2 2 2 2 2 2 2
left_child=1 2 3 4 5 6 -1 9 11 10 -8 12 14 -13 15 16 17 -9 19 -19 21 23 -23 -20
right_child=-2 -3 -4 -5 -6 -7 7 8 -10 -11 -12 13 -14 -15 -16 -17 -18 18 20 -21 -22 22 -24 -25
leaf_value=-0.041067136305842043 0.03040378639452853 -0.033014579669331516 0.031139797472993735 0.023133541116441139 -0.032854683581804767 0.028261399582003233 -0.040825987983691907 0.017975541696657521 -0.041576204408386025 0.03004476189448373 0.031513199492741804 0.019469236331023508 -0.041895642961118543 -0.032525943431521757 -0.037144483874179776 0.025825744932163705 -0.044187007344224781 0.028977117647142062 0.0042743333796519799 -0.037078908860003236 -0.032651858719438487 -0.042399112784553682 0.02379747155022122 -0.046501362714780101
leaf_weight=0.93743409152375434 82.970654368400574 0.78050281200557847 1.9918893575668324 2.6547071774257338 2.0696030793769742 1.68929349730024 1.0815778738760846 10.324570374039466 2.1785654222767326 3.6843717300798744 1.3037256002426147 9.1558372203435248 2.9496842287480822 0.90026456693885926 1.189692423766245 4.4161439921590491 1.2950269613065746 1.5319301564595651 50.580037479026942 5.6899317735515069 1.4380466167640396 0.79954991902923112 9.7835751341772248 1.2286126510880411
leaf_count=92 222 13 2 112 552 31 184 327 390 45 1 207 226 37 80 60 119 14 3502 1022 411 67 150 134
internal_value=0.0145424 0.00354385 0.00378388 0.00331768 0.00285715 0.00351613 0.00313772 0.00351605 0.00268209 0.0177315 -0.00128785 0.00363408 0.00240165 0.0148144 0.00388179 0.00444225 0.00329998 0.00405569 0.00203299 -0.0230668 0.00487285 0.00573774 0.0187964 0.00307022
internal_weight=202.625 119.655 118.874 116.882 114.227 112.158 110.469 109.531 103.461 6.06968 2.3853 101.283 91.2268 10.0561 88.2771 87.0874 82.6713 81.3763 71.0517 7.22186 63.8298 62.3918 10.5831 51.8087
internal_count=8000 7778 7765 7763 7651 7099 7068 6976 6746 230 185 6356 6112 244 5886 5806 5746 5627 5300 1036 4264 3853 217 3636
is_linear=0
shrinkage=0.03


Tree=142
num_leaves=25
num_cat=0
split_feature=14 1 15 15 1 2 5 2 2 5 0 1 7 2 2 8 6 2 2 1 1 5 8 8
split_gain=38.5771 1.13871 1.14619 1.27397 1.13657 1.57901 4.65581 2.27778 2.39259 5.21342 1.95269 3.43869 3.01197 1.98244 1.92317 3.78726 5.421 3.56793 4.99513 3.69089 6.09752 5.37175 3.68794 3.97084
threshold=1.0000000180025095e-35 296.85000000000008 1.0384500000000003 1.0383500000000001 304.35000000000008 311.85000000000008 214.50000000000003 311.75000000000006 311.55000000000007 231.50000000000003 1.5000000000000002 297.25000000000006 5795.9300000000012 307.55000000000007 310.95000000000005 9147.6000000000004 11.350000000000003 310.85000000000008 310.75000000000006 302.05000000000007 301.05000000000007 232.50000000000003 9474.8000000000011 3526.2000000000003
decision_type=2 2 2 2 2 2 2 2 2 2 2 2 2 2 2 2 2 2 2 2 2 2 2 2
left_child=1 -1 3 4 5 7 -7 8 10 -10 11 -3 -12 -13 17 16 -16 18 19 20 22 -22 23 -15
right_child=-2 2 -4 -5 -6 6 -8 -9 9 -11 12 13 -14 14 15 -17 -18 -19 -20 -21 21 -23 -24 -25
leaf_value=-0.031846455043299797 0.030391695979202986 -0.041548672894448045 -0.033080908970545657 0.025462989700204847 0.031295835107363786 -0.03455875745026455 0.015499407585079778 0.020418963266410774 -0.041439129112462753 0.0314662544288795 -0.036573111238813856 -0.051939823267953489 0.019226050684870596 -0.030723738828094635 -0.038581494869002628 0.020929152374330812 0.020930231801161374 0.022363267731372115 -0.048167826421612964 0.024343604979024151 -0.042779068823673751 0.031251303985375116 -0.033892587561867353 0.0086883765827391549
leaf_weight=0.81573890711297181 80.550049245357513 1.5856497951899644 0.75674198984051955 2.4280765996081746 1.309087183093651 3.5431151137163388 3.1667809402570128 7.1550914418476159 2.9106260427506632 1.2670537233352659 0.94235727790510182 0.58554765480221149 11.439833355834706 2.431650273356353 4.7590358976740372 2.6649232588242739 1.9387943363399243 9.3986329367617127 1.7014645307790477 7.0534928075212511 4.5169586896372484 1.0962303876876829 2.1229781400179482 42.73243305037613
leaf_count=258 222 182 265 56 5 780 16 111 251 1 189 51 408 1553 754 27 54 176 192 144 465 1 116 1723
internal_value=0.0143777 0.00347591 0.00372112 0.00395966 0.00350296 0.00318102 -0.0109335 0.00407193 0.00289223 -0.0193276 0.00386967 0.00220401 0.0149794 0.00306049 0.00346097 -0.00931956 -0.0213549 0.00514506 0.00252034 0.00395885 0.00124083 -0.0283213 0.00474999 0.00656641
internal_weight=198.872 118.322 117.507 116.75 114.322 113.013 6.7099 106.303 99.1477 4.17768 94.97 82.5878 12.3822 81.0021 80.4166 9.36275 6.69783 71.0538 61.6552 59.9537 52.9003 5.61319 47.2871 45.1641
internal_count=8000 7778 7520 7255 7199 7194 796 6398 6287 252 6035 5438 597 5256 5205 835 808 4370 4194 4002 3858 466 3392 3276
is_linear=0
shrinkage=0.03


Tree=143
num_leaves=25
num_cat=0
split_feature=14 5 5 3 7 16 3 1 7 7 16 16 7 16 4 4 4 2 6 2 5 2 7 7
split_gain=37.8476 1.1241 1.62422 1.1385 1.9292 1.38861 4.61961 2.16709 1.4004 2.13788 1.52918 7.32562 2.16206 1.82077 4.6266 2.14994 9.47506 3.92159 2.57025 2.47322 2.81996 2.58149 3.87216 5.96585
threshold=1.0000000180025095e-35 234.50000000000003 233.50000000000003 2267.5000000000005 4096.0950000000012 0.012719500000000002 1737.5000000000002 300.75000000000006 4898.0900000000011 4925.3900000000003 0.017873000000000003 0.021038000000000005 5066.6950000000006 0.021391000000000004 34.95000000000001 36.150000000000013 37.45000000000001 308.25000000000006 10.950000000000001 310.95000000000005 215.50000000000003 310.85000000000008 6297.9800000000005 6703.3950000000013
decision_type=2 2 2 2 2 2 2 2 2 2 2 2 2 2 2 2 2 2 2 2 2 2 2 2
left_child=1 2 3 4 -1 7 8 -6 -7 -10 12 -12 -11 -13 -15 18 -17 -18 -16 21 -21 22 -19 -24
right_child=-2 -3 -4 -5 5 6 -8 -9 9 10 11 13 -14 14 15 16 17 19 -20 20 -22 -23 23 -25
leaf_value=-0.040525894512951237 0.030379970516509334 -0.03292785662581444 0.031090635983188897 0.028005997601719981 0.023170462516323414 -0.036470386593303768 -0.040517956244919946 -0.04016045933878272 0.030080729932190759 -0.033269946016957701 -0.036652401272799222 0.023558711258687314 0.019163115207221464 -0.040902038643766604 0.021501314061462214 -0.043634732678986717 -0.037262068537266227 0.015999316967913912 -0.036033397662387293 2.8290657403871515e-05 -0.039621917149086389 0.024989641513425965 -0.034635194135421973 0.0049467715665104479
leaf_weight=0.91610277717700128 78.199151515960693 0.76102442340925236 1.9096914529800404 1.6403493345133018 5.331445676740258 0.79015464292024162 2.210114010347751 0.53508681285893533 2.6766986559377974 0.77400618154206213 4.2625534981489173 3.9390794123173682 8.2723386306024604 2.1354209905548478 9.0043706444848759 3.8681234244722864 1.9504114736046165 19.591330875264248 0.75760321048437695 12.387400613399221 1.8562425966374565 7.7135167090455061 4.1634558066725758 19.375686705752742
leaf_count=99 222 13 2 35 139 142 426 115 18 96 844 95 174 243 268 382 537 529 87 1220 25 104 667 1518
internal_value=0.0142267 0.00341388 0.00365218 0.00319315 0.00283139 0.00318732 0.00239903 0.017394 0.00331531 0.00362133 0.00291346 0.00174411 0.0146769 0.00363092 0.00268293 0.0038367 0.00201947 0.00465373 0.0170362 0.00590978 -0.00513896 0.00900502 0.0061463 -0.00205424
internal_weight=195.021 116.822 116.061 114.151 112.511 111.595 105.729 5.86653 103.518 102.728 100.052 91.0052 9.04634 86.7426 82.8036 80.6681 70.9062 67.038 9.76197 65.0876 14.2436 50.844 43.1305 23.5391
internal_count=8000 7778 7765 7763 7728 7629 7375 254 6949 6807 6789 6519 270 5675 5580 5337 4982 4600 355 4063 1245 2818 2714 2185
is_linear=0
shrinkage=0.03


Tree=144
num_leaves=25
num_cat=0
split_feature=14 1 2 5 2 2 5 7 7 1 7 16 1 16 4 7 4 5 3 7 6 4 2 2
split_gain=37.1347 1.08758 1.46901 4.46843 2.11784 2.24713 4.89288 1.76541 3.84887 1.77193 6.21114 5.24915 2.49106 1.84593 3.60031 2.58801 5.31341 2.90785 2.86076 2.12548 6.86572 4.27931 4.24002 7.73468
threshold=1.0000000180025095e-35 304.35000000000008 311.85000000000008 214.50000000000003 311.75000000000006 311.55000000000007 231.50000000000003 7319.5300000000007 8635.0550000000021 302.05000000000007 5440.5250000000005 0.033727500000000007 301.95000000000005 0.033450000000000008 46.45000000000001 6677.9800000000005 41.350000000000001 144.50000000000003 1442.5000000000002 5141.4150000000009 10.950000000000001 35.250000000000007 308.95000000000005 310.55000000000007
decision_type=2 2 2 2 2 2 2 2 2 2 2 2 2 2 2 2 2 2 2 2 2 2 2 2
left_child=1 2 4 -4 5 7 -7 9 -9 11 -11 12 13 14 15 16 17 -1 -17 -19 21 -21 -23 -24
right_child=-2 -3 3 -5 -6 6 -8 8 -10 10 -12 -13 -14 -15 -16 18 -18 19 -20 20 -22 22 23 -25
leaf_value=-0.030142690777906326 0.030368599440476526 0.031203239306177594 -0.034327058622637699 0.015384788820299608 0.019759793595701795 -0.040822322086702306 0.031388292367393322 -0.036257570862395984 0.027570079729558942 -0.046082239377648812 0.018470853629793223 -0.040623261567963261 -0.047149619341822518 0.020446121510578889 -0.042774982888011424 0.024405870631200421 -0.034588127311963153 0.014490357327068987 -0.031040122891245005 -0.021779414814416972 -0.035834264914542606 0.022214063136998384 -0.037781977683926958 0.014916046389809205
leaf_weight=2.1374076531501478 75.916002810001373 1.2482289423933242 3.4343595999234813 3.0928587429225445 7.067421416490105 2.8193655622308134 1.205650210380554 2.6812897599302228 1.2451162922952788 1.4633092872099975 16.110666989668971 2.4558289435808538 0.84781960467807849 6.0413188704405902 1.5033116844424501 8.3495210805558564 3.4035216739575835 16.235077829725924 0.93086701582069586 4.190747505141192 3.9583513376710462 13.676146513142159 3.7576142631587555 7.5295421062037349
leaf_count=2174 222 5 811 16 116 252 1 921 45 145 373 445 67 53 146 113 545 262 454 272 222 118 145 77
internal_value=0.0140734 0.00335216 0.00304758 -0.0107716 0.00388579 0.00276997 -0.0191924 0.00368585 -0.016017 0.00452137 0.0130958 0.00251267 0.0039726 0.00457698 0.00311714 0.00419228 0.00171494 0.00411484 0.0188444 0.00559865 0.00123902 0.0062726 0.0109819 -0.00262769
internal_weight=191.301 115.385 114.137 6.52722 107.61 100.542 4.02502 96.5175 3.92641 92.5911 17.574 75.0171 72.5612 71.7134 65.6721 64.1688 54.8884 51.4849 9.28039 49.3475 33.1124 29.1541 24.9633 11.2872
internal_count=8000 7778 7773 827 6946 6830 253 6577 966 5611 518 5093 4648 4581 4528 4382 3815 3270 567 1096 834 612 340 222
is_linear=0
shrinkage=0.03


Tree=145
num_leaves=25
num_cat=0
split_feature=14 5 5 2 2 3 7 16 3 1 2 2 8 1 1 1 16 4 7 1 3 3 8 2
split_gain=36.3631 1.07293 1.59404 1.09319 2.69509 1.07254 1.85244 1.26166 4.33174 2.0434 1.41335 5.73597 2.27476 2.01809 2.12949 2.96976 2.28825 5.00595 5.32542 2.18333 2.16893 2.95564 5.48239 5.56211
threshold=1.0000000180025095e-35 234.50000000000003 233.50000000000003 313.15000000000003 312.05000000000007 2267.5000000000005 4096.0950000000012 0.012719500000000002 1737.5000000000002 300.75000000000006 311.75000000000006 311.55000000000007 8377.4000000000033 302.75000000000006 302.55000000000007 302.35000000000008 0.017873000000000003 35.250000000000007 4925.3900000000003 299.15000000000003 1566.5000000000002 1494.5000000000002 7634.0000000000009 308.45000000000005
decision_type=2 2 2 2 2 2 2 2 2 2 2 2 2 2 2 2 2 2 2 2 2 2 2 2
left_child=1 2 3 4 5 6 -1 9 10 -8 11 13 -12 14 15 16 19 18 -18 -9 21 -19 23 -23
right_child=-2 -3 -4 -5 -6 -7 7 8 -10 -11 12 -13 -14 -15 -16 -17 17 20 -20 -21 -22 22 -24 -25
leaf_value=-0.040115087214942544 0.030357575496419424 -0.032839791990500349 0.031066173227679895 0.022818455170698717 -0.032694959711681515 0.027759086191009821 0.022647338745501032 -0.032010144968420536 -0.040566392692594794 -0.040407696218113 0.018915139519431919 -0.040583212810987382 -0.032371836739495903 -0.036363454085800426 0.025070419366542189 -0.042800552019939174 0.028644795088064261 0.0055369202346669446 -0.036630002699670483 0.02135586163564538 0.019039051931096569 0.029670530214525554 -0.039419811992643619 -0.036026962636536618
leaf_weight=0.89384698538924467 73.698697686195374 0.73452805960550804 1.8616504073142994 2.4677367336698799 1.9100937930925272 1.5841201803705178 5.1710000973544075 0.74684445932507415 2.0613496067817314 0.50798690621741105 8.7081831352552364 2.7341760851850259 0.85472356210812073 1.1237886023300223 4.1444874141016035 1.2534415589179833 1.4280273417243723 43.879148869891651 5.2988981179660186 9.0611767055233923 8.0162453543161956 3.4039851383422484 4.0252458721806761 1.759196496219374
leaf_count=92 222 13 2 112 552 31 137 162 390 93 207 226 37 80 60 119 14 2911 1022 165 351 177 110 715
internal_value=0.0139454 0.00330071 0.00353585 0.00307426 0.00262547 0.00325802 0.00288863 0.0032576 0.00246487 0.017007 0.00338466 0.00217971 0.0143312 0.0035693 0.00410987 0.00300846 0.00374821 0.00178923 -0.0227731 0.0172922 0.00449419 0.00229708 -0.0131747 0.00728612
internal_weight=187.329 113.63 112.895 111.034 108.566 106.656 105.072 104.178 98.4989 5.67899 96.4376 86.8747 9.56291 84.1405 83.0167 78.8722 77.6188 67.8107 6.72693 9.80802 61.0838 53.0676 9.18843 5.16318
internal_count=8000 7778 7765 7763 7651 7099 7068 6976 6746 230 6356 6112 244 5886 5806 5746 5627 5300 1036 327 4264 3913 1002 892
is_linear=0
shrinkage=0.03


Tree=146
num_leaves=25
num_cat=0
split_feature=14 1 2 5 2 2 5 7 7 1 7 16 1 16 4 7 4 5 3 7 6 4 5 2
split_gain=35.6805 1.03646 1.38937 4.2692 1.9651 2.05757 4.57121 1.69989 3.71689 1.68264 5.78175 5.08752 2.33906 1.74323 3.48915 2.47641 5.11833 2.76424 2.72498 1.93733 6.47899 3.97034 4.11035 4.01035
threshold=1.0000000180025095e-35 304.35000000000008 311.85000000000008 214.50000000000003 311.75000000000006 311.55000000000007 231.50000000000003 7319.5300000000007 8635.0550000000021 302.05000000000007 5440.5250000000005 0.033727500000000007 301.95000000000005 0.033450000000000008 46.45000000000001 6677.9800000000005 41.350000000000001 144.50000000000003 1442.5000000000002 5141.4150000000009 10.950000000000001 35.250000000000007 233.50000000000003 308.95000000000005
decision_type=2 2 2 2 2 2 2 2 2 2 2 2 2 2 2 2 2 2 2 2 2 2 2 2
left_child=1 2 4 -4 5 7 -7 9 -9 11 -11 12 13 14 15 16 17 -1 -17 -19 21 22 -21 -23
right_child=-2 -3 3 -5 -6 6 -8 8 -10 10 -12 -13 -14 -15 -16 18 -18 19 -20 20 -22 23 -24 -25
leaf_value=-0.030137432344282133 0.030346881569726699 0.031102826591792549 -0.034270017202509863 0.015132777534557407 0.019253676812071865 -0.040170417039870947 0.031315267311409788 -0.036298227182876869 0.027304482029723662 -0.045120674077438964 0.01806907204582309 -0.040620734922226301 -0.046174242350620717 0.019985887915503313 -0.042757888272719369 0.024016921236194512 -0.034465858664784597 0.014057887818537181 -0.031020014160601458 -0.038553902523939546 -0.035649242861003058 0.021834262041829807 0.031148732717036616 -0.0026346028855199584
leaf_weight=2.0467074721818781 71.545390248298645 1.1887786012375716 3.3038072303461368 3.0072992732748389 6.8871891629532902 2.6975081339187446 1.1475645303726199 2.5998184497875623 1.212644360377453 1.4208352291316284 15.739296260813715 2.3931601928779846 0.83120407316891842 5.9466689383843905 1.46513658115873 8.1757171496865304 3.3185563098231787 15.821688604541121 0.89864457750809457 3.0657717425783657 3.782093809277284 13.297403213597137 1.0130103826522825 11.027686684625222
leaf_count=2174 222 5 811 16 116 252 1 921 45 145 373 445 67 53 146 113 545 262 454 271 222 118 1 222
internal_value=0.0137892 0.00323928 0.00294114 -0.0107291 0.00376446 0.00267482 -0.0188355 0.00355417 -0.0160679 0.00438313 0.012837 0.00239814 0.0038545 0.00444976 0.00300422 0.00407789 0.00161455 0.00400665 0.0185665 0.00546231 0.00123697 0.00614853 -0.0212425 0.0107414
internal_weight=183.834 112.288 111.099 6.31111 104.788 97.9011 3.84507 94.056 3.81246 90.2436 17.1601 73.0834 70.6903 69.8591 63.9124 62.4473 53.3729 50.0544 9.07436 48.0077 32.186 28.4039 4.07878 24.3251
internal_count=8000 7778 7773 827 6946 6830 253 6577 966 5611 518 5093 4648 4581 4528 4382 3815 3270 567 1096 834 612 272 340
is_linear=0
shrinkage=0.03


Tree=147
num_leaves=25
num_cat=0
split_feature=14 5 5 2 2 3 7 16 3 7 5 2 2 8 1 1 1 3 15 3 1 2 2 7
split_gain=34.9489 1.02456 1.51793 1.03112 2.54126 1.01891 1.7698 1.15305 4.11992 1.60951 3.13555 1.30658 5.30531 2.15155 1.92621 1.9997 2.82426 2.19757 3.56318 3.32822 2.13951 2.02857 1.54885 4.69028
threshold=1.0000000180025095e-35 234.50000000000003 233.50000000000003 313.15000000000003 312.05000000000007 2267.5000000000005 4096.0950000000012 0.012719500000000002 1737.5000000000002 4552.505000000001 231.50000000000003 311.75000000000006 311.55000000000007 8377.4000000000033 302.75000000000006 302.55000000000007 302.35000000000008 1684.5000000000002 1.0371500000000002 1326.5000000000002 299.15000000000003 311.05000000000007 310.85000000000008 6390.2850000000008
decision_type=2 2 2 2 2 2 2 2 2 2 2 2 2 2 2 2 2 2 2 2 2 2 2 2
left_child=1 2 3 4 5 6 -1 9 11 10 -8 12 14 -13 15 16 17 18 21 -20 -19 22 -9 -24
right_child=-2 -3 -4 -5 -6 -7 7 8 -10 -11 -12 13 -14 -15 -16 -17 -18 20 19 -21 -22 -23 23 -25
leaf_value=-0.03969288866727725 0.030336512334127437 -0.032758295724324718 0.031006165460556484 0.022520803963193736 -0.032602371432202744 0.027422272852152114 -0.041053391125052151 0.0026261365243070811 -0.040139988942538278 0.029482574916120274 0.031274719520524741 0.018451176414205028 -0.039942176397736492 -0.032281688580017884 -0.036047054646258535 0.024628715774079921 -0.042275131734615931 -0.032307568089671689 0.028706625083291869 -0.033751956076059859 0.024577784296448642 -0.032279411864255966 -0.041278093051324426 0.022769402064448531
leaf_weight=0.87534770052297872 69.454280912876129 0.70909571880474587 1.7662152051925648 2.3742047433624967 1.821133627774542 1.5329562804836303 1.044962152504012 51.994237371109193 2.0078629885974797 3.3570653829956427 1.1150709390640259 8.4887748550681827 2.6158182763610958 0.82550568986334916 1.0960489610151842 4.0162339537928338 1.224888244003522 0.654530319821787 0.94255771499592711 4.1423099231615197 6.5485757052956615 1.3629913992772333 1.1620836256188329 8.989153618400449
leaf_count=92 222 13 2 112 552 31 184 3591 390 45 1 207 226 37 80 60 119 151 45 1049 147 386 117 141
internal_value=0.0136558 0.00318705 0.00341885 0.0029685 0.00252981 0.00314502 0.00278181 0.0031478 0.00238188 0.016485 -0.00371555 0.00328955 0.00211739 0.0139548 0.00345692 0.00399122 0.00291509 0.00364537 0.00199003 -0.0221743 0.0194087 0.00392478 0.00471882 0.0154374
internal_weight=180.122 110.668 109.959 108.192 105.818 103.997 102.464 101.589 96.0716 5.5171 2.16003 94.0637 84.7494 9.31428 82.1336 81.0376 77.0213 75.7964 68.5933 5.08487 7.20311 63.5085 62.1455 10.1512
internal_count=8000 7778 7765 7763 7651 7099 7068 6976 6746 230 185 6356 6112 244 5886 5806 5746 5627 5329 1094 298 4235 3849 258
is_linear=0
shrinkage=0.03


Tree=148
num_leaves=25
num_cat=0
split_feature=14 5 5 8 3 3 8 2 3 7 8 8 5 5 15 2 5 15 4 6 2 5 16 3
split_gain=34.308 0.988547 1.478 1.00752 1.01009 2.70639 2.1306 1.79737 1.3169 2.07577 1.28374 2.11596 1.47023 1.55242 1.96441 1.91516 1.74324 1.43643 3.64113 2.60728 1.77564 1.64865 2.23187 2.56584
threshold=1.0000000180025095e-35 234.50000000000003 233.50000000000003 10624.100000000002 1345.5000000000002 1356.5000000000002 948.05000000000007 310.75000000000006 1364.5000000000002 7319.5300000000007 10129.500000000002 9826.3000000000011 228.50000000000003 224.50000000000003 1.0380500000000004 307.55000000000007 222.50000000000003 1.0366500000000001 28.750000000000004 10.850000000000003 311.85000000000008 220.50000000000003 0.017873000000000003 1615.5000000000002
decision_type=2 2 2 2 2 2 2 2 2 2 2 2 2 2 2 2 2 2 2 2 2 2 2 2
left_child=1 2 3 4 7 -6 -7 -1 -8 10 11 12 13 14 15 -10 17 18 -17 21 -19 22 -20 -24
right_child=-2 -3 -4 -5 5 6 8 -9 9 -11 -12 -13 -14 -15 -16 16 -18 20 19 -21 -22 -23 23 -25
leaf_value=0.023211895837705419 0.030326458710756569 -0.032673090107599875 0.030975474867995671 -0.031827060423346869 -0.047522777027646408 -0.032411256592954511 0.020753877874426129 -0.030979433032161205 -0.043733168835391752 -0.030688109019967123 0.027129866581370576 -0.038390433834687543 -0.017465236246958012 0.016475009928735105 -0.032554512160193165 -0.034480360760008051 -0.037871875372643124 0.012959331184138157 0.023436379621113182 -0.037221233668596414 -0.034461613864430009 -0.039517719822379116 0.0044650849868867869 -0.03372491605073636
leaf_weight=4.3475052288849829 67.423603177070618 0.68990621343254943 1.7156882882118214 0.74627985435654309 0.96397683318355021 1.507515606121159 3.8376795157091683 0.63075161442975503 0.76690846798010071 1.6343993359478179 2.0102108854334793 1.1038363459520031 2.9408311862498513 8.261677283793686 1.3889508747379284 2.3691863487038054 0.88832167908549209 19.545654556917729 5.4308050675899713 1.3768147524096992 0.73746610782109101 0.75115718506276508 44.208013349067187 1.6421470495115489
leaf_count=309 222 13 2 60 136 920 95 115 151 679 10 20 14 15 369 579 10 979 126 124 79 10 2535 428
internal_value=0.013491 0.00312439 0.00335137 0.0029088 0.00315256 0.00250462 0.00298494 0.0163458 0.00352451 0.00282892 0.00341529 0.00289379 0.00339841 0.00410069 0.00280833 0.00344034 0.00391049 0.00439847 0.00191237 0.00352673 0.0112352 0.00460496 0.00525126 0.00309729
internal_weight=176.919 109.496 108.806 107.09 106.344 101.366 100.402 4.97826 98.8941 95.0564 93.422 91.4118 90.3079 87.3671 79.1054 77.7165 76.9496 76.0612 55.7781 53.4089 20.2831 52.0321 51.281 45.8502
internal_count=8000 7778 7765 7763 7703 7279 7143 424 6223 6128 5449 5439 5419 5405 5390 5021 4870 4860 3802 3223 1058 3099 3089 2963
is_linear=0
shrinkage=0.03


Tree=149
num_leaves=25
num_cat=0
split_feature=14 1 2 5 2 2 5 1 2 2 1 1 5 8 2 2 5 5 5 2 8 5 1 2
split_gain=33.7072 0.988668 1.27343 4.05256 1.82686 1.91329 5.02069 3.24107 3.07458 4.52732 3.05624 5.86628 4.75995 2.94503 2.68635 4.829 3.20935 3.04972 2.86035 2.38518 3.17059 3.19388 3.74971 1.74374
threshold=1.0000000180025095e-35 304.35000000000008 311.85000000000008 214.50000000000003 311.75000000000006 310.95000000000005 227.50000000000003 300.05000000000007 310.85000000000008 310.75000000000006 302.05000000000007 301.05000000000007 232.50000000000003 9147.6000000000004 310.55000000000007 309.95000000000005 226.50000000000003 233.50000000000003 219.50000000000003 309.75000000000006 5150.4000000000005 209.50000000000003 297.35000000000008 309.55000000000007
decision_type=2 2 2 2 2 2 2 2 2 2 2 2 2 2 2 2 2 2 2 2 2 2 2 2
left_child=1 2 4 -4 5 8 7 -7 9 10 11 14 -13 -9 15 16 18 -17 19 20 -1 23 -23 -22
right_child=-2 -3 3 -5 -6 6 -8 13 -10 -11 -12 12 -14 -15 -16 17 -18 -19 -20 -21 21 22 -24 -25
leaf_value=-0.031014627046183584 0.030316707273791963 0.031001420469485303 -0.034213332494034819 0.015065503228137865 0.018776339092989851 0.016656193979571 0.021249941714708408 -0.037435978395500988 0.020192950144366131 -0.044666266181579817 0.022834879863295673 -0.041960441649877216 0.031109901052168088 0.0039417156492275165 0.018257809489202904 -0.037335159800143597 -0.042610672564734171 0.017076173545910227 0.023931147032771122 0.016613623899908909 0.010719430362798123 0.0094168642710946888 -0.038676994509248636 -0.032740942049117004
leaf_weight=2.9907405483827487 65.451663315296173 1.1276649916544546 3.1400636978651155 2.8790027122013271 6.6362987633037838 1.8783113662211679 3.8805845230817786 6.1513447211327712 9.6123808245465607 1.81425282928103 6.5536423653829834 4.4014996269979738 0.98121213912963856 2.0687353591783904 9.9832144762913213 4.2508226865902534 1.2580507053062309 1.1856920868158338 6.7156834637280545 8.1872963802015857 16.035549138585345 2.6397550354013211 3.2619163347408175 0.8762849752092724
leaf_count=2186 222 5 811 16 116 91 6 1037 193 212 160 514 1 48 186 659 15 5 18 259 1032 13 57 138
internal_value=0.0133135 0.00305746 0.00276401 -0.0106426 0.00356011 0.0024941 -0.00775304 -0.0188982 0.00426807 0.00211618 0.00334056 0.00130514 -0.0286405 -0.0270225 0.00411403 0.00113524 0.00458165 -0.0254682 0.00604012 0.00250541 -0.00197092 0.00183657 -0.0171651 0.00846754
internal_weight=173.962 108.51 107.382 6.01907 101.363 94.727 13.979 10.0984 80.748 71.1356 69.3214 62.7677 5.38271 8.22008 57.385 47.4018 41.9653 5.43651 40.7072 33.9915 25.8042 22.8135 5.90167 16.9118
internal_count=8000 7778 7773 827 6946 6830 1182 1176 5648 5455 5243 5083 515 1085 4568 4382 3718 664 3703 3685 3426 1240 70 1170
is_linear=0
shrinkage=0.03


Tree=150
num_leaves=25
num_cat=0
split_feature=14 3 7 4 3 1 7 7 6 16 16 3 4 3 3 15 5 4 6 5 7 5 3 1
split_gain=33.0109 0.962183 1.66793 0.96543 4.17417 1.7966 1.20369 1.88151 1.22677 2.4288 2.2623 2.89096 2.17595 1.98273 2.51292 2.87774 1.79873 1.77323 1.6824 3.51315 1.64913 1.5389 4.7522 3.08386
threshold=1.0000000180025095e-35 2267.5000000000005 4096.0950000000012 23.650000000000002 1737.5000000000002 300.75000000000006 4898.0900000000011 4925.3900000000003 8.6500000000000004 0.033864000000000005 0.032748500000000007 1428.5000000000002 53.850000000000001 1692.5000000000002 1684.5000000000002 1.0379500000000002 206.50000000000003 54.050000000000004 10.050000000000002 22.500000000000004 6816.8400000000011 210.50000000000003 1380.5000000000002 303.55000000000007
decision_type=2 2 2 2 2 2 2 2 2 2 2 2 2 2 2 2 2 2 2 2 2 2 2 2
left_child=1 2 -1 5 6 -4 -5 -8 21 10 11 -10 -11 14 15 20 18 -14 19 -12 -13 22 -9 -24
right_child=-2 -3 3 4 -6 -7 7 8 9 12 16 13 17 -15 -16 -17 -18 -19 -20 -21 -22 -23 23 -25
leaf_value=-0.039406128208534778 0.030307246260909877 0.027191474936651038 0.020858657443242577 -0.035493122697171475 -0.039035872585135627 -0.039768217088638209 0.029741293461811643 0.017678956563953421 -0.032668542609867249 -0.032049225088813083 0.021452318702357382 0.0032349563131319247 0.029260224852598382 -0.033977823834885131 0.029437529839382422 -0.035085130957582068 0.028772269448445423 -0.030166800794707557 0.01867585683886681 -0.040783420691209667 -0.031337661764286893 0.018322953587163276 -0.034562271554372588 0.023322611501667641
leaf_weight=0.84106778257409942 63.536800682544708 1.4603192025970191 4.8861266200838136 0.71623083006124844 2.1469539692479875 0.48343328753253434 2.40550793238799 6.9903843533247727 2.3257207190326872 3.5638978126517022 1.5737852567108332 45.897147710376885 1.2290437853080218 1.381115325828431 2.9285354679159346 1.9289030849322433 4.7640997692942619 0.71466700508608472 3.7159142367017921 1.6960606309003194 1.2762725039792702 9.3539653727784735 3.6249681473418605 1.0736825328785924
leaf_count=99 222 35 142 140 422 121 18 17 413 980 21 3005 21 205 51 394 8 459 134 132 520 23 393 25
internal_value=0.0131794 0.00300672 0.00267202 0.00301011 0.00234017 0.0154003 0.00325446 0.00354222 0.00287204 0.00103229 0.00259559 7.36971e-05 -0.0181235 0.00149939 0.00244111 0.000831 0.0145586 0.00740999 0.00486534 -0.0108292 0.0022996 0.00925386 0.00199646 -0.0213351
internal_weight=170.515 106.978 105.517 104.676 99.3069 5.36956 97.1599 96.4437 94.0382 72.9952 67.4876 55.7377 5.50761 53.412 52.0309 49.1023 11.7499 1.94371 6.98576 3.26985 47.1734 21.043 11.689 4.69865
internal_count=8000 7778 7743 7644 7381 263 6959 6819 6801 6343 4883 4588 1460 4175 3970 3919 295 480 287 153 3525 458 435 418
is_linear=0
shrinkage=0.03


Tree=151
num_leaves=25
num_cat=0
split_feature=14 1 2 5 2 2 5 1 2 2 1 1 5 8 2 2 5 5 5 3 16 16 4 8
split_gain=32.373 0.961398 1.21773 3.82297 1.74001 1.81814 4.76683 3.03065 2.9048 4.27595 2.91466 5.65012 4.5383 2.86577 2.54739 4.58278 3.08266 2.94846 2.7426 2.25197 2.86296 3.61354 2.68951 3.25892
threshold=1.0000000180025095e-35 304.35000000000008 311.85000000000008 214.50000000000003 311.75000000000006 310.95000000000005 227.50000000000003 300.05000000000007 310.85000000000008 310.75000000000006 302.05000000000007 301.05000000000007 232.50000000000003 9147.6000000000004 310.55000000000007 309.95000000000005 226.50000000000003 233.50000000000003 219.50000000000003 1397.5000000000002 0.024376500000000006 0.028359000000000006 41.350000000000001 1856.2500000000002
decision_type=2 2 2 2 2 2 2 2 2 2 2 2 2 2 2 2 2 2 2 2 2 2 2 2
left_child=1 2 4 -4 5 8 7 -7 9 10 11 14 -13 -9 15 16 18 -17 19 -1 -21 -22 -23 -24
right_child=-2 -3 3 -5 -6 6 -8 13 -10 -11 -12 12 -14 -15 -16 17 -18 -19 -20 20 21 22 23 -25
leaf_value=0.017593380094435736 0.030298075710104032 0.030939358513930058 -0.034112771066316397 0.014510559290535347 0.018463255550764484 0.016229849338708028 0.020879984316554221 -0.037254454685764472 0.019840396462580814 -0.044331857545470768 0.022587004617067478 -0.041866853376806297 0.031056371004109476 0.0038155193796611175 0.017921940905822303 -0.037167457938113387 -0.042281769504020024 0.016804669780752818 0.023611651294075855 0.0058365168963931341 -0.038664842769385727 0.03142606021633354 0.023688733189356409 -0.031810820500790329
leaf_weight=6.9403246140282127 61.677387714385986 1.0930690200766537 3.0181587671977459 2.8104579723440111 6.4861990142671848 1.8161179452436034 3.7818590924143782 5.9475116836110811 9.3449197580048331 1.7458425076620177 6.3384258516889522 4.2581321566976831 0.93710958957672108 2.0582803148136009 9.7565622373076604 4.1185562695900435 1.232719222549348 1.169668912887573 6.5627415571361771 16.79605728106981 3.5613251364120497 1.7003449776384512 1.433126113086473 2.8376720802043565
leaf_count=639 222 5 811 16 116 91 6 1037 193 212 160 514 1 48 186 659 15 5 18 1467 634 18 182 745
internal_value=0.0130249 0.00295001 0.00265767 -0.0106674 0.00344359 0.00238854 -0.00773884 -0.0187583 0.00413837 0.0020237 0.00322012 0.00121773 -0.0287131 -0.0266954 0.00398907 0.0010564 0.0044415 -0.0252297 0.00588751 0.00239117 -0.0016162 -0.0147478 -0.000483089 -0.0131872
internal_weight=167.423 105.745 104.652 5.82862 98.8235 92.3373 13.6038 9.82191 78.7335 69.3886 67.6428 61.3043 5.19524 8.00579 56.1091 46.3525 41.0643 5.28823 39.8316 33.2689 26.3285 9.53247 5.97114 4.2708
internal_count=8000 7778 7773 827 6946 6830 1182 1176 5648 5455 5243 5083 515 1085 4568 4382 3718 664 3703 3685 3046 1579 945 927
is_linear=0
shrinkage=0.03


Tree=152
num_leaves=25
num_cat=0
split_feature=14 1 2 5 2 2 5 7 7 0 7 2 2 5 7 5 8 3 0 8 3 2 2 8
split_gain=31.6998 0.934068 1.16494 3.69345 1.65319 1.74447 4.03356 1.46769 3.35736 1.49954 2.96594 1.97438 5.24472 3.0322 3.00969 2.99449 2.41565 3.18818 4.10218 3.14676 3.23905 2.87749 2.32689 2.80732
threshold=1.0000000180025095e-35 304.35000000000008 311.85000000000008 214.50000000000003 311.75000000000006 311.55000000000007 231.50000000000003 7319.5300000000007 8635.0550000000021 1.5000000000000002 5795.9300000000012 310.45000000000005 309.85000000000008 144.50000000000003 4667.3450000000003 233.50000000000003 5279.7000000000007 1475.5000000000002 1.0000000180025095e-35 7719.8500000000013 1615.5000000000002 308.45000000000005 310.95000000000005 9147.6000000000004
decision_type=2 2 2 2 2 2 2 2 2 2 2 2 2 2 2 2 2 2 2 2 2 2 2 2
left_child=1 2 4 -4 5 7 -7 9 -9 11 -11 12 13 -1 -13 -14 -15 18 -18 20 21 -19 -16 -24
right_child=-2 -3 3 -5 -6 6 -8 8 -10 10 -12 14 15 16 22 -17 17 19 -20 -21 -22 -23 23 -25
leaf_value=-0.030652076094800213 0.030289182804113905 0.030883416874616775 -0.034022413313468426 0.014173279284422751 0.018100394323392683 -0.039290635242347903 0.031180486986539389 -0.036228193380189858 0.027078746672396292 -0.035611333345156281 0.019334630301835524 -0.039791598249300716 -0.036868553617646335 0.021603220295331575 0.0132872044139302 0.016453578481254387 0.018567029388957147 0.017492320005485496 -0.036693955869561291 -0.037105863720021601 -0.036170737807749015 -0.033087477753837018 -0.018310567971128441 0.022101335104298511
leaf_weight=2.2802028081350754 59.871856391429901 1.0626564970007155 2.9366203449899322 2.7913130121305585 6.4187773762678253 2.4663829880737458 1.0388923883438113 2.3548099806939713 1.1090164080378597 0.97145877224102051 9.8393558631942124 1.167809392849448 5.2043656802416072 6.3767787012620856 26.688722862425493 1.1589536424726246 10.116986711829668 5.5973743447393627 1.3730650023499045 2.9463202279875977 1.8746517567778935 1.2357739177532492 5.0247535152593619 2.2353380213608034
leaf_count=1851 222 5 811 16 116 252 1 921 45 210 343 143 735 173 763 5 184 98 94 77 103 161 657 14
internal_value=0.0128908 0.00290071 0.00261259 -0.0105359 0.0033852 0.00234795 -0.0184044 0.00317876 -0.0159592 0.00396707 0.0143972 0.00242836 -0.00229518 0.0026796 0.00756187 -0.027157 0.00525414 0.000749577 0.0119633 -0.0103063 -0.00123856 0.00834497 0.00919079 -0.00586799
internal_weight=164.142 104.27 103.208 5.72793 97.4798 91.061 3.50528 87.5557 3.46383 84.0919 10.8108 73.2811 38.1645 31.8012 35.1166 6.36332 29.521 23.1442 11.4901 11.6541 8.7078 6.83315 33.9488 7.26009
internal_count=8000 7778 7773 827 6946 6830 253 6577 966 5611 553 5058 3481 2741 1577 740 890 717 278 439 362 259 1434 671
is_linear=0
shrinkage=0.03


Tree=153
num_leaves=25
num_cat=0
split_feature=14 5 5 3 7 16 3 1 5 3 16 8 5 1 5 15 7 8 8 7 3 2 1 7
split_gain=31.0442 0.93052 1.36607 0.931617 1.54362 1.02748 3.63028 1.76313 1.20843 1.37691 2.36921 3.76033 1.7189 1.67162 1.62223 2.18772 4.33115 2.40068 2.21876 2.49938 2.45722 1.99791 1.89035 3.33956
threshold=1.0000000180025095e-35 234.50000000000003 233.50000000000003 2267.5000000000005 4096.0950000000012 0.012719500000000002 1737.5000000000002 300.75000000000006 228.50000000000003 1684.5000000000002 0.020393000000000005 4233.3000000000011 144.50000000000003 299.15000000000003 205.50000000000003 1.0306500000000003 6715.0000000000009 7772.3000000000011 7024.8000000000002 7265.6950000000006 1422.5000000000002 309.45000000000005 298.85000000000008 7297.0950000000012
decision_type=2 2 2 2 2 2 2 2 2 2 2 2 2 2 2 2 2 2 2 2 2 2 2 2
left_child=1 2 3 4 -1 7 8 -6 9 10 11 12 -7 -11 15 17 -17 18 19 20 -12 -18 -23 -24
right_child=-2 -3 -4 -5 5 6 -8 -9 -10 13 14 -13 -14 -15 -16 16 21 -19 -20 -21 -22 22 23 -25
leaf_value=-0.038704534387382021 0.030280553780947433 -0.032581189927707699 0.03088826472432088 0.027015482672892388 0.021533099295584741 -0.03031238840579378 -0.038807237315686284 -0.039996051427149425 -0.017416719723469379 -0.032015041213078965 0.013439770814149347 -0.037265100538380037 0.031612990999307873 0.020706022847430415 0.00714920853801242 -0.033388228892410547 -0.032232000165227787 -0.033119199971181811 0.026659956626055713 -0.043275832656364886 -0.03156677509005925 0.026230501516624521 -0.031747346992908182 0.015599698892977611
leaf_weight=0.8191914469061875 58.118685007095337 0.66276999423280258 1.5656312108039845 1.3925605542317487 4.5560642929631276 0.55415422655641955 1.9274818865669647 0.46161206645774644 2.5868256352841845 0.59170033693953783 7.2428159327537305 3.2344904835626949 1.4831078114220873 6.3503097458742559 46.506074906559661 4.8191595335083539 1.3760111946176028 1.2883015625411633 4.6433582429890512 1.0089983749785449 1.2855637204920638 2.9318117264483572 2.2499130450887606 3.3179190083756112
leaf_count=99 222 13 2 35 139 445 426 115 15 151 162 263 3 220 255 2400 942 171 79 170 682 115 447 429
internal_value=0.0127543 0.00285107 0.00308086 0.00264822 0.00230627 0.00264764 0.00193714 0.0158726 0.00279572 0.00338397 0.00229716 -0.0171567 0.0147687 0.0162124 0.00363479 -0.00178367 -0.0100731 0.00609085 0.00965304 0.00137307 0.00665551 0.00130433 0.00673354 -0.00353284
internal_weight=160.975 102.856 102.193 100.627 99.2349 98.4157 93.398 5.01768 91.4705 88.8837 81.9417 5.27175 2.03726 6.94201 76.6699 30.1639 14.6948 15.469 14.1807 9.53738 8.52838 9.87565 8.49964 5.56783
internal_count=8000 7778 7765 7763 7728 7629 7375 254 6949 6934 6563 711 448 371 5852 5597 4333 1264 1093 1014 844 1933 991 876
is_linear=0
shrinkage=0.03


Tree=154
num_leaves=25
num_cat=0
split_feature=14 5 5 2 2 3 7 15 15 5 1 16 3 2 2 15 4 3 2 2 0 5 0 5
split_gain=30.4408 0.898222 1.32963 0.907106 2.19346 0.890705 1.49314 0.988905 3.68058 2.95821 1.95932 1.87447 2.40615 4.96999 4.81371 3.34572 2.25889 2.06776 2.05624 1.30219 1.15866 2.28228 1.15016 2.90704
threshold=1.0000000180025095e-35 234.50000000000003 233.50000000000003 313.15000000000003 312.05000000000007 2267.5000000000005 4096.0950000000012 1.0320500000000001 1.0335500000000002 226.50000000000003 300.75000000000006 0.033727500000000007 1475.5000000000002 310.65000000000003 308.15000000000003 1.0367500000000003 35.850000000000001 1522.5000000000002 308.25000000000006 310.75000000000006 1.0000000180025095e-35 42.500000000000007 1.0000000180025095e-35 215.50000000000003
decision_type=2 2 2 2 2 2 2 2 2 2 2 2 2 2 2 2 2 2 2 2 2 2 2 2
left_child=1 2 3 4 5 6 -1 22 9 -9 11 12 18 14 15 16 -14 -15 -10 20 -20 -22 23 -8
right_child=-2 -3 -4 -5 -6 -7 7 8 10 -11 -12 -13 13 17 -16 -17 -18 -19 19 -21 21 -23 -24 -25
leaf_value=-0.03845216073893043 0.030272184703992462 -0.032501953589805052 0.03086127375959747 0.022135090459734323 -0.032464828582122518 0.026850229339568397 0.0054083523778418706 -0.034589837941137978 -0.044735609805618699 0.0096314086077243736 -0.036399087818094013 -0.031920054304727115 0.027291428908825608 -0.038408595778107638 -0.035279016984320503 -0.036674354586302089 -0.044261959808451358 0.017184380985439691 0.025149874991302203 -0.030853690021999797 0.028175205915677636 -0.032961238981694396 0.010588845821494053 -0.022355581134718808
leaf_weight=0.79789423781039559 56.416371703147888 0.64472650503739615 1.5206685662269581 2.0933369956910601 1.617822777290711 1.3617551871284366 24.31208027560206 4.561338860570685 0.4804927982040671 1.9407517760992048 1.0944248820014753 1.2362049616640423 3.4732620136201171 0.64024744994821858 5.2942442274652421 1.2845194643887223 0.44833597110118706 10.118682636821175 9.3548703838023304 0.4617497388680939 1.2396106120722845 0.98721528757596377 22.806439941414283 3.9448897801339617
leaf_count=92 222 13 2 112 552 31 1513 1005 109 3 139 680 114 96 1238 83 75 273 261 130 40 140 1045 32
internal_value=0.0125984 0.0027956 0.00302076 0.00259548 0.00217578 0.00276054 0.00241332 0.00276138 -0.000612622 -0.0213906 0.00312834 0.00436365 0.00569135 -0.000453745 -0.0151365 0.005347 0.0191111 0.0138761 0.0161226 0.0185506 0.0205203 0.00107168 0.00557722 0.00153229
internal_weight=158.132 101.716 101.071 99.5502 97.4568 95.839 94.4773 93.6794 42.616 6.50209 36.1139 35.0194 33.7832 21.2593 10.5004 5.20612 3.9216 10.7589 12.5239 12.0434 11.5817 2.22683 51.0634 28.257
internal_count=8000 7778 7765 7763 7651 7099 7068 6976 4386 1008 3378 3239 2559 1879 1510 272 189 369 680 571 441 180 2590 1545
is_linear=0
shrinkage=0.03


Tree=155
num_leaves=25
num_cat=0
split_feature=14 1 2 5 2 2 5 7 7 0 7 2 2 5 7 5 7 8 2 8 6 15 3 6
split_gain=29.842 0.869481 1.07065 3.55576 1.55639 1.68004 3.7724 1.40117 3.14422 1.41037 2.75441 1.82126 4.99276 2.82599 2.76231 2.74881 2.26757 4.80322 2.1665 2.62108 4.912 1.99167 2.81789 2.40624
threshold=1.0000000180025095e-35 304.35000000000008 311.85000000000008 214.50000000000003 311.75000000000006 311.55000000000007 231.50000000000003 7319.5300000000007 8635.0550000000021 1.5000000000000002 5795.9300000000012 310.45000000000005 309.85000000000008 144.50000000000003 4667.3450000000003 233.50000000000003 5102.3550000000005 7581.3000000000011 310.95000000000005 9147.6000000000004 11.350000000000003 1.0369500000000003 1337.5000000000002 10.050000000000002
decision_type=2 2 2 2 2 2 2 2 2 2 2 2 2 2 2 2 2 2 2 2 2 2 2 2
left_child=1 2 4 -4 5 7 -7 9 -9 11 -11 12 13 -1 -13 -14 -15 -18 -16 20 -20 23 -23 -19
right_child=-2 -3 3 -5 -6 6 -8 8 -10 10 -12 14 15 16 18 -17 17 21 19 -21 -22 22 -24 -25
leaf_value=-0.030646439361736694 0.030264068455775752 0.030749481074416132 -0.034027240089618528 0.014146762358380948 0.017720369847397652 -0.03900045509871921 0.031100790888974654 -0.036170462088600475 0.026696269159693645 -0.035405338945738288 0.018906730491300143 -0.039148682800528564 -0.036638944814718452 0.018841399716278656 0.012809520807068559 0.016041184258207161 -0.035178518376265101 -0.0059524089387725529 -0.037373550840270796 0.021737429628890758 0.028658000892153482 0.030743056231576027 -0.036485560118298906 0.019294549601979211
leaf_weight=2.1431776601093615 54.763477474451065 0.98777734191389654 2.8091707462590412 2.7084851893596351 6.219173223769757 2.3785323941992824 0.97372692823410023 2.2482699559914177 1.0505773924523962 0.92196983676694699 9.4970285868330375 1.1169115464726918 4.9859011946537057 7.8092822916805771 26.055539875771501 1.0855297073721883 3.0073857495008296 5.2990218787745134 3.464871620599296 2.14154589275131 1.4333361884637268 0.78204816029756274 1.9863023405341662 9.4681456473044801
leaf_count=1851 222 5 811 16 116 252 1 921 45 210 343 143 735 127 763 5 479 125 606 14 51 4 70 85
internal_value=0.0124446 0.00274172 0.00246391 -0.0103798 0.00321727 0.00219054 -0.0186382 0.00301688 -0.0161494 0.00379556 0.0141007 0.00227859 -0.00237621 0.00257005 0.00725376 -0.0272201 0.00508092 -0.000150053 0.00881976 -0.00594713 -0.0180511 0.00585742 -0.0174937 0.010235
internal_weight=155.337 100.574 99.5859 5.51766 94.0683 87.8491 3.35226 84.4968 3.29885 81.198 10.419 70.779 36.5668 30.4954 34.2122 6.07143 28.3522 20.5429 33.0953 7.03975 4.89821 17.5355 2.76835 14.7672
internal_count=8000 7778 7773 827 6946 6830 253 6577 966 5611 553 5058 3481 2741 1577 740 890 763 1434 671 657 284 74 210
is_linear=0
shrinkage=0.03


Tree=156
num_leaves=25
num_cat=0
split_feature=14 5 5 1 3 7 16 3 1 3 16 8 5 5 5 3 0 7 2 8 6 16 4 7
split_gain=29.2137 0.868781 1.27409 0.856499 0.873716 1.38252 1.00932 3.33278 1.64571 1.15408 2.01019 3.56606 1.60722 1.52473 3.47535 1.90072 1.67532 2.89169 1.60096 1.77709 2.24117 1.88693 3.44693 1.5275
threshold=1.0000000180025095e-35 234.50000000000003 233.50000000000003 304.35000000000008 2267.5000000000005 4096.0950000000012 0.012719500000000002 1737.5000000000002 300.75000000000006 1684.5000000000002 0.020393000000000005 4233.3000000000011 144.50000000000003 205.50000000000003 203.50000000000003 1386.5000000000002 1.0000000180025095e-35 7297.0950000000012 307.85000000000008 7677.1000000000013 10.950000000000001 0.021935500000000004 37.650000000000013 7319.5300000000007
decision_type=2 2 2 2 2 2 2 2 2 2 2 2 2 2 2 2 2 2 2 2 2 2 2 2
left_child=1 2 3 4 5 -1 8 9 -7 10 11 12 -8 14 15 -12 17 -17 -15 20 -20 -21 -23 -19
right_child=-2 -3 -4 -5 -6 6 7 -9 -10 -11 13 -13 -14 18 -16 16 -18 23 19 21 -22 22 -24 -25
leaf_value=-0.037889017729340849 0.030256198323449762 -0.032452819148382633 0.030820422220963633 0.030694144246116668 0.02653245297898723 0.021214438577215101 -0.030287794064323234 -0.038378150322880736 -0.03963406094515088 0.014147421144064774 0.010233605416921665 -0.037085360495418142 0.031512147961277735 0.023691171801675574 -0.035420358793071476 -0.032083993444995074 0.0019763412972198858 0.030250535554959952 -0.035724652260051941 0.028286026011548879 0.0067633173439992375 -0.021719481349549014 0.0075497475841183811 -0.030182061151587832
leaf_weight=0.78008883698203035 53.158589780330658 0.62892666785046358 1.4512742161750782 0.96028641279553895 1.3122248431318428 4.3537908775615497 0.51769100918318023 1.8476901815884037 0.44050839175179124 6.8615234056487671 10.458776180428691 3.0828501830983441 1.411080023390241 4.1198598823975763 2.6909168781712642 4.2644781905837581 8.70777951684431 1.312090881692711 2.1636943095363668 3.190382942557334 2.3104768814519048 4.0878292089328161 31.722816592548043 0.52786782638577268
leaf_count=99 222 13 2 5 35 139 444 426 115 372 1018 263 3 8 47 2322 1828 14 27 3 13 24 194 364
internal_value=0.0123108 0.00269475 0.002919 0.00250209 0.00222056 0.00188422 0.00221404 0.00149394 0.0156236 0.00233657 0.00133071 -0.0170688 0.0149248 0.00255113 -0.00300891 0.000442339 -0.00647119 -0.0185213 0.00581763 0.00412387 -0.0137837 0.00617822 0.00420863 0.012913
internal_weight=152.363 99.2049 98.576 97.1247 96.1644 94.8522 94.0721 89.2778 4.7943 87.4301 80.5686 5.01162 1.92877 75.557 27.9619 25.271 14.8122 6.10444 47.5951 43.4752 4.47417 39.001 35.8106 1.83996
internal_count=8000 7778 7765 7763 7758 7723 7624 7370 254 6944 6572 710 447 5862 5593 5546 4528 2700 269 261 40 221 218 378
is_linear=0
shrinkage=0.03


Tree=157
num_leaves=25
num_cat=0
split_feature=14 15 5 5 8 8 8 5 5 8 8 7 2 2 15 5 4 16 3 5 5 15 15 15
split_gain=28.6488 0.845787 0.849287 1.2206 0.862471 0.848131 2.39615 1.32633 1.29134 1.65826 4.55851 2.42263 1.77206 2.11382 2.64221 1.36877 4.06051 2.56456 2.87516 1.7084 1.44368 4.33696 2.45513 1.20513
threshold=1.0000000180025095e-35 1.0384500000000003 234.50000000000003 233.50000000000003 10624.100000000002 10129.500000000002 9826.3000000000011 228.50000000000003 224.50000000000003 6251.7000000000007 5188.7500000000009 7319.5300000000007 309.15000000000003 310.95000000000005 1.0270500000000002 130.50000000000003 46.850000000000001 0.032748500000000007 1428.5000000000002 205.50000000000003 205.50000000000003 1.0306500000000003 1.0303500000000001 1.0337500000000002
decision_type=2 2 2 2 2 2 2 2 2 2 2 2 2 2 2 2 2 2 2 2 2 2 2 2
left_child=1 2 3 4 5 6 7 8 9 10 11 12 -1 -14 -15 -11 17 18 -17 -18 21 22 -20 -22
right_child=-2 -3 -4 -5 -6 -7 -8 -9 -10 15 -12 -13 13 14 -16 16 19 -19 20 -21 23 -23 -24 -25
leaf_value=-0.030534891205931947 0.030248562350705648 -0.032666238148029617 -0.032377772785274789 0.030795544550980318 -0.031570932645435514 0.017760200581683816 -0.037066807711635189 -0.017901827306074009 0.015615109725363613 0.025253003166791712 -0.034515103419850479 -0.040957988186180579 0.010159092656887955 0.026709131390936676 -0.033534202852814526 -0.033946601543194781 -0.031245828563516938 0.022782674084397873 -0.032342144098035999 -0.12773816527480453 0.0018544133751764382 -0.034594989367742655 0.030632106295743249 0.013068753547224058
leaf_weight=1.2797933941910837 51.600342392921448 0.60688874212792043 0.61173238698393007 1.4095031023025502 0.65738607716048036 3.3396347509406032 1.3660106231545786 2.6604093741625539 7.3725751191377631 2.9810553481220259 3.7099071643169728 1.153318426790064 16.747898500121668 0.91590467150672283 2.3021873867110116 1.8041151808283746 1.4382783195178479 6.9395515853248062 0.72582840583345332 0.1865571062080561 18.343647841829807 2.9790683163737413 2.3978825089870952 16.277213500346988
leaf_count=1407 222 266 13 2 58 52 50 12 15 90 853 525 1722 49 1129 132 484 46 146 3 105 537 13 69
internal_value=0.0121496 0.00263997 0.00285951 0.00308176 0.00267306 0.00291022 0.0023687 0.00296582 0.0035999 0.00249513 -0.00371364 0.00138793 0.00368667 0.00588022 -0.0163883 0.005493 0.00434007 0.00587285 0.00311356 -0.0423247 0.00475537 -0.00869825 0.0159994 0.00712691
internal_weight=149.807 98.2063 97.5995 96.9877 95.5782 94.9208 91.5812 90.2152 87.5548 80.1822 26.109 22.3991 21.2458 19.966 3.21809 54.0732 51.0921 49.4673 42.5278 1.62484 40.7236 6.10278 3.12371 34.6209
internal_count=8000 7778 7512 7499 7497 7439 7387 7337 7325 7310 5685 4832 4307 2900 1178 1625 1535 1048 1002 487 870 696 159 174
is_linear=0
shrinkage=0.03


Tree=158
num_leaves=25
num_cat=0
split_feature=14 15 8 5 5 8 6 6 6 1 6 15 16 4 16 4 16 3 4 5 16 7 8 5
split_gain=28.0786 0.816686 0.821531 0.829957 1.16987 0.8439 0.811181 0.854714 2.15013 2.81693 2.0227 1.91568 1.71297 1.88849 1.63287 3.19947 2.38531 2.81882 1.41228 1.38479 1.82348 2.54241 1.33546 1.2264
threshold=1.0000000180025095e-35 1.0384500000000003 399.90000000000003 234.50000000000003 233.50000000000003 10624.100000000002 7.7500000000000009 7.9500000000000011 8.5500000000000025 303.55000000000007 8.6500000000000004 1.0293500000000002 0.033864000000000005 53.850000000000001 0.033450000000000008 46.45000000000001 0.032748500000000007 1428.5000000000002 54.050000000000004 212.50000000000003 0.035356500000000006 6758.5500000000011 9238.2500000000018 224.50000000000003
decision_type=2 2 2 2 2 2 2 2 2 2 2 2 2 2 2 2 2 2 2 2 2 2 2 2
left_child=1 2 -1 4 5 6 -4 -8 9 -9 19 -12 14 -14 15 16 17 -13 -15 20 21 -10 23 -19
right_child=-2 -3 3 -5 -6 -7 7 8 10 -11 11 12 13 18 -16 -17 -18 22 -20 -21 -22 -23 -24 -25
leaf_value=-0.032968663372914084 0.030241156661148984 -0.032591913448156769 -0.037246353082933621 -0.032305105567434537 0.030771441160030933 -0.031525389248816073 0.018033420481488215 -0.035432870789599447 0.0069515029532054287 0.025632476635777598 -0.036438708481445529 -0.032610919408355685 -0.032233646424441674 0.029103434392119366 0.018460737489554981 -0.041815593956566859 0.028810615354317923 0.0017993908001834133 -0.030172142244390587 0.030510368312271711 0.020650576889211257 -0.053923744649517491 -0.032937124907293801 0.014159275167328905
leaf_weight=0.57436567104014002 50.087398856878281 0.59027529307058912 0.44696295729954627 0.59496816573664446 1.3689013123512257 0.63886512006865714 3.3983429811487431 2.6911526133771981 2.3234297726594364 0.90969364988268342 1.1566642597317685 2.061410348294884 2.5581245157372896 1.0751424689660778 6.0689491209632243 1.4541007576481195 3.1095820384798563 47.189804583322257 0.54519375313248009 3.712119497358799 4.388106606900692 0.84093699703225855 0.9104683087207367 8.531324625015257
leaf_count=417 222 266 33 13 2 58 90 275 62 20 305 360 851 18 110 244 46 4148 391 4 11 14 24 16
internal_value=0.011996 0.00258827 0.00280335 0.00301743 0.00323777 0.00283685 0.00307196 0.00326589 0.00270533 -0.0200057 0.00365707 0.00186919 0.00247201 -0.0161823 0.00359636 0.00217024 0.00320515 0.00184856 0.00915901 0.015507 0.00813267 -0.00922622 0.0031029 0.00369178
internal_weight=147.226 97.1389 96.5486 95.9742 95.3793 94.0104 93.3715 92.9245 89.5262 3.60085 85.9254 74.6608 73.5041 4.17846 69.3256 63.2567 61.8026 58.693 1.62034 11.2646 7.55247 3.16437 56.6316 55.7211
internal_count=8000 7778 7512 7095 7082 7080 7022 6989 6899 295 6604 6513 6208 1260 4948 4838 4594 4548 409 91 87 76 4188 4164
is_linear=0
shrinkage=0.03


Tree=159
num_leaves=25
num_cat=0
split_feature=14 3 7 3 7 4 3 3 16 1 2 5 15 7 8 8 7 3 2 1 7 2 1 0
split_gain=27.5337 0.803136 1.34701 0.828749 2.45167 2.16735 2.92506 1.03221 4.03042 1.90036 1.7081 1.10155 1.87274 3.81549 2.17886 2.0796 2.2737 2.22528 1.7495 1.68703 2.97923 1.34285 1.73834 5.90098
threshold=1.0000000180025095e-35 2267.5000000000005 4096.0950000000012 2089.5000000000005 4552.505000000001 23.650000000000002 1737.5000000000002 1660.5000000000002 0.020393000000000005 299.15000000000003 311.45000000000005 205.50000000000003 1.0306500000000003 6715.0000000000009 7772.3000000000011 7024.8000000000002 7265.6950000000006 1422.5000000000002 309.45000000000005 298.85000000000008 7297.0950000000012 307.85000000000008 300.25000000000006 1.0000000180025095e-35
decision_type=2 2 2 2 2 2 2 2 2 2 2 2 2 2 2 2 2 2 2 2 2 2 2 2
left_child=1 2 -1 4 -4 -6 7 8 -7 -9 -11 12 14 -14 15 16 17 -10 -15 -20 -21 -13 23 -23
right_child=-2 -3 3 -5 5 6 -8 9 11 10 -12 21 13 18 -16 -17 -18 -19 19 20 -22 22 -24 -25
leaf_value=-0.03769075568114981 0.030233972509868184 0.026206213033584436 -0.039122808203595864 0.030602249016898959 0.028886979922292954 -0.036650173929239728 -0.03728606690031333 -0.031554506631792045 0.012664476641404243 0.019219740262885362 -0.033578204558845137 0.022035431111762125 -0.033063347325574532 -0.032089608443858525 -0.033030330081090457 0.02637620955535757 -0.04349313857286697 -0.031556309079538811 0.025772859793315613 -0.031596192307979019 0.015267028900049117 0.0063397339681806886 0.0082681121982613754 -0.038710309678573411
leaf_weight=0.75514114840188895 48.618469029664993 1.272884906589751 1.2711865001037939 0.93753333367931091 2.7852356107032383 2.4029118620819636 1.6725961335177988 0.83183737337821995 6.8317880740214605 8.5399248402827617 0.589539087101003 4.0872041414258993 4.358400850382167 1.2289218077930835 1.2065311458427448 4.2477454095205749 0.9308143475645928 1.2047918630996717 2.6638402005191892 2.0523055955418386 3.0138112656131852 10.867640985874457 29.008964809821919 3.4467940862523383
leaf_count=99 222 35 244 13 43 501 399 240 162 239 112 10 2386 941 171 79 170 677 115 447 429 74 143 49
internal_value=0.0118333 0.00253453 0.00221714 0.00253713 0.00225494 0.00282684 0.002013 0.0027641 0.00159641 0.011855 0.0158103 0.00281934 -0.00192912 -0.0100409 0.00556146 0.00908485 0.00089415 0.00603518 0.0011593 0.00644527 -0.00371746 0.00559757 0.00404679 -0.00450793
internal_weight=144.827 96.2083 94.9355 94.1803 93.2428 91.9716 89.1864 87.5138 77.5525 9.9613 9.12946 75.1496 27.739 13.3173 14.4217 13.2151 8.96739 8.03658 8.95888 7.72996 5.06612 47.4106 43.3234 14.3144
internal_count=8000 7778 7743 7644 7631 7387 7344 6945 6354 591 351 5853 5577 4318 1259 1088 1009 839 1932 991 876 276 266 123
is_linear=0
shrinkage=0.03


Tree=160
num_leaves=25
num_cat=0
split_feature=14 1 2 3 1 3 5 1 7 1 3 8 2 2 8 8 15 15 15 6 5 8 8 2
split_gain=26.961 0.799041 0.876354 2.60006 1.52426 2.90224 1.27143 4.41506 2.61235 2.20675 2.90696 5.14714 1.93346 1.59674 3.5752 3.34047 2.31435 2.40635 2.25265 1.72407 1.36171 4.3463 2.42177 2.34632
threshold=1.0000000180025095e-35 296.85000000000008 307.85000000000008 1604.5000000000002 297.25000000000006 1330.5000000000002 213.50000000000003 298.45000000000005 4667.3450000000003 298.65000000000003 1520.5000000000002 10129.500000000002 310.85000000000008 311.05000000000007 7176.9500000000007 6420.9500000000016 1.0371500000000002 1.03685 1.0270500000000002 10.15 207.50000000000003 7822.8500000000013 7581.3000000000011 310.85000000000008
decision_type=2 2 2 2 2 2 2 2 2 2 2 2 2 2 2 2 2 2 2 2 2 2 2 2
left_child=1 -1 3 -3 5 -4 7 -6 -9 -8 11 -11 -12 16 15 18 17 19 -15 20 21 22 -10 -23
right_child=-2 2 4 -5 6 -7 9 8 13 10 12 -13 -14 14 -16 -17 -18 -19 -20 -21 -22 23 -24 -25
leaf_value=-0.031518822077397937 0.030227004190423849 0.024179067827664102 0.030493418326472659 -0.04612579974414184 -0.034845977022269818 -0.040243115377679085 0.022994308488668756 -0.037762404186272913 0.0017094664288949543 -0.036535213404696801 -0.0021230407397908805 0.01715101448594256 0.017279509852683835 0.023181823424584906 -0.036922429767397208 0.02306777751695965 -0.034415858156715377 0.02894263658474177 -0.031304790281431988 -0.030949206490024139 0.014879693109278388 -0.0466044428206044 0.02701408496731492 0.0061249872759348897
leaf_weight=0.61781881308706843 47.192289233207703 3.9212261538777957 0.72315311158308704 0.53843657315883309 3.0942916654312276 1.8768962969770653 6.5622375459643072 1.4428061720973335 15.760161818136117 3.7795927710831192 7.7765393406152752 2.7963983623776585 11.395984744653104 0.9175396740174605 2.7163369673653506 3.7704131270584185 1.2457380064297456 4.0746407675906076 2.670406908262521 1.187165772076695 10.385701222578062 2.3139418267237484 4.3415822402166659 1.1305758996750226
leaf_count=258 222 201 6 71 1365 194 24 364 2147 52 41 25 26 50 270 111 372 82 1314 438 54 231 50 32
internal_value=0.0116914 0.00248745 0.00270995 0.0156908 0.00206646 -0.0205691 0.00274013 -3.25223e-05 0.00204079 0.0074642 0.00350622 -0.0137055 0.00940967 0.00317766 -0.00750841 0.00334976 0.00583988 0.00711938 -0.017371 0.00458737 0.00583067 0.00183936 0.00717477 -0.0292973
internal_weight=142.232 95.0396 94.4218 4.45966 89.9621 2.60005 87.3621 55.0513 51.957 32.3108 25.7485 6.57599 19.1725 50.5142 10.0747 7.35836 40.4395 39.1938 3.58795 35.1191 33.932 23.5463 20.1017 3.44452
internal_count=8000 7778 7520 272 7248 200 7048 6880 5515 168 144 77 67 5151 1745 1475 3406 3034 1364 2952 2514 2460 2197 263
is_linear=0
shrinkage=0.03


Tree=161
num_leaves=25
num_cat=0
split_feature=14 1 2 3 1 3 5 1 7 1 3 8 5 3 2 8 8 15 15 15 6 5 8 8
split_gain=26.3852 0.772386 0.841564 2.4914 1.46631 2.79711 1.20868 4.26769 2.51552 2.1188 2.76897 4.96239 1.89327 1.63128 1.52436 3.45233 3.20586 2.22735 2.33881 2.18043 1.66105 1.29216 4.15583 2.34351
threshold=1.0000000180025095e-35 296.85000000000008 307.85000000000008 1604.5000000000002 297.25000000000006 1330.5000000000002 213.50000000000003 298.45000000000005 4667.3450000000003 298.65000000000003 1520.5000000000002 10129.500000000002 216.50000000000003 1708.5000000000002 311.05000000000007 7176.9500000000007 6420.9500000000016 1.0371500000000002 1.03685 1.0270500000000002 10.15 207.50000000000003 7822.8500000000013 7581.3000000000011
decision_type=2 2 2 2 2 2 2 2 2 2 2 2 2 2 2 2 2 2 2 2 2 2 2 2
left_child=1 -1 3 -3 5 -4 7 -6 -9 -8 11 -11 -12 -14 17 16 19 18 20 -16 21 22 23 -10
right_child=-2 2 4 -5 6 -7 9 8 14 10 12 -13 13 -15 15 -17 -18 -19 -20 -21 -22 -23 -24 -25
leaf_value=-0.031473572959466012 0.030220243094497185 0.023883504735243016 0.030451073150010711 -0.045541330754836781 -0.034740751187637725 -0.039932434085113565 0.022667692270654058 -0.037532592741062402 0.0016585596303463853 -0.036339650888213268 0.02261254667462153 0.016796741770967853 -0.0068839227530858964 0.014777549431796233 0.022857081871424219 -0.036730555944956597 0.022732119175890905 -0.03432781049916396 0.028762624965346324 -0.03127166568647477 -0.030922679047301879 0.014545117749600512 -0.028970437156907957 0.026751777219972683
leaf_weight=0.60040848226344579 45.807635486125946 3.8517190130660302 0.70274197543039862 0.52912742049375072 3.0117998218338462 1.8353821588971184 6.4586697778431725 1.4086084246955568 15.756629119787254 3.6873293225653496 6.3180083911865976 2.7701218547299504 7.2032197001390141 5.5318384915590286 0.90288236144988188 2.6496193905477412 3.7121938292984851 1.2119750451529387 3.9785936536500222 2.5941881520993775 1.1530531560129009 10.307071524439378 3.3803855170845045 4.253960468893637
leaf_count=258 222 201 6 71 1365 194 24 364 2147 52 15 25 39 13 50 270 111 372 82 1314 438 54 263 50
internal_value=0.011557 0.00244368 0.00266216 0.0154982 0.00202911 -0.020445 0.00269016 -3.3665e-05 0.00200361 0.00731838 0.0034323 -0.0135452 0.00918628 0.00252536 0.00311965 -0.00744742 0.003315 0.00572143 0.00697147 -0.0172966 0.00448379 0.0056953 0.0017957 0.00699301
internal_weight=139.617 93.8095 93.2091 4.38085 88.8283 2.53812 86.2901 54.321 51.3092 31.9692 25.5105 6.45745 19.0531 12.7351 49.9006 9.85888 7.20926 40.0417 38.8297 3.49707 34.8511 33.698 23.391 20.0106
internal_count=8000 7778 7520 272 7248 200 7048 6880 5515 168 144 77 67 52 5151 1745 1475 3406 3034 1364 2952 2514 2460 2197
is_linear=0
shrinkage=0.03


Tree=162
num_leaves=25
num_cat=0
split_feature=14 5 5 8 3 3 8 2 5 8 7 7 1 2 3 4 7 5 7 2 2 3 7 8
split_gain=25.8231 0.766319 1.15776 0.783506 0.821607 2.22344 1.69344 1.43293 1.03725 3.22865 1.34291 1.21576 0.990479 3.56221 0.926745 0.926065 1.15157 0.927015 2.26969 1.34425 3.7562 2.33383 1.70783 4.2944
threshold=1.0000000180025095e-35 234.50000000000003 233.50000000000003 10624.100000000002 1345.5000000000002 1356.5000000000002 948.05000000000007 310.75000000000006 41.500000000000007 3526.2000000000003 7120.1350000000011 6805.5350000000008 297.25000000000006 307.85000000000008 1311.5000000000002 16.850000000000005 4096.0950000000012 224.50000000000003 4667.3450000000003 311.75000000000006 311.45000000000005 1554.5000000000002 5141.4150000000009 7581.3000000000011
decision_type=2 2 2 2 2 2 2 2 2 2 2 2 2 2 2 2 2 2 2 2 2 2 2 2
left_child=1 2 3 4 7 -6 -7 14 10 -10 11 -8 13 -11 -1 -14 -17 18 -18 20 22 -21 -20 -24
right_child=-2 -3 -4 -5 5 6 8 -9 9 12 -12 -13 15 -15 -16 16 17 -19 19 21 -22 -23 23 -25
leaf_value=-0.032016691264677113 0.030213688624700464 -0.032197864199609079 0.030733612544126807 -0.031483851294071025 -0.046006679167923531 -0.032400640223287563 -0.031004446526009231 -0.030847054862852202 -0.031331845334315406 0.021692670618248193 -0.033208703282332122 0.026525152878097941 0.031249072381223129 -0.038854327184060171 0.026762888014375555 -0.03839859945037271 -0.038743687300659746 0.012383690273611985 0.015376424025957966 0.017964668927825465 -0.037575639911181236 -0.033168526950141455 -0.015167275966084534 0.0065821411982424048
leaf_weight=0.26055078320496194 44.463313579559326 0.57260638661682506 1.2993111014366139 0.61680648195033327 0.86600703105796029 1.2466992755216768 0.3611590684595275 0.52079895371571172 2.5305254650957059 1.5550242678000352 0.44317322013375804 3.9075072495470522 1.0944324731826771 1.9984465779562013 3.285576288937591 0.58713405542948649 1.1818769409583172 9.7513785650953633 8.2950178941391624 8.9596386137563933 2.1460909860325037 0.88247667691030152 11.395049209342686 28.873632925227867
leaf_count=133 222 13 2 60 136 920 338 115 1806 140 114 73 1 140 176 8 87 27 191 328 185 147 2036 602
internal_value=0.0114208 0.00240017 0.00261537 0.00221283 0.0024434 0.00182084 0.00230693 0.0156198 0.00282227 0.00200923 0.0164973 0.0216577 0.00310895 -0.0123585 0.0224441 0.00386015 0.00344424 0.00378791 0.00243014 0.00323379 0.00126456 0.0133799 0.00298095 0.00042759
internal_weight=137.094 92.6309 92.0583 90.759 90.1422 86.0753 85.2093 4.06693 83.9626 79.2507 4.71184 4.26867 76.7202 3.55347 3.54613 73.1667 72.0723 71.4852 61.7338 60.5519 50.7098 9.84212 48.5637 40.2687
internal_count=8000 7778 7765 7763 7703 7279 7143 424 6223 5698 525 411 3892 280 309 3612 3611 3603 3576 3489 3014 475 2829 2638
is_linear=0
shrinkage=0.03


Tree=163
num_leaves=25
num_cat=0
split_feature=14 6 15 6 16 6 16 15 4 16 4 16 3 5 16 7 4 8 5 1 2 8 8 5
split_gain=25.2989 0.751043 0.943138 3.28562 2.28538 1.71847 2.09434 1.7476 1.70397 1.60216 2.92819 2.27604 2.53968 1.51897 1.94228 2.44045 1.39737 1.30568 1.17109 1.37799 3.19176 1.57372 3.49018 3.14651
threshold=1.0000000180025095e-35 7.7500000000000009 1.0270500000000002 8.5500000000000025 0.028273500000000003 8.6500000000000004 0.033864000000000005 1.0293500000000002 53.850000000000001 0.033450000000000008 46.45000000000001 0.032748500000000007 1428.5000000000002 212.50000000000003 0.035356500000000006 6758.5500000000011 54.050000000000004 9238.2500000000018 224.50000000000003 301.95000000000005 313.65000000000003 8232.5500000000011 7822.8500000000013 218.50000000000003
decision_type=2 2 2 2 2 2 2 2 2 2 2 2 2 2 2 2 2 2 2 2 2 2 2 2
left_child=1 -1 4 -4 -3 13 7 -7 -8 10 11 12 -9 14 15 -5 -10 18 19 21 -21 22 23 -14
right_child=-2 2 3 5 -6 6 8 9 16 -11 -12 -13 17 -15 -16 -17 -18 -19 -20 20 -22 -23 -24 -25
leaf_value=-0.036510791128202498 0.030207328808041591 -0.035282966058127391 -0.034871080227114049 0.0061937459796201477 0.023144971820074224 -0.036717546942279591 -0.031874043129166231 -0.03235090833418236 0.028709920226005194 0.018095297563808597 -0.041496159838319918 0.028489772095279257 0.004056195879368495 0.030264193398844071 0.019505290293699649 -0.050465859030406381 -0.030157563761816018 -0.032529300042434976 0.012715882101535101 -0.038929879257528846 0.030738145177541459 0.011636126897864104 -0.037279909068826264 -0.04006269917333339
leaf_weight=0.44537698513886326 43.158172309398651 0.69862651580478896 2.14408995645499 2.1917159032018376 4.3790319336403627 1.0132815519464191 2.992173331876983 1.9560598269017635 0.97705418916302711 5.7686175068374714 1.3893877682712616 2.8990991095488416 26.660990102973308 3.4628362096846104 4.2396645080298185 0.99466924363514397 0.57736860687145963 0.94517605938017268 9.3248941693454963 2.06679995979357 0.82932457074639376 11.946370235629727 2.2372231984045348 1.5388355180621136
leaf_count=35 222 131 213 66 71 275 980 398 21 116 267 51 3858 4 13 15 459 29 26 554 5 101 78 12
internal_value=0.0112677 0.00235184 0.00254156 0.00180106 0.015106 0.00273699 0.00108126 0.00238856 -0.0186367 0.00297506 0.00156355 0.00255398 0.00124645 0.0138558 0.00620437 -0.0114932 0.00684442 0.00242951 0.00303463 0.00104087 -0.01898 0.00240892 -0.00121271 0.00164867
internal_weight=134.837 91.6787 91.2333 86.1556 5.07766 84.0115 73.1227 68.5761 4.5466 67.5628 61.7942 60.4048 57.5057 10.8889 7.42605 3.18639 1.55442 55.5496 54.6044 45.2795 2.89612 42.3834 30.437 28.1998
internal_count=8000 7778 7743 7541 202 7328 7230 5770 1460 5495 5379 5112 5061 98 94 81 480 4663 4634 4608 559 4049 3948 3870
is_linear=0
shrinkage=0.03


Tree=164
num_leaves=25
num_cat=0
split_feature=14 5 5 2 2 3 7 16 3 1 2 2 8 1 1 1 16 4 7 3 3 8 2 5
split_gain=24.7698 0.740776 1.1106 0.744634 1.79221 0.733953 1.16597 0.867768 2.75958 1.35832 1.04371 3.69511 1.70335 1.46151 1.67234 2.18087 1.79499 3.74675 4.09772 1.82572 2.34161 4.26461 4.28526 1.86908
threshold=1.0000000180025095e-35 234.50000000000003 233.50000000000003 313.15000000000003 312.05000000000007 2267.5000000000005 4096.0950000000012 0.012719500000000002 1737.5000000000002 300.75000000000006 311.75000000000006 311.55000000000007 8377.4000000000033 302.75000000000006 302.55000000000007 302.35000000000008 0.017873000000000003 35.250000000000007 4925.3900000000003 1566.5000000000002 1494.5000000000002 7634.0000000000009 308.45000000000005 213.50000000000003
decision_type=2 2 2 2 2 2 2 2 2 2 2 2 2 2 2 2 2 2 2 2 2 2 2 2
left_child=1 2 3 4 5 6 -1 9 10 -8 11 13 -12 14 15 16 -9 18 -18 20 -19 22 -22 -21
right_child=-2 -3 -4 -5 -6 -7 7 8 -10 -11 12 -13 -14 -15 -16 -17 17 19 -20 23 21 -23 -24 -25
leaf_value=-0.036889489748900481 0.0302011577192033 -0.032156219872562841 0.03070042305041331 0.021515468034765853 -0.032164420537239689 0.026042060645465898 0.020682759158458217 0.016145994096935859 -0.037380797636137872 -0.038224212893664296 0.017542183618457448 -0.037940907997789264 -0.031983274395211037 -0.035086403797791092 0.023776025843696865 -0.040809640409012131 0.028144084322483266 0.0042776378496184085 -0.036011663175425715 -0.03208675916850369 0.029209068589583942 -0.038293570725236148 -0.035112019623584664 0.023003040400450196
leaf_weight=0.68964489386416872 41.891083627939224 0.55789196072146197 1.2412914037704457 1.7475566970824719 1.3811859784909746 1.1544549213431299 3.9217797814926589 7.7247563181153955 1.6041485237947188 0.38706975155218959 6.8195371222100212 2.1020430976059279 0.68807786083198141 0.92138447043544047 3.3016513081383883 1.059127828106283 1.1278815631521855 35.591802493028808 4.3584485421451973 0.61036680678080202 2.6680282679153597 3.5158667434443487 1.4328417248616458 6.0319319628179073
leaf_count=92 222 13 2 112 552 31 137 327 390 93 207 226 37 80 60 119 14 2911 1022 341 177 110 715 10
internal_value=0.0111236 0.00230644 0.00251988 0.00212613 0.00173707 0.00228338 0.001959 0.00227846 0.00156828 0.0153911 0.00236978 0.00123656 0.0130031 0.00244153 0.00295438 0.00188225 0.00259926 0.000708217 -0.0228225 0.00329789 0.00104689 -0.0140499 0.00673532 0.0179408
internal_weight=132.53 90.6388 90.0809 88.8396 87.092 85.7108 84.5564 83.8667 79.5579 4.30885 77.9537 70.4461 7.50761 68.3441 67.4227 64.1211 63.0619 55.3372 5.48633 49.8508 43.2085 7.61674 4.10087 6.6423
internal_count=8000 7778 7765 7763 7651 7099 7068 6976 6746 230 6356 6112 244 5886 5806 5746 5627 5300 1036 4264 3913 1002 892 351
is_linear=0
shrinkage=0.03


Tree=165
num_leaves=25
num_cat=0
split_feature=14 1 2 3 5 1 3 5 1 7 1 3 8 2 2 1 4 16 4 4 7 5 5 1
split_gain=24.2478 0.723013 0.760242 2.24179 1.66271 1.31923 2.54676 1.11611 3.9908 2.27688 1.99214 2.56936 4.54543 1.80792 1.42654 2.69423 1.20716 1.36383 3.89754 3.2392 3.56464 3.23279 4.73005 1.77433
threshold=1.0000000180025095e-35 296.85000000000008 307.85000000000008 1604.5000000000002 205.50000000000003 297.25000000000006 1330.5000000000002 213.50000000000003 298.45000000000005 4667.3450000000003 298.65000000000003 1520.5000000000002 10129.500000000002 310.85000000000008 311.85000000000008 304.35000000000008 23.350000000000005 0.028273500000000003 37.850000000000001 37.45000000000001 5386.7750000000005 206.50000000000003 203.50000000000003 299.65000000000003
decision_type=2 2 2 2 2 2 2 2 2 2 2 2 2 2 2 2 2 2 2 2 2 2 2 2
left_child=1 -1 3 4 -3 6 -4 8 -7 -10 -9 12 -12 -13 16 -16 -11 18 19 20 23 22 -19 -18
right_child=-2 2 5 -5 -6 7 -8 10 9 14 11 13 -14 -15 15 -17 17 21 -20 -21 -22 -23 -24 -25
leaf_value=-0.031416040916454099 0.030195174107087285 -0.036998559255777046 0.030369602739901566 -0.043874497239196793 0.030157771463311167 -0.034547031098557411 -0.039230795733041467 0.022273196935974564 -0.036962384265944261 0.031544784208661338 -0.035953835822002851 -0.0024653636210004068 0.016389197217406712 0.016751545490811967 -0.033953045920376297 0.030453117099682792 -0.035526243890891478 0.0040777166267792851 -0.034502589729332858 0.029431430350950395 -0.034060576681323312 0.021612648732199823 -0.05634051483124293 0.013423033053625457
leaf_weight=0.57005860321805712 40.660949259996414 0.36944189941277672 0.65172810602234621 0.50971279578516249 3.2572059445083141 2.8714166961872243 1.7268947684788143 6.1767515642568496 1.3244763959082764 1.4130502506159235 3.5035895765759077 7.4868695540353682 2.6020667653065175 10.707722561201079 2.2268845613289154 0.79260766220977519 0.76361559751967245 17.781014318214154 3.0053678639524142 3.2208618264558018 2.7474800769850845 9.4083957341499609 1.2480527036823321 5.2392125537880929
leaf_count=258 222 197 6 71 4 1365 194 24 364 2 52 41 25 26 746 5 197 1903 730 72 972 30 25 469
internal_value=0.0109811 0.00226214 0.00247777 0.0150369 0.0233166 0.00186587 -0.0201607 0.00250079 -0.000169161 0.00183839 0.00705999 0.00319303 -0.0136466 0.008844 0.00291246 -0.0170466 0.00425688 0.0033687 -0.00395829 0.00370987 -0.00575786 0.00722745 0.000115087 0.00719623
internal_weight=130.265 89.6045 89.0344 4.13636 3.62665 84.8981 2.37862 82.5194 52.0424 49.171 30.477 24.3002 6.10566 18.1946 47.8465 3.01949 44.8271 43.414 14.9765 11.9712 8.75031 28.4375 19.0291 6.00283
internal_count=8000 7778 7520 272 201 7248 200 7048 6880 5515 168 144 77 67 5151 751 4400 4398 2440 1710 1638 1958 1928 666
is_linear=0
shrinkage=0.03


Tree=166
num_leaves=25
num_cat=0
split_feature=14 5 5 8 3 3 8 2 5 8 7 7 4 8 8 8 5 7 4 3 16 16 15 0
split_gain=23.7145 0.71367 1.07743 0.733126 0.773981 2.13528 1.59543 1.33926 0.998705 3.02261 1.25582 1.15318 0.909505 1.00711 0.912335 1.72505 1.2919 2.45336 1.71964 1.72359 1.12547 3.99217 2.2583 1.42697
threshold=1.0000000180025095e-35 234.50000000000003 233.50000000000003 10624.100000000002 1345.5000000000002 1356.5000000000002 948.05000000000007 310.75000000000006 41.500000000000007 3526.2000000000003 7120.1350000000011 6805.5350000000008 16.850000000000005 3777.1500000000005 10129.500000000002 9826.3000000000011 228.50000000000003 4552.505000000001 23.650000000000002 1737.5000000000002 0.017873000000000003 0.020393000000000005 1.0379500000000002 1.5000000000000002
decision_type=2 2 2 2 2 2 2 2 2 2 2 2 2 2 2 2 2 2 2 2 2 2 2 2
left_child=1 2 3 4 7 -6 -7 -1 10 -10 11 -8 -11 -14 15 16 17 -15 -19 20 -20 -22 23 -23
right_child=-2 -3 -4 -5 5 6 8 -9 9 12 -12 -13 13 14 -16 -17 -18 18 19 -21 21 22 -24 -25
leaf_value=0.022179943405067324 0.030189369612852054 -0.032088875060017105 0.030677517433690731 -0.031410732478637918 -0.046312525797912056 -0.032340060859065205 -0.031038375619224221 -0.030808240479699243 -0.03129988497431644 0.031148872045269036 -0.033002015405582938 0.026284164573877208 -0.034642597941987145 -0.038434154396829803 0.019621632000421399 -0.035867014732577418 -0.018390358961090526 0.028915195123839971 0.014755806680796754 -0.035358390908856292 -0.03670150717740793 0.0031631672232038739 -0.034935690369738086 0.017727181254865339
leaf_weight=3.3611412462196308 39.46671062707901 0.54223603941500087 1.1990544795989979 0.58555795875145022 0.82680626763612863 1.1899321919481725 0.34496212998055753 0.49214603114523914 2.3988973837476797 1.013124108314513 0.42042560897243664 3.7435379031085176 0.65019537942134675 1.2272123174625438 2.8090786060784003 1.0560887416795584 2.500446797348558 2.4732247811043626 7.7153274752636198 1.0154779426811718 2.2400728010252342 42.267931736481842 1.2915667426277639 7.0670812113676211
leaf_count=309 222 13 2 60 136 920 338 115 1806 1 114 73 228 49 37 47 14 13 161 133 299 2352 288 270
internal_value=0.0108526 0.00222267 0.00243436 0.00204371 0.00227122 0.00165559 0.00214268 0.0154122 0.00265408 0.00183736 0.0163706 0.0214476 0.00292145 0.00252598 0.0028632 0.0021795 0.00277215 0.00358252 0.00438731 0.00340248 0.0040522 0.00249012 0.00422423 0.00524942
internal_weight=127.898 88.4315 87.8893 86.6902 86.1047 82.2514 81.4246 3.85329 80.2347 75.7257 4.50893 4.0885 73.3268 72.3137 71.6635 68.8544 67.7983 65.2979 64.0707 61.5975 60.582 52.8667 50.6266 49.335
internal_count=8000 7778 7765 7763 7703 7279 7143 424 6223 5698 525 411 3892 3891 3663 3626 3579 3565 3516 3503 3370 3209 2910 2622
is_linear=0
shrinkage=0.03


Tree=167
num_leaves=25
num_cat=0
split_feature=14 1 2 3 5 1 3 5 1 7 1 3 8 2 2 1 4 16 4 4 7 5 5 1
split_gain=23.2317 0.693008 0.724846 2.13094 1.60332 1.26809 2.40798 1.05871 3.82356 2.11247 1.90139 2.47878 4.30411 1.73628 1.35956 2.60261 1.14635 1.2769 3.76887 3.10977 3.43131 3.09166 4.54253 1.67211
threshold=1.0000000180025095e-35 296.85000000000008 307.85000000000008 1604.5000000000002 205.50000000000003 297.25000000000006 1330.5000000000002 213.50000000000003 298.45000000000005 4667.3450000000003 298.65000000000003 1520.5000000000002 10129.500000000002 310.85000000000008 311.85000000000008 304.35000000000008 23.350000000000005 0.028273500000000003 37.850000000000001 37.45000000000001 5386.7750000000005 206.50000000000003 203.50000000000003 299.65000000000003
decision_type=2 2 2 2 2 2 2 2 2 2 2 2 2 2 2 2 2 2 2 2 2 2 2 2
left_child=1 -1 3 4 -3 6 -4 8 -7 -10 -9 12 -12 -13 16 -16 -11 18 19 20 23 22 -19 -18
right_child=-2 2 5 -5 -6 7 -8 10 9 14 11 13 -14 -15 15 -17 17 21 -20 -21 -22 -23 -24 -25
leaf_value=-0.031390497967364012 0.030183738230900894 -0.036844373824310814 0.030296203863435938 -0.043386815170628389 0.030013864317726249 -0.03447626943519664 -0.038899701252130665 0.021937275368557989 -0.036540715872375396 0.031442449515426941 -0.035759680291713801 -0.0024872328915168176 0.015902281406298593 0.016477743451289453 -0.033903803585430443 0.030403105608769829 -0.03523278318669229 0.003911407164528596 -0.034403257127162794 0.029228238198192352 -0.033976519832576185 0.02125682238746476 -0.055963339541450052 0.013106924775530299
leaf_weight=0.55010409458191034 38.307332307100296 0.35987362763262343 0.62022027286002357 0.49485479488794215 3.134838942438364 2.7726456311356733 1.6749685577960916 6.0348618315765661 1.2624154517834529 1.3384525133296836 3.4020005632191923 7.3973049875348833 2.5313297286629677 10.528239489533005 2.1570429539424363 0.76811658282531414 0.73589127165905477 17.55907419955475 2.923985599554725 3.1369445468881159 2.6598050325992517 9.1919200518168491 1.2195968381129194 5.158507378619106
leaf_count=258 222 197 6 71 4 1365 194 24 364 2 52 41 25 26 746 5 197 1903 730 72 972 30 25 469
internal_value=0.0106962 0.00217556 0.00238764 0.0148786 0.023129 0.00178777 -0.0202012 0.00241255 -0.000219894 0.00175428 0.00689344 0.00308825 -0.0137192 0.0086515 0.00278618 -0.0170175 0.00410502 0.00324582 -0.00394068 0.00367809 -0.0056915 0.00700089 2.27906e-05 0.00707191
internal_weight=125.92 87.613 87.0629 3.98957 3.49471 83.0733 2.29519 80.7781 50.8844 48.1118 29.8937 23.8589 5.93333 17.9255 46.8493 2.92516 43.9242 42.5857 14.6151 11.6911 8.5542 27.9706 18.7787 5.8944
internal_count=8000 7778 7520 272 201 7248 200 7048 6880 5515 168 144 77 67 5151 751 4400 4398 2440 1710 1638 1958 1928 666
is_linear=0
shrinkage=0.03


Tree=168
num_leaves=25
num_cat=0
split_feature=14 5 5 8 3 3 8 2 5 8 7 7 3 1 2 4 8 8 7 2 7 16 16 6
split_gain=22.7178 0.687576 1.04573 0.713228 0.7232 2.05592 1.5314 1.27407 0.963672 2.88669 1.21182 1.10056 0.887314 0.871242 3.0434 0.824998 0.973469 0.847211 1.21787 3.23784 1.66198 4.46234 2.36322 2.74631
threshold=1.0000000180025095e-35 234.50000000000003 233.50000000000003 10624.100000000002 1345.5000000000002 1356.5000000000002 948.05000000000007 310.75000000000006 41.500000000000007 3526.2000000000003 7120.1350000000011 6805.5350000000008 1311.5000000000002 297.25000000000006 307.85000000000008 16.850000000000005 3777.1500000000005 3807.4000000000005 6931.8400000000011 311.75000000000006 6660.3400000000011 0.028464000000000003 0.028273500000000003 8.5500000000000025
decision_type=2 2 2 2 2 2 2 2 2 2 2 2 2 2 2 2 2 2 2 2 2 2 2 2
left_child=1 2 3 4 7 -6 -7 12 10 -10 11 -8 -1 14 -11 -15 -17 -18 20 -20 21 22 23 -19
right_child=-2 -3 -4 -5 5 6 8 -9 9 13 -12 -13 -14 15 -16 16 17 18 19 -21 -22 -23 -24 -25
leaf_value=-0.03204343373445246 0.030178276795546244 -0.032024455181463359 0.030655614205676713 -0.031389523737524537 -0.046185292091038048 -0.032310293069902109 -0.031026824221634216 -0.030778466703315733 -0.031277612485389995 0.020933689498269754 -0.0329404931274766 0.02601903164521871 0.026271260114532156 0.031089474042346795 -0.037946042602904718 -0.03441696415090667 0.027999457700225473 -0.034163305304059019 -0.032217865086593307 0.01842503220347921 0.015239657524461808 -0.033898039157638601 0.029960551196740216 0.0039338322496043172
leaf_weight=0.25464374104922161 37.181805342435837 0.52702782116830249 1.1585533618926991 0.57326000931789067 0.80269133322872122 1.1493534917899513 0.3320315618620947 0.47631015045044467 2.3059530495884237 1.3941346404026256 0.40926642113481637 3.6539936713234056 3.0189372876629932 0.96441847085952659 1.8234656189888481 0.61530290999507897 1.2457424044987409 1.7728625495947188 2.8001865056139641 1.912062208401039 10.157966815051621 2.9445284618268479 2.9933998833439537 43.197764705546433
leaf_count=133 222 13 2 60 136 920 338 115 1806 140 114 73 176 1 140 213 28 130 768 117 342 354 25 1634
internal_value=0.0105681 0.00213709 0.00234655 0.00195977 0.00218676 0.00158668 0.00206798 0.0150648 0.00257118 0.00176191 0.0162196 0.0212672 0.0217351 0.0028227 -0.0124344 0.00353827 0.00314544 0.00349027 0.00302611 -0.0116688 0.00416005 0.0019493 0.00414998 0.00243194
internal_weight=123.666 86.4839 85.9568 84.7983 84.225 80.4751 79.6724 3.74989 78.5231 74.1278 4.39529 3.98603 3.27358 71.8218 3.2176 68.6042 67.6398 67.0245 65.7788 4.71225 61.0665 50.9086 47.964 44.9706
internal_count=8000 7778 7765 7763 7703 7279 7143 424 6223 5698 525 411 309 3892 280 3612 3611 3398 3370 885 2485 2143 1789 1764
is_linear=0
shrinkage=0.03


Tree=169
num_leaves=25
num_cat=0
split_feature=14 2 2 2 4 4 16 3 1 2 6 7 5 1 4 15 15 8 5 3 7 6 4 15
split_gain=22.2344 0.668924 1.79055 0.753833 2.85025 3.04757 1.97824 2.10884 2.26581 3.58993 2.68838 3.92878 3.1104 1.53061 3.47326 3.2631 1.49337 4.0352 2.59945 2.41949 1.70262 1.4514 1.94216 1.38882
threshold=1.0000000180025095e-35 313.15000000000003 312.05000000000007 310.65000000000003 46.750000000000007 62.350000000000001 0.040267000000000004 1380.5000000000002 300.65000000000003 310.85000000000008 9.3500000000000032 5440.5250000000005 231.50000000000003 301.95000000000005 35.95000000000001 1.0270500000000002 1.0369500000000003 3553.8500000000004 144.50000000000003 1341.5000000000002 4552.505000000001 8.6500000000000004 53.850000000000001 1.0366500000000001
decision_type=2 2 2 2 2 2 2 2 2 2 2 2 2 2 2 2 2 2 2 2 2 2 2 2
left_child=1 2 3 4 16 -6 7 21 -9 -10 11 -11 -12 -13 -15 -16 18 -18 -1 -19 -20 -5 -23 -22
right_child=-2 -3 -4 6 5 -7 -8 8 9 10 12 13 -14 14 15 -17 17 19 20 -21 23 22 -24 -25
leaf_value=-0.030462803621900139 0.030172974473281062 0.021246008078614577 -0.031952345857042493 0.030744822789708155 -0.035448319938305724 0.028600759373661671 -0.048497770435904322 0.015340386103845484 -0.035716944022127162 -0.042665396995027569 -0.035142583840180749 0.027727428359118463 0.030923339348199692 0.025575119684703107 0.021249757737528817 -0.036932156776355703 0.023195602740822951 0.030640642082576497 -0.036098680602527154 -0.034672729153072686 0.0052527798762572811 -0.032377621461974766 0.030393343333262282 0.024014811814026107
leaf_weight=1.8048528266735946 36.089160472154617 1.6105384696274985 1.3970295644248825 4.6834084987640372 3.5304599148657863 0.82481222586648062 0.59855458958190766 9.1361292267247354 2.581525513254749 1.2218140936965962 2.8672854051401369 4.462528320407726 0.82615953683853138 3.8341645947512006 1.3864480979536895 2.3180554661521455 2.1563181648307355 0.58384245634078968 0.82441796086641161 4.0612859710672637 29.023537756685982 0.8907215363869907 0.88378467806614935 4.0457962405926073
leaf_count=1868 222 112 556 7 1179 26 92 486 316 142 482 58 1 85 42 231 506 1 63 490 855 136 4 40
internal_value=0.0104251 0.00209475 0.00172732 0.00229732 -0.000204802 -0.0233185 0.00558216 0.00650458 0.00301203 -0.00276465 0.00226402 0.00858468 -0.0203648 0.0138023 0.00555935 -0.015157 0.00216382 -0.0107197 0.00461844 -0.0264635 0.00648653 0.0219904 -0.00111483 0.00754818
internal_weight=121.643 85.5535 83.9429 82.5459 46.8553 4.35527 35.6906 35.092 28.6341 19.498 16.9165 13.223 3.69344 12.0012 7.53867 3.7045 42.5001 6.80145 35.6986 4.64513 33.8938 6.45791 1.77451 33.0693
internal_count=8000 7778 7666 7110 5028 1205 2082 1990 1843 1357 1041 558 483 416 358 273 3823 997 2826 491 958 147 140 895
is_linear=0
shrinkage=0.03


Tree=170
num_leaves=25
num_cat=0
split_feature=14 1 2 5 2 2 5 1 8 2 2 7 1 1 5 2 2 3 5 5 5 2 8 5
split_gain=21.722 0.652493 0.729312 2.78069 1.41341 1.17528 3.21761 2.3132 2.29285 2.2296 3.2279 2.89559 2.28463 4.66138 3.68574 2.08843 3.74183 2.24019 2.18057 2.20597 2.09792 1.75735 2.08001 2.36916
threshold=1.0000000180025095e-35 304.35000000000008 311.85000000000008 214.50000000000003 311.75000000000006 310.95000000000005 227.50000000000003 300.05000000000007 9147.6000000000004 310.85000000000008 310.75000000000006 5440.5250000000005 302.05000000000007 301.05000000000007 232.50000000000003 310.55000000000007 309.95000000000005 1437.5000000000002 226.50000000000003 219.50000000000003 233.50000000000003 309.75000000000006 5150.4000000000005 209.50000000000003
decision_type=2 2 2 2 2 2 2 2 2 2 2 2 2 2 2 2 2 2 2 2 2 2 2 2
left_child=1 2 4 -4 5 9 7 -7 -9 10 12 -11 13 15 -15 16 18 -17 19 21 -18 22 -1 -24
right_child=-2 -3 3 -5 -6 6 -8 8 -10 11 -12 -13 -14 14 -16 17 20 -19 -20 -21 -22 -23 23 -25
leaf_value=-0.030781361184657036 0.030167834501735033 0.030315104171400185 -0.033599827393932163 0.013794207983695805 0.017720199151339086 0.016651920354587228 0.019341511109987608 -0.036157444976377559 0.0048248740807452463 -0.042594869071587015 -0.041491493510988214 0.023833112661010271 0.021460359652110406 -0.040921356544305121 0.030863439294974766 -0.033495178263743305 -0.036673871001252009 0.021937079050698412 -0.039645648643470588 0.022910286000372811 0.015744443002916799 0.015478062950312423 0.0072317827151965356 -0.017302790586202283
leaf_weight=2.146323724708064 35.028441667556763 0.72926446254132216 2.2368647874827721 2.2198442812077701 5.1220487084938204 1.435596922878174 2.8790000975131989 4.7222941035361146 1.6607238795841111 0.64525457774288852 1.5712209134435386 6.9697411232918967 4.9937790961412238 3.786868869981844 0.77556651830673207 0.72079956882225626 3.4423838580114525 7.3155235066515161 1.0171422571875144 5.1600159814115605 0.85855764616280783 6.1352520896616616 12.880605532438496 4.8859176662517703
leaf_count=2186 222 5 811 16 116 91 6 1037 48 51 212 142 160 514 1 60 659 126 15 18 5 259 1170 70
internal_value=0.010311 0.0020611 0.00181457 -0.00999331 0.00247966 0.00142479 -0.00777217 -0.0177561 -0.0254947 0.00297894 0.000897032 0.0182044 0.00212769 0.000162436 -0.0287187 0.00311937 7.30689e-05 0.0169652 0.00358095 0.0049898 -0.0262101 0.00143983 -0.00288543 0.000484604
internal_weight=119.339 84.3106 83.5813 4.45671 79.1246 74.0026 10.6976 7.81861 6.38302 63.305 55.69 7.615 54.1187 49.125 4.56244 44.5625 36.5262 8.03632 32.2253 31.2081 4.30094 26.0481 19.9128 17.7665
internal_count=8000 7778 7773 827 6946 6830 1182 1176 1085 5648 5455 193 5243 5083 515 4568 4382 186 3718 3703 664 3685 3426 1240
is_linear=0
shrinkage=0.03


Tree=171
num_leaves=25
num_cat=0
split_feature=14 15 15 15 5 5 4 4 1 16 16 16 4 4 4 2 2 1 3 3 4 7 7 7
split_gain=21.2281 0.655024 0.706685 0.676287 0.640926 0.990021 0.68212 3.75209 1.79215 1.42322 3.57024 1.30035 2.91813 1.51037 6.00791 2.46995 1.70413 3.78957 1.55562 2.12197 1.72398 3.88752 2.49408 4.88854
threshold=1.0000000180025095e-35 1.0384500000000003 1.0383500000000001 1.0380500000000004 234.50000000000003 233.50000000000003 23.650000000000002 28.750000000000004 300.75000000000006 0.017873000000000003 0.020393000000000005 0.021391000000000004 34.95000000000001 36.150000000000013 37.45000000000001 308.25000000000006 308.15000000000003 303.35000000000008 1566.5000000000002 1542.5000000000002 37.850000000000001 6189.1500000000005 6297.9800000000005 6660.3400000000011
decision_type=2 2 2 2 2 2 2 2 2 2 2 2 2 2 2 2 2 2 2 2 2 2 2 2
left_child=1 2 3 4 5 6 8 -8 -1 -9 -11 -12 -13 16 -15 -16 -14 -18 19 20 -17 -22 -23 -24
right_child=-2 -3 -4 -5 -6 -7 7 9 -10 10 11 12 13 14 15 18 17 -19 -20 -21 21 22 23 -25
leaf_value=0.018338914051352604 0.030162847160768162 -0.032340126525353903 0.021987611831000117 -0.031751746814276907 -0.031917246469641829 0.030619688881763817 -0.035552147997942311 0.016355836859791702 -0.036101669664931911 -0.035975925594578871 0.018703290299865848 -0.038773768964973136 0.03079756433658732 -0.040124976567143811 -0.035699852701437593 0.020763143906200647 -0.034925535126992986 0.03066276658840664 0.025443045210386071 -0.03857681509309669 -0.034543130189664019 0.020204252110663803 -0.033434428512994947 0.0050847312536159523
leaf_weight=4.7976866534008868 33.998732596635818 0.49618507677951029 1.5981350283254858 0.53574751240375817 0.49639964010566373 1.0940192639827717 2.4270915048618908 6.0037564514932447 0.61384601571626252 2.2575965385913142 4.1252777009649426 1.592758385464548 3.3738289688626528 3.0573645565455072 1.4206063269521099 4.9217345047218251 1.4800977919658183 1.7074347526358904 2.9753294595575417 1.0764445060049173 2.4639493660215512 7.1764078058768055 3.3816849302820655 24.082605267263716
leaf_count=204 222 266 60 196 13 2 564 201 176 630 261 229 43 349 533 58 265 23 153 170 409 198 669 2106
internal_value=0.0101913 0.00202583 0.00223212 0.00184264 0.00206614 0.00227693 0.00188411 0.00112752 0.0121636 0.00237968 0.00109062 0.00242237 0.00127839 0.00239527 0.000637796 0.00326158 0.0159368 0.000207517 0.00446278 0.00301454 0.00407984 0.00186689 0.00445669 0.000341857
internal_weight=117.155 83.156 82.6598 81.0617 80.5259 80.0295 78.9355 73.524 5.41153 71.0969 65.0931 62.8355 58.7102 57.1175 50.5561 47.4988 6.56136 3.18753 46.0782 43.1028 42.0264 37.1046 34.6407 27.4643
internal_count=8000 7778 7512 7452 7256 7243 7241 6861 380 6297 6096 5466 5205 4976 4645 4296 331 288 3763 3610 3440 3382 2973 2775
is_linear=0
shrinkage=0.03


Tree=172
num_leaves=25
num_cat=0
split_feature=14 15 15 15 5 5 4 4 1 16 16 16 4 4 4 2 2 1 3 3 4 7 7 7
split_gain=20.7446 0.633167 0.675787 0.654032 0.619601 0.962547 0.650527 3.62022 1.71701 1.34995 3.44777 1.23683 2.81133 1.46722 5.77516 2.37861 1.65004 3.6666 1.49686 2.03986 1.6503 3.74556 2.38167 4.71268
threshold=1.0000000180025095e-35 1.0384500000000003 1.0383500000000001 1.0380500000000004 234.50000000000003 233.50000000000003 23.650000000000002 28.750000000000004 300.75000000000006 0.017873000000000003 0.020393000000000005 0.021391000000000004 34.95000000000001 36.150000000000013 37.45000000000001 308.25000000000006 308.15000000000003 303.35000000000008 1566.5000000000002 1542.5000000000002 37.850000000000001 6189.1500000000005 6297.9800000000005 6660.3400000000011
decision_type=2 2 2 2 2 2 2 2 2 2 2 2 2 2 2 2 2 2 2 2 2 2 2 2
left_child=1 2 3 4 5 6 8 -8 -1 -9 -11 -12 -13 16 -15 -16 -14 -18 19 20 -17 -22 -23 -24
right_child=-2 -3 -4 -5 -6 -7 7 9 -10 10 11 12 13 14 15 18 17 -19 -20 -21 21 22 23 -25
leaf_value=0.017998018508242924 0.030158009034042716 -0.032274576889199574 0.021660617791784041 -0.031700917085175778 -0.031859139238138462 0.030601022143640147 -0.035395252961839256 0.0160048122034127 -0.035917469135244288 -0.035850389508486319 0.018341848759293514 -0.03853826250994296 0.030724309784885828 -0.039796862162316642 -0.035544219769636419 0.020437255174367248 -0.034781140913589158 0.030613830020217368 0.025146012527905343 -0.038316439903725581 -0.034412427387025706 0.019845603605123968 -0.033337657104807156 0.0049389527644812196
leaf_weight=4.7427439850871442 32.99913015961647 0.48248379745928005 1.5739626309368748 0.5207348341064052 0.48259416921064158 1.06232389807701 2.3656429499460492 5.9521643402258624 0.59871296502387839 2.198430689473752 4.0810517601057645 1.554988255506031 3.2818064739840329 2.9910973787045796 1.3845663433748985 4.8512856507149982 1.4422272677038566 1.6595814628090009 2.920988901925738 1.0516220612189489 2.4000733207212752 7.0882673945161505 3.2911234113853451 24.050128514660173
leaf_count=204 222 266 60 196 13 2 564 201 176 630 261 229 43 349 533 58 265 23 153 170 409 198 669 2106
internal_value=0.0100715 0.00199099 0.00219372 0.00181059 0.00203023 0.00223733 0.00185057 0.00110681 0.0119547 0.00233689 0.00107063 0.00237876 0.00125493 0.00235181 0.000623573 0.00319386 0.0158962 0.000207568 0.0043687 0.00294846 0.00398959 0.00182306 0.00434903 0.000331518
internal_weight=115.028 82.0286 81.5461 79.9722 79.4514 78.9688 77.9065 72.565 5.34146 70.1994 64.2472 62.0488 57.9678 56.4128 50.0292 47.0381 6.38362 3.10181 45.6535 42.7325 41.6809 36.8296 34.4295 27.3413
internal_count=8000 7778 7512 7452 7256 7243 7241 6861 380 6297 6096 5466 5205 4976 4645 4296 331 288 3763 3610 3440 3382 2973 2775
is_linear=0
shrinkage=0.03


Tree=173
num_leaves=25
num_cat=0
split_feature=14 8 2 4 4 7 16 15 15 7 3 2 5 15 8 5 3 7 15 3 8 8 7 5
split_gain=20.2722 0.612998 0.63124 2.64081 2.90235 1.98454 1.84264 1.89828 2.79303 4.21349 2.98796 1.79518 1.31921 1.31219 3.77267 2.27366 2.20993 1.62063 1.2921 1.76037 1.43743 2.09193 2.17139 2.40235
threshold=1.0000000180025095e-35 399.90000000000003 310.65000000000003 46.750000000000007 62.350000000000001 7716.3650000000007 0.033545500000000006 1.0369500000000003 1.0308500000000003 5440.5250000000005 2089.5000000000005 310.85000000000008 204.50000000000003 1.0369500000000003 3553.8500000000004 144.50000000000003 1341.5000000000002 4552.505000000001 1.0366500000000001 1393.5000000000002 5279.7000000000007 7581.3000000000011 4925.3900000000003 233.50000000000003
decision_type=2 2 2 2 2 2 2 2 2 2 2 2 2 2 2 2 2 2 2 2 2 2 2 2
left_child=1 -1 3 13 -5 6 7 8 9 -4 -10 -11 -9 15 -15 -3 -16 -17 19 -19 -21 22 -22 -24
right_child=-2 2 5 4 -6 -7 -8 12 10 11 -12 -13 -14 14 16 17 -18 18 -20 20 21 -23 23 -25
leaf_value=-0.032626173550265654 0.030153311587931764 -0.030502127133179908 -0.040272821296787796 -0.035500946408786795 0.028443334192497071 -0.045230973975018837 0.016858165226477893 -0.030715761834830827 -0.034480870131857792 -0.033754162292421681 0.030381009489655733 0.013075853302506074 0.018347069909030195 0.02338764099134542 0.030590491656864095 -0.036120428169546262 -0.034277275144355843 -0.036489522610082578 0.02363075753242945 0.024081814107706379 0.024728207791455611 0.0083046692456332245 -0.034220258409557516 0.03066953236036369
leaf_weight=0.45869237939768837 32.028770953416824 1.5971464946342155 1.7286788257333743 3.3124184266926013 0.79148001091380127 0.69158511806744982 10.176736417459322 0.53249225740728334 3.8297513327124753 0.79015118937240814 0.76726120772946149 10.894143886980599 6.6899421587586403 2.0260206736929822 0.53990155458450306 0.79560164578287995 3.7961487887805561 0.89149969583377853 3.803178418747847 3.571384665148801 1.0422361009987096 18.325033848101157 3.2732809763256232 0.60901963710784901
leaf_count=431 222 1698 257 1128 26 170 369 346 789 85 16 540 18 456 1 63 490 35 40 140 7 209 463 1
internal_value=0.0099511 0.00195627 0.00215339 -0.000243127 -0.0231686 0.00509913 0.00608214 0.00173596 -0.00347487 0.00344149 -0.0236551 0.00990897 0.0147298 0.00209317 -0.0104089 0.00443887 -0.0262003 0.00616601 0.00723352 0.0049832 0.00636171 0.00363971 -0.0137194 -0.0240409
internal_weight=112.963 80.9338 80.4751 44.3744 4.1039 36.1007 35.4092 25.2324 18.01 13.413 4.59701 11.6843 7.22243 40.2705 6.36207 33.9084 4.33605 32.3112 31.5156 27.7125 26.821 23.2496 4.92454 3.8823
internal_count=8000 7778 7347 4757 1154 2590 2420 2051 1687 882 805 625 364 3603 947 2656 491 958 895 855 820 680 471 464
is_linear=0
shrinkage=0.03


Tree=174
num_leaves=25
num_cat=0
split_feature=14 15 15 15 3 7 4 4 7 3 16 16 5 16 4 5 4 4 2 2 1 3 3 4
split_gain=19.8048 0.604099 0.635622 0.612768 0.596487 0.919533 0.771417 3.63461 1.27737 1.99515 1.21818 1.63652 2.09312 1.11214 2.65388 1.3817 1.33966 5.58095 2.33421 1.63929 3.54416 1.40404 1.99003 1.52606
threshold=1.0000000180025095e-35 1.0384500000000003 1.0383500000000001 1.0380500000000004 2267.5000000000005 4096.0950000000012 23.650000000000002 28.750000000000004 4552.505000000001 2089.5000000000005 0.017873000000000003 0.020393000000000005 233.50000000000003 0.021391000000000004 34.95000000000001 208.50000000000003 36.150000000000013 37.45000000000001 308.25000000000006 308.15000000000003 303.35000000000008 1566.5000000000002 1542.5000000000002 37.850000000000001
decision_type=2 2 2 2 2 2 2 2 2 2 2 2 2 2 2 2 2 2 2 2 2 2 2 2
left_child=1 2 3 4 5 -1 8 -8 9 -7 -9 12 -12 15 -15 -13 19 -18 -19 -16 -21 22 23 -20
right_child=-2 -3 -4 -5 -6 6 7 10 -10 -11 11 13 -14 14 16 -17 17 18 21 20 -22 -23 -24 -25
leaf_value=-0.03565379837204221 0.030148759797631167 -0.032253379145983654 0.02136309102240392 -0.031593085943888724 0.025818503008634426 -0.037382422263142721 -0.034998186158688466 0.015698242286030662 0.030580271571225729 0.030395313729340342 -0.035675648815900782 -0.032087059441826826 0.026446695958458655 -0.038261974074980443 0.030646565883246643 0.02389728572277712 -0.039251385640244989 -0.035390082311300572 0.020054630978948475 -0.034436420827208776 0.030547483089858926 0.024814755125767727 -0.038207917897013853 0.0019780980725464517
leaf_weight=0.58952346514706633 31.086801499128342 0.46278830942173854 1.5156678744096996 0.49299082774086755 0.93172043446975195 0.82229066543368323 2.403258406353415 5.7935562400962217 2.1127229733974673 0.74503876454400597 2.1123116893650145 0.44664339833252542 0.63484270870685566 1.4878798385907419 3.1527032252051859 3.5522486311383545 2.9600186190364175 1.3670539985323547 4.7489858530752818 1.4360540954221508 1.5935045417572835 2.8412703514622981 1.0276420172158385 36.576388360525016
leaf_count=96 222 266 60 196 35 197 566 201 41 12 630 252 3 229 43 10 350 534 58 266 23 153 170 3387
internal_value=0.00983524 0.00192263 0.00212196 0.00174725 0.00195979 0.00166884 0.00195906 0.00127554 0.0153569 -0.0051639 0.00252571 0.00133211 -0.0213197 0.00234906 0.0012796 0.0176443 0.00233579 0.000691969 0.00323127 0.0155031 -0.000255816 0.0043995 0.00302993 0.0040554
internal_weight=110.894 79.8071 79.3443 77.8286 77.3357 76.4039 75.8144 72.1344 3.68005 1.56733 69.7311 63.9375 2.74715 61.1904 57.1915 3.99889 55.7036 49.5214 46.5613 6.18226 3.02956 45.1943 42.353 41.3254
internal_count=8000 7778 7512 7452 7256 7221 7125 6875 250 209 6309 6108 633 5475 5213 262 4984 4652 4302 332 289 3768 3615 3445
is_linear=0
shrinkage=0.03


Tree=175
num_leaves=25
num_cat=0
split_feature=14 8 2 4 4 7 2 16 3 8 15 8 1 5 16 8 3 3 8 15 8 5 3 7
split_gain=19.3671 0.589564 0.606653 2.5471 2.81066 1.913 1.74221 1.39577 2.17119 2.01189 1.3857 1.96286 1.47581 2.59667 2.8697 1.47254 1.45062 1.71433 1.25552 1.20752 3.56881 2.16596 2.08613 1.50491
threshold=1.0000000180025095e-35 399.90000000000003 310.65000000000003 46.750000000000007 62.350000000000001 7716.3650000000007 310.95000000000005 0.033545500000000006 1566.5000000000002 9579.5000000000018 1.0375500000000002 6251.7000000000007 303.35000000000008 227.50000000000003 0.030702000000000004 6420.9500000000016 1522.5000000000002 1420.5000000000002 9238.2500000000018 1.0369500000000003 3553.8500000000004 144.50000000000003 1341.5000000000002 4552.505000000001
decision_type=2 2 2 2 2 2 2 2 2 2 2 2 2 2 2 2 2 2 2 2 2 2 2 2
left_child=1 -1 3 19 -5 6 7 8 9 -4 12 -12 13 14 -8 -16 17 -14 -17 21 -21 -3 -22 -23
right_child=-2 2 5 4 -6 -7 10 -9 -10 -11 11 -13 16 -15 15 18 -18 -19 -20 20 22 23 -24 -25
leaf_value=-0.032580373721721657 0.0301443413196598 -0.030495042598628581 -0.034011490865022614 -0.035504656417086208 0.028287085870426283 -0.045017414226014525 -0.036057551981024644 0.023047531161749377 0.015224990258142784 0.027977600412560588 -0.033781205461253891 0.022730654636352945 -0.036337158244118629 0.013595445661229879 -0.031767492028070235 0.022533848921291993 -0.032170969715550987 0.026594662175616297 -0.031600621488599316 0.02302079473267957 0.03056059355435323 -0.035738523622933331 -0.034038033884780168 0.0070041991354164177
leaf_weight=0.44416148751770279 30.172401398420334 1.5369751060716215 1.8650124005798701 3.2123771062906594 0.77076419444347255 0.6750641832331884 4.2446039646820299 7.2618192617665036 5.6769412436842686 0.63051724527031172 0.64666867772029846 3.8254807417251868 0.44779272741288823 2.9460212839767337 0.92204066968406584 2.0750053070078143 0.59893779257981794 2.9968305494694505 0.47358829574659456 1.9691761255016889 0.51357126235961903 0.75964758219925244 3.6303822125628358 30.796889744888176
leaf_count=431 222 1698 243 1128 26 170 853 83 213 4 203 71 83 12 187 84 208 138 38 456 1 63 490 895
internal_value=0.0097013 0.00188561 0.00208069 -0.000303474 -0.0231605 0.00499885 0.00597438 0.0134769 0.00497278 -0.0183494 -6.3936e-05 0.0145591 -0.00451121 -0.0103643 -0.0195132 0.00072069 0.010921 0.0184137 0.0124744 0.00201866 -0.0102311 0.00428147 -0.0260322 0.00597527
internal_weight=109.093 78.9203 78.4761 43.1898 3.98314 35.2863 34.6113 15.4343 8.17247 2.49553 19.177 4.47215 14.7048 10.6613 7.71524 3.47063 4.04356 3.44462 2.54859 39.2066 6.11313 33.0935 4.14395 31.5565
internal_count=8000 7778 7347 4757 1154 2590 2420 543 460 247 1877 274 1603 1174 1162 309 429 221 122 3603 947 2656 491 958
is_linear=0
shrinkage=0.03


Tree=176
num_leaves=25
num_cat=0
split_feature=14 15 15 15 6 15 6 16 15 8 5 4 3 3 1 16 0 1 1 5 7 4 16 1
split_gain=18.924 0.574218 0.599669 0.573935 0.571028 0.747347 2.61813 1.85774 1.35483 0.743538 0.701866 0.656964 3.58651 1.6849 1.39822 1.16621 1.03394 1.41412 1.37257 1.99294 1.47128 6.01001 2.91947 2.89461
threshold=1.0000000180025095e-35 1.0384500000000003 1.0383500000000001 1.0380500000000004 7.7500000000000009 1.0270500000000002 8.5500000000000025 0.028273500000000003 1.0284500000000001 10326.900000000003 214.50000000000003 23.650000000000002 1692.5000000000002 1684.5000000000002 300.75000000000006 0.017445500000000006 1.5000000000000002 297.25000000000006 297.45000000000005 216.50000000000003 5386.7750000000005 37.45000000000001 0.026402500000000006 304.35000000000008
decision_type=2 2 2 2 2 2 2 2 2 2 2 2 2 2 2 2 2 2 2 2 2 2 2 2
left_child=1 2 3 4 -1 7 -7 -6 10 11 -8 14 13 15 -10 -13 17 -17 19 -19 -20 23 -23 -22
right_child=-2 -3 -4 -5 5 6 8 -9 9 -11 -12 12 -14 -15 -16 16 -18 18 20 -21 21 22 -24 -25
leaf_value=-0.035010525082376176 0.030140057822834937 -0.032229554965589699 0.021075252987681422 -0.031492523329387602 -0.034458213113412552 -0.03421528096507348 0.007621242364885799 0.02214338480068297 0.017306218937480519 -0.03112453277163196 0.031173379381423411 -0.035524015954034843 -0.034543452903333938 0.028289297158796606 -0.035776355093430683 -0.035096800664676013 0.012264172170839019 -0.034284371724756978 0.014762842020028829 0.031436705906264559 -0.037964919640914127 0.016237588289886796 -0.003554625000581459 0.030526063217105211
leaf_weight=0.37565252550120831 29.284773409366608 0.44240140306646836 1.4623332881164959 0.46652090780844346 0.60726151170820131 1.817046879659755 2.5966043739608713 3.7116759707569145 4.4430257094936669 0.63647245120955531 2.0283074378967285 0.77085596410324697 2.5051065381630897 2.1339865660556816 0.49650252689752949 1.0106069588509843 7.1428936600859734 0.49860518131754306 4.9508943467808413 2.4844940900802612 5.1987510521503273 9.6874273165012728 21.804968415483017 0.62176789320074011
leaf_count=35 222 266 60 196 131 213 44 71 205 78 2 92 603 55 138 329 562 176 324 2 976 473 2744 3
internal_value=0.00958095 0.00185163 0.0020463 0.00168011 0.00188503 0.00206946 0.00133069 0.014185 0.00226661 0.00114004 0.0179503 0.00146216 0.000579554 0.00214223 0.0119706 0.00111221 0.00164107 6.93408e-07 0.000784609 0.0204519 -0.000603561 -0.00264246 0.00253369 -0.0306485
internal_weight=107.179 77.8942 77.4518 75.9894 75.5229 75.1473 70.8283 4.31894 69.0113 64.3864 4.62491 63.7499 58.8104 56.3053 4.93953 54.1713 53.4004 46.2575 45.2469 2.9831 42.2638 37.3129 31.4924 5.82052
internal_count=8000 7778 7512 7452 7256 7221 7019 202 6806 6760 46 6682 6339 5736 343 5681 5589 5027 4698 178 4520 4196 3217 979
is_linear=0
shrinkage=0.03


Tree=177
num_leaves=25
num_cat=0
split_feature=14 8 2 4 4 7 16 8 3 16 16 7 1 2 2 0 15 8 5 3 7 15 3 8
split_gain=18.5026 0.565175 0.595785 2.41872 2.73165 1.83879 1.6878 1.73504 1.44588 3.15289 2.09109 2.18389 4.01968 1.48047 1.18628 1.35396 1.10839 3.38354 2.06275 1.97345 1.45197 1.24142 1.64735 1.35411
threshold=1.0000000180025095e-35 399.90000000000003 310.65000000000003 46.750000000000007 62.350000000000001 7716.3650000000007 0.033545500000000006 4343.3500000000013 1689.5000000000002 0.021038000000000005 0.021391000000000004 6199.1450000000013 303.35000000000008 311.85000000000008 310.95000000000005 1.0000000180025095e-35 1.0369500000000003 3553.8500000000004 144.50000000000003 1341.5000000000002 4552.505000000001 1.0366500000000001 1393.5000000000002 5279.7000000000007
decision_type=2 2 2 2 2 2 2 2 2 2 2 2 2 2 2 2 2 2 2 2 2 2 2 2
left_child=1 -1 3 16 -5 6 7 -4 9 -9 -11 12 -12 -13 -8 -16 18 -18 -3 -19 -20 22 -22 -24
right_child=-2 2 5 4 -6 -7 14 8 -10 10 11 13 -14 -15 15 -17 17 19 20 -21 21 -23 23 -25
leaf_value=-0.032515745355602484 0.03013589936701104 -0.030494869922582719 -0.031572362898129591 -0.035508598220439974 0.028150312467830462 -0.044748642268879292 0.022778267145297453 -0.038216684212799661 0.016226726681880806 0.031066753483883096 -0.037421621941286225 0.0132279895992908 0.019068013190796235 -0.031917805733774271 -0.031872602017961604 0.013679095183497794 0.022677506892133926 0.030532382688733949 -0.035673955128731852 -0.03385934097343609 -0.036175863600041214 0.023167578342571847 0.023585044044262808 0.0031904748912163954
leaf_weight=0.42915761988115164 28.42314013838768 1.4839594855147868 1.3404269576858521 3.0973306561063505 0.75443285997607734 0.65732324498821881 7.139640082314143 1.8235677344346246 5.9595945651162756 2.133416717479121 3.0952290243731095 6.9113759065367049 1.7889320154936283 0.72204288152715879 0.85045146085030898 1.8977530880947595 1.9118616112536972 0.48862731456756625 0.74474739710422255 3.4730043624149403 0.86759390973020956 3.6373535658640312 3.3696453323063933 22.457317176522338
leaf_count=431 222 1698 1133 1128 26 170 83 134 100 10 207 286 40 141 167 119 456 1 63 490 35 40 140 680
internal_value=0.00944855 0.00181564 0.00200797 -0.000375505 -0.0230399 0.00494468 0.00591503 0.00158288 0.00356389 -0.00101683 0.00361332 -0.00106566 -0.016731 0.00895766 0.0163314 -0.000417202 0.00189586 -0.0100993 0.00405963 -0.0259173 0.00570967 0.00672577 0.00448544 0.00585136
internal_weight=105.458 77.0348 76.6056 42.2859 3.85176 34.3198 33.6624 23.7746 22.4342 16.4746 14.651 12.5176 4.88416 7.63342 9.88784 2.7482 38.4341 5.87349 32.5606 3.96163 31.0767 30.3319 26.6946 25.827
internal_count=8000 7778 7347 4757 1154 2590 2420 2051 918 818 684 674 247 427 369 286 3603 947 2656 491 958 895 855 820
is_linear=0
shrinkage=0.03


Tree=178
num_leaves=25
num_cat=0
split_feature=14 2 2 2 4 4 16 3 1 2 6 7 5 6 4 1 4 15 0 15 8 5 3 7
split_gain=18.0762 0.548072 1.51835 0.663421 2.39417 2.65088 1.70159 1.78743 1.84878 2.96631 2.16986 3.13439 2.51259 1.41035 1.79665 1.39819 3.0186 2.75436 1.09695 1.06134 3.2218 2.07663 1.90945 1.39394
threshold=1.0000000180025095e-35 313.15000000000003 312.05000000000007 310.65000000000003 46.750000000000007 62.350000000000001 0.040267000000000004 1380.5000000000002 300.65000000000003 310.85000000000008 9.3500000000000032 5440.5250000000005 231.50000000000003 8.6500000000000004 53.850000000000001 301.95000000000005 35.95000000000001 1.0270500000000002 1.5000000000000002 1.0369500000000003 3553.8500000000004 144.50000000000003 1341.5000000000002 4552.505000000001
decision_type=2 2 2 2 2 2 2 2 2 2 2 2 2 2 2 2 2 2 2 2 2 2 2 2
left_child=1 2 3 4 19 -6 7 13 18 -10 11 -11 -12 -5 -15 -13 -17 -18 -9 21 -21 -1 -22 -23
right_child=-2 -3 -4 6 5 -7 -8 8 9 10 12 15 -14 14 -16 16 17 -19 -20 20 22 23 -24 -25
leaf_value=-0.030460748568169833 0.030131862451071783 0.020462793895881112 -0.031737703091851172 0.030652872716879997 -0.035379406357804191 0.027986842853598419 -0.046277207263215624 0.016942807942681309 -0.034650377294454478 -0.040520337544554419 -0.034090946545790826 0.027111543855458969 0.030760130925369274 -0.032281379973253595 0.030281005707644831 0.025280374371989382 0.020523699595138424 -0.035895516220499059 -0.038995989122404241 0.021895507180097605 0.030516372295965745 -0.035503137009286659 -0.033753031590898624 0.0065589058659146077
leaf_weight=1.5099501928998496 27.586747348308563 1.3878178366139753 1.2214367198976095 4.125211834907538 3.0774379321665033 0.73634834951371875 0.56573026900878076 7.6896951586677478 2.2820624902815352 1.0836239536511119 2.4692347529780814 3.9734578521165513 0.68736469745635975 0.85725020211248171 0.79740594897884876 3.232838537558564 1.2257347912236585 2.1356654815026559 0.32900265662465233 1.8989806136814866 0.47443121671676669 0.72616158283927035 3.3808167717361357 30.175147472706158
leaf_count=1868 222 112 556 7 1179 26 92 437 316 142 482 58 1 136 4 85 42 231 49 506 1 63 490 895
internal_value=0.00932955 0.0017829 0.00143565 0.00198743 -0.00048083 -0.0231449 0.0052816 0.00622591 0.00276346 -0.00281267 0.00209387 0.00807127 -0.0199693 0.0212674 -0.00213154 0.0130539 0.00458327 -0.0153222 0.0146477 0.00178394 -0.0100892 0.00389188 -0.025844 0.00557047
internal_weight=103.63 76.0428 74.655 73.4336 41.9793 3.81379 31.4543 30.8885 25.1087 17.09 14.8079 11.6513 3.1566 5.77987 1.65466 10.5677 6.59424 3.3614 8.0187 38.1655 5.75423 32.4113 3.85525 30.9013
internal_count=8000 7778 7666 7110 5028 1205 2082 1990 1843 1357 1041 558 483 147 140 416 358 273 486 3823 997 2826 491 958
is_linear=0
shrinkage=0.03


Tree=179
num_leaves=25
num_cat=0
split_feature=14 6 15 6 16 15 8 3 3 15 2 7 3 4 6 1 8 15 2 2 2 5 5 5
split_gain=17.6502 0.54013 0.721747 2.43967 1.7801 1.24515 0.685838 0.754668 1.57793 1.28725 4.31755 3.18751 1.37962 3.15635 1.11904 1.14052 1.08313 1.01308 1.83806 1.31259 2.75101 1.7895 1.65142 2.87265
threshold=1.0000000180025095e-35 7.7500000000000009 1.0270500000000002 8.5500000000000025 0.028273500000000003 1.0284500000000001 10326.900000000003 1345.5000000000002 1356.5000000000002 1.0303500000000001 310.65000000000003 5860.5750000000007 1566.5000000000002 47.650000000000013 8.6500000000000004 297.15000000000003 1778.5500000000004 1.03095 311.85000000000008 310.55000000000007 309.95000000000005 233.50000000000003 216.50000000000003 210.50000000000003
decision_type=2 2 2 2 2 2 2 2 2 2 2 2 2 2 2 2 2 2 2 2 2 2 2 2
left_child=1 -1 4 -4 -3 -5 7 14 -9 10 -10 -12 13 -13 -7 -16 -11 -18 19 20 22 -22 23 -19
right_child=-2 2 3 5 -6 6 -8 8 9 16 11 12 -14 -15 15 -17 17 18 -20 -21 21 -23 -24 -25
leaf_value=-0.03476248181480112 0.030127949298669562 -0.034268677083416757 -0.034038936051347606 0.017600872924116426 0.021996848832774307 0.030677157207176235 -0.03100406882455457 -0.044338807256483377 -0.04221272020028187 -0.030292129586017489 -0.039439159911219941 -0.034643400753574242 0.030795832073304889 0.020934518751161521 0.029643236463009131 -0.030664229861958145 0.014868084320675427 0.0021424414398471471 -0.034050834511499366 0.010279574583272517 -0.036727834098833789 0.01617049217390033 0.014021897526456864 -0.036551235780074222
leaf_weight=0.36281311894708679 26.77486065030098 0.58926195115054625 1.7237199993687671 4.3656443549552923 3.5840963613591157 1.8319974541664117 0.59539476187637674 0.69464143534423684 2.5690917849060479 0.85836876850953459 1.3261877590412039 1.4214391142595557 2.2142076895906939 2.6051412869128399 0.46726281690644078 0.71272019858588465 6.3631999870121936 13.312453809339791 1.233545483664783 14.786945330342858 2.7613219444319834 0.72711631935089815 7.8890156811103216 1.9841902005136933
leaf_count=35 222 131 213 46 71 3 84 132 431 1318 243 228 48 93 28 385 353 2238 281 905 432 5 38 37
internal_value=0.00921925 0.00175287 0.00193042 0.00121226 0.0140524 0.00209648 0.0010447 0.00134397 0.000617211 0.00113723 -0.00860983 0.00279881 0.0117745 0.00131474 0.0160016 -0.00678301 0.00311649 0.00370104 0.0020367 0.00311038 -0.00086391 -0.0257019 0.00287313 -0.00287667
internal_weight=101.755 74.9798 74.617 70.4436 4.17336 68.7199 64.3542 63.7588 60.7469 60.0522 10.1361 7.56698 6.24079 4.02658 3.01198 1.17998 49.9162 49.0578 42.6946 41.461 26.6741 3.48844 23.1857 15.2966
internal_count=8000 7778 7743 7541 202 7328 7282 7198 6782 6650 1043 612 369 321 416 413 5607 4289 3936 3655 2750 437 2313 2275
is_linear=0
shrinkage=0.03


Tree=180
num_leaves=25
num_cat=0
split_feature=14 3 7 3 7 4 3 5 5 3 16 8 5 1 0 2 2 4 2 8 2 16 5 2
split_gain=17.2494 0.535389 0.7977 0.608227 1.56292 1.54985 1.80626 0.775656 2.47319 0.899217 1.39792 2.64923 1.08499 1.07181 1.00574 1.59204 2.96834 2.03447 3.83828 2.23754 3.63406 1.83565 1.77937 2.06967
threshold=1.0000000180025095e-35 2267.5000000000005 4096.0950000000012 2089.5000000000005 4552.505000000001 23.650000000000002 1737.5000000000002 232.50000000000003 228.50000000000003 1684.5000000000002 0.020393000000000005 4233.3000000000011 144.50000000000003 299.15000000000003 1.5000000000000002 311.75000000000006 311.05000000000007 37.45000000000001 308.15000000000003 9474.8000000000011 310.65000000000003 0.021935500000000004 219.50000000000003 310.45000000000005
decision_type=2 2 2 2 2 2 2 2 2 2 2 2 2 2 2 2 2 2 2 2 2 2 2 2
left_child=1 2 -1 4 -4 -6 7 8 9 10 11 12 -7 -11 15 16 17 18 21 22 -21 -12 23 -19
right_child=-2 -3 3 -5 5 6 -8 -9 -10 13 14 -13 -14 -15 -16 -17 -18 19 -20 20 -22 -23 -24 -25
leaf_value=-0.035028020972539993 0.030124151600180633 0.025692225925667878 -0.036477283059308876 0.030246603660543929 0.02801935680704748 -0.030276362983379077 -0.034795094138571757 0.020520574222598086 -0.040177261506050624 -0.031522149724008353 0.022654919879425819 -0.035574707058995562 0.031122727104286114 0.018625864836232131 0.012475414675378327 0.01342300406839333 -0.03374834528871784 -0.0065101410473509596 -0.034961740389611112 -0.044438524234814772 0.015535325815642535 -0.037857865162974839 0.025569325147000679 0.011160114586302793
leaf_weight=0.53566319388482853 25.986770465970039 0.82901848836627223 0.96465327002078893 0.66633643332897818 1.9973906020386483 0.34207352568046112 1.2313743457343651 1.9487048950977612 1.2679863832890976 0.41891459255566488 2.3545439477602481 2.40795382187207 1.066950069158338 4.5470049444993492 7.5711732623822163 7.4967810562011428 2.4334821544471188 10.555904149056014 3.7066463231603848 2.0909628392255395 1.609035651446902 0.55810946362907987 3.7936389734968534 13.718756692236637
leaf_count=99 222 35 244 13 43 442 399 16 11 147 36 263 2 212 592 626 653 2306 757 148 27 86 9 612
internal_value=0.00909303 0.00171874 0.00144754 0.00171612 0.00145238 0.00196687 0.00121402 0.00186716 0.0013159 0.00212943 0.00110923 -0.0164561 0.0162167 0.0143955 0.00230886 0.000715813 -0.00161786 0.000418969 -0.0147112 0.00357151 -0.0183574 0.0110597 0.00646221 0.00347615
internal_weight=100.1 74.1131 73.284 72.7484 72.082 71.1174 69.12 67.8886 65.9399 64.6719 59.706 3.81698 1.40902 4.96592 55.889 48.3179 40.8211 38.3876 6.6193 31.7683 3.7 2.91265 28.0683 24.2747
internal_count=8000 7778 7743 7644 7631 7387 7344 6945 6929 6918 6559 707 444 359 5852 5260 4634 3981 879 3102 175 122 2927 2918
is_linear=0
shrinkage=0.03


Tree=181
num_leaves=25
num_cat=0
split_feature=14 15 15 5 15 15 8 1 8 7 16 3 5 8 8 4 1 4 4 2 7 15 5 1
split_gain=16.8538 0.522988 0.538176 0.537128 2.10914 2.52457 3.3835 3.04723 1.64118 1.60278 3.08032 2.00942 1.55734 1.26901 1.79824 1.67267 2.04211 1.26708 1.85021 2.2959 1.60652 1.29176 1.17114 0.989094
threshold=1.0000000180025095e-35 1.0384500000000003 1.0383500000000001 207.50000000000003 1.0371500000000002 1.0366500000000001 7822.8500000000013 299.25000000000006 7581.3000000000011 6189.1500000000005 0.023607000000000003 1447.5000000000002 206.50000000000003 7677.1000000000013 6970.7500000000009 30.250000000000004 300.05000000000007 48.350000000000001 29.150000000000002 310.85000000000008 5066.6950000000006 1.0306500000000003 215.50000000000003 302.35000000000008
decision_type=2 2 2 2 2 2 2 2 2 2 2 2 2 2 2 2 2 2 2 2 2 2 2 2
left_child=1 2 3 4 5 6 7 -1 17 10 13 -12 -8 14 15 16 -5 18 20 -20 -9 -21 -11 -19
right_child=-2 -3 -4 9 -6 -7 12 8 -10 22 11 -13 -14 -15 -16 -17 -18 23 19 21 -22 -23 -24 -25
leaf_value=-0.035342423453980289 0.03012046669433242 -0.032091554458242542 0.02064659202372348 0.012233208178625611 -0.03285186556543198 0.021008116720049853 -0.040700085013160185 -0.030502467356157897 0.023252577735323035 0.016225079001306684 0.00099168625638493789 -0.03708052685025081 0.0038463227773888223 0.018411856751079585 -0.0225011436573496 0.022792887044028515 -0.021860039389569739 0.014312201092064474 -0.032112346519690339 0.010921765837687964 0.027105002191799388 -0.032121020252721955 -3.2829112608633518e-05 -0.03066380975477017
leaf_weight=1.8610426425511963 25.221783757209778 0.41023953718831663 1.3492844803404285 3.4519576095044666 1.8072733910448722 4.5861259979501474 2.8060353925102386 0.54822157995659493 3.5617364702775367 11.518944188079333 2.0883945282548657 3.0992280503269285 0.94391515478491772 4.4585827365517607 2.5862174718640736 3.3538483162410557 2.9176378073170781 6.0406945035356321 3.3458177972934209 3.0124163794680503 2.1224204685058794 0.79262197780190025 6.099090024130418 0.47464440326439206
leaf_count=1480 222 266 60 15 1163 522 508 476 71 74 13 34 6 13 33 16 35 379 1290 527 71 536 68 122
internal_value=0.00897002 0.00168604 0.00187631 0.00152198 -0.00137447 0.000515779 -0.00316835 0.00136731 0.00480064 0.00385699 -0.00155126 -0.0217537 -0.0294871 0.0046988 -0.000268092 0.0056454 -0.00338344 0.000777773 -0.00602707 -0.0139845 0.0152795 0.00195559 0.0105968 0.0110357
internal_weight=98.4582 73.2364 72.8262 71.4769 31.903 30.0957 25.5096 21.7596 19.8986 39.5739 21.9559 5.18762 3.74995 16.7682 12.3097 9.72344 6.3696 16.3368 9.8215 7.15086 2.67064 3.80504 17.618 6.51534
internal_count=8000 7778 7512 7452 7151 5988 5466 4952 3472 301 159 47 514 112 99 66 50 3401 2900 2353 547 1063 142 501
is_linear=0
shrinkage=0.03


Tree=182
num_leaves=25
num_cat=0
split_feature=14 1 2 3 16 1 3 5 1 1 3 8 7 5 3 2 1 4 16 4 5 5 4 7
split_gain=16.4622 0.513235 0.517945 1.72547 1.52682 0.940698 1.65725 0.826203 3.1502 1.60989 1.8933 3.48466 1.58704 1.31707 1.29113 1.08187 1.87653 0.895071 0.934794 3.23223 2.63952 3.71397 2.48651 2.47057
threshold=1.0000000180025095e-35 296.85000000000008 307.85000000000008 1604.5000000000002 0.023122500000000001 297.25000000000006 1330.5000000000002 213.50000000000003 298.45000000000005 298.65000000000003 1520.5000000000002 10129.500000000002 4667.3450000000003 216.50000000000003 1708.5000000000002 311.85000000000008 304.35000000000008 23.350000000000005 0.028273500000000003 37.850000000000001 206.50000000000003 203.50000000000003 37.45000000000001 5386.7750000000005
decision_type=2 2 2 2 2 2 2 2 2 2 2 2 2 2 2 2 2 2 2 2 2 2 2 2
left_child=1 -1 3 4 -3 6 -4 8 -7 -9 11 -11 -10 -12 -15 17 -17 -14 19 22 21 -20 23 -19
right_child=-2 2 5 -5 -6 7 -8 9 12 10 13 -13 15 14 -16 16 -18 18 20 -21 -22 -23 -24 -25
leaf_value=-0.031152835572880393 0.03011689447895026 0.03060193202211382 0.030050945624908176 -0.041260826159800083 -0.036094552045882161 -0.034642566312051877 -0.036747734581827403 0.021694723906680802 -0.035392807312569462 -0.034704146712439952 0.021039043766165149 0.01622998244106677 0.03104934444998915 -0.0074612348417632882 0.01449988798476164 -0.032919157585793155 0.029969095933664609 0.0062503951585820942 0.0032446301476086398 -0.034056010675963096 0.020496334781142704 -0.052631453402462718 0.028721188130093098 -0.032920373345279787
leaf_weight=0.42661922897241211 24.479227334260941 2.4601787212741328 0.44467880061711085 0.44639916040614469 0.35326178561081167 2.3208942723504142 1.3462752454361178 4.8721107445890111 1.033237593153898 2.9109283406287458 4.6562366033904246 2.0674982315395027 1.0337525908835221 5.77860353537835 4.1323147416114807 1.7533552166278235 0.56451950804330397 4.8267547944196831 14.6884245944093 2.5498804318485773 7.7941978464368722 1.1547739200759668 2.6410433456185274 2.0709181725978851
leaf_count=258 222 24 6 71 177 1365 194 24 364 52 15 25 2 39 13 746 5 666 1903 730 30 25 72 972
internal_value=0.00885194 0.00165476 0.00184942 0.0135334 0.0222274 0.00129453 -0.0201622 0.00186937 -0.000660637 0.00626589 0.00241996 -0.0135516 0.00130563 0.00787836 0.00169536 0.00227596 -0.0176027 0.0035294 0.00273309 -0.00405267 0.00620346 -0.000828048 0.00396779 -0.00551001
internal_weight=96.8061 72.3269 71.9002 3.25984 2.81344 68.6404 1.79095 66.8494 42.4318 24.4177 19.5456 4.97843 40.1109 14.5672 9.91092 39.0776 2.31787 36.7597 35.726 12.0886 23.6374 15.8432 9.53872 6.89767
internal_count=8000 7778 7520 272 201 7248 200 7048 6880 168 144 77 5515 67 52 5151 751 4400 4398 2440 1958 1928 1710 1638
is_linear=0
shrinkage=0.03


Tree=183
num_leaves=25
num_cat=0
split_feature=14 3 7 3 7 4 3 5 5 3 16 8 5 5 3 0 15 2 2 4 2 8 2 5
split_gain=16.0764 0.505015 0.736584 0.598782 1.44771 1.43808 1.71402 0.756348 2.3047 0.820504 1.32849 2.48469 1.01834 1.01813 1.89614 0.92297 1.5129 1.47498 2.77734 1.92093 3.5722 2.07775 3.33384 1.71616
threshold=1.0000000180025095e-35 2267.5000000000005 4096.0950000000012 2089.5000000000005 4552.505000000001 23.650000000000002 1737.5000000000002 232.50000000000003 228.50000000000003 1684.5000000000002 0.020393000000000005 4233.3000000000011 144.50000000000003 215.50000000000003 1686.5000000000002 1.5000000000000002 1.0371500000000002 311.75000000000006 311.05000000000007 37.45000000000001 308.15000000000003 9474.8000000000011 310.65000000000003 219.50000000000003
decision_type=2 2 2 2 2 2 2 2 2 2 2 2 2 2 2 2 2 2 2 2 2 2 2 2
left_child=1 2 -1 4 -4 -6 7 8 9 10 11 12 -7 14 -11 17 -17 18 19 20 -12 23 -23 -21
right_child=-2 -3 3 -5 5 6 -8 -9 -10 13 15 -13 -14 -15 -16 16 -18 -19 -20 21 -22 22 -24 -25
leaf_value=-0.034667385623639309 0.03011342741305548 0.025557677607993188 -0.03609225931481725 0.030237878116788023 0.027729179642604348 -0.030265174858178426 -0.034637309507288334 0.020337909689635433 -0.039626500395540977 0.026901338477096463 0.010821776962892169 -0.035340016079819271 0.031045790902102268 0.025630532235099333 -0.031936417597103903 0.015947092659373989 -0.036381610237679572 0.013091174111083138 -0.033537251155676878 0.0032791090532255135 -0.034810350614043729 -0.043396942063501143 0.014993813510890722 0.025316385839626438
leaf_weight=0.50710088636333139 23.758451163768768 0.78480576325091433 0.91707987024710647 0.65187713679188064 1.8798014744388627 0.32188560796203014 1.1849084325367574 1.916490823496132 1.2199850669130672 0.98552266343904082 2.7511321823403696 2.3083393501583487 1.0052205917891115 2.791689969599247 0.9862692537572002 6.7789885486272388 0.53660964754089935 7.2418039575350113 2.3125448572973246 23.554637642344467 3.5186933402001159 2.0272177798833577 1.5551311878080012 3.6768754925578824
leaf_count=99 222 35 244 13 43 442 399 16 11 23 122 263 2 5 331 465 127 626 653 2918 757 148 27 9
internal_value=0.00873663 0.00162492 0.00135899 0.00161952 0.00135098 0.00185188 0.0011223 0.0017693 0.00120953 0.00200852 0.00101877 -0.0165346 0.016175 0.0139743 -0.00252868 0.00220153 0.0121087 0.000647502 -0.00163989 0.000349235 -0.0147875 0.00342916 -0.018049 0.00625464
internal_weight=95.1731 71.4146 70.6298 70.1227 69.4708 68.5537 66.6739 65.489 63.5725 62.3526 57.5891 3.63545 1.32711 4.76348 1.97179 53.9536 7.3156 46.638 39.3962 37.0837 6.26983 30.8139 3.58235 27.2315
internal_count=8000 7778 7743 7644 7631 7387 7344 6945 6929 6918 6559 707 444 359 354 5852 592 5260 4634 3981 879 3102 175 2927
is_linear=0
shrinkage=0.03


Tree=184
num_leaves=25
num_cat=0
split_feature=14 1 8 5 4 0 4 8 8 4 16 7 16 3 5 7 16 7 5 16 6 3 15 3
split_gain=15.7047 0.49861 0.4997 0.499963 0.838273 1.64182 1.55414 1.03352 1.49548 1.24754 1.92714 1.41965 1.42259 1.80663 1.23822 0.994503 0.984118 2.58526 1.41414 1.19141 1.71561 1.14074 2.47474 2.846
threshold=1.0000000180025095e-35 296.85000000000008 399.90000000000003 8.5000000000000018 49.45000000000001 1.0000000180025095e-35 53.850000000000001 10129.500000000002 9826.3000000000011 48.350000000000001 0.034088500000000001 7103.045000000001 0.032748500000000007 1420.5000000000002 206.50000000000003 6816.8400000000011 0.030702000000000004 6403.5300000000007 144.50000000000003 0.028273500000000003 8.5500000000000025 1507.5000000000002 1.0318500000000002 1494.5000000000002
decision_type=2 2 2 2 2 2 2 2 2 2 2 2 2 2 2 2 2 2 2 2 2 2 2 2
left_child=1 -1 -3 -4 7 -6 -7 8 9 10 11 12 13 -5 -14 16 17 18 -15 20 -20 22 -22 -24
right_child=-2 2 3 4 5 6 -8 -9 -10 -11 -12 -13 14 15 -16 -17 -18 -19 19 -21 21 -23 23 -25
leaf_value=-0.031146086842199504 0.030110060230243121 -0.032319598870449884 0.030183566262145266 -0.032837852309822647 -0.03629315121751113 -0.031121759030290196 0.019649928252078105 0.02129300187892667 -0.034830143867933941 0.021357522699494529 -0.046668896217441296 -0.032224030777711833 0.0046089923940276639 -0.030093468854626344 0.030647573652606466 -0.031321723453423989 0.020110236613140601 -0.032317980016936122 -0.033276672548173132 0.02248804625275477 -0.03662842860536876 0.0062420379161560692 0.012338196556954536 -0.040411210912174672
leaf_weight=0.41618872612889291 23.058821752667427 0.38447989304404373 0.56095636026293405 1.3849919789427065 1.5078582776914111 0.79872554414032526 1.6922271400326279 2.5482514176983377 0.98714758054120366 2.970312373880005 0.7402570509002534 1.0680214250969573 3.8811989681853438 1.1359853786634619 2.8510081768035889 0.79731108716805366 2.684230752507573 1.9564602019308939 1.1726670319621906 2.8695195855980264 1.8776872483140303 30.135911069410213 5.0417778952760273 1.1261568489717317
leaf_count=258 222 420 6 309 664 265 183 24 25 179 123 297 193 2360 5 331 74 691 92 38 78 1026 104 33
internal_value=0.00861504 0.00159344 0.00178762 0.00197552 0.00174695 -0.0115861 0.00336995 0.00256432 0.00180292 0.00238907 0.00142962 0.00204369 0.00268673 0.000949528 0.015636 0.00190849 0.00246046 0.00141501 0.00293709 0.00382575 0.00246498 0.00356271 -0.00647304 0.00270708
internal_weight=93.6482 70.5893 70.1731 69.7887 69.2277 3.99881 2.49095 65.2289 62.6806 61.6935 58.7232 57.9829 56.9149 50.1827 6.73221 48.7977 48.0004 45.3162 43.3597 42.2237 39.3542 38.1815 8.04562 6.16793
internal_count=8000 7778 7520 7100 7094 1112 448 5982 5958 5933 5754 5631 5334 5136 198 4827 4496 4422 3731 1371 1333 1241 215 137
is_linear=0
shrinkage=0.03


Tree=185
num_leaves=25
num_cat=0
split_feature=14 5 5 8 8 8 5 5 2 5 8 8 7 4 3 7 5 4 16 3 2 2 15 5
split_gain=15.3435 0.492432 0.83283 0.521109 0.593375 1.40263 0.845591 0.923417 1.00422 0.920398 0.876472 2.7347 1.71018 1.15593 1.16329 0.9986 0.979684 2.62953 1.62229 1.88624 1.20352 5.3061 2.28219 1.51562
threshold=1.0000000180025095e-35 234.50000000000003 233.50000000000003 10624.100000000002 10129.500000000002 9826.3000000000011 228.50000000000003 224.50000000000003 307.55000000000007 222.50000000000003 6251.7000000000007 5188.7500000000009 7319.5300000000007 48.350000000000001 1418.5000000000002 7103.045000000001 130.50000000000003 46.850000000000001 0.032748500000000007 1428.5000000000002 308.95000000000005 310.45000000000005 1.03685 216.50000000000003
decision_type=2 2 2 2 2 2 2 2 2 2 2 2 2 2 2 2 2 2 2 2 2 2 2 2
left_child=1 2 3 4 5 6 7 8 -1 10 11 12 13 14 -10 -16 -12 18 19 -18 22 -22 -21 -23
right_child=-2 -3 -4 -5 -6 -7 -8 -9 9 -11 16 -13 -14 -15 15 -17 17 -19 -20 20 21 23 -24 -25
leaf_value=-0.038676640782197048 0.030106794839986222 -0.031467673556013022 0.030509081559090212 -0.03105808080778049 0.016628737449936482 -0.034614876625327695 -0.017601666661258491 0.014207960994840599 -0.031201109350740601 -0.034758892236566523 0.024629425468267952 -0.032672727764422281 -0.03963930295024063 0.020025779224210057 0.0046685563012938544 -0.032704717583526555 -0.032939242896849082 -0.039155515366575688 0.020909593405431831 0.016938555774741553 -0.034031006866453196 0.01138060593628243 -0.032743434076910855 -0.01303785783783429
leaf_weight=0.56524822771461813 22.379720494151115 0.40390198165550728 0.89479401707649131 0.44289050260704144 2.2818651941997805 0.97675025652279046 1.999316370114683 5.2926461920142165 1.0285279339950637 0.62290157470852037 2.0536217493936411 2.4995938385400214 0.87312330984423248 3.0456530461306111 9.843047751950504 0.68844996739062558 1.3100612963171467 1.2653641987199069 4.8815611362515474 8.9893923866329715 3.4803733847584253 12.665013443387577 0.91703040450374906 2.7919992269016793
leaf_count=233 222 13 2 60 55 57 14 15 347 11 93 862 515 164 3685 124 131 483 45 150 281 350 67 21
internal_value=0.00849078 0.00156141 0.00175362 0.00137807 0.00158911 0.00106747 0.00160521 0.00221656 0.0011132 0.00150809 0.00190911 -0.00355654 0.00114528 0.00358337 -0.00074861 0.00222544 0.0044711 0.00333069 0.00486516 0.00226775 0.00386682 -0.000565378 0.0123395 0.0069699
internal_weight=92.1928 69.8131 69.4092 68.5144 68.0715 65.7897 64.8129 62.8136 57.521 56.9557 56.3328 17.9784 15.4788 14.6057 11.56 10.5315 38.3544 36.3008 35.0354 30.1539 28.8438 18.9374 9.90642 15.457
internal_count=8000 7778 7765 7763 7703 7648 7591 7577 7562 7329 7318 5697 4835 4320 4156 3809 1621 1528 1045 1000 869 652 217 371
is_linear=0
shrinkage=0.03


Tree=186
num_leaves=25
num_cat=0
split_feature=14 3 7 4 7 4 3 5 5 3 16 8 5 1 0 2 2 2 4 2 8 2 5 5
split_gain=14.9852 0.480643 0.716264 0.590718 1.39021 1.37495 1.61354 0.693961 2.14803 0.805724 1.25367 2.38796 0.965185 0.964135 0.850609 1.44298 1.38598 2.59373 1.8424 3.37367 1.96738 3.1124 1.80553 1.6302
threshold=1.0000000180025095e-35 2267.5000000000005 4096.0950000000012 19.250000000000004 4552.505000000001 23.650000000000002 1737.5000000000002 232.50000000000003 228.50000000000003 1684.5000000000002 0.020393000000000005 4233.3000000000011 144.50000000000003 299.15000000000003 1.5000000000000002 311.55000000000007 311.75000000000006 311.05000000000007 37.45000000000001 308.15000000000003 9474.8000000000011 310.65000000000003 218.50000000000003 219.50000000000003
decision_type=2 2 2 2 2 2 2 2 2 2 2 2 2 2 2 2 2 2 2 2 2 2 2 2
left_child=1 2 -1 -4 -5 -6 7 8 9 10 11 12 -7 -11 16 -16 17 18 19 22 23 -22 -12 -20
right_child=-2 -3 3 4 5 6 -8 -9 -10 13 14 -13 -14 -15 15 -17 -18 -19 20 -21 21 -23 -24 -25
leaf_value=-0.034587948755688942 0.030103627767639193 0.025221426304338119 0.030205065869108837 -0.035894743969918784 0.027542453241782627 -0.03025147323358084 -0.034426240293807968 0.019919713538931256 -0.039141966981081834 -0.031454680170339935 0.021176287671180162 -0.035211865255618847 0.030991440828200253 0.018109782128630767 0.015659484458280845 -0.03574274344053513 0.012799675021818717 -0.033363402389972686 0.0031616838983572156 -0.034712858768676864 -0.043086231316169628 0.014685979345133052 -0.045031779699425227 0.025103046331400973
leaf_weight=0.49779562891126161 21.720550283789635 0.76225189142860372 0.64045113855536229 0.89444629831996181 1.8104137855334546 0.30454654891946054 1.1345872698439041 1.8211358170956362 1.1694164713844646 0.3854541196997151 2.2491042371257204 2.2259148676457698 0.96693933894857764 4.2231468725076411 6.5073184219654641 0.53167665407818265 7.0332930779113658 2.1936215278255977 22.872820819429769 3.3910002456686925 1.9405214767321006 1.4788749862636903 0.44385999441146839 3.5160725479945532
leaf_count=99 222 35 18 239 43 442 399 16 11 147 120 263 2 212 499 93 626 653 2918 757 148 27 2 9
internal_value=0.00837241 0.0015311 0.00126644 0.00152994 0.00125622 0.00175818 0.00103322 0.00166924 0.00112823 0.00190966 0.00091147 -0.0164765 0.0163225 0.0139643 0.0020774 0.0117769 0.000564183 -0.00169534 0.000240116 -0.0148047 0.00331081 -0.0181 0.0102637 0.00608516
internal_weight=90.7152 68.9947 68.2324 67.7346 67.0942 66.1997 64.3893 63.2547 61.4336 60.2642 55.6556 3.4974 1.27149 4.6086 52.1582 7.039 45.1192 38.0859 35.8923 6.08396 29.8083 3.4194 2.69296 26.3889
internal_count=8000 7778 7743 7644 7626 7387 7344 6945 6929 6918 6559 707 444 359 5852 592 5260 4634 3981 879 3102 175 122 2927
is_linear=0
shrinkage=0.03


Tree=187
num_leaves=25
num_cat=0
split_feature=14 5 5 5 5 5 2 8 8 7 4 3 5 7 2 7 2 2 5 2 3 1 15 5
split_gain=14.6368 0.475426 0.806044 1.72319 0.846515 0.962635 0.935706 0.693346 2.59521 1.64513 1.10971 1.11863 1.0024 2.03059 1.70554 0.958356 0.921937 0.896032 1.82661 1.52382 3.33948 2.14443 4.7169 2.98674
threshold=1.0000000180025095e-35 234.50000000000003 231.50000000000003 228.50000000000003 224.50000000000003 222.50000000000003 307.55000000000007 6251.7000000000007 5188.7500000000009 7319.5300000000007 48.350000000000001 1418.5000000000002 130.50000000000003 6830.4850000000015 313.15000000000003 7103.045000000001 309.15000000000003 308.55000000000007 218.50000000000003 310.85000000000008 1494.5000000000002 302.05000000000007 1.0312500000000002 211.50000000000003
decision_type=2 2 2 2 2 2 2 2 2 2 2 2 2 2 2 2 2 2 2 2 2 2 2 2
left_child=1 2 3 4 5 6 -1 8 9 10 11 -8 -9 17 -15 16 -13 -14 19 20 21 22 -19 -24
right_child=-2 -3 -4 -5 -6 -7 7 12 -10 -11 -12 15 13 14 -16 -17 -18 18 -20 -21 -22 -23 23 -25
leaf_value=-0.038023978777602871 0.030100554096168877 -0.031403980594414772 0.01819358911571442 -0.039420453097896421 0.013192457949990861 -0.034110066559773222 -0.031174023137792505 0.024284134220487318 -0.032545937813367391 -0.039559930393983443 0.019639239880426207 -0.030514384190033168 0.013045651197537051 -0.03167905679982045 0.028613559991338595 -0.032633869815277688 0.0069046420635069973 -0.045809801779729639 -0.034536985836704517 0.011759968874214358 -0.032968144934629406 0.029543135728055291 0.016008708876629783 -0.036752983272370643
leaf_weight=0.5470158324460489 21.080730557441711 0.39292123122140665 2.5631650807335964 0.93366127926856179 5.2352771125733844 0.71021392452530463 1.0001620813418401 1.998122750854235 2.4020388605786129 0.84927521100326053 2.9998639655750603 0.63414054079475768 8.4002973352326062 2.4608202848030483 0.50971947563812126 0.67052088852506209 9.0454528047885088 1.8194592461513872 1.1886559596750874 11.281127151596591 2.7102871531169503 2.3594659144291645 6.3795944524317747 1.1378338281065223
leaf_count=240 222 13 10 9 18 16 347 93 862 515 164 1081 171 767 11 124 2604 65 24 265 210 10 144 15
internal_value=0.0082513 0.00150054 0.00169113 0.00104311 0.0016303 0.000606153 0.00102839 0.00139768 -0.0035687 0.00101071 0.00341178 -0.000877121 0.00356974 0.00248758 -0.0213334 0.00205056 0.0044532 0.00449346 0.00182045 0.00350283 -0.00296293 0.0039899 -0.0024675 0.00802273
internal_weight=89.3098 68.2291 67.8362 65.273 64.3393 59.1041 58.3939 57.8468 17.6015 15.1994 14.3501 11.3503 40.2454 38.2473 2.97054 10.3501 9.67959 35.2767 26.8764 25.6878 14.4066 11.6964 9.33689 7.51743
internal_count=8000 7778 7765 7755 7746 7728 7712 7472 5697 4835 4320 4156 1775 1682 778 3809 3685 904 733 709 444 234 224 159
is_linear=0
shrinkage=0.03


Tree=188
num_leaves=25
num_cat=0
split_feature=14 8 5 4 0 4 8 8 4 16 7 16 3 5 8 7 16 16 7 5 16 6 3 15
split_gain=14.2889 0.472521 0.474085 0.762236 1.50983 1.41628 0.962023 1.30344 1.13675 1.6984 1.26731 1.37009 1.63883 1.16259 1.948 0.94444 0.909355 0.889234 2.49326 1.34328 1.02467 1.58513 1.08847 2.24983
threshold=1.0000000180025095e-35 399.90000000000003 8.5000000000000018 49.45000000000001 1.0000000180025095e-35 53.850000000000001 10129.500000000002 9826.3000000000011 48.350000000000001 0.034088500000000001 7103.045000000001 0.032748500000000007 1420.5000000000002 206.50000000000003 9474.8000000000011 6816.8400000000011 0.033356500000000004 0.030702000000000004 6403.5300000000007 144.50000000000003 0.028273500000000003 8.5500000000000025 1507.5000000000002 1.0318500000000002
decision_type=2 2 2 2 2 2 2 2 2 2 2 2 2 2 2 2 2 2 2 2 2 2 2 2
left_child=1 -1 -3 6 -5 -6 7 8 9 10 11 12 -4 14 16 17 -13 18 19 -14 21 -21 23 -23
right_child=-2 2 3 4 5 -7 -8 -9 -10 -11 -12 13 15 -15 -16 -17 -18 -19 -20 20 -22 22 -24 -25
leaf_value=-0.032332572571705853 0.030097572171417168 0.030102614186803423 -0.032637192579704856 -0.035964893754405335 -0.031026728337620726 0.019218403702963457 0.020965336262243051 -0.034279869152510259 0.02063010240772159 -0.045113743154618337 -0.032031167095608215 -0.030719266413022847 -0.03008863347836763 0.030596928142363478 -0.058744213628900956 -0.031280276624082871 0.017669755227437835 0.018998863509033896 -0.032184015043894176 -0.033121864537815827 0.021024782594578004 -0.036304706924098949 0.0058777305919640267 0.0020831980723145164
leaf_weight=0.37010057569568644 20.459697291254997 0.52325933209794939 1.3015840681473481 1.4289488587455701 0.74086043768329579 1.5852611863592754 2.3710755773354313 0.90340843150624905 2.8164416916551991 0.70669627233291876 0.98555401784687902 0.39608749019680534 1.1041730452961918 2.6401715576648712 0.39117671898566175 0.77863921782409207 2.97350104785437 2.6241189097054294 1.9449992974623445 1.1125504297560826 2.7807141965604378 1.786467430225456 29.157811582954309 5.9520077988127014
leaf_count=431 222 6 320 689 279 187 24 26 190 127 306 87 2456 5 5 338 107 77 710 92 40 78 1055 143
internal_value=0.00813985 0.00147204 0.00165875 0.00143488 -0.0116941 0.00321553 0.00222083 0.00148446 0.00202791 0.00110285 0.00168682 0.00229163 0.000571373 0.0153376 0.00462516 0.00148633 0.0119817 0.00203544 0.00102003 0.0025616 0.00344544 0.00215934 0.00322319 -0.00677885
internal_weight=87.8353 67.3756 67.0055 66.4822 3.75507 2.32612 62.7272 60.3561 59.4527 56.6363 55.9296 54.944 48.5431 6.40094 3.76077 47.2415 3.36959 46.4628 43.8387 41.8937 40.7896 38.0088 36.8963 7.73848
internal_count=8000 7778 7347 7341 1155 466 6186 6162 6136 5946 5819 5513 5309 204 199 4989 194 4651 4574 3864 1408 1368 1276 221
is_linear=0
shrinkage=0.03


Tree=189
num_leaves=25
num_cat=0
split_feature=14 2 2 5 2 7 7 2 5 2 4 16 5 3 7 15 8 5 3 15 3 7 8 8
split_gain=13.9572 0.467904 0.572968 2.01481 1.03665 0.821247 1.87194 0.78734 2.08756 0.799283 2.64613 1.3395 2.37154 0.981247 3.84609 0.906628 2.78992 1.75017 1.55261 1.1878 1.18852 1.08247 1.15861 1.504
threshold=1.0000000180025095e-35 313.65000000000003 311.85000000000008 214.50000000000003 311.75000000000006 7319.5300000000007 8635.0550000000021 311.55000000000007 231.50000000000003 310.65000000000003 46.750000000000007 0.033545500000000006 204.50000000000003 1689.5000000000002 6390.2850000000008 1.0369500000000003 3553.8500000000004 144.50000000000003 1341.5000000000002 1.0366500000000001 1393.5000000000002 4552.505000000001 5279.7000000000007 7581.3000000000011
decision_type=2 2 2 2 2 2 2 2 2 2 2 2 2 2 2 2 2 2 2 2 2 2 2 2
left_child=1 2 4 -4 5 7 -7 9 -9 10 15 12 -11 14 -14 17 -17 -1 -18 20 -19 -22 -23 -24
right_child=-2 -3 3 -5 -6 6 -8 8 -10 11 -12 -13 13 -15 -16 16 18 19 -20 -21 21 22 23 -25
leaf_value=-0.030504727457503159 0.030094681692190664 0.029850924634928347 -0.032695858853899397 0.013146300572390714 0.016531473714153186 -0.035155496546199823 0.025185396883153879 -0.035442588616014091 0.030662757560999478 -0.031432536639836868 -0.036201195954366341 0.018344701939951254 -0.020954468644667386 0.018230047348468836 0.02482307077449011 0.021773853395451008 0.030420248112449557 -0.034886946672174013 -0.033350862254841074 0.022370035931387131 -0.03458065987672717 0.022936784025254012 -0.013685414768850332 0.0067420296653927228
leaf_weight=1.2978722317202507 19.856901347637177 0.51771680178353463 1.7959826711667113 1.6608003382571039 4.0618126830449901 1.546004566131159 0.66035483038285736 1.4972996133146801 0.60312557220458973 1.6998527477953782 1.7656066601266491 6.4425878317997549 3.6796548189595324 4.1076162755489349 2.997284066863358 1.6388920337049047 0.3885566592216495 0.72737808684178773 2.9698538684751838 3.1850965993944547 0.63506769187370338 2.8734506219916538 4.07903775583691 15.842921063085667
leaf_count=1858 222 6 810 16 116 970 47 201 1 1166 452 130 32 15 14 504 1 35 487 41 62 140 469 205
internal_value=0.00801685 0.00144159 0.00121927 -0.0106711 0.00187482 0.000859558 -0.0170957 0.00156158 -0.0164608 0.00225832 -0.00040219 0.00723492 0.00150171 0.00669278 -0.000404889 0.00147684 -0.010314 0.00353413 -0.0259728 0.00514983 0.00287943 0.00405185 0.00512813 0.00255949
internal_weight=86.5307 66.6738 66.1561 3.45678 62.6993 58.6375 2.20636 56.4312 2.10043 54.3307 35.4037 18.927 12.4844 10.7846 6.67694 33.6381 4.9973 28.6408 3.35841 27.343 24.1579 23.4305 22.7954 19.922
internal_count=8000 7778 7772 826 6946 6830 1017 5813 202 5611 4254 1357 1227 61 46 3802 992 2810 488 952 911 876 814 674
is_linear=0
shrinkage=0.03


Tree=190
num_leaves=25
num_cat=0
split_feature=14 1 2 5 2 7 7 2 5 2 4 3 1 8 15 8 5 3 15 3 7 7 8 5
split_gain=13.6208 0.454068 0.548387 1.94855 0.983686 0.792275 1.81171 0.758872 2.01812 0.762814 2.56227 1.29383 1.25567 2.17863 0.868962 2.69164 1.68826 1.5028 1.14169 1.1439 1.04096 1.13689 2.36744 1.93652
threshold=1.0000000180025095e-35 304.35000000000008 311.85000000000008 214.50000000000003 311.75000000000006 7319.5300000000007 8635.0550000000021 311.55000000000007 231.50000000000003 310.65000000000003 46.750000000000007 1380.5000000000002 301.95000000000005 6604.0500000000011 1.0369500000000003 3553.8500000000004 144.50000000000003 1341.5000000000002 1.0366500000000001 1393.5000000000002 4552.505000000001 5102.3550000000005 7581.3000000000011 233.50000000000003
decision_type=2 2 2 2 2 2 2 2 2 2 2 2 2 2 2 2 2 2 2 2 2 2 2 2
left_child=1 2 4 -4 5 7 -7 9 -9 10 14 -11 -13 -14 16 -16 -1 -17 19 -18 -21 -22 23 -23
right_child=-2 -3 3 -5 -6 6 -8 8 -10 11 -12 12 13 -15 15 17 18 -19 -20 20 21 22 -24 -25
leaf_value=-0.030491705166716371 0.030091873654028562 0.029800733541378289 -0.032628151939075534 0.012826175802809378 0.016178620062443617 -0.035107402534996973 0.024921029071978656 -0.035277380121901472 0.030642741778724419 0.022568377889045102 -0.036143946080918816 0.009517759273492736 -0.035627136381004343 0.0052220412287833605 0.02143048057583458 0.030407656787015281 -0.034730143333240433 -0.033258997229603342 0.022061875886709652 -0.034441754873053447 0.019706787883298441 -0.033604062492909259 0.0065566071332252857 0.030557696733265059
leaf_weight=1.2600441263894051 19.271811783313751 0.50331716070650045 1.746529290947364 1.6513305134139953 4.0264325833850299 1.5023378969563048 0.64753452911099874 1.4597496765200042 0.58567702770233143 3.8652185621322159 1.7160985787486414 9.5993049671233148 1.7869495321247075 3.4315931836463278 1.6155542666456302 0.37722685933113131 0.70901959518960822 2.8899219316590461 3.1334863654483334 0.61874663305570976 3.9133598949702018 2.4681775847348066 15.802853143395621 0.51101583242416371
leaf_count=1858 222 5 811 16 116 970 47 201 1 89 452 862 355 51 504 1 35 487 41 62 92 516 205 1
internal_value=0.00791001 0.00141541 0.00119668 -0.0105377 0.0018406 0.000843416 -0.017027 0.00153262 -0.0164021 0.00221578 -0.000396043 0.0071108 0.00307871 -0.00876566 0.00144624 -0.010245 0.00345509 -0.025908 0.00503019 0.00280864 0.00395025 0.00499694 0.00193205 -0.0225985
internal_weight=85.0933 65.8215 65.3182 3.39786 61.9203 57.8939 2.14987 55.744 2.04543 53.6986 35.0155 18.6831 14.8178 5.21854 33.2994 4.8827 28.4167 3.26715 27.1567 24.0232 23.3142 22.6954 18.782 2.97919
internal_count=8000 7778 7773 827 6946 6830 1017 5813 202 5611 4254 1357 1268 406 3802 992 2810 488 952 911 876 814 722 517
is_linear=0
shrinkage=0.03


Tree=191
num_leaves=25
num_cat=0
split_feature=14 5 5 3 7 16 3 1 3 16 8 8 1 1 8 4 16 16 4 4 4 2 2 1
split_gain=13.2946 0.443261 0.760743 0.44707 0.652211 0.553243 1.61299 0.829752 0.622752 1.12475 2.19781 0.88598 0.819808 0.948483 1.8722 0.727532 0.717988 0.953977 2.01027 1.17008 4.07174 1.854 1.27824 2.60318
threshold=1.0000000180025095e-35 234.50000000000003 233.50000000000003 2267.5000000000005 4096.0950000000012 0.012719500000000002 1737.5000000000002 300.75000000000006 1684.5000000000002 0.020393000000000005 4233.3000000000011 4198.5000000000009 299.15000000000003 300.05000000000007 6604.0500000000011 31.050000000000004 0.021038000000000005 0.021391000000000004 34.95000000000001 36.150000000000013 37.45000000000001 308.25000000000006 308.15000000000003 303.35000000000008
decision_type=2 2 2 2 2 2 2 2 2 2 2 2 2 2 2 2 2 2 2 2 2 2 2 2
left_child=1 2 3 4 -1 7 8 -6 9 10 11 -7 -10 -14 -15 -11 -17 -18 -19 22 -21 -22 -20 -24
right_child=-2 -3 -4 -5 5 6 -8 -9 12 15 -12 -13 13 14 -16 16 17 18 19 20 21 -23 23 -25
leaf_value=-0.034302847613512502 0.030089150318196912 -0.031311059355739711 0.030462201688491029 0.024899687878075023 0.019208290570912667 -0.030247739703357212 -0.034678271899466331 -0.035512859943889127 -0.031330382254479067 0.030831997594316655 -0.034979241979917246 0.030882593251801458 0.028408651955105134 -0.034026392054718767 0.027196329560596311 -0.032629332394264063 0.021062153738903834 -0.037408253953923255 0.030322549084497646 -0.037130162877699151 -0.035360541357664664 0.0034488915687267514 -0.033246922029499137 0.030257188113742246
leaf_weight=0.46899994807244993 18.703910887241364 0.37097201403230329 0.81024622917175193 0.70895556631148693 2.6232742935171696 0.28043975079344752 1.1449852875739441 0.27559060427302018 0.36171799853036546 0.7488478422164907 2.1057803819567198 0.89233622790925438 2.3341588320763549 0.8211004140684961 0.99343676335411146 0.5635463228172729 2.1306902268261174 1.2237826153141202 2.5157801199675296 2.5084423072767086 1.1414152587531123 37.665922619751655 1.1276433756356712 1.1983262442518023
leaf_count=99 222 13 2 35 139 442 426 115 151 1 263 6 39 179 3 189 95 244 43 382 537 4063 289 23
internal_value=0.00780025 0.00138819 0.00157583 0.00120918 0.000943122 0.00120694 0.000586063 0.014006 0.00127494 0.000382086 -0.0166487 0.0162648 0.0119848 0.0157614 -0.000507706 0.0014807 0.00104177 0.00142501 0.000541951 0.00154813 -8.69946e-05 0.00230741 0.015501 -0.000529968
internal_weight=83.7203 65.0164 64.6454 63.8352 63.1262 62.6572 59.7584 2.89886 58.6134 54.103 3.27856 1.17278 4.51041 4.1487 1.81454 50.8244 50.0755 49.512 47.3813 46.1575 41.3158 38.8073 4.84175 2.32597
internal_count=8000 7778 7765 7763 7728 7629 7375 254 6949 6577 711 448 372 221 182 5866 5865 5676 5581 5337 4982 4600 355 312
is_linear=0
shrinkage=0.03


Tree=192
num_leaves=25
num_cat=0
split_feature=14 5 8 7 16 3 15 15 1 8 8 8 8 8 8 4 1 4 4 2 7 15 5 1
split_gain=12.9816 0.444187 1.33203 1.1808 2.7717 1.7076 1.0231 1.92851 2.72026 1.89072 1.71708 1.45086 1.26601 1.00928 1.81837 1.25376 2.13747 0.991792 1.48723 1.95959 1.37102 1.12919 0.939041 0.801821
threshold=1.0000000180025095e-35 207.50000000000003 9694.8000000000011 6189.1500000000005 0.023607000000000003 1447.5000000000002 1.0371500000000002 1.0366500000000001 299.25000000000006 7822.8500000000013 9579.5000000000018 7581.3000000000011 9147.6000000000004 7677.1000000000013 6970.7500000000009 30.250000000000004 300.05000000000007 48.350000000000001 29.150000000000002 310.85000000000008 5066.6950000000006 1.0306500000000003 215.50000000000003 302.35000000000008
decision_type=2 2 2 2 2 2 2 2 2 2 2 2 2 2 2 2 2 2 2 2 2 2 2 2
left_child=1 2 6 4 13 -6 7 8 -1 11 -11 17 -8 14 15 16 -3 18 20 -20 -10 -21 -5 -19
right_child=-2 3 -4 22 5 -7 12 -9 9 10 -12 -13 -14 -15 -16 -17 -18 23 19 21 -22 -23 -24 -25
leaf_value=-0.0349964826174054 0.030086507890732226 0.013998817597752029 -0.044875331689337661 0.015143871586595907 0.00089892397763231336 -0.036067813520595397 -0.032307962750536524 0.020419810651938951 -0.030456381030180217 -0.037532880532004424 0.024751812036578755 0.022680048950310217 0.0287381400796239 0.018047028907482401 -0.022504496215087828 0.02286762820015522 -0.021601217373628797 0.013136712446570839 -0.031840508923542205 0.010699090054672275 0.026708688049965762 -0.031923790227258039 -0.00032561321031485319 -0.030580216933389765
leaf_weight=2.0777520189949561 18.152697488665581 3.6056505533633771 0.6213798884418783 10.196407541225197 1.8652234263718117 2.8323911866173148 1.6502874101752234 3.9563150693502385 0.47814041260062934 1.8512674864177818 0.50757441000314418 3.2176084448583415 0.3752763767261057 3.931069763377308 2.448412852594628 2.9090693582547829 2.6214831182733178 5.3234933364437884 2.878205958630133 2.6844357115478492 1.7956256249599389 0.70666464324312972 5.4030224992893627 0.40641702907305433
leaf_count=1606 222 19 136 78 13 36 1420 510 476 284 13 71 17 13 37 17 36 379 1290 527 71 536 71 122
internal_value=0.00768122 0.00136018 -0.00143248 0.00358496 -0.00120052 -0.0213899 -0.000465249 0.00114158 -0.00233679 0.00108189 -0.0241305 0.00448211 -0.0209979 0.00491212 0.000454986 0.0066079 -0.000987996 0.000379691 -0.00609682 -0.013635 0.0146877 0.00181699 0.00978586 0.0100359
internal_weight=82.4959 64.3432 28.5304 35.8127 20.2133 4.69761 27.9091 25.8835 21.9272 19.8494 2.35884 17.4906 2.02556 15.5157 11.5846 9.1362 6.22713 14.273 8.54307 6.26931 2.27377 3.3911 15.5994 5.72991
internal_count=8000 7778 7458 320 171 49 7322 5885 5375 3769 297 3472 1437 122 109 72 55 3401 2900 2353 547 1063 149 501
is_linear=0
shrinkage=0.03


Tree=193
num_leaves=25
num_cat=0
split_feature=14 5 5 5 5 5 2 8 8 7 7 7 4 16 16 5 2 5 7 2 2 5 5 8
split_gain=12.6672 0.426387 0.751819 1.58537 0.761607 0.8713 0.82579 0.623814 2.30659 1.46665 1.02052 1.197 1.00124 1.79226 0.95564 1.84285 1.45761 0.906096 1.78435 1.54436 0.81944 1.65932 1.44119 2.25242
threshold=1.0000000180025095e-35 234.50000000000003 231.50000000000003 228.50000000000003 224.50000000000003 222.50000000000003 307.55000000000007 6251.7000000000007 5188.7500000000009 7319.5300000000007 7253.2650000000003 7120.1350000000011 47.650000000000013 0.031589500000000013 0.03139150000000001 144.50000000000003 310.75000000000006 130.50000000000003 6830.4850000000015 313.15000000000003 308.55000000000007 216.50000000000003 216.50000000000003 7634.0000000000009
decision_type=2 2 2 2 2 2 2 2 2 2 2 2 2 2 2 2 2 2 2 2 2 2 2 2
left_child=1 2 3 4 5 6 -1 8 9 10 11 12 13 14 15 -8 -17 -9 20 -20 22 -22 23 -19
right_child=-2 -3 -4 -5 -6 -7 7 17 -10 -11 -12 -13 -14 -15 -16 16 -18 18 19 -21 21 -23 -24 -25
leaf_value=-0.037168990319952015 0.030083944091725247 -0.031272773828696573 0.01794793749943812 -0.038980434449391227 0.012691663019488871 -0.033782291680982651 -0.030104191649838914 0.023981244678793919 -0.032346826867650155 -0.039075256472053121 0.026969854063074068 -0.033260978057203412 0.02206418448751267 -0.031819391127583245 0.028517301563357276 0.015125895479401866 -0.034117040624399346 0.017995513773288466 -0.031545060376853465 0.028509528986476507 0.0046181333215871631 -0.017864097312909631 0.028471066981647929 -0.024721326089044888
leaf_weight=0.50919547764351492 17.617681995034218 0.35888375295326014 2.4114724565297356 0.88547320477664371 4.9792920378968111 0.66155936801805992 1.4311009814955413 1.8213628925732326 2.1883118352998272 0.78499734642537156 1.4401874692703138 0.88867882311751678 2.011207375631785 1.455574129031447 1.249021460112999 4.1511659722455079 0.62206802609944123 3.0172072975692563 2.2313200262142341 0.46584907546639431 21.674243070301603 3.4208961952244854 3.1250968826934695 1.7583944842044728
leaf_count=240 222 13 10 9 18 16 3300 93 862 515 63 150 115 264 34 244 150 105 767 11 690 43 6 60
internal_value=0.00757534 0.00133465 0.00151986 0.000867984 0.00145717 0.000438373 0.000855714 0.00121603 -0.00369934 0.000767641 0.00312831 0.000220632 0.00294536 -0.00137075 0.0045756 -0.000244209 0.00870835 0.00334157 0.00228836 -0.0211726 0.00420612 0.00155342 0.0126319 0.00226701
internal_weight=81.1602 63.5426 63.1837 60.7722 59.8867 54.9074 54.2459 53.7367 16.2223 14.034 13.249 11.8088 10.9201 8.90893 7.45336 6.20433 4.77323 37.5144 35.693 2.69717 32.9958 25.0951 7.9007 4.7756
internal_count=8000 7778 7765 7755 7746 7728 7712 7472 5697 4835 4320 4257 4107 3992 3728 3694 394 1775 1682 778 904 733 171 165
is_linear=0
shrinkage=0.03


Tree=194
num_leaves=25
num_cat=0
split_feature=14 2 2 5 2 7 7 1 0 2 5 1 7 16 1 3 5 16 4 7 4 3 4 7
split_gain=12.3632 0.422716 0.519778 1.80679 0.905822 0.749184 1.68574 0.741324 1.20429 0.672614 1.8975 0.743958 2.64855 2.47936 1.11202 0.9913 3.99429 0.987541 1.87333 1.40152 2.66015 1.45649 1.05063 1.19667
threshold=1.0000000180025095e-35 313.65000000000003 311.85000000000008 214.50000000000003 311.75000000000006 7319.5300000000007 8635.0550000000021 300.55000000000007 1.0000000180025095e-35 311.55000000000007 231.50000000000003 302.05000000000007 5440.5250000000005 0.033727500000000007 301.95000000000005 1380.5000000000002 210.50000000000003 0.033450000000000008 46.45000000000001 6677.9800000000005 41.350000000000001 1442.5000000000002 41.250000000000007 5141.4150000000009
decision_type=2 2 2 2 2 2 2 2 2 2 2 2 2 2 2 2 2 2 2 2 2 2 2 2
left_child=1 2 4 -4 5 9 -7 -6 -9 11 -11 13 -13 14 17 -14 -17 18 19 20 22 -21 23 -1
right_child=-2 -3 3 -5 7 6 -8 8 -10 10 -12 12 15 -15 -16 16 -18 -19 -20 21 -22 -23 -24 -25
leaf_value=0.010206887297732926 0.030081458421786247 0.029699688084029872 -0.032502578603319239 0.012447366586315466 0.02940003136658682 -0.035066320514737265 0.024470659451558397 -0.032924913645545728 0.018176853522606489 -0.034881191368215214 0.03061372565080988 -0.038006329605319036 0.027740861967755635 -0.037050147164458903 -0.039192720135521247 -0.033190188029096172 0.024363764371282556 0.01817943795285611 -0.041991988749190086 0.02197235940337898 -0.03291601892347986 -0.030690575697329817 0.030852073233294426 -0.0033502772184174248
leaf_weight=8.5189020263242217 17.098393008112907 0.46846500976243888 1.6546585780415619 1.5669579771347342 1.8626948297169286 1.4200176326849026 0.61268745540291991 0.58909860452695273 1.4048179748351683 1.375404586764488 0.5602961778640746 0.94144531129859288 3.3431592772831191 1.5343101620092046 0.58682561003297351 1.5647609324805669 3.5414944272488356 3.2788237517961525 0.89027334500860789 4.6063988408714058 2.1048874328189404 0.52669409634836473 1.0949381618556788 18.772184709254361
leaf_count=807 222 6 810 16 32 970 47 50 34 201 1 145 21 445 67 342 10 53 146 113 545 454 14 2449
internal_value=0.0074645 0.00130861 0.0010953 -0.0106394 0.00173465 0.000753848 -0.017121 0.0157917 0.00307894 0.0014363 -0.0159234 0.00209127 0.00972336 0.000381304 0.00180358 0.0150415 0.00672693 0.00240815 0.000991957 0.00206616 -0.000375323 0.0165687 0.00203764 0.000881586
internal_weight=79.9186 62.8202 62.3517 3.22162 59.1301 55.2735 2.03271 3.85661 1.99392 53.2408 1.9357 51.3051 9.39086 41.9142 40.3799 8.44941 5.10626 39.7931 36.5143 35.624 30.4909 5.13309 28.386 27.2911
internal_count=8000 7778 7772 826 6946 6830 1017 116 84 5813 202 5611 518 5093 4648 373 352 4581 4528 4382 3815 567 3270 3256
is_linear=0
shrinkage=0.03


Tree=195
num_leaves=25
num_cat=0
split_feature=14 1 5 8 7 16 3 15 15 1 8 8 8 8 8 8 15 4 5 4 4 1 7 3
split_gain=12.0618 0.417448 0.433319 1.24812 1.13104 2.62676 2.08073 0.948833 1.80242 2.50409 1.79186 1.62243 1.3816 1.23831 0.94713 1.73553 1.19727 1.30332 1.87189 0.914438 1.75641 2.51281 1.31014 0.842039
threshold=1.0000000180025095e-35 296.85000000000008 207.50000000000003 9694.8000000000011 6189.1500000000005 0.023607000000000003 1445.5000000000002 1.0371500000000002 1.0366500000000001 299.25000000000006 7822.8500000000013 9579.5000000000018 7581.3000000000011 9147.6000000000004 7677.1000000000013 6970.7500000000009 1.0374500000000004 30.050000000000004 224.50000000000003 47.650000000000013 29.150000000000002 303.55000000000007 5066.6950000000006 1475.5000000000002
decision_type=2 2 2 2 2 2 2 2 2 2 2 2 2 2 2 2 2 2 2 2 2 2 2 2
left_child=1 -1 3 7 5 14 -7 8 9 -3 12 -12 19 -9 15 16 17 18 -4 20 22 -22 -11 -6
right_child=-2 2 4 -5 23 6 -8 13 -10 10 11 -13 -14 -15 -16 -17 -18 -19 -20 -21 21 -23 -24 -25
leaf_value=-0.031082283273719775 0.030079043551300311 -0.034983368859121892 -0.034988516757023656 -0.044536110332386615 0.015601810309165846 0.0060657823339002838 -0.036304593701581706 -0.03228294791155354 0.020210235073215718 -0.030447311704095783 -0.037308661994255123 0.024679602190619956 0.022367978154230406 0.029081115471628966 0.017987079389767131 -0.021979618293932059 0.021160665293529005 0.017546177530366611 0.0089127284288036766 0.0078953752836765471 -0.031721000285769504 0.019693615292589308 0.026490967787302169 0.0010586233936312318
leaf_weight=0.35656673191988275 16.59437070786953 1.9134822908745395 1.7299716190900674 0.58952663647505588 9.1213309071026725 1.6283259950578202 2.9024412729777396 1.5636796503240464 3.7911582845699732 0.46159761259696663 1.7763043642771656 0.48342282063094888 3.1345331530465037 0.36506569242919784 3.7762591373175374 2.4030314297415307 3.2735597487189807 2.0022706463932991 1.7668766435235737 6.9290454697111272 3.314107606158359 1.1532122517746755 1.7150490260537479 5.9011977028567335
leaf_count=258 222 1477 33 129 83 12 35 1364 458 476 284 13 71 16 12 37 13 15 8 568 2079 207 71 59
internal_value=0.0073602 0.00128457 0.00147163 -0.00136064 0.00370347 -0.00106593 -0.021077 -0.000403779 0.00118041 -0.00227469 0.00102507 -0.0240475 0.00441618 -0.0206682 0.00499784 0.000608797 0.00679627 -0.00175469 -0.0128062 0.000270421 -0.0076817 -0.0184486 0.0144162 0.00988891
internal_weight=78.6464 62.052 61.6954 27.1902 34.5053 19.4827 4.53077 26.6007 24.6719 20.8808 18.9673 2.25973 16.7075 1.92875 14.952 11.1757 8.77268 5.49912 3.49685 13.573 6.64397 4.46732 2.17665 15.0225
internal_count=8000 7778 7520 7213 307 165 47 7084 5704 5246 3769 297 3472 1380 118 106 69 56 41 3401 2833 2286 547 142
is_linear=0
shrinkage=0.03


Tree=196
num_leaves=25
num_cat=0
split_feature=14 5 5 8 8 8 5 5 2 5 8 8 7 7 7 4 16 16 5 2 5 4 16 3
split_gain=11.7664 0.410896 0.746698 0.418236 0.514968 1.15149 0.716332 0.733421 0.770379 0.74789 0.711192 2.17353 1.37957 0.96051 1.13398 0.932104 1.65605 0.896856 1.70823 1.35688 0.785946 2.04414 1.38108 1.62705
threshold=1.0000000180025095e-35 234.50000000000003 233.50000000000003 10624.100000000002 10129.500000000002 9826.3000000000011 228.50000000000003 224.50000000000003 307.55000000000007 222.50000000000003 6251.7000000000007 5188.7500000000009 7319.5300000000007 7253.2650000000003 7120.1350000000011 47.650000000000013 0.031589500000000013 0.03139150000000001 144.50000000000003 310.75000000000006 130.50000000000003 46.850000000000001 0.032748500000000007 1428.5000000000002
decision_type=2 2 2 2 2 2 2 2 2 2 2 2 2 2 2 2 2 2 2 2 2 2 2 2
left_child=1 2 3 4 5 6 7 8 -1 10 11 12 13 14 15 16 17 18 -10 -20 -12 22 23 -22
right_child=-2 -3 -4 -5 -6 -7 -8 -9 9 -11 20 -13 -14 -15 -16 -17 -18 -19 19 -21 21 -23 -24 -25
leaf_value=-0.036841456757395807 0.030076699716430216 -0.031244196092133567 0.030456537314326775 -0.030863765807637514 0.016462688591623923 -0.033865955002139909 -0.017461210449116145 0.013106185429323378 -0.030097819633130529 -0.034038828631501122 0.023636841993473927 -0.032280597783926203 -0.038842874604523007 0.026732379041430603 -0.033150796339487539 0.02170600496500379 -0.031692427563734596 0.028374050930866902 0.014631914734154818 -0.033940394227749728 -0.032627774152693211 -0.037726578644580247 0.020370565176044138 0.003418178975135805
leaf_weight=0.48441440956958004 16.105168506503105 0.34802585979923506 0.78817403316497703 0.36696033061889366 1.9406675823556714 0.85203959425416442 1.7801873506978143 4.7786196749657384 1.3440836261724962 0.53700649878010054 1.7380430173216144 2.0832303718198082 0.75087304637418206 1.3697896816447617 0.85188755946728711 1.9233826580166358 1.3650735541159518 1.1713648744043892 4.0025316977553302 0.59449326598405594 1.1785784709864007 1.0760235999987333 4.1822915193624786 25.760485567217984
leaf_count=233 222 13 2 60 55 57 14 15 3300 11 93 862 515 63 150 115 264 34 244 150 131 483 45 869
internal_value=0.00725844 0.00126036 0.00144605 0.0010658 0.00126185 0.000751691 0.00126941 0.00187355 0.000808829 0.00117411 0.00155696 -0.00377705 0.000663038 0.0030131 0.000125787 0.0028513 -0.00142644 0.00438241 -0.000347851 0.00835048 0.00398646 0.00292572 0.00433128 0.00184118
internal_weight=77.3734 61.2682 60.9202 60.132 59.7651 57.8244 56.9724 55.1922 50.4136 49.9291 49.3921 15.4567 13.3735 12.6226 11.2528 10.4009 8.47755 7.11247 5.94111 4.59702 33.9354 32.1974 31.1214 26.9391
internal_count=8000 7778 7765 7763 7703 7648 7591 7577 7562 7329 7318 5697 4835 4320 4257 4107 3992 3728 3694 394 1621 1528 1045 1000
is_linear=0
shrinkage=0.03


Tree=197
num_leaves=25
num_cat=0
split_feature=14 2 2 5 2 1 3 7 7 1 1 1 5 1 16 3 8 1 7 4 5 2 3 3
split_gain=11.4847 0.401839 0.498277 1.72173 0.861026 0.716888 1.11533 0.706899 1.57918 0.62958 1.15823 1.35152 1.00858 0.951705 2.3021 1.69314 1.93102 1.0432 1.03011 3.02892 1.59533 1.28649 1.08701 4.01801
threshold=1.0000000180025095e-35 313.65000000000003 311.85000000000008 214.50000000000003 311.75000000000006 300.55000000000007 1426.5000000000002 7319.5300000000007 8635.0550000000021 302.75000000000006 302.55000000000007 302.35000000000008 233.50000000000003 302.05000000000007 0.033727500000000007 1380.5000000000002 6604.0500000000011 301.95000000000005 5141.4150000000009 35.250000000000007 233.50000000000003 311.05000000000007 1540.5000000000002 1494.5000000000002
decision_type=2 2 2 2 2 2 2 2 2 2 2 2 2 2 2 2 2 2 2 2 2 2 2 2
left_child=1 2 4 -4 7 -6 -7 9 -9 10 11 13 -11 14 17 -15 -17 18 -1 20 -20 22 23 -21
right_child=-2 -3 3 -5 5 6 -8 8 -10 12 -12 -13 -14 15 -16 16 -18 -19 19 21 -22 -23 -24 -25
leaf_value=0.011062219189700653 0.030074429626832801 0.029620757336420417 -0.032476191367989474 0.012166644601360377 0.029298621024280404 0.017718818741428496 -0.032629085996821731 -0.03496308395587186 0.024073018161491998 -0.033908700004003887 0.023506033311083269 -0.036893957190123665 0.030304481079769748 0.027496772964226104 -0.036500015728287767 -0.034385027931572831 0.023190252803304123 -0.038835873190099894 -0.03408977372418915 0.0055388120962265239 0.019928700871014161 -0.03430112203315043 0.014228408571020951 -0.035870761764056826
leaf_weight=8.8203328727067838 15.6303513944149 0.44551904503896267 1.5914954143154312 1.5201647994108496 1.7900820251961698 1.3409254194993989 0.56193303404143069 1.3489401504557452 0.58448354541906145 0.98293892846413544 2.1357341889015506 0.8355282545890067 0.28367701172828674 3.1615343918674617 1.4926262813751225 1.1117803217457551 0.99211889463185787 0.57068011962837673 3.1893899678398188 17.098345228681875 0.58181072026491154 0.81059097262186597 6.9780648296036807 2.4055776584937112
leaf_count=828 222 6 810 16 32 14 70 970 47 99 78 126 1 24 451 247 23 67 1091 1354 5 285 566 568
internal_value=0.00714496 0.00123418 0.00102406 -0.0106665 0.00166139 0.0156708 0.00285058 0.000692271 -0.0171162 0.00136148 0.0018887 0.000927815 -0.0195272 0.00159715 8.80878e-05 0.0136192 -0.00723471 0.00143805 0.00201431 -0.000554783 -0.0257559 0.00292743 0.00406697 0.000431432
internal_weight=76.2646 60.6343 60.1888 3.11166 57.0771 3.69294 1.90286 53.3842 1.93342 51.4507 50.1841 48.0484 1.26662 47.2129 41.9474 5.26543 2.1039 40.4548 39.8841 31.0638 3.7712 27.2926 26.482 19.5039
internal_count=8000 7778 7772 826 6946 116 84 6830 1017 5813 5713 5635 100 5509 5215 294 270 4764 4697 3869 1096 2773 2488 1922
is_linear=0
shrinkage=0.03


Tree=198
num_leaves=25
num_cat=0
split_feature=14 5 5 1 5 8 2 3 7 4 3 8 6 4 0 3 3 6 4 7 6 0 3 3
split_gain=11.203 0.40064 0.709435 0.395518 0.408785 1.11098 1.05089 1.04329 1.03576 2.33112 2.01944 1.13198 1.39319 1.95089 1.00103 0.991858 1.81145 1.96603 1.223 1.77159 0.920558 0.796541 0.76942 1.47305
threshold=1.0000000180025095e-35 234.50000000000003 233.50000000000003 304.35000000000008 207.50000000000003 9694.8000000000011 310.95000000000005 1422.5000000000002 6189.1500000000005 36.150000000000013 1445.5000000000002 7677.1000000000013 11.15 31.050000000000004 1.0000000180025095e-35 1475.5000000000002 1566.5000000000002 11.050000000000002 41.45000000000001 6677.9800000000005 8.5500000000000025 1.0000000180025095e-35 1386.5000000000002 1403.5000000000002
decision_type=2 2 2 2 2 2 2 2 2 2 2 2 2 2 2 2 2 2 2 2 2 2 2 2
left_child=1 2 3 4 5 6 20 21 9 11 -11 12 13 14 -6 18 17 -17 -10 -20 -1 -8 -22 -24
right_child=-2 -3 -4 -5 8 -7 7 -9 15 10 -12 -13 -14 -15 -16 16 -18 -19 19 -21 22 -23 23 -25
leaf_value=-0.031293553958851264 0.030072222489361585 -0.031222177873060926 0.030433518350064363 0.029592548564744334 -0.014297811072982747 -0.043394219813049598 -0.030543062983445279 -0.031484069477404134 0.030851740068810973 0.0061074793239194814 -0.036103251037703621 0.018932887874421631 0.014423743003362311 -0.034941486498026635 0.013097372571058153 -0.035376132400747981 0.018411372328624179 0.01353651166562728 -0.01868093175840262 0.017781993229315438 0.012878568602422971 0.010390306629903286 -0.046163277836639142 0.0013294900270152186
leaf_weight=0.73877311477554997 15.169500902295111 0.34084507543593545 0.74773439764976402 0.43301729718223114 2.1207432853989321 0.57103363965870713 0.58990642787102787 1.8744887092689166 3.0027669211849553 1.6051589036360372 2.7984824271406978 3.5558063331991425 3.5823379225330427 1.8528963890857992 2.7663215647917241 1.8793117620516562 2.445010332390666 1.2195242848247287 1.6828385324915869 4.1729994392953813 5.1046179793338551 1.5574820969632126 0.61234938046254583 14.640585998615277
leaf_count=259 222 13 2 5 24 136 248 1558 4 12 36 10 23 36 21 39 11 11 26 52 690 197 221 4144
internal_value=0.00704292 0.00121033 0.00139595 0.00102673 0.000814826 -0.00201692 -0.00107625 -0.0151301 0.00304053 -0.00169961 -0.0207171 0.00433481 -0.000693903 -0.00872904 0.00120922 0.00905743 -0.000894448 -0.0161269 0.0152855 0.00730335 0.00160302 -0.000854448 0.00279683 -0.00057717
internal_weight=75.0645 59.895 59.5542 58.8065 58.3734 25.6892 25.1182 4.02188 32.6842 18.2817 4.40364 13.8781 10.3223 6.73996 4.88706 14.4025 5.54385 3.09884 8.8586 5.85584 21.0963 2.14739 20.3576 15.2529
internal_count=8000 7778 7765 7763 7758 7453 7317 2003 305 162 48 114 104 81 45 143 61 50 82 78 5314 445 5055 4365
is_linear=0
shrinkage=0.03


Tree=199
num_leaves=25
num_cat=0
split_feature=14 1 2 3 16 1 3 5 1 7 1 2 5 3 1 5 5 16 2 8 1 15 8 4
split_gain=10.9316 0.39434 0.45204 1.22179 1.26516 0.784221 1.24311 0.716313 2.5613 1.28703 1.28514 1.63312 1.86585 1.53141 1.10951 0.893303 0.854686 1.70889 1.39347 1.27119 2.52221 1.3649 1.11109 1.19894
threshold=1.0000000180025095e-35 296.85000000000008 307.85000000000008 1604.5000000000002 0.023122500000000001 297.25000000000006 1330.5000000000002 213.50000000000003 298.45000000000005 4667.3450000000003 298.65000000000003 310.55000000000007 224.50000000000003 1520.5000000000002 303.05000000000007 211.50000000000003 207.50000000000003 0.028273500000000003 311.75000000000006 7822.8500000000013 298.55000000000007 1.0371500000000002 7581.3000000000011 29.150000000000002
decision_type=2 2 2 2 2 2 2 2 2 2 2 2 2 2 2 2 2 2 2 2 2 2 2 2
left_child=1 -1 3 4 -3 6 -4 8 -7 -10 -9 12 -12 14 -13 16 19 18 -18 21 -21 22 23 -11
right_child=-2 2 5 -5 -6 7 -8 10 9 15 11 13 -14 -15 -16 -17 17 -19 -20 20 -22 -23 -24 -25
leaf_value=-0.03107871710669418 0.030070085716869747 0.030404353619085056 0.029928376569488824 -0.037702887159885547 -0.035734207952650657 -0.034465121385631417 -0.035650185988882831 0.021164210292385858 -0.034617899474128487 0.019253049036844362 -0.034006990421594288 -0.032946335241219073 0.0040961600262676449 0.013610486648086961 0.0092411155429246231 -0.018285831970086732 -0.034304119226273751 0.021805802435523391 0.013723475229987491 0.030427845579683845 -0.02831609245944388 -0.03240298865386463 0.021732833413914195 -0.0023097062756884962
leaf_weight=0.33897842841179127 14.722205176949499 1.9717355820175724 0.33671239041723211 0.36154486097075267 0.29989274006948097 1.9687037454132212 1.144157789130986 3.9745616759755675 0.89947828476215264 2.874729357430641 2.0785042836796519 1.2431545578874641 2.6078290715813637 9.2586844626348448 1.0225466275587676 1.8799528039526183 1.0781446581240737 4.9639633926562965 1.096805964130908 0.84131734058610108 3.015729913226096 0.91210018122728698 3.0442811324464847 12.043526094079423
leaf_count=258 222 24 6 71 177 1365 194 24 364 343 45 34 18 37 10 28 30 23 10 6 507 661 86 3457
internal_value=0.00693388 0.00118577 0.0013714 0.0135204 0.021673 0.000803029 -0.0207393 0.00138513 -0.00123383 0.000769923 0.00587677 0.00212857 -0.0128035 0.00820064 -0.0139065 0.00177244 0.00303484 0.0120901 -0.0100843 0.000191018 -0.0155026 0.00339802 0.00521592 0.00184541
internal_weight=73.9792 59.257 58.9181 2.63317 2.27163 56.2849 1.48087 54.804 34.6187 32.65 20.1853 16.2107 4.68633 11.5244 2.2657 31.7506 29.8706 7.13891 2.17495 22.7317 3.85705 18.8746 17.9625 14.9183
internal_count=8000 7778 7520 272 201 7248 200 7048 6880 5515 168 144 63 81 44 5151 5123 63 40 5060 513 4547 3886 3800
is_linear=0
shrinkage=0.03


Tree=200
num_leaves=25
num_cat=0
split_feature=14 15 5 5 15 5 15 5 4 3 15 7 15 16 5 16 7 1 0 7 7 8 2 2
split_gain=10.6624 0.390192 0.392337 0.677571 0.393654 1.38555 1.06927 2.1655 2.21611 2.29841 1.23057 0.949045 0.838255 1.74993 1.35448 1.33034 1.76615 1.23888 2.92933 1.45264 1.0285 1.01686 0.789405 0.616492
threshold=1.0000000180025095e-35 1.0384500000000003 234.50000000000003 233.50000000000003 1.0366500000000001 225.50000000000003 1.0320500000000001 216.50000000000003 41.250000000000007 1437.5000000000002 1.0338500000000004 6816.8400000000011 1.0314500000000002 0.017445500000000006 178.50000000000003 0.017873000000000003 5526.3650000000007 301.65000000000003 1.0000000180025095e-35 7716.3650000000007 6054.1000000000013 7024.8000000000002 311.85000000000008 311.75000000000006
decision_type=2 2 2 2 2 2 2 2 2 2 2 2 2 2 2 2 2 2 2 2 2 2 2 2
left_child=1 2 3 4 6 11 12 8 -8 -10 -11 22 13 -1 -14 -15 -17 18 -18 -19 -20 -22 23 -6
right_child=-2 -3 -4 -5 5 -7 7 -9 9 10 -12 -13 14 15 -16 16 17 19 20 -21 21 -23 -24 -25
leaf_value=-0.034404034833858808 0.030068006090056151 -0.031677143514206522 -0.031192299872230128 0.030418538377476965 0.0084728129375318435 -0.037549557181301575 -0.034487595936489417 0.0073271725649980708 -0.031877221184158477 0.026497461036307471 -0.031312088209091621 -0.030542196619783246 -0.03072491118116101 0.027970290308355936 0.017447900838082103 -0.035725222237045329 -0.036601030838957216 0.0077269664266686397 -0.035821725222626645 -0.041092107363881789 -0.030887894481643589 0.024211643146013581 -0.032076070109213525 0.027998352454189478
leaf_weight=1.2365011915717357 14.288070559501646 0.32381428013104496 0.33161662239581247 0.72171401977538963 9.0935589421351235 0.62701010797172863 3.6759318963013339 5.186768266139552 1.4145530115165459 1.9333423123462128 0.39995646065653989 0.54223991342951272 0.58111267391359334 1.6763461480222783 5.4700172537268372 1.1635798837451172 2.2260489013351643 16.398605041467821 0.39323492623225353 0.56754323096538328 0.35121682872704729 2.1271048657945357 0.38575052774103902 1.7326288041658706
leaf_count=398 222 266 13 2 1144 8 1366 37 664 204 216 535 439 39 70 257 464 1123 72 102 174 69 87 29
internal_value=0.00683247 0.00116324 0.00134585 0.00153219 0.00116761 0.00590252 -0.000140898 -0.00754579 -0.0179371 -0.00170413 0.0165882 0.00822041 0.00275988 0.000430691 0.0128217 0.00216028 0.000297541 0.00219728 -0.0107717 0.00609389 0.00925143 0.0164032 0.0100951 0.0115977
internal_weight=72.8483 58.5602 58.2364 57.9048 57.1831 12.3812 44.8019 12.6106 7.42378 3.74785 2.3333 11.7542 32.1913 26.1402 6.05113 24.9037 23.2273 22.0638 5.09761 16.9661 2.87156 2.47832 11.2119 10.8262
internal_count=8000 7778 7512 7499 7497 1803 5694 2487 2450 1084 420 1795 3207 2698 509 2300 2261 2004 779 1225 315 243 1260 1173
is_linear=0
shrinkage=0.03


Tree=201
num_leaves=25
num_cat=0
split_feature=14 2 2 5 2 7 7 1 0 1 1 1 5 1 16 3 8 1 7 4 5 2 2 1
split_gain=10.3993 0.377892 0.45748 1.61324 0.800417 0.660008 1.47814 0.653655 1.04058 0.616916 1.04694 1.23327 0.919475 0.886037 2.13029 1.65222 1.78556 0.984345 0.93172 2.86397 1.45856 1.18119 0.9913 1.89457
threshold=1.0000000180025095e-35 313.65000000000003 311.85000000000008 214.50000000000003 311.75000000000006 7319.5300000000007 8635.0550000000021 300.55000000000007 1.0000000180025095e-35 302.75000000000006 302.55000000000007 302.35000000000008 233.50000000000003 302.05000000000007 0.033727500000000007 1380.5000000000002 6604.0500000000011 301.95000000000005 5141.4150000000009 35.250000000000007 233.50000000000003 311.05000000000007 310.85000000000008 301.05000000000007
decision_type=2 2 2 2 2 2 2 2 2 2 2 2 2 2 2 2 2 2 2 2 2 2 2 2
left_child=1 2 4 -4 5 9 -7 -6 -9 10 11 13 -11 14 17 -15 -17 18 -1 20 -20 22 23 -21
right_child=-2 -3 3 -5 7 6 -8 8 -10 12 -12 -13 -14 15 -16 16 -18 -19 19 21 -22 -23 -24 -25
leaf_value=0.010687404211562484 0.030065991375657377 0.029531587715808764 -0.032345605674818013 0.011960230705168317 0.029124330398605451 -0.034872861166326069 0.023786431137900813 -0.032396702102068201 0.01751159339452997 -0.033747792939432544 0.023009289869783955 -0.036354270080247664 0.030275399901853933 0.027363412869576761 -0.036129655828311388 -0.034199511734278133 0.022617809926826212 -0.038450864414100422 -0.033996729861797373 0.0047672981036368774 0.019566438244226058 -0.034088327517105409 0.018643343877018204 -0.022814814527322997
leaf_weight=8.4948241911988571 13.866709180176256 0.41887424633023229 1.5038216794491739 1.4555209884420035 1.6555235024861752 1.2749509503082652 0.55488713398517564 0.52841613559576206 1.303390009976283 0.94044747118823468 2.0062262534338506 0.78731873058495594 0.25707271695137024 3.0288335803488726 1.4145617562608084 1.0700161859895163 0.93086127955757536 0.5512341203611858 3.0116212561733877 19.287599674862587 0.53950978629291046 0.75639418887294496 3.5560718369524684 2.5359878134404417
leaf_count=828 222 6 810 16 32 970 47 50 34 99 78 126 1 24 451 247 23 67 1091 2119 5 285 116 253
internal_value=0.00673206 0.00114025 0.000933224 -0.0105543 0.00155716 0.000606319 -0.0170848 0.0154621 0.00311468 0.0012647 0.00179564 0.000869728 -0.0200039 0.00151844 3.13859e-05 0.0133883 -0.00776659 0.00135201 0.00192664 -0.000580199 -0.0258591 0.00285447 0.00395548 0.00156215
internal_weight=71.7307 57.864 57.4451 2.95934 54.4857 50.9984 1.82984 3.48733 1.83181 49.1686 47.9711 45.9648 1.19752 45.1775 40.1478 5.02971 2.00088 38.7332 38.182 29.6872 3.55113 26.1361 25.3797 21.8236
internal_count=8000 7778 7772 826 6946 6830 1017 116 84 5813 5713 5635 100 5509 5215 294 270 4764 4697 3869 1096 2773 2488 2372
is_linear=0
shrinkage=0.03


Tree=202
num_leaves=25
num_cat=0
split_feature=14 5 5 5 5 5 2 2 4 2 2 7 7 5 1 5 3 16 2 2 3 6 1 8
split_gain=10.1434 0.379222 0.671783 1.4103 0.634815 0.752049 0.668684 0.575059 1.09817 0.522269 1.32978 2.64748 2.89901 1.52613 2.64715 1.88704 1.25078 1.22991 1.15666 1.56107 1.41461 1.11605 1.11542 1.56145
threshold=1.0000000180025095e-35 234.50000000000003 231.50000000000003 228.50000000000003 224.50000000000003 222.50000000000003 307.55000000000007 307.85000000000008 35.850000000000001 310.65000000000003 309.95000000000005 6199.1450000000013 5900.9550000000008 216.50000000000003 298.45000000000005 210.50000000000003 1326.5000000000002 0.040267000000000004 310.95000000000005 311.75000000000006 1554.5000000000002 11.15 300.05000000000007 9147.6000000000004
decision_type=2 2 2 2 2 2 2 2 2 2 2 2 2 2 2 2 2 2 2 2 2 2 2 2
left_child=1 2 3 4 5 6 -1 8 -8 10 13 12 -12 14 16 -16 -9 18 21 22 -21 -11 -20 -24
right_child=-2 -3 -4 -5 -6 -7 7 9 -10 17 11 -13 -14 -15 15 -17 -18 -19 19 20 -22 -23 23 -25
leaf_value=-0.035894504189994798 0.030064036746725555 -0.031171293185157049 0.017671953835544575 -0.038496832408014145 0.011982530543477738 -0.033388306989826186 0.029530706086249962 0.026786534818906107 -0.035511355952688665 0.014230387610090982 -0.033038575779585147 -0.037442162800713878 0.018964084536318628 0.01770185528085216 0.0080272125660651433 -0.035226778332809718 -0.034144428108512072 -0.040519004912980237 0.014268738227968085 0.013143941246882437 -0.032514566897460309 -0.035367292245697665 -0.033332242329265016 0.0099999616709134896
leaf_weight=0.44612272577069134 13.457748055458067 0.32550538331270118 2.1701598335057488 0.81577967526391049 4.5385229019448152 0.5907166707329442 1.3670673342130601 0.34056022183359091 0.28178236466192164 9.8297033739472717 1.4807533361417871 2.6322687302308623 2.7689951459215081 4.1344022719422346 9.7260120099308534 1.0012047078926105 2.7649072906351648 0.55000924517662397 0.95995044244045669 5.5298268795122567 0.68653194901708037 0.42601739550446005 2.8313936793420003 1.0173428307825814
leaf_count=240 222 13 10 9 18 16 76 61 171 541 468 640 141 30 1611 26 1525 130 89 527 355 54 987 40
internal_value=0.00662946 0.00111738 0.00130212 0.000652901 0.00124539 0.000258249 0.000665746 0.00100323 0.0184153 0.000388198 -0.00258609 -0.0137995 0.000844633 0.00170904 -0.003071 0.00399018 -0.0274625 0.00377371 0.00491847 -0.00182717 0.00810144 0.0121701 -0.0146622 -0.0218782
internal_weight=70.6733 57.2155 56.89 54.7199 53.9041 49.3656 48.7749 48.3287 1.64885 46.6799 24.8491 6.88202 4.24975 17.9671 13.8327 10.7272 3.10547 21.8308 21.2808 11.025 6.21636 10.2557 4.80869 3.84874
internal_count=8000 7778 7765 7755 7746 7728 7712 7472 247 7225 4502 1249 609 3253 3223 1637 1586 2723 2593 1998 882 595 1116 1027
is_linear=0
shrinkage=0.03


Tree=203
num_leaves=25
num_cat=0
split_feature=14 1 2 3 16 1 3 5 1 7 1 2 5 3 1 5 5 16 2 15 15 8 8 5
split_gain=9.89156 0.367955 0.424918 1.12895 1.15885 0.737395 1.15375 0.658153 2.32536 1.20498 1.2005 1.52899 1.73945 1.40696 1.02526 0.808528 0.786435 1.60355 1.27555 1.16721 1.62435 2.42903 1.30335 1.05868
threshold=1.0000000180025095e-35 296.85000000000008 307.85000000000008 1604.5000000000002 0.023122500000000001 297.25000000000006 1330.5000000000002 213.50000000000003 298.45000000000005 4667.3450000000003 298.65000000000003 310.55000000000007 224.50000000000003 1520.5000000000002 303.05000000000007 211.50000000000003 207.50000000000003 0.028273500000000003 311.75000000000006 1.0371500000000002 1.03685 7822.8500000000013 7581.3000000000011 206.50000000000003
decision_type=2 2 2 2 2 2 2 2 2 2 2 2 2 2 2 2 2 2 2 2 2 2 2 2
left_child=1 -1 3 4 -3 6 -4 8 -7 -10 -9 12 -12 14 -13 16 19 18 -18 20 21 22 -11 -23
right_child=-2 2 5 -5 -6 7 -8 10 9 15 11 13 -14 -15 -16 -17 17 -19 -20 -21 -22 23 -24 -25
leaf_value=-0.031034293784292739 0.03006214185279335 0.030326535526182204 0.02987832880643488 -0.037096334908793167 -0.035255699935261009 -0.034199047344709736 -0.035338522962754859 0.020788918575468801 -0.034420946896871099 -0.00099698471851500121 -0.033823041160596631 -0.032697185261250983 0.0037334276171858216 0.013312425527206318 0.0090073013517999387 -0.017856110438131758 -0.034059789765138654 0.021448244056286883 0.01333730603724516 -0.032155015039346153 0.024702417410751805 -0.038281237566771049 0.02130273094058514 0.0046048363691325259
leaf_weight=0.31899359307135355 13.060822471976278 1.8347894979960981 0.31460247025824983 0.34192035130399734 0.27942137366335362 1.8241277097695263 1.090000395040988 3.8078722521895569 0.85759155098276352 12.790421589186751 1.9754639496095467 1.1704496222082519 2.5331070655956864 8.8390623403247428 0.97037656791508187 1.8011659618932743 1.0225425929529586 4.7078905187081546 1.0215332112275062 0.96513770268575072 2.4194448605267089 2.0542206951213298 2.8922963968361719 0.69275860115885723
leaf_count=258 222 24 6 71 177 1365 194 24 364 3666 45 34 18 37 10 28 30 23 10 727 159 419 84 5
internal_value=0.00653179 0.00109482 0.00127717 0.0134796 0.021659 0.000719576 -0.0207313 0.00129517 -0.00127524 0.000648134 0.00569756 0.00198731 -0.0127222 0.00802735 -0.0137937 0.0016385 0.00286768 0.0118148 -0.0103729 9.83762e-05 0.00159143 -0.00144257 0.00311566 -0.0274658
internal_weight=69.586 56.5252 56.2062 2.45613 2.11421 53.7501 1.4046 52.3455 33.0491 31.225 19.2963 15.4885 4.50857 10.9799 2.14083 30.3674 28.5662 6.75197 2.04408 21.8143 20.8491 18.4297 15.6827 2.74698
internal_count=8000 7778 7520 272 201 7248 200 7048 6880 5515 168 144 63 81 44 5151 5123 63 40 5060 4333 4174 3750 424
is_linear=0
shrinkage=0.03


Tree=204
num_leaves=25
num_cat=0
split_feature=14 5 5 1 3 7 16 3 4 5 3 16 8 8 1 1 8 4 7 6 7 7 4 4
split_gain=9.64517 0.367248 0.638924 0.367426 0.369498 0.557918 0.517147 1.32873 0.665836 1.25674 0.576351 0.91786 1.79698 0.72289 0.677438 0.762813 1.49821 0.608229 0.620157 1.95615 0.915203 1.04424 0.98779 2.35848
threshold=1.0000000180025095e-35 234.50000000000003 233.50000000000003 304.35000000000008 2267.5000000000005 4096.0950000000012 0.012719500000000002 1737.5000000000002 22.850000000000005 231.50000000000003 1684.5000000000002 0.020393000000000005 4233.3000000000011 4198.5000000000009 299.15000000000003 300.05000000000007 6604.0500000000011 31.050000000000004 5632.4300000000012 11.350000000000003 5647.6900000000014 5715.3000000000011 36.150000000000013 37.45000000000001
decision_type=2 2 2 2 2 2 2 2 2 2 2 2 2 2 2 2 2 2 2 2 2 2 2 2
left_child=1 2 3 4 5 -1 8 10 9 -7 11 12 13 -8 -12 -16 -17 -13 19 -19 -20 -22 -23 -24
right_child=-2 -3 -4 -5 -6 6 7 -9 -10 -11 14 17 -14 -15 15 16 -18 18 20 -21 21 22 23 -25
leaf_value=-0.033928325107177429 0.030060301759336317 -0.031142619197985305 0.030388942363631297 0.029453947766063183 0.024354048450922487 -0.034573279982346994 -0.030216464909259746 -0.03419693175281318 0.027421147424457455 0.030550437063494567 -0.031145714500964927 0.030669009646058495 -0.03429188601032758 0.030699025032043806 0.027964929990660206 -0.033366895253493331 0.026855802816107967 -0.033841052455865453 0.030668661804312717 0.0228576805527319 -0.039827917610927861 0.014462360341321485 -0.035716966847184499 0.0012657724813468171
leaf_weight=0.4219521678678565 12.675580948591231 0.31665370403788884 0.66941376030444999 0.40266035811509837 0.58748582441330555 0.56564894455004766 0.22994043785365592 0.99958195035287545 1.4297214456310028 0.50460207462310791 0.30145957560307524 0.60856801271438499 1.8331101441654025 0.73825828136614291 1.9790790660481437 0.6790969870999104 0.82158108783187345 1.5870231069638969 0.93600568866895528 0.83619087087936339 0.56526609865249966 4.498088191903661 1.6292217073278141 32.720664032472996
leaf_count=99 222 13 2 5 35 196 441 426 57 1 151 1 263 6 39 179 3 350 20 35 153 393 335 4575
internal_value=0.00643456 0.0010736 0.00125726 0.000901885 0.000690829 0.000432839 0.000704031 5.05387e-05 0.0140258 -0.00386874 0.000735701 -0.000186267 -0.0168296 0.016232 0.0119963 0.0157338 -0.00039658 0.00088847 0.000464751 -0.0142757 0.00135001 0.000653731 0.00124277 -0.000488326
internal_weight=68.5369 55.8613 55.5446 54.8752 54.4725 53.8851 53.4631 50.9631 2.49997 1.07025 49.9636 46.1823 2.80131 0.968199 3.78122 3.47976 1.50068 43.381 42.7725 2.42321 40.3492 39.4132 38.848 34.3499
internal_count=8000 7778 7765 7763 7758 7723 7624 7370 254 197 6944 6572 710 447 372 221 182 5862 5861 385 5476 5456 5303 4910
is_linear=0
shrinkage=0.03


Tree=205
num_leaves=25
num_cat=0
split_feature=14 6 15 6 16 15 5 16 8 3 3 6 15 2 7 3 4 1 6 16 5 7 3 3
split_gain=9.4101 0.359513 0.553565 1.61792 1.1749 0.802847 0.561872 0.51632 0.452258 0.467307 1.10856 0.87262 0.807056 2.66519 2.15548 1.11794 2.36382 0.787198 0.728073 0.787432 1.481 1.35161 1.53153 1.75007
threshold=1.0000000180025095e-35 7.7500000000000009 1.0270500000000002 8.5500000000000025 0.028273500000000003 1.0284500000000001 214.50000000000003 0.035356500000000006 10326.900000000003 1345.5000000000002 1356.5000000000002 8.6500000000000004 1.0303500000000001 310.65000000000003 5860.5750000000007 1566.5000000000002 47.650000000000013 297.15000000000003 9.1500000000000004 0.032748500000000007 77.500000000000014 6297.9800000000005 1442.5000000000002 1438.5000000000002
decision_type=2 2 2 2 2 2 2 2 2 2 2 2 2 2 2 2 2 2 2 2 2 2 2 2
left_child=1 -1 4 -4 -3 6 7 -5 9 11 -11 -7 13 -12 -15 16 -16 -13 -14 21 -21 -20 23 -23
right_child=-2 2 3 5 -6 8 -8 -9 -10 10 12 17 18 14 15 -17 -18 -19 19 20 -22 22 -24 -25
leaf_value=-0.033445959077627638 0.030058516385556035 -0.033002674334610918 -0.032983799794047156 -0.0096178907739190213 0.021490636065483518 0.03045678052915695 0.030750864977782056 0.022562066353143544 -0.030707314361360576 -0.040565499976801575 -0.038217200035445195 0.029523863446974771 0.030310282764424115 -0.036740817711535471 -0.033926891535689341 0.030456668523328925 0.020122870427342641 -0.030527506330556516 0.0025594533206432638 -0.031332273055631035 0.017554931766098077 -0.031107171228883495 -0.032376658660555911 0.02213297638766723
leaf_weight=0.2705675489778504 12.301681101322172 0.41413516224929425 1.2668871649293567 0.98057372403127308 2.5404605982039357 1.2481768131256097 1.3383998274803159 0.82735316641628742 0.41774522762352617 0.59821779418780252 1.9866060617641768 0.30692764066043299 0.82279613707214494 1.0576008817879481 1.1604768137622161 1.6624238958611384 1.9551360623227081 0.54587549696589122 25.666946364588515 0.62792145286220957 4.9874852904176805 0.89388280809725928 2.3066563285283337 1.4686332388810113
leaf_count=35 222 131 213 38 71 3 2 6 84 132 431 28 13 243 228 48 93 385 3136 370 590 295 1174 29
internal_value=0.00632528 0.00105069 0.00122014 0.000504125 0.0138525 0.00133829 0.0160164 0.00510847 0.000370386 0.000644884 1.9328e-06 0.0144756 0.000546104 -0.00820432 0.00201287 0.0105909 -9.12223e-06 -0.00891475 0.0024074 0.00176881 0.0120883 -0.000141396 -0.0149883 0.00198901
internal_weight=67.6536 55.3519 55.0813 52.1267 2.9546 50.8598 3.14633 1.80793 47.7135 47.2958 45.1948 2.10098 44.5966 7.82224 5.83564 4.77804 3.11561 0.852803 36.7743 35.9515 5.61541 30.3361 4.66917 2.36252
internal_count=8000 7778 7743 7541 202 7328 46 44 7282 7198 6782 416 6650 1043 612 369 321 413 5607 5594 960 4634 1498 324
is_linear=0
shrinkage=0.03


Tree=206
num_leaves=25
num_cat=0
split_feature=14 15 5 5 5 5 5 2 15 4 6 6 1 3 5 16 3 1 15 5 5 5 8 7
split_gain=9.17538 0.358802 0.357115 0.626937 1.30338 0.563967 0.685531 0.625986 0.545353 1.26444 0.919647 0.890333 1.29723 1.02042 0.811831 1.09301 1.04187 1.12362 1.6409 1.61599 1.01075 0.788022 2.0527 1.31602
threshold=1.0000000180025095e-35 1.0384500000000003 234.50000000000003 231.50000000000003 228.50000000000003 224.50000000000003 222.50000000000003 307.55000000000007 1.0366500000000001 28.750000000000004 10.850000000000003 10.950000000000001 298.45000000000005 1326.5000000000002 220.50000000000003 0.017873000000000003 1615.5000000000002 298.05000000000007 1.0338500000000004 215.50000000000003 216.50000000000003 207.50000000000003 7822.8500000000013 6189.1500000000005
decision_type=2 2 2 2 2 2 2 2 2 2 2 2 2 2 2 2 2 2 2 2 2 2 2 2
left_child=1 2 3 4 5 6 7 -1 9 -9 14 -10 13 -13 15 -11 17 20 19 21 -17 22 -19 -23
right_child=-2 -3 -4 -5 -6 -7 -8 8 11 10 -12 12 -14 -15 -16 16 -18 18 -20 -21 -22 23 -24 -25
leaf_value=-0.035626205930682338 0.03005678092098988 -0.031584716619958646 -0.031109734954533889 0.017654541538219989 -0.037980398318509939 0.011655847199156811 -0.033194439941816083 -0.031911002701932284 0.02837845257014909 0.020614786135949064 -0.03352940791162267 0.02888873430806407 0.0089023335626815855 -0.032353020607906832 -0.034387322747650294 -0.030964806464370238 -0.032301991255719753 0.0031151586674294063 -0.035030551513347469 -0.03399198789097381 0.030740215666331498 -0.0082947861167433426 -0.026738902173030109 0.01575420552697469
leaf_weight=0.42150560444497287 11.938789643347262 0.30190509430030843 0.30594646488316257 2.0529420562088481 0.77034219214692612 4.3592925127595654 0.54116966214496542 1.1287160622723593 1.5176243207533833 2.5334954486388588 0.70600068641942826 0.30135233095643155 7.2788103188140667 1.3063292226106566 0.57142699882388015 0.27596401681876814 0.86723921134034654 12.735575644037462 1.1876673100414326 1.1360886404290784 1.7796182185411451 2.8409739127382618 2.475772974685241 7.3362627746537328
leaf_count=240 222 266 13 9 8 18 15 734 75 142 185 27 977 660 13 287 497 2601 524 25 3 32 379 48
internal_value=0.00622777 0.00102991 0.00121081 0.00139351 0.000752405 0.00133402 0.000375473 0.000767 0.00110063 -0.000666271 0.000357545 0.00714219 0.00351549 -0.0208735 0.00106662 0.00167742 0.000111316 0.00105562 -0.000531783 0.00101293 0.0224563 0.00257933 -0.00174384 0.00904093
internal_weight=66.6708 54.732 54.4301 54.1242 52.0712 51.3009 46.9416 46.4004 45.9789 35.5748 34.4461 10.4041 8.88649 1.60768 33.7401 33.1687 30.6352 29.7679 27.7123 26.5247 2.05558 25.3886 15.2113 10.1772
internal_count=8000 7778 7512 7499 7490 7482 7464 7449 7209 5470 4736 1739 1664 687 4551 4538 4396 3899 3609 3085 290 3060 2980 80
is_linear=0
shrinkage=0.03


Tree=207
num_leaves=25
num_cat=0
split_feature=14 1 2 5 2 1 0 7 4 7 16 6 16 5 5 8 4 4 16 4 6 1 7 2
split_gain=8.94848 0.351244 0.431225 1.49961 0.756505 0.600109 0.94288 0.592907 1.36878 0.594168 0.600963 1.96496 1.4962 1.0794 1.52387 1.05374 0.954317 1.75427 1.43338 1.12429 2.14598 2.46264 2.41403 2.8439
threshold=1.0000000180025095e-35 304.35000000000008 311.85000000000008 214.50000000000003 311.75000000000006 300.55000000000007 1.0000000180025095e-35 7319.5300000000007 62.350000000000001 7297.0950000000012 0.035039000000000008 8.6500000000000004 0.034088500000000001 144.50000000000003 40.500000000000007 948.05000000000007 44.150000000000013 41.350000000000001 0.028273500000000003 31.050000000000004 10.950000000000001 298.05000000000007 5860.5750000000007 310.55000000000007
decision_type=2 2 2 2 2 2 2 2 2 2 2 2 2 2 2 2 2 2 2 2 2 2 2 2
left_child=1 2 4 -4 7 -6 -7 9 -9 10 12 -12 13 14 15 -1 17 18 19 -15 21 -21 -23 -24
right_child=-2 -3 3 -5 5 6 -8 8 -10 -11 11 -13 -14 16 -16 -17 -18 -19 -20 20 -22 22 23 -25
leaf_value=-0.031710846508322704 0.030055102256695044 0.029397294334892732 -0.032207255766380394 0.011825146269955827 0.029026513232802476 -0.032052168168536954 0.017125260012520207 -0.034568069770112592 0.023704887060919388 0.02651349239511152 0.029261935315365462 -0.030864422865204182 -0.038712114751907167 0.0079497603012179292 -0.030864031190071202 0.015865326085303746 0.013085647647735166 -0.032291642822542897 0.026484272844309802 0.017902847912526346 -0.03343970138938341 -0.035277456688245119 -0.021592061402971083 0.013368167919652526
leaf_weight=0.55638125314362641 11.586583212018011 0.38941488007549097 1.4245431544331943 1.361316113034263 1.537994511687429 0.48825191090872966 1.2471965662116415 1.1930958235679998 0.52128481994441234 0.81454232070973276 1.9973280180711293 0.64784552937635442 0.88898045540190551 10.079333472243897 2.2303276180336979 1.6966696503732235 6.1573429831805688 1.4304419052496076 1.9646226018303412 4.4964549732612822 2.0535231387839294 2.3685198783277874 3.5706532764452259 5.0643300346127944
leaf_count=719 222 5 811 16 32 50 34 980 37 27 8 284 129 435 2533 340 235 227 20 96 211 269 185 95
internal_value=0.00612551 0.00100812 0.000802594 -0.0106907 0.00143035 0.0153819 0.00328966 0.000473555 -0.0168492 0.00111892 0.000661314 0.014536 -0.000201071 0.000620545 -0.0132851 0.00411659 0.00229713 0.000156195 0.0017244 -3.59672e-05 -0.00462143 -0.000803419 -0.00844752 -0.00108824
internal_weight=65.767 54.1804 53.791 2.78586 51.0051 3.27344 1.73545 47.7317 1.71438 46.0173 45.2028 2.64517 42.5576 41.6686 4.48338 2.25305 37.1852 31.0279 29.5974 27.6328 17.5535 15.5 11.0035 8.63498
internal_count=8000 7778 7773 827 6946 116 84 6830 1017 5813 5786 292 5494 5365 3592 1059 1773 1538 1311 1291 856 645 549 280
is_linear=0
shrinkage=0.03


Tree=208
num_leaves=25
num_cat=0
split_feature=14 3 7 4 7 4 3 5 5 3 16 8 5 3 5 2 7 1 1 3 15 4 15 3
split_gain=8.719 0.342845 0.546266 0.454258 1.00923 1.02569 1.14996 0.548302 1.51496 0.624028 0.9197 1.68316 0.717974 1.29222 0.675536 0.662215 2.0704 1.4513 3.05117 1.48915 1.054 0.982102 0.898471 0.8972
threshold=1.0000000180025095e-35 2267.5000000000005 4096.0950000000012 19.250000000000004 4552.505000000001 23.650000000000002 1737.5000000000002 232.50000000000003 228.50000000000003 1684.5000000000002 0.020393000000000005 4233.3000000000011 215.50000000000003 1686.5000000000002 144.50000000000003 308.55000000000007 6260.9550000000008 300.25000000000006 298.85000000000008 1456.5000000000002 1.0375500000000002 46.350000000000001 1.0367500000000003 1341.5000000000002
decision_type=2 2 2 2 2 2 2 2 2 2 2 2 2 2 2 2 2 2 2 2 2 2 2 2
left_child=1 2 -1 -4 -5 -6 7 8 9 10 11 14 13 -11 -7 16 22 18 19 21 -19 -17 -12 -24
right_child=-2 -3 3 4 5 6 -8 -9 -10 12 15 -13 -14 -15 -16 17 -18 20 -20 -21 -22 -23 23 -25
leaf_value=-0.033850513608163754 0.030053469938034681 0.024254972832955621 0.030043472680875236 -0.034481067764478825 0.026756992756802333 -0.030210509760965648 -0.033515457687020501 0.019825387119558203 -0.037066672286394306 0.025874992487747939 0.019361090630572148 -0.034034435111548113 0.025115378949130671 -0.031326333176222257 0.030647228396559558 0.022809264382818197 -0.031883219747155557 0.0013783928122938834 -0.033220519643747976 -0.031289939023505235 0.026880081140090609 -0.031559904598026642 0.030303049876529979 -0.034994106221040849
leaf_weight=0.40768658391061663 11.244749195873736 0.56406028600758773 0.48058290320113783 0.72194059203684346 1.3794078583196085 0.21480196255288264 0.87707765601589827 1.3740365575067688 0.9418635512702157 0.71162158517108698 5.9349206880506236 1.7398915305129774 2.0257867909967899 0.71013992020016303 0.69624498730991036 2.5286562495239195 0.9586179897560213 24.345616229315059 3.3359841426863568 0.7424792138954216 1.5515863969303598 0.33911630940565363 0.28237035870552052 0.57509994388237828
leaf_count=99 222 35 18 239 43 442 399 16 11 23 302 263 5 331 2 175 736 2557 1062 548 111 268 1 92
internal_value=0.00604239 0.00098998 0.000741796 0.00101059 0.000742198 0.00123823 0.000532602 0.00114194 0.000603008 0.00136286 0.000383634 -0.0167365 0.0136461 -0.00269586 0.0162985 0.00150163 0.00938901 -0.000359778 -0.0125364 0.00657632 0.00290628 0.0163801 0.0152138 -0.0134913
internal_weight=64.6843 53.4396 52.8755 52.4678 51.9873 51.2653 49.8859 49.0088 47.6348 46.6929 43.2454 2.65094 3.44755 1.42176 0.911047 40.5944 7.75101 32.8434 6.94624 3.61025 25.8972 2.86777 6.79239 0.85747
internal_count=8000 7778 7743 7644 7626 7387 7344 6945 6929 6918 6559 707 359 354 444 5852 1131 4721 2053 991 2668 443 395 93
is_linear=0
shrinkage=0.03


Tree=209
num_leaves=25
num_cat=0
split_feature=14 2 2 5 2 1 5 1 1 1 5 1 1 1 1 7 4 5 3 3 8 2 1 1
split_gain=8.49863 0.340858 0.405686 1.45501 0.706901 0.570145 0.911296 0.566787 0.897241 1.08756 0.792263 0.642104 1.21752 0.742673 1.67364 1.00587 2.21591 1.27584 1.21876 1.26449 2.39322 2.12045 1.23451 2.83708
threshold=1.0000000180025095e-35 313.65000000000003 311.85000000000008 214.50000000000003 311.75000000000006 300.55000000000007 121.50000000000001 302.75000000000006 302.55000000000007 302.35000000000008 233.50000000000003 302.25000000000006 302.15000000000003 302.05000000000007 301.95000000000005 5141.4150000000009 35.250000000000007 233.50000000000003 1566.5000000000002 1494.5000000000002 7634.0000000000009 308.45000000000005 298.85000000000008 300.25000000000006
decision_type=2 2 2 2 2 2 2 2 2 2 2 2 2 2 2 2 2 2 2 2 2 2 2 2
left_child=1 2 4 -4 7 -6 -7 8 9 11 -9 12 13 14 15 -1 17 -17 19 22 21 -21 -18 -24
right_child=-2 -3 3 -5 5 6 -8 10 -10 -11 -12 -13 -14 -15 -16 16 18 -19 -20 20 -22 -23 23 -25
leaf_value=0.010323079976061345 0.03005188760497125 0.029351543683801159 -0.032144775980938657 0.011662088378729387 0.028844811182179662 0.016942173443669013 -0.031984111441822997 -0.033388092854160271 0.021543105126994481 -0.035261615638047208 0.030234819011645216 0.016361718986296757 -0.03795326238899558 0.018895133137905789 -0.040460335124062094 -0.033774666356594922 0.01369827739861461 0.019167246380908901 0.016367417329070134 0.028663751134331662 -0.035495128381982273 -0.03259436792254506 -0.033274397776777542 0.0037253575681497216
leaf_weight=7.6855778410936173 10.912982426583765 0.37813609320437436 1.3806626919322291 1.3491998293902723 1.4620486696949222 1.2297859088284893 0.47494597268814676 0.88729839818733924 1.8306725149377587 0.76877880205029114 0.21978321671485901 2.2437185640264934 0.75155126859317434 1.8994718192807329 0.91269973707858199 2.6663067982772222 5.5417677641526195 0.48404851835221041 3.9409265455033156 1.4488540165111765 2.5197899215163488 0.7836158583377254 2.3124442788321167 9.642888349007988
leaf_count=828 222 6 810 16 32 44 40 113 86 140 1 126 129 71 85 1091 1213 5 337 177 113 698 716 901
internal_value=0.00595075 0.000970814 0.000766153 -0.0104938 0.00138454 0.0150996 0.00331109 0.000451314 0.000968112 0.000104259 -0.0207574 0.000739006 -0.000124582 0.000589057 -0.000327466 0.000661813 -0.00186889 -0.0256402 0.000990495 -0.00173315 -0.0154563 0.00716163 0.00199408 -0.00343127
internal_weight=63.728 52.815 52.4368 2.72986 49.707 3.16678 1.70473 46.5402 45.4331 43.6024 1.10708 42.8337 40.5899 39.8384 37.9389 37.0262 29.3406 3.15036 26.1903 22.2494 4.75226 2.23247 17.4971 11.9553
internal_count=8000 7778 7772 826 6946 116 84 6830 6716 6630 114 6490 6364 6235 6164 6079 5251 1096 4155 3818 988 875 2830 1617
is_linear=0
shrinkage=0.03


Tree=210
num_leaves=25
num_cat=0
split_feature=14 5 5 2 2 2 4 4 16 3 1 2 6 1 5 8 7 7 6 4 2 2 7 7
split_gain=8.2828 0.342742 0.576785 0.335504 0.863357 0.342532 1.2238 1.54302 1.03424 1.08979 1.23268 1.89114 1.29465 1.78575 1.59912 1.36969 1.70499 1.23884 1.08711 1.2487 0.739356 2.72807 2.36427 2.10459
threshold=1.0000000180025095e-35 234.50000000000003 233.50000000000003 313.15000000000003 312.05000000000007 310.65000000000003 46.750000000000007 62.350000000000001 0.040267000000000004 1380.5000000000002 300.65000000000003 310.85000000000008 9.3500000000000032 301.95000000000005 231.50000000000003 7885.6500000000005 5440.5250000000005 6667.0850000000009 8.6500000000000004 53.850000000000001 309.95000000000005 310.45000000000005 6260.9550000000008 5900.9550000000008
decision_type=2 2 2 2 2 2 2 2 2 2 2 2 2 2 2 2 2 2 2 2 2 2 2 2
left_child=1 2 3 4 5 6 20 -8 9 18 -11 -12 13 -13 -14 16 -15 -18 -7 -20 -1 -22 23 -23
right_child=-2 -3 -4 -5 -6 8 7 -9 -10 10 11 12 14 15 -16 -17 17 -19 19 -21 21 22 -24 -25
leaf_value=0.0037859407744185742 0.030050351811437687 -0.031079499634916199 0.03035141647436073 0.019015861198181799 -0.031274669191159898 0.030400523114908252 -0.033177676509807602 0.026844627562583372 -0.040354452797570349 0.013537133267940163 -0.033176312949681298 0.025749201129233845 -0.032523266815232668 -0.036566316590534366 0.03049851345893851 -0.034533162042162988 0.021265205575389516 -0.032826621707372369 -0.031964722983912161 0.029933409937685077 -0.035377336558244148 -0.033037470912608079 -0.04106782502080697 0.024831914578875985
leaf_weight=18.945927704986396 10.590988487005232 0.2989328030962487 0.60113571584224601 0.89350406894663947 0.759425502121302 2.572805434465415 1.9738094712920422 0.47901513956458064 0.46624561394855746 5.3436788913022637 1.6930542650552514 2.8491605577146384 1.727319545374485 0.75059496448739116 0.45856016874313343 1.0466362551815107 2.7295269070418731 0.44289282660611196 0.65650236377405213 0.53022646985482424 2.1885770131921154 0.68468160020165703 0.82567681756336231 3.2521730483349529
leaf_count=2839 222 13 2 112 552 7 1178 26 92 486 316 75 482 125 1 37 209 111 136 4 631 165 116 63
internal_value=0.00586195 0.000951486 0.00113608 0.000793533 0.000470332 0.000956213 -0.0012027 -0.0214558 0.00383412 0.00482459 0.00159933 -0.00385401 0.00110809 0.00681417 -0.0193024 -0.00404151 0.00409348 0.0137136 0.0194442 -0.00430884 0.000715561 -0.00765306 0.00508738 0.0147675
internal_weight=62.7611 52.1701 51.8711 51.27 50.3765 49.6171 28.3499 2.45282 21.2672 20.801 17.0414 11.6977 10.0047 7.81881 2.18588 4.96965 3.92301 3.17242 3.75953 1.18673 25.897 6.95111 4.76253 3.93685
internal_count=8000 7778 7765 7763 7651 7099 5018 1204 2081 1989 1842 1356 1040 557 483 482 445 320 147 140 3814 975 344 228
is_linear=0
shrinkage=0.03


Tree=211
num_leaves=25
num_cat=0
split_feature=14 6 15 6 16 6 16 16 4 16 3 4 5 16 7 16 4 1 1 4 2 2 5 5
split_gain=8.06893 0.333776 0.490107 1.47425 1.0421 0.707264 1.01091 0.975406 1.51431 1.46155 1.3634 0.900846 0.8943 1.04013 0.978341 0.894893 0.729594 0.719104 1.55081 1.11498 0.937852 1.8004 1.31402 1.12994
threshold=1.0000000180025095e-35 7.7500000000000009 1.0270500000000002 8.5500000000000025 0.028273500000000003 8.6500000000000004 0.033864000000000005 0.033450000000000008 46.45000000000001 0.032748500000000007 1428.5000000000002 53.850000000000001 212.50000000000003 0.035356500000000006 6758.5500000000011 0.033982000000000005 54.050000000000004 301.95000000000005 302.55000000000007 35.150000000000013 310.55000000000007 309.95000000000005 204.50000000000003 233.50000000000003
decision_type=2 2 2 2 2 2 2 2 2 2 2 2 2 2 2 2 2 2 2 2 2 2 2 2
left_child=1 -1 4 -4 -3 12 7 8 9 10 -7 -8 13 14 15 -5 -13 20 -19 -20 21 -12 -22 -23
right_child=-2 2 3 5 -6 6 11 -9 -10 -11 17 16 -14 -15 -16 -17 -18 18 19 -21 22 23 -24 -25
leaf_value=-0.033283107321709735 0.030048860611038446 -0.032685671180249037 -0.032833569426566012 -0.033110746400962357 0.021026841743619969 -0.031645415018455469 -0.031213672941418209 0.016744125482549284 -0.038489344954055711 0.02806401780460183 0.0015973796997574314 0.028126348155631076 0.029536638104107286 0.01748469994911309 -0.038731176112527271 0.023560392817163194 -0.030130732674002885 -0.036554125107620211 0.022505526873795947 -0.031731989910094897 -0.030392247371921238 -0.035122348616966163 0.011711125893756127 0.015034956756229081
leaf_weight=0.25529210066815622 10.278479576110838 0.37782952512679857 1.1714748020694958 0.37290352065610821 2.3288399864541134 1.2381798152600811 1.6816935106835438 3.2663314667588557 0.91452617067989095 1.6628403611102829 15.524227092912051 0.53100212653953338 1.6741723045706747 2.2271549627184868 0.77293196917162266 0.76573751866817474 0.30437931254709838 1.4049496259030996 1.1503507822781101 0.48491807503887674 0.7145802844534036 2.0893861722033757 10.047127046156673 0.50119608268141735
leaf_count=35 222 131 213 63 71 413 980 120 285 54 2495 21 4 13 15 3 459 304 202 203 1054 570 65 5
internal_value=0.00578146 0.000934546 0.00110514 0.000411794 0.013529 0.00123468 -0.000137592 0.00105172 -0.000382742 0.000618169 -0.000758341 -0.0185643 0.0110354 0.00355146 -0.012682 0.00500067 0.00689982 0.000439895 -0.0134381 0.00642208 0.00190102 -0.00226613 0.00891545 -0.0254185
internal_weight=61.7405 51.462 51.2067 48.5001 2.70667 47.3286 41.5157 38.9986 35.7323 34.8178 33.1549 2.51707 5.8129 4.13873 1.91157 1.13864 0.835381 31.9167 3.04022 1.63527 28.8765 18.1148 10.7617 2.59058
internal_count=8000 7778 7743 7541 202 7328 7230 5770 5650 5365 5311 1460 98 94 81 66 480 4898 709 405 4189 3070 1119 575
is_linear=0
shrinkage=0.03


Tree=212
num_leaves=25
num_cat=0
split_feature=14 5 5 3 7 16 3 16 5 3 16 8 8 1 1 8 4 0 4 2 1 16 4 3
split_gain=7.86406 0.33228 0.551252 0.332707 0.511286 0.447482 1.22146 0.607188 1.09747 0.476544 0.805392 1.58709 0.642308 0.608628 0.70326 1.26803 0.563502 0.515642 1.22786 3.07875 1.55611 1.3554 1.25691 2.39715
threshold=1.0000000180025095e-35 234.50000000000003 233.50000000000003 2267.5000000000005 4096.0950000000012 0.012719500000000002 1737.5000000000002 0.012072000000000001 231.50000000000003 1684.5000000000002 0.020393000000000005 4233.3000000000011 4198.5000000000009 299.15000000000003 300.05000000000007 6604.0500000000011 31.050000000000004 1.5000000000000002 37.45000000000001 311.75000000000006 297.35000000000008 0.021935500000000004 39.050000000000004 1475.5000000000002
decision_type=2 2 2 2 2 2 2 2 2 2 2 2 2 2 2 2 2 2 2 2 2 2 2 2
left_child=1 2 3 4 -1 7 9 8 -6 10 11 12 -7 -11 -15 -16 -12 18 19 20 21 -18 -20 -24
right_child=-2 -3 -4 -5 5 6 -8 -9 -10 13 16 -13 -14 14 15 -17 17 -19 22 -21 -22 -23 23 -25
leaf_value=-0.033686974867178907 0.03004741382062007 -0.031051228349281607 0.030335633346391239 0.024093572910790027 -0.033991652814336609 -0.030196814403663404 -0.033907179835150049 0.027151635917640977 0.030477910899966647 -0.031022976912558526 0.030625059385439489 -0.03369593290888595 0.030610373308123759 0.027669554268304839 -0.032936067906101686 0.026311340926114115 0.025486094795443587 0.009357585096759536 0.012970339777839611 0.022151505506470409 -0.034720720736215557 -0.034962206440231867 0.0017633796548832128 -0.032130982313497244
leaf_weight=0.39044150192239513 9.9751778170466405 0.2909739906899621 0.57385125756263633 0.54417807531717599 0.51645360372458471 0.2042789088118292 0.92895719965963408 1.3022803310486777 0.44020187854766846 0.27578948433074346 0.57022207975387473 1.6553793387283802 0.66623899560363498 1.7952016260387611 0.60810236061661249 0.69861873082118109 0.87553093640235491 5.2324140860036996 7.0604496464220601 1.7386664015612039 3.5816269580245716 0.53959010446851607 18.287404622580656 2.0928613427277005
leaf_count=99 222 13 2 35 191 442 426 62 1 151 1 263 6 39 179 3 25 593 457 117 928 74 2691 980
internal_value=0.00569164 0.000915656 0.00109956 0.000764047 0.00050737 0.000779447 0.00015012 0.0138208 -0.00432619 0.000839661 -2.22108e-05 -0.0164513 0.0163411 0.0116853 0.0154825 -0.00126033 0.0010158 0.000587364 -0.00075537 -0.0122329 -0.0241974 0.00243697 0.00206184 -0.00171725
internal_weight=60.8449 50.8697 50.5787 50.0049 49.4607 49.0703 46.8113 2.25894 0.956655 45.8824 42.5047 2.5259 0.870518 3.37771 3.10192 1.30672 39.9788 39.4085 34.1761 6.73541 4.99675 1.41512 27.4407 20.3803
internal_count=8000 7778 7765 7763 7728 7629 7375 254 192 6949 6577 711 448 372 221 182 5866 5865 5272 1144 1027 99 4128 3671
is_linear=0
shrinkage=0.03


Tree=213
num_leaves=25
num_cat=0
split_feature=14 5 5 5 5 5 2 8 8 7 7 7 4 16 16 5 2 5 7 2 2 5 5 8
split_gain=7.66416 0.321741 0.536262 1.11277 0.544366 0.606594 0.568637 0.479372 1.77529 1.05334 0.81814 0.939132 0.784687 1.34775 0.766064 1.32841 1.02655 0.689504 1.30988 1.19046 0.65882 1.33297 1.13805 1.84226
threshold=1.0000000180025095e-35 234.50000000000003 231.50000000000003 228.50000000000003 224.50000000000003 222.50000000000003 307.55000000000007 6251.7000000000007 5188.7500000000009 7319.5300000000007 7253.2650000000003 7120.1350000000011 47.650000000000013 0.031589500000000013 0.03139150000000001 144.50000000000003 310.75000000000006 130.50000000000003 6830.4850000000015 313.15000000000003 308.55000000000007 216.50000000000003 216.50000000000003 7634.0000000000009
decision_type=2 2 2 2 2 2 2 2 2 2 2 2 2 2 2 2 2 2 2 2 2 2 2 2
left_child=1 2 3 4 5 6 -1 8 9 10 11 12 13 14 15 -8 -17 -9 20 -20 22 -22 23 -19
right_child=-2 -3 -4 -5 -6 -7 7 17 -10 -11 -12 -13 -14 -15 -16 16 -18 18 19 -21 21 -23 -24 -25
leaf_value=-0.035329590945102657 0.030046010780185952 -0.031019663564842766 0.016929924535914857 -0.036962315376153042 0.011599394386137631 -0.032811019293002321 -0.030084313944856601 0.023332856573139681 -0.032069309731167582 -0.037429898433750261 0.026585965603088891 -0.032775654187099101 0.021429024623095861 -0.031460793328826453 0.02818740144780724 0.013516048762062794 -0.033201444468464111 0.018168214564847612 -0.031321159091762064 0.028192923274338033 0.0040669224372618992 -0.018647329752669514 0.028065966053363804 -0.024827690152422283
leaf_weight=0.39650630821415589 9.6808119490742666 0.28265741118229826 1.8495609322562803 0.70434342138469119 4.010749743320047 0.49980550981126626 1.0884251513980343 1.4103425371067739 1.7595778964423505 0.62638274979326602 1.1421998704681762 0.73857034540196842 1.600309011802892 1.1555838872700404 0.98044056016078673 3.2996774677230865 0.48561389564747504 2.3684364284199613 1.7353095803300669 0.36635737837059412 17.208011124530461 2.6885135765187433 2.4580932548269629 1.4435367467012836
leaf_count=240 222 13 10 9 18 16 3300 93 862 515 63 150 115 264 34 244 150 105 767 11 690 43 6 60
internal_value=0.00560187 0.000897216 0.00107759 0.000468872 0.00102435 4.82366e-05 0.0004306 0.000763793 -0.00407012 0.000361463 0.0026179 -0.000310483 0.00247438 -0.00185292 0.00399153 -0.000875924 0.00752268 0.0028611 0.00183974 -0.0209468 0.00366992 0.000997664 0.0121497 0.00188631
internal_weight=59.9798 50.299 50.0163 48.1668 47.4624 43.4517 42.9519 42.5554 12.8768 11.1172 10.4908 9.34862 8.61005 7.00974 5.85416 4.87372 3.78529 29.6786 28.2683 2.10167 26.1666 19.8965 6.27007 3.81197
internal_count=8000 7778 7765 7755 7746 7728 7712 7472 5697 4835 4320 4257 4107 3992 3728 3694 394 1775 1682 778 904 733 171 165
is_linear=0
shrinkage=0.03


Tree=214
num_leaves=25
num_cat=0
split_feature=14 1 2 3 16 1 3 5 1 7 1 2 5 3 1 5 5 16 15 15 8 8 8 5
split_gain=7.46892 0.316387 0.347382 0.963751 1.04565 0.619367 0.983748 0.569654 2.02587 1.02655 0.97566 1.26301 1.46552 1.19262 0.812205 0.707732 0.661615 1.40183 1.00092 1.37517 2.00579 1.17712 0.985185 0.94262
threshold=1.0000000180025095e-35 296.85000000000008 307.85000000000008 1604.5000000000002 0.023122500000000001 297.25000000000006 1330.5000000000002 213.50000000000003 298.45000000000005 4667.3450000000003 298.65000000000003 310.55000000000007 224.50000000000003 1520.5000000000002 302.85000000000008 211.50000000000003 207.50000000000003 0.028273500000000003 1.0371500000000002 1.03685 7822.8500000000013 7581.3000000000011 7505.6500000000005 206.50000000000003
decision_type=2 2 2 2 2 2 2 2 2 2 2 2 2 2 2 2 2 2 2 2 2 2 2 2
left_child=1 -1 3 4 -3 6 -4 8 -7 -10 -9 12 -12 14 -13 16 18 22 19 20 21 -11 -18 -22
right_child=-2 2 5 -5 -6 7 -8 10 9 15 11 13 -14 -15 -16 -17 17 -19 -20 -21 23 -23 -24 -25
leaf_value=-0.030974882705444098 0.030044650288263013 0.03018463894736223 0.029801036560657947 -0.036367881022385883 -0.035045978966760448 -0.033957051386085985 -0.034683613707702898 0.020122652255189829 -0.033886417803017529 -0.0012749078903707657 -0.033363489841021582 -0.0323018441262738 0.0035946321363312535 0.013038797474863698 0.0076910402333985901 -0.01781374260726401 0.010838156033613426 0.020857127468522134 -0.032021348107935103 0.024307193064060734 -0.037467325396166366 0.021013340950121313 -0.033887336189616521 0.0047956298415682925
leaf_weight=0.27905510694472369 9.3951198086142522 1.5828101434672128 0.2733404999016773 0.30674611290669407 0.25709347460360721 1.6280621613113933 0.96321715068916092 3.2983324404340264 0.76091862248177022 11.336357894742848 1.7007241726387285 0.99121142993680933 2.2341368063353002 7.6633050419623032 0.84804396238178015 1.6141145075671364 0.9098302318016056 4.1964065958745778 0.84129520930582558 2.0980531166351275 1.8208723449133679 2.626745282279443 0.86434103758074343 0.64257393591105927
leaf_count=258 222 24 6 71 177 1365 194 24 364 3666 45 33 18 37 11 28 23 23 727 159 419 84 17 5
internal_value=0.00551297 0.000879084 0.00105881 0.0128623 0.0210698 0.000523261 -0.0204293 0.00108558 -0.00143377 0.000476986 0.00550227 0.00191357 -0.0123794 0.00783206 -0.0138619 0.0014472 0.00267426 0.0114052 -1.75263e-05 0.00143593 -0.00148527 0.00291797 -0.0109512 -0.0264433
internal_weight=59.1327 49.7376 49.4585 2.14665 1.8399 47.3119 1.23656 46.0753 29.3396 27.7115 16.7358 13.4374 3.93486 9.50256 1.83926 26.9506 25.3365 5.97058 19.3659 18.5246 16.4265 13.9631 1.77417 2.46345
internal_count=8000 7778 7520 272 201 7248 200 7048 6880 5515 168 144 63 81 44 5151 5123 63 5060 4333 4174 3750 40 424
is_linear=0
shrinkage=0.03


Tree=215
num_leaves=25
num_cat=0
split_feature=14 5 5 1 3 7 16 3 4 5 3 16 8 8 1 1 8 4 7 6 7 7 4 4
split_gain=7.27758 0.311808 0.52515 0.313248 0.314535 0.481618 0.44238 1.12071 0.560888 1.02378 0.48946 0.728723 1.52783 0.600645 0.576113 0.651177 1.22237 0.532702 0.524003 1.63061 0.774296 0.875488 0.78242 1.97514
threshold=1.0000000180025095e-35 234.50000000000003 233.50000000000003 304.35000000000008 2267.5000000000005 4096.0950000000012 0.012719500000000002 1737.5000000000002 22.850000000000005 231.50000000000003 1684.5000000000002 0.020393000000000005 4233.3000000000011 4198.5000000000009 299.15000000000003 300.05000000000007 6604.0500000000011 31.050000000000004 5632.4300000000012 11.350000000000003 5647.6900000000014 5715.3000000000011 36.150000000000013 37.45000000000001
decision_type=2 2 2 2 2 2 2 2 2 2 2 2 2 2 2 2 2 2 2 2 2 2 2 2
left_child=1 2 3 4 5 -1 8 10 9 -7 11 12 13 -8 -12 -16 -17 -13 19 -19 -20 -22 -23 -24
right_child=-2 -3 -4 -5 -6 6 7 -9 -10 -11 14 17 -14 -15 15 16 -18 18 20 -21 21 22 23 -25
leaf_value=-0.033547889676358952 0.030043325107192587 -0.030994968445220934 0.030318880411339042 0.029187926895045228 0.023768586829657792 -0.03368444857093289 -0.030182837619478497 -0.033723606016267907 0.026942072199810655 0.030449879019622761 -0.030974194940548695 0.03057759663119378 -0.033584906212428794 0.030575135651978294 0.027487135041792916 -0.032838834905351257 0.026312071457228099 -0.033406032729280409 0.03047676335381384 0.022735183594313601 -0.038561493321625812 0.013658051106266812 -0.034840194446506705 0.0010976267324597101
leaf_weight=0.37640212161022546 9.1178475022315961 0.27497760858386655 0.54521553218364616 0.34515854495111753 0.51746326979627966 0.48654815619011005 0.18991906488008625 0.87543110038677596 1.2393993836485604 0.41514471173286438 0.26114534151201896 0.52855676412582298 1.5851808409788644 0.63962112597801024 1.7240514405566503 0.58134895222610772 0.6848230937612243 1.3747861049123451 0.78973621515979076 0.70407901815997309 0.51049112056716595 3.9068494180537519 1.4445520339941165 29.163540462239325
leaf_count=99 222 13 2 5 35 196 441 426 57 1 151 1 263 6 39 179 3 350 20 35 153 393 335 4575
internal_value=0.00542685 0.000861569 0.00104074 0.000710553 0.000505773 0.000252251 0.000522337 -0.000112072 0.0138453 -0.00415663 0.000555324 -0.000336586 -0.0163224 0.0166649 0.0117577 0.0154897 -0.000846416 0.000668062 0.000250875 -0.0143919 0.0011008 0.000438449 0.00101527 -0.000598462
internal_weight=58.2823 49.1644 48.8894 48.3442 47.9991 47.4816 47.1052 44.9641 2.14109 0.901693 44.0887 40.8373 2.41472 0.82954 3.25137 2.99022 1.26617 38.4226 37.894 2.07887 35.8152 35.0254 34.5149 30.6081
internal_count=8000 7778 7765 7763 7758 7723 7624 7370 254 197 6944 6572 710 447 372 221 182 5862 5861 385 5476 5456 5303 4910
is_linear=0
shrinkage=0.03


Tree=216
num_leaves=25
num_cat=0
split_feature=14 15 6 15 6 16 15 3 2 2 2 1 4 7 15 7 5 5 5 1 1 2 1 5
split_gain=7.09433 0.311691 0.312544 0.443105 1.39903 0.969805 0.657812 0.403654 0.372656 1.42294 0.527954 0.722304 1.03865 0.549051 1.64174 1.3502 1.19724 0.918384 1.26435 1.24577 1.41624 1.80405 1.75532 1.36981
threshold=1.0000000180025095e-35 1.0384500000000003 7.7500000000000009 1.0270500000000002 8.5500000000000025 0.028273500000000003 1.0284500000000001 1440.5000000000002 311.85000000000008 313.15000000000003 311.75000000000006 300.55000000000007 53.850000000000001 5141.4150000000009 1.0308500000000003 5632.4300000000012 233.50000000000003 228.50000000000003 219.50000000000003 302.15000000000003 301.65000000000003 310.65000000000003 301.05000000000007 210.50000000000003
decision_type=2 2 2 2 2 2 2 2 2 2 2 2 2 2 2 2 2 2 2 2 2 2 2 2
left_child=1 2 -1 5 -5 -4 -6 -7 10 -10 13 -12 -13 14 -8 16 -15 18 19 20 22 -22 23 -17
right_child=-2 -3 3 4 6 7 8 -9 9 -11 11 12 -14 15 -16 17 -18 -19 -20 -21 21 -23 -24 -25
leaf_value=-0.033094045085040914 0.030042043521704073 -0.031406043327669268 -0.032564010760022556 -0.032739117217241376 0.015611696213824843 0.0022762135466242337 -0.033709911907616422 0.029527195434007957 -0.032122393451764188 0.018494144958753247 0.029675426790774718 -0.031975054621844357 0.027274408248657497 -0.033096316938784884 0.012354101204900703 0.0029744174781672233 0.025705215444802219 -0.037025781663826633 0.01592572959553484 -0.036282395433590749 -0.040391120252006973 0.01889545650478355 -0.036177049860967952 -0.019285087727303214
leaf_weight=0.24048697201578662 8.8487460985779745 0.26824986432256892 0.35785218362798277 1.1114185198857729 2.7274656578883869 0.72579795471392605 0.77829420485795608 1.5007024466030996 1.2545832132291246 0.83091167674137967 1.311096168807125 0.55539065085758899 0.51154028429300524 1.9402164464590925 6.6133992577124445 11.957007988472485 0.37126674968749274 0.58334198128431936 4.3060766635462633 0.90553844517125881 0.5114643290580706 4.7697990879023564 1.4533937555606815 3.1419328634510739
leaf_count=35 222 266 131 213 46 39 173 32 648 112 27 55 4 819 673 3569 3 11 33 194 47 183 397 68
internal_value=0.00533042 0.000842848 0.00102137 0.00119151 0.000507131 0.0132762 0.00133706 0.0206439 0.000405524 -0.0119555 0.00105471 0.0147604 -0.00356789 0.000181657 0.00750388 -0.00162608 -0.0236517 0.00021665 0.00101994 -0.00180275 -0.000372724 0.0131538 -0.00468857 -0.00165755
internal_weight=57.576 48.7272 48.459 48.2185 45.6341 2.58435 44.5227 2.2265 41.7953 2.08549 39.7098 2.37803 1.06693 37.3317 7.39169 29.94 2.31148 27.6286 27.0452 22.7391 21.8336 5.28126 16.5523 15.0989
internal_count=8000 7778 7512 7477 7275 202 7062 71 7016 760 6256 86 59 6170 846 5324 822 4502 4491 4458 4264 230 4034 3637
is_linear=0
shrinkage=0.03


Tree=217
num_leaves=25
num_cat=0
split_feature=14 15 1 15 2 1 3 16 1 5 1 2 1 1 1 1 2 2 4 3 5 3 1 16
split_gain=6.91205 0.301753 0.302289 0.405765 0.328319 1.16049 0.902675 1.01021 0.470927 1.33149 0.588761 0.407055 0.605616 1.05414 0.622077 1.3077 0.725638 0.95305 0.6096 0.847682 1.10304 0.576648 2.54243 1.1517
threshold=1.0000000180025095e-35 1.0384500000000003 296.85000000000008 1.0383500000000001 307.85000000000008 297.25000000000006 1604.5000000000002 0.023122500000000001 297.45000000000005 216.50000000000003 297.95000000000005 308.35000000000008 298.05000000000007 298.45000000000005 298.85000000000008 299.25000000000006 308.45000000000005 309.15000000000003 46.350000000000001 1456.5000000000002 217.50000000000003 1660.5000000000002 300.25000000000006 0.021038000000000005
decision_type=2 2 2 2 2 2 2 2 2 2 2 2 2 2 2 2 2 2 2 2 2 2 2 2
left_child=1 2 -1 4 6 -6 7 -4 9 -7 -10 -12 -13 -14 18 -16 -17 -18 19 -15 -21 22 -19 -24
right_child=-2 -3 3 -5 5 8 -8 -9 10 -11 11 12 13 14 15 16 17 21 -20 20 -22 -23 23 -25
leaf_value=-0.030928191118483602 0.030040799978505041 -0.031365623397372373 0.030122500498634987 0.022844179807764035 -0.034550321171909926 -0.032681569963026312 -0.036135397677476803 -0.034917156515443325 -0.033344479980817347 0.028492029026417901 -0.031944474998313398 0.02669657328132562 -0.037340021711520392 0.027707597189225452 -0.03116192562782823 0.030549096856516831 -0.034480590748551421 -0.033322477547281348 -0.031765704047180071 -0.031887899431954358 0.030483001507934728 0.0091370175003633904 -0.033451126205835978 0.0028687825796487225
leaf_weight=0.26538972947309858 8.5875765904784185 0.26065229494815767 1.4951878082356409 0.76549452677136187 0.8442654423051853 0.40650937897589656 0.29293391383544065 0.25101172266295169 0.46307677809090719 1.5086122713983057 0.34157836594385926 0.80557890376803598 0.6543760742424628 2.1265451278013643 1.1803644756364509 0.72947691462468256 0.69425531948945618 2.0125414117937934 0.25057886352442427 0.59876547788007861 0.44474181532859802 6.3985211067611081 0.8117172700585823 24.575002834670158
leaf_count=257 222 266 24 56 163 257 71 177 383 3 255 64 319 57 486 4 206 633 111 282 1 812 328 2563
internal_value=0.00524542 0.00082565 0.00100076 0.00117859 0.000824857 0.000289544 0.0125979 0.0207732 0.000958012 0.0155071 0.000295973 0.00067023 0.00094009 0.000427479 0.00104809 -0.00010131 0.000939612 0.000313396 0.0132798 0.0168405 -0.00530548 0.00102812 -0.000865548 0.00170749
internal_weight=56.7648 48.1772 47.9165 47.6511 46.8856 44.8465 2.03913 1.7462 44.0022 1.91512 42.0871 41.624 41.2825 40.4769 39.8225 36.4019 35.2215 34.492 3.42063 3.17005 1.04351 33.7978 27.3993 25.3867
internal_count=8000 7778 7512 7255 7199 6927 272 201 6764 260 6504 6121 5866 5802 5483 5032 4546 4542 451 340 283 4336 3524 2891
is_linear=0
shrinkage=0.03


Tree=218
num_leaves=25
num_cat=0
split_feature=14 6 15 6 16 6 16 16 4 16 3 5 3 5 4 4 1 1 4 2 2 5 5 5
split_gain=6.73569 0.299472 0.433804 1.33809 0.935062 0.655645 0.936993 0.900943 1.38792 1.35772 1.26506 0.827469 0.960672 1.10331 0.818465 0.676588 0.648118 1.39138 1.02455 0.858915 1.60586 1.1747 0.9756 0.898032
threshold=1.0000000180025095e-35 7.7500000000000009 1.0270500000000002 8.5500000000000025 0.028273500000000003 8.6500000000000004 0.033864000000000005 0.033450000000000008 46.45000000000001 0.032748500000000007 1428.5000000000002 212.50000000000003 1345.5000000000002 167.50000000000003 53.850000000000001 54.050000000000004 301.95000000000005 302.55000000000007 35.150000000000013 310.55000000000007 309.95000000000005 204.50000000000003 233.50000000000003 226.50000000000003
decision_type=2 2 2 2 2 2 2 2 2 2 2 2 2 2 2 2 2 2 2 2 2 2 2 2
left_child=1 -1 4 -4 -3 11 7 8 9 10 -7 12 -5 -14 -8 -16 19 -18 -19 20 23 -21 -22 -12
right_child=-2 2 3 5 -6 6 14 -9 -10 -11 16 -13 13 -15 15 -17 17 18 -20 21 22 -23 -24 -25
leaf_value=-0.03300542073061899 0.03003959378562138 -0.032511635833711153 -0.032663353739466883 0.026840092335237913 0.020353150985420114 -0.031588350414552623 -0.031129048972475024 0.016353544744097059 -0.03806441077642396 0.02787668940179432 0.0029245902313546216 0.029434047707178387 0.0052750172113285561 -0.03770196812641579 0.0278391431025512 -0.030132723415733635 -0.036052433783266877 0.022480407198181545 -0.031608804784171059 -0.030382324095928257 -0.034675385986401047 0.011412469412416327 0.014655838781744387 -0.035093269335917401
leaf_weight=0.23457258277994597 8.334104932844637 0.34933239957899731 1.081998559177008 1.1288816928863519 2.1821960474189837 1.1640956313785888 1.5679916220324224 3.1106680579541708 0.86370607730350357 1.5486893615452562 13.631407705339377 1.5441944040358064 2.0543265379019435 0.7281670704614952 0.49210497461172042 0.28677909949692548 1.3061011409045016 1.0524748982570598 0.44990682272691618 0.64721065972298575 1.9127203850803192 9.3328597045037878 0.44468579627573479 0.58311025076545853
leaf_count=35 222 131 213 6 71 413 980 120 285 54 2481 4 64 24 21 459 304 202 203 1054 570 65 5 14
internal_value=0.00515592 0.000808094 0.000975205 0.000294435 0.0130582 0.00110767 -0.000275122 0.000920686 -0.00053684 0.000473746 -0.000916565 0.0108393 0.00349815 -0.00597188 -0.0186425 0.00649435 0.000299522 -0.0134055 0.00628272 0.00174914 -0.0024381 0.00870206 -0.0253699 0.00136502
internal_weight=56.0323 47.6982 47.4636 44.9321 2.53153 43.8501 38.3945 36.0476 32.937 32.0733 30.5246 5.45557 3.91138 2.78249 2.34688 0.778884 29.3605 2.80848 1.50238 26.552 16.5719 9.98007 2.35741 14.2145
internal_count=8000 7778 7743 7541 202 7328 7230 5770 5650 5365 5311 98 94 88 1460 480 4898 709 405 4189 3070 1119 575 2495
is_linear=0
shrinkage=0.03


Tree=219
num_leaves=25
num_cat=0
split_feature=14 15 5 5 5 5 5 2 8 8 7 7 7 7 8 5 5 7 5 5 7 2 7 7
split_gain=6.56162 0.292928 0.2929 0.481483 0.961674 0.476168 0.549159 0.505639 0.445883 1.62394 0.98884 0.768701 0.90503 0.733854 1.02382 0.769304 1.19149 0.714568 1.31305 0.622711 1.20332 1.09591 0.577552 2.18499
threshold=1.0000000180025095e-35 1.0384500000000003 234.50000000000003 231.50000000000003 228.50000000000003 224.50000000000003 222.50000000000003 307.55000000000007 6251.7000000000007 5188.7500000000009 7319.5300000000007 7253.2650000000003 7120.1350000000011 7083.5950000000003 1778.5500000000004 41.500000000000007 100.50000000000001 4667.3450000000003 217.50000000000003 130.50000000000003 6830.4850000000015 313.15000000000003 6677.9800000000005 6403.5300000000007
decision_type=2 2 2 2 2 2 2 2 2 2 2 2 2 2 2 2 2 2 2 2 2 2 2 2
left_child=1 2 3 4 5 6 7 -1 9 10 11 12 13 14 -9 -16 -17 18 -18 -10 22 -22 23 -21
right_child=-2 -3 -4 -5 -6 -7 -8 8 19 -11 -12 -13 -14 -15 15 16 17 -19 -20 20 21 -23 -24 -25
leaf_value=-0.034826767926221677 0.030038420697175883 -0.03134877895707279 -0.030941772420867222 0.016829456231260788 -0.036143910754129864 0.01128857526162148 -0.032676105188996725 -0.031277925449462847 0.022893636878218181 -0.031884702838967945 -0.037212179641193117 0.026475147456282839 -0.032771136007284714 0.026447794388490337 0.0298106320931362 -0.030547340107342606 -0.033461609489859434 0.014114785698887909 0.030467130959129316 0.0044424379039526944 -0.031232038140223444 0.027928739894568757 0.013865455282182285 -0.032728708968896063
leaf_weight=0.36138695786939834 8.0881061777472478 0.25384103790201962 0.25751011399552126 1.6966790491715062 0.63376869959756632 3.7590084681287399 0.45416363910771806 0.87382175723904953 1.3363086168246834 1.6258924636349537 0.59458532327698854 1.0825779524966499 0.71076672374329142 1.0106878105143549 0.85609440287225869 0.98812157120119071 0.88036146837475804 2.9791410035541048 0.43057769536972046 18.704440019177138 1.6011341270605033 0.34199714846909035 4.1776944886369156 1.5404641611530667
leaf_count=240 222 266 13 9 8 18 15 1395 88 829 506 57 145 36 13 1277 229 1014 1 541 737 11 111 219
internal_value=0.00507376 0.000791418 0.000965384 0.00114155 0.000549305 0.00107414 0.000127261 0.000498821 0.000820107 -0.00400184 0.000354426 0.00263084 -0.000326153 0.00254969 -0.000896819 0.00343093 -0.000847712 0.00599292 -0.0124642 0.00291456 0.00190195 -0.0208196 0.00370974 0.00161403
internal_weight=55.2391 47.151 46.8972 46.6397 44.943 44.3092 40.5502 40.0961 39.7347 12.0326 10.4067 9.81215 8.72957 8.01881 7.00812 6.1343 5.2782 4.29008 1.31094 27.702 26.3657 1.94313 24.4226 20.2449
internal_count=8000 7778 7512 7499 7490 7482 7464 7449 7209 5502 4673 4167 4110 3965 3929 2534 2521 1244 230 1707 1619 748 871 760
is_linear=0
shrinkage=0.03


Tree=220
num_leaves=25
num_cat=0
split_feature=14 1 2 5 2 2 5 2 2 7 1 1 5 2 2 3 5 1 8 5 5 3 16 16
split_gain=6.39228 0.286741 0.349227 1.24165 0.63878 0.502088 1.48874 1.0059 1.54498 1.30386 1.14641 2.17769 1.85614 1.20951 1.85378 1.30704 0.937125 0.931383 1.16543 0.906019 1.21746 1.14048 1.4045 1.57235
threshold=1.0000000180025095e-35 304.35000000000008 311.85000000000008 214.50000000000003 311.75000000000006 310.95000000000005 227.50000000000003 310.85000000000008 310.75000000000006 5440.5250000000005 302.05000000000007 301.05000000000007 232.50000000000003 310.55000000000007 309.95000000000005 1437.5000000000002 233.50000000000003 300.05000000000007 9147.6000000000004 226.50000000000003 219.50000000000003 1397.5000000000002 0.024376500000000006 0.028359000000000006
decision_type=2 2 2 2 2 2 2 2 2 2 2 2 2 2 2 2 2 2 2 2 2 2 2 2
left_child=1 2 4 -4 5 7 17 8 10 -9 11 13 -13 14 19 -15 -16 -7 -19 20 21 -1 -23 -24
right_child=-2 -3 3 -5 -6 6 -8 9 -10 -11 -12 12 -14 15 16 -17 -18 18 -20 -21 -22 22 23 -25
leaf_value=0.017368764859941346 0.030037285067987723 0.029047875783895918 -0.031861008052687038 0.011596398368027007 0.01523061056459922 0.013244596862225662 0.019307724455702554 -0.035732759052661787 -0.03621624477761777 0.020521095771318394 0.020196063229021972 -0.036362910351164263 0.030481948786843096 -0.03223260747693963 -0.034164219570132354 0.021178069911234547 0.014467723033288343 -0.033233544472558531 0.0055637365213218421 -0.034813650456952901 0.022044799520619513 0.0045933333333090217 -0.035848727718097821 -0.0012265026322598879
leaf_weight=2.7606327485191526 7.8493586853146544 0.32061360822990437 1.2119286000306595 1.1562513809185473 2.7324013643119534 0.77635364082379865 1.3691322617232797 0.40980505305196757 1.0415858377091343 3.898610158394149 2.5490363593962675 2.3724812572800142 0.44380435347557057 0.45782727826735836 2.0222737352451072 4.1520886868274829 0.4329622471705078 2.6407943421345412 0.94661736155831011 0.57494967174716194 2.6796029908582559 6.8962869602437404 2.1190750583300542 2.6655182893118763
leaf_count=639 222 5 811 16 116 91 6 51 212 142 160 514 1 60 659 126 5 1037 48 15 18 1467 634 945
internal_value=0.00499067 0.000774555 0.000578813 -0.0106432 0.0011836 0.000252214 -0.0079853 0.00158337 -0.000294781 0.0151704 0.000947157 -0.000832053 -0.0258292 0.00201106 -0.00116022 0.0158737 -0.0255883 -0.0165485 -0.022996 0.00222906 0.003473 2.70274e-05 -0.00407148 -0.0165605
internal_weight=54.48 46.6306 46.31 2.36818 43.9418 41.2094 5.7329 35.4765 31.1681 4.30842 30.1265 27.5775 2.81629 24.7612 20.1513 4.60992 2.45524 4.36377 3.58741 17.6961 17.1211 14.4415 11.6809 4.78459
internal_count=8000 7778 7773 827 6946 6830 1182 5648 5455 193 5243 5083 515 4568 4382 186 664 1176 1085 3718 3703 3685 3046 1579
is_linear=0
shrinkage=0.03


Tree=221
num_leaves=25
num_cat=0
split_feature=14 15 5 7 16 7 8 5 3 3 15 7 6 16 4 16 8 16 2 15 16 8 8 6
split_gain=6.224 0.286935 0.291352 0.752133 1.83445 1.3567 0.729236 0.624924 0.606346 1.06153 1.05517 0.967382 1.22141 1.07177 1.36177 1.10966 0.77857 0.768677 0.998453 1.02932 0.693239 0.626046 1.47131 0.758023
threshold=1.0000000180025095e-35 1.0384500000000003 207.50000000000003 6189.1500000000005 0.023607000000000003 5647.6900000000014 9694.8000000000011 215.50000000000003 1386.5000000000002 1403.5000000000002 1.0371500000000002 5909.9600000000009 9.2500000000000018 0.03139150000000001 37.550000000000004 0.024302000000000004 4198.5000000000009 0.031589500000000013 310.65000000000003 1.0297500000000002 0.032978000000000007 6283.0500000000002 2042.45 8.6500000000000004
decision_type=2 2 2 2 2 2 2 2 2 2 2 2 2 2 2 2 2 2 2 2 2 2 2 2
left_child=1 2 6 4 -4 -6 8 -5 21 -10 11 12 -11 14 15 -13 -14 -15 -19 -20 -21 22 23 -1
right_child=-2 -3 3 7 5 -7 -8 -9 9 10 -12 13 16 17 -16 -17 -18 18 19 20 -22 -23 -24 -25
leaf_value=0.028282220360296276 0.030036181641022577 -0.03134457858669247 0.0045831546352726165 0.014032896162920647 0.0061385865334964438 -0.034134101131168548 -0.039330133062127653 -0.00072914629476589557 -0.038522510867477135 -0.030988385139589771 -0.032131052221421874 -0.032243553673294567 -0.030069770861854306 0.027853980720151807 -0.033129286297465144 0.030406457276064194 0.017867244540252247 -0.030960749393130722 -0.032980678359122918 -0.031278686881948313 0.021150704820063083 0.01697604954307555 -0.035304329679692444 -0.030885590726081651
leaf_weight=0.97350822482258725 7.6176507398486129 0.24919618808416899 10.596385087235833 7.3330504117475339 1.1271832771599286 2.2668886794708669 0.45389313789200869 3.9826680661644787 0.75662683320479018 0.59041514621821622 0.9777078466977408 0.39912540043224021 0.32664617766931758 0.89312801627238503 2.2140117521958018 0.70190959030151134 4.5863439179011039 0.88134577636810751 0.49791886092862148 0.25782127076672656 1.8970272795850176 2.962574978282646 0.83315509682142863 0.24364632068318315
leaf_count=6 222 266 114 75 6 41 125 68 308 706 998 307 1043 34 1615 17 470 432 69 62 103 327 395 191
internal_value=0.00491894 0.00075969 0.000934548 0.00308644 -0.00156493 -0.0207594 -0.00172876 0.00883726 -0.000875106 -0.00389736 -0.00205544 0.000164534 0.0097807 -0.00667087 -0.0195699 0.00769582 0.0146801 0.00298775 -0.00329635 0.00589477 0.0148777 0.00815631 -0.00458768 0.0164382
internal_weight=53.6198 46.0022 45.753 25.3062 13.9905 3.39407 20.4468 11.3157 19.9929 14.98 14.2234 13.2457 5.50341 7.74229 3.31505 1.10103 4.91299 4.42724 3.53411 2.65277 2.15485 5.01288 2.05031 1.21715
internal_count=8000 7778 7512 304 161 47 7208 143 7083 6164 5856 4858 2219 2639 1939 324 1513 700 666 234 165 919 592 197
is_linear=0
shrinkage=0.03


Tree=222
num_leaves=25
num_cat=0
split_feature=14 5 5 3 7 16 16 16 5 7 3 3 16 8 0 16 4 3 5 3 16 2 4 1
split_gain=6.06215 0.280164 0.470999 0.278808 0.436822 0.364232 1.04662 0.525996 0.938238 0.435302 0.568414 0.82846 0.852695 1.45925 0.69971 0.555529 1.27119 0.683988 1.36196 0.949971 0.600448 1.03641 0.737418 1.61971
threshold=1.0000000180025095e-35 234.50000000000003 233.50000000000003 2267.5000000000005 4096.0950000000012 0.012719500000000002 0.015445500000000003 0.012072000000000001 231.50000000000003 4925.3900000000003 1711.5000000000002 1684.5000000000002 0.021038000000000005 4233.3000000000011 1.0000000180025095e-35 0.021391000000000004 34.95000000000001 1566.5000000000002 213.50000000000003 1550.5000000000002 0.023213500000000001 308.25000000000006 37.45000000000001 303.35000000000008
decision_type=2 2 2 2 2 2 2 2 2 2 2 2 2 2 2 2 2 2 2 2 2 2 2 2
left_child=1 2 3 4 -1 7 -7 8 -6 -8 11 12 13 -11 -13 -14 -17 19 -19 20 -18 -22 23 -23
right_child=-2 -3 -4 -5 5 6 9 -9 -10 10 -12 14 15 -15 -16 16 17 18 -20 -21 21 22 -24 -25
leaf_value=-0.033199708843529914 0.030035110870072997 -0.030923916610013095 0.030284006280914908 0.023684713808952085 -0.033517669744994955 -0.03402380639485067 0.019730041735016315 0.026600987763107938 0.030405412747235072 0.017230348917001009 -0.031452751099159633 -0.030913049298439396 0.019555170818338234 -0.033053844126091546 0.025143236715883203 -0.035968752945777588 0.024320534614663211 -0.031461976451073542 0.02066940190038145 -0.034864448274518511 -0.033746457233550547 -0.033621482019210946 0.001875285296397705 0.030157869847187282
leaf_weight=0.3464073863797229 7.3927747607231131 0.25005147280171414 0.48629546165466209 0.46594662610004789 0.46001360686386661 0.79683417935120715 1.052969714244681 1.1289570425706186 0.3752063512802124 0.75026303428967311 0.50451439521566399 0.22479874919008525 1.3611743317269418 1.6880610486332441 1.8469451344681145 0.86139591473693045 0.90469290226611221 0.5268102612899378 3.135627621319145 0.70980925454568833 0.8196688205680428 1.4195074965064147 24.878924870976334 0.47938008018536482
leaf_count=99 222 13 2 35 191 352 113 62 1 512 213 118 94 320 73 243 32 468 11 217 543 270 3782 14
internal_value=0.0048397 0.000743673 0.000918768 0.000599572 0.000356609 0.000621242 3.02019e-05 0.0132478 -0.00480147 0.000689395 0.000189559 0.000592618 -0.000426721 -0.0175816 0.0190607 0.000765095 6.95181e-06 0.000949609 0.0131708 -0.00058261 0.000271134 -0.000517246 0.0004999 -0.0175202
internal_weight=52.867 45.4743 45.2242 44.7379 44.272 43.9256 41.9614 1.96418 0.83522 41.1645 40.1116 39.6071 37.5353 2.43832 2.07174 35.097 33.7358 32.8744 3.66244 29.212 28.5022 27.5975 26.7778 1.89889
internal_count=8000 7778 7765 7763 7728 7629 7375 254 192 7023 6910 6697 6506 832 191 5674 5580 5337 479 4858 4641 4609 4066 284
is_linear=0
shrinkage=0.03


Tree=223
num_leaves=25
num_cat=0
split_feature=14 6 15 6 16 6 16 16 4 16 3 5 3 4 4 1 1 4 2 2 5 5 5 5
split_gain=5.90571 0.275197 0.391471 1.2318 0.865913 0.602366 0.885595 0.818482 1.27337 1.24936 1.17987 0.766835 1.45188 0.745124 0.626967 0.602789 1.25642 0.934048 0.771692 1.47299 1.06371 0.878233 0.831886 1.82077
threshold=1.0000000180025095e-35 7.7500000000000009 1.0270500000000002 8.5500000000000025 0.028273500000000003 8.6500000000000004 0.033864000000000005 0.033450000000000008 46.45000000000001 0.032748500000000007 1428.5000000000002 212.50000000000003 1382.5000000000002 53.850000000000001 54.050000000000004 301.95000000000005 302.55000000000007 35.150000000000013 310.55000000000007 309.95000000000005 204.50000000000003 233.50000000000003 216.50000000000003 209.50000000000003
decision_type=2 2 2 2 2 2 2 2 2 2 2 2 2 2 2 2 2 2 2 2 2 2 2 2
left_child=1 -1 4 -4 -3 11 7 8 9 10 -7 12 -5 -8 -15 18 -17 -18 19 22 -20 -21 23 -12
right_child=-2 2 3 5 -6 6 13 -9 -10 -11 15 -13 -14 14 -16 16 17 -19 20 21 -22 -23 -24 -25
leaf_value=-0.032788321730682211 0.030034069464775347 -0.032447472092745608 -0.032523963754711331 0.013293714446808037 0.019949666228705611 -0.031501973506841863 -0.031089763470053502 0.01609556520888393 -0.037713582453720841 0.027725988627460164 0.0020820042588177512 0.02933651255007156 -0.032845072176553608 0.027561942198842556 -0.030127518632132477 -0.035558486297341964 0.022149877441941922 -0.031476949179237081 -0.030363804561719745 -0.034383279470818713 0.011084001554690094 0.01401592847386047 0.011425583274420508 -0.033906250436841069
leaf_weight=0.21941349112603248 7.1745297834277144 0.32931929155165507 1.0089923893810908 2.8643132429569955 2.0562725006020628 1.0927801567595548 1.4686264906522404 2.9035615037428206 0.80856753156694949 1.4379638216560113 7.3477005493514351 1.4286910686641929 0.78123551177122852 0.45518798907869484 0.27018843579571694 1.2269624606906284 0.97530550878946065 0.41741856927183107 0.5946775383217745 1.7751506149506888 8.8587261402280983 0.41661482956260432 4.7638529951800583 1.5284444831195285
leaf_count=35 222 131 213 17 71 413 980 120 285 54 2405 4 77 21 459 304 202 203 1054 570 65 5 43 47
internal_value=0.00475522 0.000727592 0.000891702 0.000226783 0.0127165 0.00102467 -0.000327247 0.000859816 -0.000556062 0.000431083 -0.000922444 0.0107071 0.00340624 -0.0188028 0.00607375 0.000275079 -0.0134234 0.00607718 0.00169432 -0.00235554 0.00847668 -0.0251835 0.0013126 -0.00411506
internal_weight=52.2045 45.03 44.8106 42.425 2.38559 41.416 36.3417 34.1477 31.2442 30.4356 28.9976 5.07424 3.64555 2.194 0.725376 27.9049 2.61969 1.39272 25.2852 15.8318 9.4534 2.19177 13.64 8.87615
internal_count=8000 7778 7743 7541 202 7328 7230 5770 5650 5365 5311 98 94 1460 480 4898 709 405 4189 3070 1119 575 2495 2452
is_linear=0
shrinkage=0.03


Tree=224
num_leaves=25
num_cat=0
split_feature=14 5 5 15 8 8 8 5 5 7 3 4 16 16 16 16 3 1 3 15 3 16 3 3
split_gain=5.75061 0.272343 0.45051 0.269798 0.267186 0.414979 0.791499 0.429275 0.444519 0.495305 1.13735 0.537981 0.856682 0.738285 0.57949 0.734135 1.57173 0.760713 1.11498 1.07171 0.706339 0.713948 1.35059 0.689099
threshold=1.0000000180025095e-35 234.50000000000003 233.50000000000003 1.0384500000000003 10624.100000000002 10129.500000000002 9826.3000000000011 228.50000000000003 224.50000000000003 4667.3450000000003 2267.5000000000005 23.350000000000005 0.017048000000000004 0.017188500000000002 0.017445500000000006 0.017873000000000003 1615.5000000000002 297.45000000000005 1568.5000000000002 1.0367500000000003 1566.5000000000002 0.021391000000000004 1542.5000000000002 1330.5000000000002
decision_type=2 2 2 2 2 2 2 2 2 2 2 2 2 2 2 2 2 2 2 2 2 2 2 2
left_child=1 2 3 4 5 6 7 8 9 10 -1 -11 -13 -14 -15 -16 17 19 20 -17 21 -19 -23 -21
right_child=-2 -3 -4 -5 -6 -7 -8 -9 -10 11 -12 12 13 14 15 16 -18 18 -20 23 -22 22 -24 -25
leaf_value=-0.033393223303622578 0.030033064088530084 -0.030901710301237315 0.030271554051427778 -0.031279145838919026 -0.030579370523840684 0.016983739228336958 -0.032738649103799665 -0.016466664670590037 0.011675677595816418 0.030369052316493828 0.023461209993008731 -0.031157684205304171 0.024537037199275361 -0.03276287201865296 0.023434342000326864 0.028795066936235944 -0.032559181799538761 0.023347296846720367 -0.032325961941770662 0.029384970411630199 0.029683390129497281 0.00072358422981796966 -0.033838107187593808 -0.031404277344755586
leaf_weight=1.0571991425276781 6.9627206325530997 0.24389476235955854 0.46464425325393577 0.23800245184611313 0.24363458704465202 1.4014535856731516 0.63922547504262084 1.2421823386102904 3.4863833263516417 0.55955950327915971 0.45208679196366564 0.74259866475585923 1.1988857062533487 0.46286113945097795 1.2661168492923014 1.9179094162791508 1.2695413036271919 1.1538545820331005 0.92704706612494092 0.24216565031019843 0.75839926182379613 22.897617248057944 1.0649266743712349 0.54674886784778209
leaf_count=432 222 13 2 266 58 52 50 12 15 5 35 518 32 59 94 232 690 53 599 17 40 3843 355 306
internal_value=0.00468135 0.000712627 0.000886944 0.000574998 0.00074916 0.000925489 0.000388191 0.000901586 0.0014409 0.000463767 -0.0163632 0.00118922 0.000715241 0.00141745 0.000564787 0.00104619 0.000125208 0.00153138 6.27204e-07 0.0166882 0.00115883 0.00029752 -0.000812382 -0.0127444
internal_weight=51.4397 44.4769 44.233 43.7684 43.5304 43.2868 41.8853 41.2461 40.0039 36.5175 1.50929 35.0082 34.4487 33.7061 32.5072 32.0443 30.7782 29.5087 26.8018 2.70682 25.8748 25.1164 23.9625 0.788915
internal_count=8000 7778 7765 7763 7497 7439 7387 7337 7325 7310 467 6843 6838 6320 6288 6229 6135 5445 4890 555 4291 4251 4198 323
is_linear=0
shrinkage=0.03


Tree=225
num_leaves=25
num_cat=0
split_feature=14 5 5 1 5 7 16 3 3 3 7 4 7 2 15 7 8 6 8 6 4 0 3 1
split_gain=5.60162 0.263787 0.437538 0.263725 0.276419 0.747335 1.56339 1.62614 0.695858 1.2926 1.2726 0.926193 1.37878 0.695523 0.659926 1.00007 0.654809 0.665441 0.630045 0.855928 1.21459 0.616778 0.52152 1.01201
threshold=1.0000000180025095e-35 234.50000000000003 233.50000000000003 304.35000000000008 207.50000000000003 6189.1500000000005 0.023607000000000003 1438.5000000000002 1475.5000000000002 1566.5000000000002 6208.3650000000007 41.45000000000001 6677.9800000000005 310.95000000000005 1.0270500000000002 7696.4300000000012 9694.8000000000011 8.5500000000000025 7677.1000000000013 11.15 31.050000000000004 1.0000000180025095e-35 1386.5000000000002 298.75000000000006
decision_type=2 2 2 2 2 2 2 2 2 2 2 2 2 2 2 2 2 2 2 2 2 2 2 2
left_child=1 2 3 4 13 6 18 -8 11 10 -10 -7 -13 16 -15 -16 17 -1 19 20 21 -6 -19 -24
right_child=-2 -3 -4 -5 5 8 7 -9 9 -11 -12 12 -14 14 15 -17 -18 22 -20 -21 -22 -23 23 -25
leaf_value=-0.030997194112236615 0.030032085380856239 -0.030874750423836 0.030263468017472619 0.028937561229513836 -0.013556373906692289 0.030488989656014265 0.01129240892677013 -0.034522319969018618 0.013156398615545458 0.01766598424923841 -0.03289267500629451 -0.019291599640879252 0.017389111966174532 0.018505990713554864 -0.031064852394572722 0.013427910321161191 -0.04204486717711025 0.011882901188902961 0.016394650366813181 0.013286180162551134 -0.033525236384250923 0.012225253740831931 -0.019296607178046467 0.0033369385360948901
leaf_weight=0.56306544382460266 6.7571575082838526 0.23689013975672324 0.45103061199188133 0.29280109505634655 1.4901434490457197 2.1709680436179024 1.0111983967944973 2.2457974640419707 0.85148430243134532 1.8250371962785719 1.4770670165307818 1.3078426755964754 3.1283791303867474 0.44185437280611894 2.0356170800569093 0.58542335533638823 0.32401592524547673 3.7807488205180553 2.588168166577816 2.4992045025574043 1.2679549513850359 1.8998707298887891 2.1933804609234349 9.3877124596365302
leaf_count=259 222 13 2 5 24 4 11 37 3 11 47 26 52 68 1818 150 103 690 11 23 35 21 2010 2355
internal_value=0.00459834 0.000697371 0.000868055 0.000562338 0.000369458 0.00253593 -0.00230399 -0.0202982 0.00838404 -0.00123776 -0.0160539 0.0144328 0.00657527 -0.00229637 -0.0154097 -0.0211272 0.000175459 0.00103449 0.00370987 -0.000877183 -0.00847645 0.000892462 0.00220857 -0.000949702
internal_weight=50.8128 44.0557 43.8188 43.3677 43.0749 23.7631 13.0023 3.257 10.7608 4.15359 2.32855 6.60719 4.43622 19.3118 3.06289 2.62104 16.2489 15.9249 9.74534 7.15717 4.65797 3.39001 15.3618 11.5811
internal_count=8000 7778 7765 7763 7758 305 162 48 143 61 50 82 78 7453 2036 1968 5417 5314 114 103 80 45 5055 4365
is_linear=0
shrinkage=0.03


Tree=226
num_leaves=25
num_cat=0
split_feature=14 15 1 15 2 1 3 16 1 5 1 1 1 1 1 2 2 4 3 5 3 1 1 4
split_gain=5.45489 0.263419 0.261541 0.353974 0.317363 0.999157 0.803366 0.883204 0.408242 1.1771 0.504244 0.375511 1.15431 0.525916 1.1581 0.676627 0.847714 0.561277 0.799987 0.977224 0.488587 2.20482 1.02092 1.52914
threshold=1.0000000180025095e-35 1.0384500000000003 296.85000000000008 1.0383500000000001 307.85000000000008 297.25000000000006 1604.5000000000002 0.023122500000000001 297.45000000000005 216.50000000000003 297.95000000000005 298.05000000000007 298.45000000000005 298.85000000000008 299.25000000000006 308.45000000000005 309.15000000000003 46.350000000000001 1456.5000000000002 217.50000000000003 1660.5000000000002 300.25000000000006 299.75000000000006 28.950000000000003
decision_type=2 2 2 2 2 2 2 2 2 2 2 2 2 2 2 2 2 2 2 2 2 2 2 2
left_child=1 2 -1 4 6 -6 7 -4 9 -7 -10 -12 -13 17 -15 -16 -17 18 -14 -20 21 -18 -22 -24
right_child=-2 -3 3 -5 5 8 -8 -9 10 -11 11 12 13 14 15 16 20 -19 19 -21 22 -23 23 -25
leaf_value=-0.030843823737637468 0.03003113573058554 -0.031264573264918882 0.03005060814073874 0.022547560225635917 -0.033928601762332838 -0.032527866264231035 -0.035338074731276828 -0.034340404151824912 -0.032756922682279824 0.028100739613731513 0.020453175724419945 -0.035716488693655318 0.027359213538482419 -0.031034418502552223 0.030444254028911297 -0.034018093123524898 -0.032911222926675081 -0.031727340472828491 -0.031575656482320837 0.030417844648813471 0.02957715032726083 0.0015030357413867465 -0.020110205004303123 0.016514958933513665
leaf_weight=0.23302634955689328 6.5576576404273501 0.23105141782434557 1.3581298140343268 0.67691141745308314 0.76079478116116561 0.36679805476523952 0.26656607368204266 0.22322406724924793 0.41492272858522383 1.3450748026371 0.82988392481274686 0.79472418876321071 1.9299128218408439 1.0662241238460399 0.67598233616445469 0.64169847033190563 1.8070090080873402 0.23730688700015878 0.56125365128173133 0.38639667630195618 1.542891755911113 23.018083363942424 1.776107207071618 2.4291525484222802
leaf_count=257 222 266 24 56 163 257 71 177 383 3 94 475 60 519 5 206 633 125 300 1 29 2891 550 233
internal_value=0.00452192 0.000682845 0.000853153 0.00102449 0.000681138 0.000127514 0.0128399 0.0209612 0.000778129 0.01511 0.000134377 0.000496408 4.71737e-05 0.000835104 -0.000278522 0.000749754 0.000106698 0.0126179 0.016275 -0.00629831 0.00082294 -0.00100197 0.00870433 0.00104618
internal_weight=50.1308 43.5731 43.3421 43.109 42.4321 40.5842 1.84792 1.58135 39.8234 1.71187 38.1115 37.6966 36.8667 36.072 32.9571 31.8909 31.2149 3.11487 2.87756 0.94765 30.5732 24.8251 5.74815 4.20526
internal_count=8000 7778 7512 7255 7199 6927 272 201 6764 260 6504 6121 6027 5552 5066 4547 4542 486 361 301 4336 3524 812 783
is_linear=0
shrinkage=0.03


Tree=227
num_leaves=25
num_cat=0
split_feature=14 6 15 6 16 15 3 8 3 3 6 15 2 7 3 4 6 16 5 7 3 3 2 5
split_gain=5.31178 0.25685 0.357723 1.16145 0.790275 0.563697 0.409011 0.315767 0.360585 0.837337 0.689557 0.618269 1.97242 1.47703 0.858369 1.78099 0.589302 0.601644 1.12939 0.952886 1.17606 1.31531 0.794704 0.731077
threshold=1.0000000180025095e-35 7.7500000000000009 1.0270500000000002 8.5500000000000025 0.028273500000000003 1.0284500000000001 1440.5000000000002 10326.900000000003 1345.5000000000002 1356.5000000000002 8.6500000000000004 1.0303500000000001 310.65000000000003 5860.5750000000007 1566.5000000000002 47.650000000000013 9.1500000000000004 0.032748500000000007 77.500000000000014 6297.9800000000005 1442.5000000000002 1438.5000000000002 309.45000000000005 215.50000000000003
decision_type=2 2 2 2 2 2 2 2 2 2 2 2 2 2 2 2 2 2 2 2 2 2 2 2
left_child=1 -1 4 -4 -3 -5 -6 8 10 -10 -7 12 -11 -14 15 -15 -13 19 -19 23 21 -21 -20 -18
right_child=-2 2 3 5 6 7 -8 -9 9 11 -12 16 13 14 -16 -17 17 18 22 20 -22 -23 -24 -25
leaf_value=-0.032609628753509659 0.030030213637708334 -0.03225255269876915 -0.032426065494240507 0.015066926742669247 0.00049061781766271807 0.030349924094371476 0.029244288538859763 -0.030509662881343519 -0.038740450897655279 -0.036614331676222849 -0.0096009880875547703 0.030100801622451726 -0.03462676891856642 -0.033103633615825578 0.030209578009620888 0.019559522210001033 -0.0025862511227821355 -0.031264441107890957 -0.031470077471713452 -0.030845520758660306 -0.031838055793577361 0.021523542535151111 0.020687275837116523 0.0091375369847327137
leaf_weight=0.20772587102146545 6.3640419803559771 0.30868425230619267 0.95992701577142625 2.3985614893463199 0.67827319586649526 0.9606511890888203 1.2958986524608915 0.30159429239756619 0.50328332864955783 1.6363893294146681 0.65322811189253116 0.66017336215009237 0.81905171206562943 0.93021086739463577 1.2431444252033541 1.5261886652442624 11.973257902847772 0.49231844240057299 0.28331309862551313 0.68392222080365117 1.7997813165238765 1.1701413960217903 3.6518628673220519 7.9759708372876039
leaf_count=35 222 131 213 46 39 3 32 84 132 431 413 13 243 228 48 93 3079 370 277 295 1174 29 313 57
internal_value=0.00444569 0.00066913 0.000830247 0.00018088 0.0123856 0.000970035 0.0193653 6.26761e-05 0.000312127 -0.000320997 0.0141795 0.000233902 -0.00839375 0.00182621 0.00989663 -0.000383422 0.00208478 0.00142495 0.0115729 -0.000478625 -0.0145633 0.00220578 0.0169322 0.00210108
internal_weight=49.4776 43.1136 42.9058 40.623 2.28286 39.663 1.97417 37.2645 36.9629 35.349 1.61388 34.8457 6.15498 4.5186 3.69954 2.4564 28.6907 28.0306 4.42749 23.6031 3.65384 1.85406 3.93518 19.9492
internal_count=8000 7778 7743 7541 202 7328 71 7282 7198 6782 416 6650 1043 612 369 321 5607 5594 960 4634 1498 324 590 3136
is_linear=0
shrinkage=0.03


Tree=228
num_leaves=25
num_cat=0
split_feature=14 15 5 7 4 7 8 5 15 15 1 8 8 8 8 4 16 2 7 15 4 3 2 1
split_gain=5.17155 0.25552 0.253249 0.671652 1.58302 1.27537 0.662627 0.581743 0.51621 1.08285 1.6591 1.04267 1.1219 1.00926 0.763565 0.583699 0.931648 1.27464 0.765917 0.6846 0.583914 0.804487 0.510991 1.22
threshold=1.0000000180025095e-35 1.0384500000000003 207.50000000000003 6189.1500000000005 36.150000000000013 5647.6900000000014 9694.8000000000011 215.50000000000003 1.0371500000000002 1.0366500000000001 299.25000000000006 7822.8500000000013 9579.5000000000018 7581.3000000000011 9147.6000000000004 48.350000000000001 0.017599500000000001 310.85000000000008 5066.6950000000006 1.0306500000000003 48.550000000000004 1380.5000000000002 311.45000000000005 300.45000000000005
decision_type=2 2 2 2 2 2 2 2 2 2 2 2 2 2 2 2 2 2 2 2 2 2 2 2
left_child=1 2 6 4 22 -6 8 -5 9 10 -1 13 -13 15 -10 16 18 -18 -12 -19 -17 -22 23 -4
right_child=-2 -3 3 7 5 -7 -8 -9 14 -11 11 12 -14 -15 -16 20 17 19 -20 -21 21 -23 -24 -25
leaf_value=-0.033589944005496253 0.03002932113674741 -0.031243864912996147 0.0080304969065571226 0.013722915177687242 0.006843166799200961 -0.033703778577000798 -0.038713736110041315 -0.0010590862082747719 -0.031750671754670307 0.018677268389404967 -0.030357187252311655 -0.035408023081954544 0.024839510977970297 0.021476389313883203 0.028974382332058388 0.029527579490768951 -0.031354151223514516 0.00989577460876917 0.024448417124788777 -0.03145859335446205 0.0092210945048586124 -0.031783378694998067 0.016408825788939693 -0.019154568024511553
leaf_weight=1.4124748195281522 6.1761368550360194 0.2248023234133133 5.2894376670010406 6.8303022200998367 1.0470603667199605 2.0953138371696696 0.42661429151667007 3.6909030174138024 0.96201489663144346 2.5008658229053244 0.28452976263088015 1.254764858058478 0.35741264330863476 2.3058568014093899 0.23113528475005296 0.90116993260744527 1.9894065186745136 1.7984524364837855 1.18650089779112 0.45053020846899006 2.422329251916381 0.52372983725945221 2.3713978980667889 2.0660639692214318
leaf_count=1606 222 266 59 75 5 42 125 68 1184 510 464 284 13 71 14 15 1271 512 124 529 236 250 21 34
internal_value=0.0043733 0.000655709 0.000824846 0.00291495 -0.00168158 -0.0201933 -0.00174718 0.0085373 -0.000898443 0.000411404 -0.00265704 0.000585476 -0.0220514 0.00366195 -0.0199871 -0.000636372 -0.0067225 -0.0138619 0.0138478 0.00161141 0.00839565 0.00193161 0.00429881 0.000394569
internal_weight=48.7992 42.6231 42.3983 23.3905 12.8693 3.14237 19.0078 10.5212 18.5812 17.388 14.8872 13.4747 1.61218 11.8625 1.19315 9.55665 5.70942 4.23839 1.47103 2.24898 3.84723 2.94606 9.7269 7.3555
internal_count=8000 7778 7512 304 161 47 7208 143 7083 5885 5375 3769 297 3472 1198 3401 2900 2312 588 1041 501 486 114 93
is_linear=0
shrinkage=0.03


Tree=229
num_leaves=25
num_cat=0
split_feature=14 1 2 5 2 7 7 7 15 5 8 0 3 8 5 3 15 15 16 1 16 0 5 5
split_gain=5.03494 0.251294 0.320077 1.08356 0.57995 0.466539 1.03931 0.46869 0.469681 1.40213 1.3629 1.70152 1.03144 1.03726 0.961964 0.778678 0.704056 0.641127 1.08981 0.943363 1.61699 1.26818 0.847805 0.73418
threshold=1.0000000180025095e-35 304.35000000000008 311.85000000000008 214.50000000000003 311.75000000000006 7319.5300000000007 8635.0550000000021 7297.0950000000012 1.0320500000000001 215.50000000000003 8498.5000000000018 1.5000000000000002 1920.5000000000002 4775.3000000000002 208.50000000000003 1576.5000000000002 1.0366500000000001 1.0314500000000002 0.017445500000000006 301.65000000000003 0.024376500000000006 1.5000000000000002 178.50000000000003 203.50000000000003
decision_type=2 2 2 2 2 2 2 2 2 2 2 2 2 2 2 2 2 2 2 2 2 2 2 2
left_child=1 2 4 -4 5 7 -7 8 17 10 11 12 -10 -14 -12 -11 -13 18 -1 20 23 -22 -19 -20
right_child=-2 -3 3 -5 -6 6 -8 -9 9 15 14 16 13 -15 -16 -17 -18 22 19 -21 21 -23 -24 -25
leaf_value=-0.032915309727303166 0.030028454006565453 0.028836430929761452 -0.031676692600392166 0.011064876288462849 0.015007117186786257 -0.034069572555467643 0.022860758139327794 0.026204755977283115 -0.032709897689411252 -0.0057371759738706106 0.017056483831673984 -0.031011303663035103 -0.03303809273751928 0.030563775243422055 -0.031531401936378052 0.014480091190941766 0.023154903059269052 -0.030647567437465262 0.023195722075938317 0.0074840590505058802 -0.034875943780201146 0.020173661236323047 0.017641462930169247 -0.031116461260429114
leaf_weight=0.82835689414969493 5.9937752075493327 0.28259659663308312 1.0960298665613657 1.0406757078599183 2.5134093223787195 0.96398389631030912 0.4119295402924763 0.64067740171594678 4.2162826058774971 2.8554270147578782 1.9412548726395473 0.27268701397406392 0.41724887765303709 0.51637566089630127 0.45214565121568728 4.2913642805069685 1.0383474767586447 0.35667824724441644 1.3223765515649564 9.94415242351897 2.0357925488642654 0.46212709651445028 3.962135823785502 0.26968394313007582
leaf_count=307 222 5 811 16 116 970 47 27 2981 46 105 201 114 1 24 28 160 331 246 713 407 45 62 15
internal_value=0.00430168 0.00064172 0.000451329 -0.0108595 0.0010599 0.000117539 -0.0170254 0.000775975 0.000312913 -0.00348219 -0.0114606 -0.0186243 -0.0263921 0.00213928 0.00787758 0.00640249 0.0118887 0.00347881 0.000522219 0.00249585 -0.0096322 -0.0246915 0.0136534 0.0139956
internal_weight=48.1255 42.1317 41.8491 2.13671 39.7124 37.199 1.37591 35.8231 35.1824 16.0011 8.85434 6.46094 5.14991 0.933625 2.3934 7.14679 1.31103 19.1813 14.8625 14.0341 4.08998 2.49792 4.31881 1.59206
internal_count=8000 7778 7773 827 6946 6830 1017 5813 5786 3660 3586 3457 3096 115 129 74 361 2126 1733 1426 713 452 393 261
is_linear=0
shrinkage=0.03


Tree=230
num_leaves=25
num_cat=0
split_feature=14 5 5 5 5 5 2 2 7 3 5 1 1 1 7 16 1 5 5 3 8 8 2 16
split_gain=4.90098 0.251305 0.426431 0.842527 0.380181 0.476348 0.441197 0.404596 1.28601 1.36618 0.975944 0.758553 0.547161 1.1891 0.660343 1.11134 2.22974 1.21058 1.22789 1.26797 1.39347 1.10241 0.905001 0.876828
threshold=1.0000000180025095e-35 234.50000000000003 231.50000000000003 228.50000000000003 224.50000000000003 222.50000000000003 307.55000000000007 308.55000000000007 6260.9550000000008 1615.5000000000002 218.50000000000003 298.45000000000005 298.85000000000008 299.55000000000007 4667.3450000000003 0.017873000000000003 300.25000000000006 215.50000000000003 207.50000000000003 1509.5000000000002 7822.8500000000013 7024.8000000000002 310.65000000000003 0.040267000000000004
decision_type=2 2 2 2 2 2 2 2 2 2 2 2 2 2 2 2 2 2 2 2 2 2 2 2
left_child=1 2 3 4 5 6 -1 8 9 -8 11 -9 -13 -14 -15 -16 -17 18 19 20 21 22 -18 -24
right_child=-2 -3 -4 -5 -6 -7 7 10 -10 -11 -12 12 13 14 15 16 17 -19 -20 -21 -22 -23 23 -25
leaf_value=-0.034427282766472334 0.03002761149382013 -0.030848322553271596 0.016584654845156161 -0.035570079719155934 0.010441062488567127 -0.032234878430422262 0.018568155917662248 -0.031444693719834764 -0.03149297681081753 -0.032048293629005853 -0.032223259332393277 0.013258797570568257 -0.031688238608546797 -0.033221091659512432 0.017993929902210333 -0.033222964508999406 -0.030669718740155838 -0.033600359854796077 0.013459749509897806 -0.031725595785710416 -0.02416786808789189 0.024754468523379602 0.007581810370961499 -0.039330677792974555
leaf_weight=0.32776203109460667 5.8167928755283347 0.2270340274553736 1.4852559664286662 0.58352901274338265 3.330820456147193 0.41176690510474045 4.4476458665376404 0.67078074718302261 0.65875494056308515 0.53796568692268909 0.86696959665277873 2.8654485288843743 1.0591239244276973 0.50308100791699217 3.1860412593450773 1.7712857304577507 0.77839050017792555 0.82197302917484094 6.9757461068802504 1.2020078401110357 1.6494553386764881 2.104948575135495 4.7515476439857594 0.38784336758544657
leaf_count=240 222 13 10 9 18 16 329 822 619 289 33 436 654 304 404 624 379 17 69 1144 304 134 835 76
internal_value=0.00423444 0.000628312 0.000801018 0.000213376 0.000744565 -0.000153118 0.000218302 0.000540545 0.00790125 0.0131065 -0.000863308 8.31012e-05 0.000836864 -0.000576093 0.000789363 0.00151347 -0.00105499 0.00199658 0.00363579 -0.00266624 0.000945106 0.00610828 -0.000524154 0.00404157
internal_weight=47.422 41.6052 41.3781 39.8929 39.3094 35.9785 35.5668 35.239 5.64437 4.98561 29.5946 28.7277 28.0569 25.1914 24.1323 23.6292 20.4432 18.6719 17.8499 10.8742 9.67219 8.02273 5.91778 5.13939
internal_count=8000 7778 7765 7755 7746 7728 7712 7472 1237 618 6235 6202 5380 4944 4290 3986 3582 2958 2941 2872 1728 1424 1290 911
is_linear=0
shrinkage=0.03


Tree=231
num_leaves=25
num_cat=0
split_feature=14 6 15 6 16 6 16 16 4 16 3 5 3 4 4 1 1 4 2 2 5 5 4 5
split_gain=4.77009 0.24675 0.34207 1.11572 0.732458 0.516547 0.807306 0.716111 1.12705 1.11124 1.05707 0.715036 1.33926 0.671099 0.570481 0.551865 1.10641 0.823682 0.707696 1.38224 0.939122 0.758622 0.742301 0.739521
threshold=1.0000000180025095e-35 7.7500000000000009 1.0270500000000002 8.5500000000000025 0.028273500000000003 8.6500000000000004 0.033864000000000005 0.033450000000000008 46.45000000000001 0.032748500000000007 1428.5000000000002 212.50000000000003 1382.5000000000002 53.850000000000001 54.050000000000004 301.95000000000005 302.55000000000007 35.150000000000013 310.55000000000007 309.95000000000005 204.50000000000003 233.50000000000003 37.750000000000007 226.50000000000003
decision_type=2 2 2 2 2 2 2 2 2 2 2 2 2 2 2 2 2 2 2 2 2 2 2 2
left_child=1 -1 4 -4 -3 11 7 8 9 10 -7 12 -5 -8 -15 18 -17 -18 19 23 -20 -21 -22 -12
right_child=-2 2 3 5 -6 6 13 -9 -10 -11 15 -13 -14 14 -16 16 17 -19 20 21 22 -23 -24 -25
leaf_value=-0.032524286725739232 0.030026794677133626 -0.032113266661542093 -0.03245519768410602 0.012932204009839 0.019197943943483928 -0.031403967411199711 -0.031010976140822502 0.015666789273263648 -0.036931612164712489 0.027520594869137421 0.0028347500441116297 0.029286749290434434 -0.032752914347118522 0.027300433678992143 -0.030130512933595983 -0.035002724807388731 0.021853379926622545 -0.031303189569188448 -0.030344294773230713 -0.034359617943709335 0.0016271405824646336 0.013227560349928252 0.019738280261139513 -0.034355676553548195
leaf_weight=0.20122188736240687 5.64503189921379 0.28882121593414867 0.92323782216590089 2.6666317693889137 1.8812261711427707 0.98729717751849833 1.3450191299671126 2.6644130803324506 0.74817859745053183 1.2945272741344513 11.811464050106228 1.2872760333120821 0.73714901700077451 0.41640007589012373 0.2486016032507905 1.1315766160960259 0.87625013796059625 0.37447420299213263 0.52829744278278568 1.6311740817836828 3.9652769293170405 0.36986513063311566 4.1876615779474378 0.50164269166998643
leaf_count=35 222 131 213 17 71 413 980 120 285 54 2481 4 77 21 459 304 202 203 1054 570 38 5 27 14
internal_value=0.00416946 0.000615197 0.000778372 0.0001284 0.0123687 0.000924796 -0.000396265 0.000795687 -0.000599104 0.000383676 -0.000948753 0.0102411 0.00303828 -0.0188222 0.00583068 0.000236081 -0.0135086 0.00593799 0.00166001 -0.00243855 0.00841798 -0.0255638 0.0109297 0.00131959
internal_weight=46.7127 41.0677 40.8665 38.6964 2.17005 37.7732 33.0821 31.0721 28.4077 27.6595 26.365 4.69106 3.40378 2.01002 0.665002 25.3777 2.3823 1.25072 22.9954 14.3141 8.68124 2.00104 8.15294 12.3131
internal_count=8000 7778 7743 7541 202 7328 7230 5770 5650 5365 5311 98 94 1460 480 4898 709 405 4189 3070 1119 575 65 2495
is_linear=0
shrinkage=0.03


Tree=232
num_leaves=25
num_cat=0
split_feature=14 5 5 5 5 5 2 2 7 3 5 1 5 8 1 1 7 16 1 5 5 3 8 8
split_gain=4.64326 0.242371 0.408894 0.788995 0.368894 0.456853 0.425953 0.384208 1.22887 1.30984 0.923173 0.730672 0.565309 1.13254 0.512657 1.13845 0.635006 1.05842 2.13225 1.14331 1.14518 1.20539 1.31245 1.04949
threshold=1.0000000180025095e-35 234.50000000000003 231.50000000000003 228.50000000000003 224.50000000000003 222.50000000000003 307.55000000000007 308.55000000000007 6260.9550000000008 1615.5000000000002 218.50000000000003 298.45000000000005 216.50000000000003 7634.0000000000009 298.85000000000008 299.55000000000007 4667.3450000000003 0.017873000000000003 300.25000000000006 215.50000000000003 207.50000000000003 1509.5000000000002 7822.8500000000013 7024.8000000000002
decision_type=2 2 2 2 2 2 2 2 2 2 2 2 2 2 2 2 2 2 2 2 2 2 2 2
left_child=1 2 3 4 5 6 -1 8 9 12 11 -9 13 -8 -13 -16 -17 -18 -19 20 21 22 23 -20
right_child=-2 -3 -4 -5 -6 -7 7 10 -10 -11 -12 14 -14 -15 15 16 17 18 19 -21 -22 -23 -24 -25
leaf_value=-0.034312503925013137 0.030026002245844067 -0.030828867272183869 0.01642388971700473 -0.035237232467319177 0.010343892033918646 -0.032158068341659587 0.02273319642177915 -0.031407065314428065 -0.03145807275771749 -0.031993954720836923 -0.032100293934632512 0.01286944036146653 0.030686257209444352 -0.020384238281531852 -0.031649506924704002 -0.033138370409789501 0.017665334237251001 -0.033147660900867536 -0.00055885683977105927 -0.033401266260186073 0.013099725565654854 -0.031664909770227394 -0.023773809679375892 0.024513394043747107
leaf_weight=0.31936069666335143 5.4783384539186946 0.21960844146087666 1.4484935454092909 0.55764396185986598 3.2694160360842934 0.39782632235437532 1.7086011373612557 0.6500592494103391 0.63747697281542048 0.52433039505922341 0.82876491436036204 2.8279075085956746 1.8668708205223081 0.80732420782805991 1.0199118186501461 0.48800075438521417 3.1282371283923593 1.7087191133396142 5.7885554901367922 0.78967198787722637 6.813008311262819 1.1501425942551566 1.6128447653791225 2.029328521923162
leaf_count=240 222 13 10 9 18 16 311 822 619 289 33 436 3 15 654 304 404 624 1290 17 69 1144 304 134
internal_value=0.00410105 0.000602197 0.000773168 0.000190752 0.000705688 -0.000192148 0.000174342 0.000494697 0.00772704 0.0128175 -0.000895982 2.74157e-05 0.0181785 0.00889743 0.000774383 -0.000620069 0.000726137 0.00144401 -0.00110693 0.00190395 0.00350679 -0.00267009 0.00086603 0.00594928
internal_weight=46.0704 40.5921 40.3725 38.924 38.3664 35.0969 34.6991 34.3798 5.5446 4.90713 28.8352 28.0064 4.3828 2.51593 27.3563 24.5284 23.5085 23.0205 19.8923 18.1836 17.3939 10.5809 9.43073 7.81788
internal_count=8000 7778 7765 7755 7746 7728 7712 7472 1237 618 6235 6202 329 326 5380 4944 4290 3986 3582 2958 2941 2872 1728 1424
is_linear=0
shrinkage=0.03


Tree=233
num_leaves=25
num_cat=0
split_feature=14 3 7 4 3 6 3 16 1 2 4 15 8 16 16 4 3 5 3 16 2 4 1 1
split_gain=4.51887 0.23916 0.850787 0.7021 0.782764 0.663616 0.378849 1.17865 0.574157 0.514016 0.427016 0.397665 0.878205 0.379882 0.506175 1.1184 0.54364 1.05624 0.757581 0.505888 0.888098 0.680948 1.36194 0.749027
threshold=1.0000000180025095e-35 2089.5000000000005 4552.505000000001 23.650000000000002 1737.5000000000002 10.950000000000001 1660.5000000000002 0.020393000000000005 299.15000000000003 311.45000000000005 31.050000000000004 1.0308500000000003 6604.0500000000011 0.021038000000000005 0.021391000000000004 34.95000000000001 1566.5000000000002 213.50000000000003 1550.5000000000002 0.023213500000000001 308.25000000000006 37.45000000000001 303.35000000000008 298.05000000000007
decision_type=2 2 2 2 2 2 2 2 2 2 2 2 2 2 2 2 2 2 2 2 2 2 2 2
left_child=1 2 -1 -4 6 -3 7 -5 -8 11 -9 12 -10 -12 -15 -16 18 -18 19 -17 -21 22 -22 -23
right_child=-2 5 3 4 -6 -7 8 10 9 -11 13 -13 -14 14 15 16 17 -19 -20 20 21 23 -24 -25
leaf_value=-0.033404842432239873 0.030025232468171251 -0.031533975536717308 0.026069377677564256 -0.032705150540802745 -0.032465524367732722 0.029619512674141264 -0.030589855969058347 0.030464237302050359 -0.032707663454898367 -0.0314520347236633 -0.031502119781271334 0.022591982994297478 0.025362866425271025 0.019984264705040777 -0.03568350278882778 0.024028261180802393 -0.031151364417240764 0.019356000758735139 -0.033940803543281918 -0.033405470938866311 -0.033091068717593014 0.02099613746421531 0.030063968394428917 0.00023210201326832544
leaf_weight=0.66508781149786855 5.3165632635354987 0.20643089455097552 0.96609935588821727 0.97969105944684898 0.65007910455642459 0.70555272764613619 0.29403572987030147 0.4279923141002645 0.42129231801664069 0.21913858028347011 0.33454809390969131 2.3583723913943686 0.52829903527162969 1.1714312943913707 0.77518922313538752 0.77629895341307076 0.43093251611935501 2.7550110565498471 0.59933616668422374 0.71963943461014679 1.2830643562829234 1.6911783595260228 0.4041045297126401 20.721312147556091
leaf_count=282 222 84 43 501 399 25 240 1 104 112 179 132 3 91 244 32 461 12 217 544 271 489 14 3298
internal_value=0.00403706 0.00059011 0.000236533 0.000817582 0.000167738 0.0157772 0.000742791 -0.000290626 0.00968642 0.013044 0.000698972 0.0159917 -0.000400498 0.000296619 0.0006362 -0.000115388 0.000823046 0.0125243 -0.000600118 0.000180574 -0.000565335 0.000415304 -0.0179644 0.00179889
internal_weight=45.4007 40.0841 39.1721 38.507 37.5409 0.911984 36.8909 33.0697 3.82114 3.5271 32.09 3.30796 0.949591 31.662 31.3275 30.1561 29.3809 3.18594 26.1949 25.5956 24.8193 24.0997 1.68717 22.4125
internal_count=8000 7778 7669 7387 7344 109 6945 6354 591 351 5853 239 107 5852 5673 5582 5338 473 4865 4648 4616 4072 285 3787
is_linear=0
shrinkage=0.03


Tree=234
num_leaves=25
num_cat=0
split_feature=14 6 15 6 16 15 3 2 2 2 1 4 7 15 7 5 15 0 4 1 4 2 1 1
split_gain=4.39904 0.235645 0.326661 1.06685 0.677997 0.48641 0.396129 0.307723 1.07082 0.409078 0.608695 0.836346 0.458164 1.17929 1.11191 0.869681 0.766635 0.700873 1.24091 1.70925 1.23906 1.36164 2.59779 1.55815
threshold=1.0000000180025095e-35 7.7500000000000009 1.0270500000000002 8.5500000000000025 0.028273500000000003 1.0284500000000001 1440.5000000000002 311.85000000000008 313.15000000000003 311.75000000000006 300.55000000000007 53.850000000000001 5141.4150000000009 1.0308500000000003 5632.4300000000012 233.50000000000003 1.0371500000000002 1.5000000000000002 37.45000000000001 297.35000000000008 37.95000000000001 310.65000000000003 298.85000000000008 302.15000000000003
decision_type=2 2 2 2 2 2 2 2 2 2 2 2 2 2 2 2 2 2 2 2 2 2 2 2
left_child=1 -1 4 -4 -3 -5 -6 9 -9 12 -11 -12 13 -7 15 -14 17 18 19 -16 -20 22 -22 -23
right_child=-2 2 3 5 6 7 -8 8 -10 10 11 -13 14 -15 16 -17 -18 -19 20 -21 21 23 -24 -25
leaf_value=-0.032431068009997545 0.030024487960787206 -0.03202003869445421 -0.03241465802296075 0.014508927250550743 1.5369367535190945e-06 -0.032724601811210265 0.029063036442789389 -0.031713812156299988 0.017484417801226754 0.02869616436312071 -0.031646051440350702 0.026806553110896851 -0.032460686292991321 0.011789540692516894 0.019426986251636944 0.024957490008127522 -0.022090373171543411 0.014049212244907355 0.01799158442158412 -0.034811893316289595 0.010826072634688919 0.013641183742869311 -0.02814899089035482 -0.036356631040551785
leaf_weight=0.19369646158156584 5.159561187028884 0.2718087660196028 0.88717604619887325 2.214034565826295 0.65484268128056999 0.59576377220674004 1.1878296689974375 1.0218195464840381 0.65235685469087901 1.1034892600000592 0.47764689468749555 0.40889712017087732 1.6219216404624628 5.3068130170904624 0.71784361811297559 0.27812362369149912 1.3507903436711775 3.2477127806123454 3.4561599161861514 1.9256000572204355 2.631497061764092 5.1339636261727719 3.7077043563913321 0.62980230474931875
leaf_count=35 222 131 213 46 39 173 32 679 112 32 55 4 858 704 53 3 1002 357 94 552 889 536 1046 133
internal_value=0.00396612 0.000577534 0.000739466 9.03729e-05 0.0122109 0.000880838 0.0187353 3.32607e-07 -0.0125433 0.000644637 0.0138246 -0.00468619 -0.000212402 0.0072966 -0.00200675 -0.024056 -0.000169361 0.00121107 -0.00107952 -0.020083 0.00214911 -0.00237491 -0.0119699 0.00817796
internal_weight=44.8369 39.6773 39.4836 37.3691 2.11448 36.4819 1.84267 34.2679 1.67418 32.5937 1.99003 0.886544 30.6037 5.90258 24.7011 1.90005 22.8011 21.4503 18.2026 2.64344 15.5591 12.103 6.3392 5.76377
internal_count=8000 7778 7743 7541 202 7328 71 7282 791 6491 91 59 6400 877 5523 861 4662 3660 3303 605 2698 2604 1935 669
is_linear=0
shrinkage=0.03


Tree=235
num_leaves=25
num_cat=0
split_feature=14 3 7 4 3 6 3 16 1 2 4 15 8 16 16 4 3 5 3 16 2 4 1 1
split_gain=4.28038 0.229029 0.825674 0.664304 0.749139 0.635173 0.365685 1.12166 0.548822 0.485614 0.409984 0.362675 0.829018 0.361826 0.47605 1.04482 0.515557 1.00261 0.731688 0.481459 0.855006 0.631085 1.29338 0.713903
threshold=1.0000000180025095e-35 2089.5000000000005 4552.505000000001 23.650000000000002 1737.5000000000002 10.950000000000001 1660.5000000000002 0.020393000000000005 299.15000000000003 311.45000000000005 31.050000000000004 1.0308500000000003 6604.0500000000011 0.021038000000000005 0.021391000000000004 34.95000000000001 1566.5000000000002 213.50000000000003 1550.5000000000002 0.023213500000000001 308.25000000000006 37.45000000000001 303.35000000000008 298.05000000000007
decision_type=2 2 2 2 2 2 2 2 2 2 2 2 2 2 2 2 2 2 2 2 2 2 2 2
left_child=1 2 -1 -4 6 -3 7 -5 -8 11 -9 12 -10 -12 -15 -16 18 -18 19 -17 -21 22 -22 -23
right_child=-2 5 3 4 -6 -7 8 10 9 -11 13 -13 -14 14 15 16 17 -19 -20 20 21 23 -24 -25
leaf_value=-0.033320773780444436 0.030023763985372962 -0.03145766696501677 0.025753153172926896 -0.032597151236832572 -0.032350761863801321 0.02954000266036471 -0.030555107555257671 0.030445031894376563 -0.03254834497488495 -0.031360296180050255 -0.031453969352721087 0.022250970069474338 0.025202074941519305 0.019708195266218261 -0.035373830860744505 0.023842745965726154 -0.031122172647957278 0.019079735481719227 -0.033889474991683391 -0.033261058431213283 -0.032915374113958638 0.020680101755841229 0.030021168509859988 0.00018262538152394387
leaf_weight=0.64939295681415288 5.0071920454502097 0.19862996839310554 0.9361191925163429 0.93934638816062843 0.62696576378584623 0.67834596245302237 0.28189507429487948 0.41080260276794689 0.39876772457864795 0.20850175449595543 0.32008602461246738 2.2913725992657419 0.50962195731699467 1.131135736144645 0.73784119514312152 0.74946558576994959 0.413364824971722 2.6752993655391037 0.58116774872723809 0.69934652365009498 1.2200132850703109 1.6528413767155168 0.38712425689300278 20.45296948489522
leaf_count=282 222 84 43 501 399 25 240 1 104 112 179 132 3 91 244 32 461 12 217 544 271 489 14 3298
internal_value=0.00390631 0.000565986 0.000218655 0.000797547 0.000160787 0.0157244 0.000726042 -0.000293962 0.00967372 0.013001 0.000671436 0.0158917 -0.000149384 0.000277148 0.000607979 -0.000122672 0.000779455 0.0123611 -0.00061012 0.000158542 -0.000568571 0.000395602 -0.0177553 0.00171521
internal_weight=44.1576 39.1504 38.2734 37.624 36.6879 0.876976 36.061 32.3708 3.69016 3.40826 31.4315 3.19976 0.90839 31.0207 30.7006 29.5694 28.8316 3.08866 25.7429 25.1618 24.4123 23.7129 1.60714 22.1058
internal_count=8000 7778 7669 7387 7344 109 6945 6354 591 351 5853 239 107 5852 5673 5582 5338 473 4865 4648 4616 4072 285 3787
is_linear=0
shrinkage=0.03


Tree=236
num_leaves=25
num_cat=0
split_feature=14 6 15 6 16 6 16 16 4 16 3 5 3 5 4 4 8 15 5 16 3 8 8 8
split_gain=4.16657 0.227079 0.320539 1.02328 0.637993 0.472042 0.770233 0.666476 1.05287 1.06159 0.992175 0.65254 0.768531 0.850522 0.631468 0.54142 0.4982 0.466036 0.486946 0.472956 0.937134 0.632449 0.971183 1.86104
threshold=1.0000000180025095e-35 7.7500000000000009 1.0270500000000002 8.5500000000000025 0.028273500000000003 8.6500000000000004 0.033864000000000005 0.033450000000000008 46.45000000000001 0.032748500000000007 1428.5000000000002 212.50000000000003 1345.5000000000002 167.50000000000003 53.850000000000001 54.050000000000004 9238.2500000000018 1.0293500000000002 219.50000000000003 0.030702000000000004 1454.5000000000002 8591.8000000000011 8308.3500000000022 7822.8500000000013
decision_type=2 2 2 2 2 2 2 2 2 2 2 2 2 2 2 2 2 2 2 2 2 2 2 2
left_child=1 -1 4 -4 -3 11 7 8 9 10 -7 12 -5 -14 -8 -16 17 -12 19 20 -19 22 23 -22
right_child=-2 2 3 5 -6 6 14 -9 -10 -11 16 -13 13 -15 15 -17 -18 18 -20 -21 21 -23 -24 -25
leaf_value=-0.032362748128521274 0.030023060085909225 -0.031897900212845109 -0.032347699052310906 0.026051365724566372 0.018490360048569274 -0.031340493416450912 -0.030988667253561794 0.015225890849679119 -0.036494367399141865 0.027359372390351386 -0.032625799217945457 0.029196858686595939 0.004668401061520379 -0.036369165830698345 0.027067546706035651 -0.03013312413878157 -0.031101365325081377 -0.032814045273239154 0.0088392149501099609 0.017355060201987474 0.001352973502291935 -0.032466910296313066 0.017942156466710997 -0.034157509718138836
leaf_weight=0.18770828256492578 4.8593193814158431 0.25841695589224345 0.85616836663848417 0.94157228060066644 1.811275991683942 0.93600070213507791 1.2834043561015267 2.6043095023414926 0.71862748808416554 1.2439109687547887 0.37046674958674586 1.1708798464387653 1.7481875154189768 0.61423436344921345 0.39656868546444446 0.23849010928643111 0.45041355409193684 0.87206060876634239 5.7617565775290123 1.1486830608264416 10.716006988293879 0.54819277744536599 2.36774022127429 1.5161984868173011
leaf_count=35 222 131 213 6 71 413 980 120 285 54 233 4 64 24 21 459 31 279 46 156 4013 36 28 76
internal_value=0.00383663 0.000553755 0.000713935 6.2756e-05 0.012199 0.000841174 -0.000466797 0.000740809 -0.000674709 0.000317947 -0.00104457 0.00995275 0.00313296 -0.00600145 -0.0188814 0.0055864 0.000149335 0.000753415 0.00129269 -0.00123987 -0.00257317 -0.000832238 0.000355568 -0.0030486
internal_weight=43.6206 38.7613 38.5736 36.5039 2.06969 35.6477 31.1728 29.2544 26.6501 25.9314 24.6875 4.47487 3.30399 2.36242 1.91846 0.635059 23.7515 23.3011 22.9306 17.1689 16.0202 15.1481 14.5999 12.2322
internal_count=8000 7778 7743 7541 202 7328 7230 5770 5650 5365 5311 98 94 88 1460 480 4898 4867 4634 4588 4432 4153 4117 4089
is_linear=0
shrinkage=0.03


Tree=237
num_leaves=25
num_cat=0
split_feature=14 5 5 5 8 5 5 8 8 7 7 7 7 16 16 5 2 5 7 1 7 7 5 5
split_gain=4.05508 0.223011 0.381815 0.734681 0.346404 0.323731 0.420866 0.406546 1.29764 0.785823 0.645688 0.756643 0.66826 1.04477 0.61753 0.911083 0.712745 0.47299 0.719337 0.841417 0.496724 1.67478 1.0978 1.69738
threshold=1.0000000180025095e-35 234.50000000000003 231.50000000000003 228.50000000000003 10326.900000000003 224.50000000000003 222.50000000000003 6251.7000000000007 5188.7500000000009 7319.5300000000007 7253.2650000000003 7120.1350000000011 7012.1900000000014 0.031589500000000013 0.03139150000000001 144.50000000000003 310.75000000000006 130.50000000000003 6830.4850000000015 303.85000000000008 6677.9800000000005 6403.5300000000007 206.50000000000003 203.50000000000003
decision_type=2 2 2 2 2 2 2 2 2 2 2 2 2 2 2 2 2 2 2 2 2 2 2 2
left_child=1 2 3 4 5 6 7 8 9 10 11 12 13 14 15 -1 -17 -9 20 -20 21 -19 23 -22
right_child=-2 -3 -4 -5 -6 -7 -8 17 -10 -11 -12 -13 -14 -15 -16 16 -18 18 19 -21 22 -23 -24 -25
leaf_value=-0.030067850985762017 0.03002237816369634 -0.030773695617468146 0.016442684657418584 -0.035118288447285345 -0.030692844646113188 0.010271071660005078 -0.032146872068375694 0.021729827621454915 -0.031486765401957696 -0.036504409285971116 0.026278046932143112 -0.032625440749182964 0.021550093023725701 -0.031231473510701886 0.028255098850575113 0.012349568397504111 -0.032477833045466586 0.0036621511381297843 -0.0312249460690327 0.027449524699264621 0.022177154155356434 -0.032293496443030673 0.028988999490136357 -0.041034655743198825
leaf_weight=0.78995029361248859 4.7158104591071597 0.20358285121619601 1.3393539586104442 0.52442269562743504 0.31468686516018252 3.0494626387953749 0.36130243039224197 1.1102873270392617 1.3935998767392437 0.50673639892193101 0.87912294470515906 0.62048694163058815 1.2725855632452292 0.94597634714773438 0.7533927610311365 2.4185164147838809 0.36776029518478015 15.4235063911001 1.0919643695669936 0.27545340945653141 0.88566658989293434 1.2612553093786107 1.8687327764928339 0.67270616535097361
leaf_count=3370 222 13 10 9 87 17 13 95 885 534 63 153 134 305 32 252 150 589 709 15 96 228 9 10
internal_value=0.00377131 0.000541632 0.000708844 0.000136009 0.000645843 0.000920176 5.34263e-05 0.000410982 -0.00464221 -0.000269025 0.00201257 -0.000963206 0.00203702 -0.00266995 0.00357044 -0.0016298 0.00643281 0.00263634 0.00164938 -0.0194055 0.00308091 0.000944147 0.0134837 -0.00510963
internal_weight=43.0463 38.3305 38.1269 36.7876 36.2632 35.9485 32.899 32.5377 9.94813 8.55453 8.04779 7.16867 6.54818 5.2756 4.32962 3.57623 2.78628 22.5896 21.4793 1.36742 20.1119 16.6848 3.42711 1.55837
internal_count=8000 7778 7765 7755 7746 7659 7642 7629 5878 4993 4459 4396 4243 4109 3804 3772 402 1751 1656 724 932 817 115 106
is_linear=0
shrinkage=0.03


Tree=238
num_leaves=25
num_cat=0
split_feature=14 1 2 3 16 1 3 5 1 1 2 5 7 5 5 3 2 1 4 1 15 7 2 3
split_gain=3.94612 0.221315 0.257395 0.677043 0.748035 0.394879 0.708052 0.37167 1.48441 0.721476 0.957291 0.9314 0.720019 0.688539 0.874176 1.34462 0.54152 0.761527 0.400368 0.4096 0.679083 0.908737 1.40283 0.676001
threshold=1.0000000180025095e-35 296.85000000000008 307.85000000000008 1604.5000000000002 0.023122500000000001 297.25000000000006 1330.5000000000002 213.50000000000003 298.45000000000005 298.65000000000003 310.55000000000007 224.50000000000003 4667.3450000000003 216.50000000000003 226.50000000000003 1629.5000000000002 311.85000000000008 304.35000000000008 23.350000000000005 298.85000000000008 1.0320500000000001 7297.0950000000012 311.75000000000006 1456.5000000000002
decision_type=2 2 2 2 2 2 2 2 2 2 2 2 2 2 2 2 2 2 2 2 2 2 2 2
left_child=1 -1 3 4 -3 6 -4 8 -7 -9 11 -11 -10 -12 15 -15 18 -18 -14 23 -21 22 -22 -20
right_child=-2 2 5 -5 -6 7 -8 9 12 10 13 -13 16 14 -16 -17 17 -19 19 20 21 -23 -24 -25
leaf_value=-0.030833115467139224 0.030021717427856365 0.029945181279348167 0.029722769187269706 -0.034589493078810714 -0.033914146569909376 -0.033503206002494186 -0.033231409080646146 0.01940794455165205 -0.032979844249249282 -0.032475444649190263 0.019111548814202482 0.0014546005118667511 0.030281572326364095 -0.033551605598063021 0.014136778197942913 0.012270506382019914 -0.031501706428559526 0.028639512084200111 0.020399632005064006 0.0030065861217400424 -0.031528692634750229 0.019054589125545987 0.023437321773838588 -0.03041252599475637
leaf_weight=0.20141861410956963 4.5765362642705432 1.1490982557224914 0.20709360051841841 0.2334045282932492 0.19278504182875611 1.2411035554396246 0.71913150841646711 2.4573685154318801 0.57139927938988222 1.2685042050434261 2.7228758350247517 1.7092605968937276 0.4503702421207042 1.2669521766947585 2.05920773698017 1.057368282228708 0.90477115374051098 0.23968710523331538 1.8767641494014271 13.852427130730577 2.0495578563004528 0.66341721779463103 0.52491030482633494 0.269478048023302
leaf_count=258 222 24 6 71 177 1365 194 24 364 45 23 18 2 34 16 8 746 5 172 2256 1341 285 33 311
internal_value=0.0037084 0.000530016 0.000697637 0.0125682 0.0207707 0.000179813 -0.0191556 0.000688799 -0.00160586 0.00483183 0.00127984 -0.0129993 0.0002438 0.00726318 -9.65598e-05 -0.0127064 0.00115512 -0.0189062 0.00232134 0.00166673 0.000115403 -0.0122538 -0.0203216 0.0140198
internal_weight=42.4649 37.8884 37.6869 1.57529 1.34188 36.1116 0.926225 35.1854 22.6439 12.5415 10.0842 2.97776 21.4028 7.1064 4.38353 2.32432 20.8314 1.14446 19.6869 19.2366 17.0903 3.23789 2.57447 2.14624
internal_count=8000 7778 7520 272 201 7248 200 7048 6880 168 144 63 5515 81 58 42 5151 751 4400 4398 3915 1659 1374 483
is_linear=0
shrinkage=0.03


Tree=239
num_leaves=25
num_cat=0
split_feature=14 5 5 3 7 4 7 4 16 7 3 3 16 8 0 5 16 4 3 5 3 16 2 4
split_gain=3.83995 0.216362 0.357773 0.21679 0.329309 0.302317 0.594066 0.624698 0.62467 0.344986 0.432705 0.62227 0.620118 1.14514 0.5328 0.421217 0.408368 0.995094 0.500383 0.946479 0.671314 0.448609 0.783882 0.580402
threshold=1.0000000180025095e-35 234.50000000000003 233.50000000000003 2267.5000000000005 4096.0950000000012 19.250000000000004 4552.505000000001 23.650000000000002 0.015445500000000003 4925.3900000000003 1711.5000000000002 1684.5000000000002 0.021038000000000005 4233.3000000000011 1.0000000180025095e-35 144.50000000000003 0.021391000000000004 34.95000000000001 1566.5000000000002 213.50000000000003 1550.5000000000002 0.023213500000000001 308.25000000000006 37.45000000000001
decision_type=2 2 2 2 2 2 2 2 2 2 2 2 2 2 2 2 2 2 2 2 2 2 2 2
left_child=1 2 3 4 -1 -6 -7 -8 -9 -10 11 12 13 15 -13 -11 -14 -18 20 -20 21 -19 -23 -24
right_child=-2 -3 -4 -5 5 6 7 8 9 10 -12 14 16 -15 -16 -17 17 18 19 -21 -22 22 23 -25
leaf_value=-0.032559621641960294 0.030021073970894738 -0.030753718931296577 0.030211733038544901 0.023574612882036904 0.029898672472645861 -0.032968826649871497 0.025443470101828205 -0.032848502266413719 0.019362298016367858 -0.03013103710789472 -0.031157395747076426 -0.030725152222573278 0.018393702300869629 -0.032373545213953754 0.024310034551340124 0.030515237853027614 -0.035324237384885014 0.023514438091358114 -0.031054174425895524 0.019141130890548055 -0.033549786395353554 -0.03318586182938503 -0.017786968886779452 0.0015532792406367127
leaf_weight=0.27469332169675809 4.4413727447390547 0.19806237006559868 0.36570273339748283 0.359506705943203 0.31025356351528799 0.48071516676009096 0.88856791427679027 0.51427873792272194 0.84768250330671335 0.1317578194684782 0.39684004034279396 0.17750913926647527 1.1048561352508866 1.3461494434468475 1.4642301527273955 0.47342300415039062 0.70765303462940465 0.71196513226460467 0.39017622928622531 2.5324050262570381 0.54715897883215703 0.64830575126507284 1.4955714080006171 21.086018382493421
leaf_count=99 222 13 2 35 18 238 43 308 112 511 213 118 94 320 73 1 243 32 468 11 217 543 284 3782
internal_value=0.00364616 0.000518522 0.000684775 0.000392063 0.000163915 0.000411848 0.000157339 0.000606358 -3.1931e-05 0.000463548 -1.87824e-05 0.00035776 -0.000590235 -0.0169643 0.0183595 0.0173115 0.000503084 -0.00019987 0.000706894 0.0124399 -0.000693347 5.75422e-05 -0.00066138 0.000272381
internal_weight=41.8949 37.4535 37.2554 36.8897 36.5302 36.2555 35.9453 35.4645 34.576 34.0617 33.214 32.8172 31.1754 1.95133 1.64174 0.605181 29.2241 28.1193 27.4116 2.92258 24.489 23.9419 23.2299 22.5816
internal_count=8000 7778 7765 7763 7728 7629 7611 7373 7330 7022 6910 6697 6506 832 191 512 5674 5580 5337 479 4858 4641 4609 4066
is_linear=0
shrinkage=0.03


Tree=240
num_leaves=25
num_cat=0
split_feature=14 6 15 6 16 16 6 16 5 3 5 16 4 16 3 4 4 8 15 5 8 7 5 15
split_gain=3.73769 0.214561 0.30291 0.961459 0.60901 0.79946 0.445059 0.723416 0.619201 0.720635 0.796784 0.6097 0.984995 0.987912 0.935003 0.591002 0.513964 0.468689 0.443685 0.449437 0.442915 0.773872 0.434486 0.413068
threshold=1.0000000180025095e-35 7.7500000000000009 1.0270500000000002 8.5500000000000025 0.031680500000000007 0.028273500000000003 8.6500000000000004 0.033864000000000005 212.50000000000003 1345.5000000000002 167.50000000000003 0.033450000000000008 46.45000000000001 0.032748500000000007 1428.5000000000002 53.850000000000001 54.050000000000004 9238.2500000000018 1.0293500000000002 219.50000000000003 6283.0500000000002 7202.71 218.50000000000003 1.0380500000000004
decision_type=2 2 2 2 2 2 2 2 2 2 2 2 2 2 2 2 2 2 2 2 2 2 2 2
left_child=1 -1 4 -4 5 -3 8 11 9 -5 20 12 13 14 -8 -9 -17 18 -16 22 21 -11 23 -20
right_child=-2 2 3 6 -6 -7 7 15 -10 10 -12 -13 -14 -15 17 16 -18 -19 19 -21 -22 -23 -24 -25
leaf_value=-0.032256128271925325 0.030020448956038344 -0.031838900931721259 -0.032231254912417066 0.02580978742990124 -0.031159449501960583 0.026593205839208843 -0.031283284321350982 -0.030932049259994408 0.029103786977966249 0.011705284816402392 -0.036021119283403888 0.014825660939028658 -0.036197695753288885 0.02717186956485431 -0.032556525701411689 0.026809800601995511 -0.030129764636122956 -0.031057079352979557 0.00024389019741363597 0.0086533318015069999 0.027044633038108553 -0.039875355340828311 -0.033708499189850916 -0.031283211296007571
leaf_weight=0.17903260656930697 4.3101987428963175 0.24524129491783142 0.81278331061093823 0.90162673592567388 0.2562637941300635 1.4977126476151168 0.88684161673701822 1.2134737635424233 1.1101233921945093 0.76851780198376241 0.58623101517150633 2.4957881185982833 0.68503144884198164 1.1705300558533043 0.3551236081730228 0.37805485908029357 0.22915604915942822 0.42599837941815977 15.727212010811861 5.5211762092076233 0.53794283606111992 0.39701786288060248 0.36269545834511419 0.38313275415748727
leaf_count=35 222 131 213 6 40 31 413 980 4 56 24 120 285 54 233 21 459 31 4221 46 3 5 6 361
internal_value=0.00357666 0.000506691 0.000665446 1.57648e-05 0.0120226 0.0183716 0.000783579 -0.00051712 0.00980501 0.00309183 -0.0058539 0.000673825 -0.00071031 0.00026864 -0.00106222 -0.0188413 0.00532131 0.000114549 0.000708708 0.00124582 0.00452777 -0.00586469 -0.00123692 -0.000505881
internal_weight=41.4369 37.1267 36.9477 34.9485 1.99922 1.74295 34.1357 29.8342 4.30146 3.19134 2.28971 28.0135 25.5177 24.8327 23.6622 1.82068 0.607211 22.7753 22.3493 21.9942 1.70348 1.16554 16.473 16.1103
internal_count=8000 7778 7743 7541 202 162 7328 7230 98 94 88 5770 5650 5365 5311 1460 480 4898 4867 4634 64 61 4588 4582
is_linear=0
shrinkage=0.03


Tree=241
num_leaves=25
num_cat=0
split_feature=14 5 5 5 8 7 3 4 3 3 16 8 8 5 3 2 7 2 16 2 5 5 16 5
split_gain=3.63747 0.210328 0.346355 0.703722 0.322309 0.297677 0.831547 0.564399 0.449485 0.351859 0.497112 1.0523 0.412089 0.4062 0.790621 0.400358 1.19486 0.877979 2.14903 1.1008 0.88864 1.83881 0.870552 0.711879
threshold=1.0000000180025095e-35 234.50000000000003 231.50000000000003 228.50000000000003 10326.900000000003 4552.505000000001 2267.5000000000005 23.650000000000002 1737.5000000000002 1684.5000000000002 0.020393000000000005 4233.3000000000011 4198.5000000000009 215.50000000000003 1686.5000000000002 308.55000000000007 6260.9550000000008 310.45000000000005 0.028359000000000006 309.95000000000005 226.50000000000003 215.50000000000003 0.040267000000000004 213.50000000000003
decision_type=2 2 2 2 2 2 2 2 2 2 2 2 2 2 2 2 2 2 2 2 2 2 2 2
left_child=1 2 3 4 5 6 -1 -7 9 10 11 12 -9 14 -11 16 -12 18 -17 -20 21 22 23 -19
right_child=-2 -3 -4 -5 -6 7 -8 8 -10 13 15 -13 -14 -15 -16 17 -18 20 19 -21 -22 -23 -24 -25
leaf_value=-0.032725775580347026 0.030019846467662894 -0.030738117327161037 0.01603549005931872 -0.035043714636886117 -0.030638324134747198 0.025296920454402877 0.023287510887742065 -0.030126996195118796 -0.031381508683144904 0.0244058146000323 0.013798444855859696 -0.032377777484035898 0.030371413342159811 0.023630860799159707 -0.030828958690844163 -0.033178976394297274 -0.031226584669341837 0.0031842664754734434 0.0086290801943791403 -0.031655153564457271 0.030073459260770551 -0.032978692912110287 -0.037055743537330536 0.022732945525599093
leaf_weight=0.73535938138411328 4.1828959956765166 0.19302373274695028 1.2727351682260621 0.50528964889235695 0.29443782256930617 0.86544893590325855 0.35305423243698897 0.12991816867543349 0.38716077535900595 0.480939457956992 4.6757323361889602 1.1273760386393403 0.46052838364994386 1.2824429534375665 0.45282999436676619 2.289859395676106 0.59833990328115749 11.298000705128286 3.9126446486279747 0.72336198326593137 1.0490906685590733 1.2729076830437396 0.43477380215699746 1.9686783561483032
leaf_count=354 222 13 10 9 87 43 35 438 396 23 395 263 6 5 331 1069 719 2145 937 315 3 32 138 12
internal_value=0.00351147 0.000495426 0.000660278 0.000105899 0.00061637 0.000883123 -0.0145565 0.0013861 0.000750251 0.0011371 0.000283343 -0.0153852 0.0170597 0.0126715 -0.0023802 0.00123701 0.00869039 -0.000475875 -0.00940111 0.00234348 0.00338191 0.00151192 0.0047162 0.00608515
internal_weight=40.9468 36.7639 36.5709 35.2982 34.7929 34.4984 1.08841 33.41 32.5446 32.1574 29.9412 1.71782 0.590447 2.21621 0.933769 28.2234 5.27407 22.9493 6.92587 4.63601 16.0235 14.9744 13.7015 13.2667
internal_count=8000 7778 7765 7755 7746 7659 389 7270 7227 6831 6472 707 444 359 354 5765 1114 4651 2321 1252 2330 2327 2295 2157
is_linear=0
shrinkage=0.03


Tree=242
num_leaves=25
num_cat=0
split_feature=14 1 2 3 16 1 3 5 1 6 7 1 4 8 7 5 5 8 1 8 5 16 3 4
split_gain=3.53882 0.208501 0.24363 0.622106 0.700792 0.360973 0.662022 0.330456 1.41265 0.681458 0.707247 0.906585 0.89032 0.942087 0.656842 0.511365 0.481438 0.667077 1.26152 0.900327 0.634366 0.581751 1.07457 0.415395
threshold=1.0000000180025095e-35 296.85000000000008 307.85000000000008 1604.5000000000002 0.023122500000000001 297.25000000000006 1330.5000000000002 213.50000000000003 298.45000000000005 10.450000000000001 6251.0150000000012 302.25000000000006 39.050000000000004 10129.500000000002 4667.3450000000003 211.50000000000003 207.50000000000003 7822.8500000000013 298.55000000000007 7581.3000000000011 206.50000000000003 0.017599500000000001 1509.5000000000002 48.350000000000001
decision_type=2 2 2 2 2 2 2 2 2 2 2 2 2 2 2 2 2 2 2 2 2 2 2 2
left_child=1 -1 3 4 -3 6 -4 8 -7 10 11 -9 -12 -14 -10 16 17 19 -19 21 -20 -16 23 -23
right_child=-2 2 5 -5 -6 7 -8 9 14 -11 12 -13 13 -15 15 -17 -18 18 20 -21 -22 22 -24 -25
leaf_value=-0.03083659850946768 0.030019258664667387 0.029883769076855242 0.029691022567516205 -0.034216301951324371 -0.033778932046444304 -0.03350320775689912 -0.033039685812376901 -0.020043988236359011 -0.032704496055414624 0.013447722690656704 0.030639761101113088 0.0076055163588093101 -0.031523360493186658 0.01562046024959567 0.014638900365598936 -0.017817270673781332 0.01090929719676611 0.029710593526763366 -0.035076445829160911 0.020699891501762633 0.0039477620516784528 -0.0071674791276524 -0.03146774133800978 0.0073440629373226398
leaf_weight=0.19027743736478342 4.0593507885932913 1.0769472944011784 0.19527999273850483 0.2179144069978064 0.18190355347724096 1.1785875530094951 0.67397782335865486 2.5891673299483937 0.52999750796152767 4.7604141113115475 1.1654720902442934 1.8157335827127097 0.65265783609356709 0.91819021274568513 1.736325110301556 1.2055044579901721 4.4949616166413753 0.46693018826772403 1.4701158234274769 2.0460099741030708 0.50322909507667635 3.6581059313230053 1.1427416384831302 3.4493106780901144
leaf_count=258 222 24 6 71 177 1365 194 37 364 60 2 19 27 23 465 28 63 6 500 102 7 1495 1782 703
internal_value=0.00345391 0.000484775 0.00064973 0.0125833 0.0206845 0.000141169 -0.0189471 0.000632317 -0.00155589 0.00465545 -0.00120557 -0.00864665 0.010773 -0.00396691 0.000262803 0.00112893 0.00233307 -0.000330545 -0.0146324 0.00256997 -0.0251248 -0.00114445 -0.00446621 -0.000124862
internal_weight=40.3791 36.3198 36.1295 1.47677 1.25885 34.6527 0.869258 33.7835 21.8818 11.9016 7.14122 4.4049 2.73632 1.57085 20.7032 20.1732 18.9677 14.4728 2.44028 12.0325 1.97334 9.98648 8.25016 7.10742
internal_count=8000 7778 7520 272 201 7248 200 7048 6880 168 108 56 52 50 5515 5151 5123 5060 513 4547 507 4445 3980 2198
is_linear=0
shrinkage=0.03


Tree=243
num_leaves=25
num_cat=0
split_feature=14 5 5 3 7 4 16 6 7 15 7 1 1 5 7 3 3 4 7 7 5 8 2 2
split_gain=3.44312 0.204354 0.340172 0.205952 0.676045 0.586297 0.578736 0.554906 0.315566 0.697761 0.676112 0.365954 1.5467 1.07574 0.875182 0.748229 0.655119 1.14993 1.10458 1.25802 0.779436 0.579384 0.600585 0.593048
threshold=1.0000000180025095e-35 234.50000000000003 233.50000000000003 2089.5000000000005 4552.505000000001 23.650000000000002 0.015445500000000003 10.950000000000001 5141.4150000000009 1.0308500000000003 5369.4550000000008 301.65000000000003 301.05000000000007 227.50000000000003 7716.3650000000007 1615.5000000000002 1548.5000000000002 37.45000000000001 5909.9600000000009 6054.1000000000013 205.50000000000003 9826.3000000000011 308.25000000000006 308.55000000000007
decision_type=2 2 2 2 2 2 2 2 2 2 2 2 2 2 2 2 2 2 2 2 2 2 2 2
left_child=1 2 3 4 -1 -6 -7 -5 9 -8 -10 12 13 15 -13 16 17 -12 -19 -20 -18 22 -21 -24
right_child=-2 -3 -4 7 5 6 8 -9 10 -11 11 14 -14 -15 -16 -17 20 18 19 21 -22 -23 23 -25
leaf_value=-0.032866915228752271 0.030018689134354563 -0.030725313706157144 0.030203446701886922 -0.031252538595488641 0.025183754049825469 -0.03266975739024533 -0.031721968678997951 0.029418081927413263 -0.031423418356124194 0.01511608078424897 -0.033082388439919133 0.0059558737275086527 -0.034245807150441697 -0.036630650937344689 -0.036466698000465841 -0.031671839289308758 -0.030634365336337639 0.025609696827005677 -0.036084001254875583 -0.03237609376619658 0.020754156609862136 -0.031027862221389965 0.023084614555799153 0.0017033080302076165
leaf_weight=0.55400940446815994 3.9394527152180663 0.18795123242307354 0.3468591719865789 0.1754770372326665 0.84733288497045478 0.48348920170610554 0.32231391337882032 0.59818615764197602 0.62388604261468827 2.5586070625649882 0.88951674978489492 11.115149281607952 1.2869624664817809 0.69432422099635083 0.45561028426163908 0.58800078715830828 0.29546888600816545 1.5797030663452449 0.85983429340922057 0.3952922233838726 2.6311323344707489 0.45535203154213455 1.4201513955740663 6.5631002087557135
leaf_count=281 222 13 2 84 43 308 101 25 426 274 285 1270 461 12 110 405 610 97 151 439 24 126 305 1926
internal_value=0.00339387 0.000474469 0.000638545 0.000348802 6.69317e-06 0.000541323 -8.72641e-05 0.0156572 0.000393981 0.0098759 -0.000521043 0.000138548 -0.00257866 -8.9364e-05 0.00428544 0.00152897 0.00282272 -0.000243516 0.0023476 -0.00144323 0.015566 0.00192848 0.00371957 0.00550686
internal_weight=39.8672 35.9277 35.7398 35.3929 34.6192 34.0652 33.2179 0.773663 32.7344 2.88092 29.8535 29.2296 17.6588 16.3719 11.5708 15.6776 15.0896 12.1629 11.2734 9.69373 2.9266 8.8339 8.37854 7.98325
internal_count=8000 7778 7765 7763 7654 7373 7330 109 7022 375 6647 6221 4841 4380 1380 4368 3963 3329 3044 2947 634 2796 2670 2231
is_linear=0
shrinkage=0.03


Tree=244
num_leaves=25
num_cat=0
split_feature=14 8 5 4 0 4 16 16 8 8 16 4 16 3 7 16 7 5 16 6 2 2 3 5
split_gain=3.34991 0.20266 0.238499 0.376309 0.705496 0.71511 0.569825 1.06531 0.59009 0.524834 0.481052 0.966122 0.835868 0.831461 0.4718 0.501164 1.21571 0.552097 0.521068 0.637896 0.468844 1.34727 1.03151 0.896391
threshold=1.0000000180025095e-35 399.90000000000003 8.5000000000000018 49.45000000000001 1.0000000180025095e-35 53.850000000000001 0.035039000000000008 0.034088500000000001 10129.500000000002 9826.3000000000011 0.033450000000000008 46.45000000000001 0.032748500000000007 1420.5000000000002 6816.8400000000011 0.030702000000000004 6403.5300000000007 144.50000000000003 0.028273500000000003 8.5500000000000025 310.55000000000007 309.85000000000008 1492.5000000000002 216.50000000000003
decision_type=2 2 2 2 2 2 2 2 2 2 2 2 2 2 2 2 2 2 2 2 2 2 2 2
left_child=1 -1 -3 6 -5 -6 7 8 9 10 11 12 13 -4 15 16 17 -15 19 -19 21 23 -22 -21
right_child=-2 2 3 4 5 -7 -8 -9 -10 -11 -12 -13 -14 14 -16 -17 -18 18 -20 20 22 -23 -24 -25
leaf_value=-0.03119755830004926 0.030018138495034898 0.029799983923184926 -0.031757416108297097 -0.033645223712966257 -0.030783855595519532 0.018599417373778987 0.021111624082049977 -0.035214251567750279 0.028441273048301383 -0.032217111317410382 0.012774272392006738 -0.035582017381512322 0.025967047811213544 -0.030051356218590206 -0.030981615853271249 0.018355805045198199 -0.031407264705984719 -0.031565384443860561 0.019178951797755688 -0.0056030034873115241 -0.032665439369828249 -0.025863415755816715 0.009426620699061557 0.014568247165703466
leaf_weight=0.18102218709100171 3.8230934366583815 0.25040819520290725 0.73716081945351675 0.81792552982733413 0.39176660821794917 0.80864711563845049 1.243043945311 0.73809251916099938 0.70220316288759832 0.43172344475169566 2.871129966204534 0.67495647470423037 1.1336680296735711 0.48565437193612027 0.41903083843135291 1.4294515938308894 1.0548643351539784 0.52723415509172511 1.5272621446929395 4.8721711761409114 0.55839035625831357 1.8291144828617678 8.5036252385361859 3.3434158887248486
leaf_count=431 222 6 319 689 279 187 115 158 10 24 158 276 54 2456 421 77 710 92 40 583 52 166 447 28
internal_value=0.00333483 0.000463815 0.000625943 0.000417815 -0.012158 0.00248271 0.00118506 0.000407105 0.00125247 0.000624421 0.00109755 -0.000139726 0.000765688 -0.000364123 0.000578512 0.00112654 4.16759e-05 0.0015742 0.00230001 0.000987056 0.00188531 -0.0025783 0.00683296 0.00260589
internal_weight=39.3551 35.532 35.3509 35.1005 2.01834 1.20041 33.0822 31.8391 31.1011 30.3989 29.9671 27.096 26.421 25.2874 24.5502 24.1312 22.7017 21.6469 21.1612 19.634 19.1067 10.0447 9.06202 8.21559
internal_count=8000 7778 7347 7341 1155 466 6186 6071 5913 5903 5879 5721 5445 5391 5072 4651 4574 3864 1408 1368 1276 777 499 611
is_linear=0
shrinkage=0.03


Tree=245
num_leaves=25
num_cat=0
split_feature=14 1 2 3 16 1 3 5 1 6 7 3 4 8 7 2 1 7 2 2 4 1 15 7
split_gain=3.25895 0.199811 0.229368 0.611285 0.65475 0.344725 0.619401 0.303961 1.3335 0.621047 0.648628 0.870528 0.851727 0.873892 0.61337 0.496238 0.709574 0.363029 0.872701 1.02295 0.351862 0.368003 0.615772 0.848262
threshold=1.0000000180025095e-35 296.85000000000008 307.85000000000008 1604.5000000000002 0.023122500000000001 297.25000000000006 1330.5000000000002 213.50000000000003 298.45000000000005 10.450000000000001 6251.0150000000012 1627.5000000000002 39.050000000000004 10129.500000000002 4667.3450000000003 311.85000000000008 304.35000000000008 5163.6150000000007 308.55000000000007 311.75000000000006 23.350000000000005 298.85000000000008 1.0320500000000001 7297.0950000000012
decision_type=2 2 2 2 2 2 2 2 2 2 2 2 2 2 2 2 2 2 2 2 2 2 2 2
left_child=1 -1 3 4 -3 6 -4 8 -7 10 11 -9 -12 -14 -10 20 -17 -11 -19 -20 -16 -22 -23 -24
right_child=-2 2 5 -5 -6 7 -8 9 14 17 12 -13 13 -15 15 16 -18 18 19 -21 21 22 23 -25
leaf_value=-0.0308366060730106 0.030017600561541728 0.02984863823319538 0.029638643135936182 -0.034249263511328926 -0.033551136940649609 -0.033318652939134545 -0.032899811476666915 -0.023224804328917659 -0.03254243668208448 0.026179787824616284 0.030606207862862216 0.0039151092563113341 -0.031435633648618788 0.015106030449147451 0.030171276134394624 -0.03140026185125977 0.028488433761382902 0.021658210668039964 -0.031934505954645483 0.018740800626760409 0.013726952897936656 0.00292612562086053 -0.020298476460863871 0.018910928569518794
leaf_weight=0.18271906975678476 3.7101691626012316 1.0272622255288286 0.18316953457542595 0.21395437824685348 0.17100775180006156 1.1245089894891886 0.64249962790381687 1.9368625152856092 0.50049577480786211 1.3457404486835001 1.1070981621742251 2.3593869600445032 0.61804281233344205 0.88019409624394029 0.39715080754832044 0.84448726833033905 0.22562480886699632 1.7926993262954058 0.81400984371430218 0.64069408853538334 2.0107746878002244 13.102382887682326 2.3816015368302028 0.62740146124997398
leaf_count=258 222 24 6 71 177 1365 194 35 364 6 2 21 27 23 2 746 5 7 40 7 483 2256 1374 285
internal_value=0.00327758 0.000453482 0.00061708 0.0124606 0.0208007 0.000118326 -0.019026 0.000601583 -0.00152719 0.0045304 -0.00115832 -0.00832028 0.0106519 -0.00409303 0.000252299 0.00109018 -0.0187732 0.0130782 0.00764881 -0.00961562 0.00223796 0.00162579 0.000115513 -0.012123
internal_weight=38.8399 35.1298 34.947 1.41222 1.19827 33.5348 0.825669 32.7092 21.2144 11.4947 6.90158 4.29625 2.60534 1.49824 20.0899 19.5894 1.07011 4.59314 3.2474 1.4547 18.5193 18.1222 16.1114 3.009
internal_count=8000 7778 7520 272 201 7248 200 7048 6880 168 108 56 52 50 5515 5151 751 60 54 47 4400 4398 3915 1659
is_linear=0
shrinkage=0.03


Tree=246
num_leaves=25
num_cat=0
split_feature=14 8 5 4 0 4 16 16 8 8 8 8 8 4 7 4 7 8 5 5 2 2 7 5
split_gain=3.17039 0.195928 0.23079 0.363317 0.681954 0.686966 0.541371 1.0284 0.560693 0.501689 0.452407 0.759412 0.517361 0.417579 0.617426 0.468885 0.696907 0.400496 0.356235 0.480181 0.388422 1.37968 1.14821 0.636412
threshold=1.0000000180025095e-35 399.90000000000003 8.5000000000000018 49.45000000000001 1.0000000180025095e-35 53.850000000000001 0.035039000000000008 0.034088500000000001 10129.500000000002 9826.3000000000011 9579.5000000000018 9474.8000000000011 9341.1000000000004 48.350000000000001 7103.045000000001 47.650000000000013 6816.8400000000011 1778.5500000000004 40.500000000000007 100.50000000000001 310.45000000000005 309.85000000000008 6297.9800000000005 233.50000000000003
decision_type=2 2 2 2 2 2 2 2 2 2 2 2 2 2 2 2 2 2 2 2 2 2 2 2
left_child=1 -1 -3 6 -5 -6 7 8 9 10 11 12 13 14 15 16 17 -4 -19 -20 21 22 -21 -23
right_child=-2 2 3 4 5 -7 -8 -9 -10 -11 -12 -13 -14 -15 -16 -17 -18 18 19 20 -22 23 -24 -25
leaf_value=-0.03117250942841561 0.030017081994723114 0.029762293669900811 -0.031033392225812233 -0.033584356193379711 -0.030765747629164127 0.018192564178730497 0.020743080212569216 -0.035089386482617252 0.028274984540038486 -0.032152731189930846 0.019681987177994176 -0.038078699779362894 0.026100666636150339 0.026605251134909386 -0.031506320753743572 0.028524866183193508 -0.030768769384980781 0.030350703695907671 -0.030317773425209055 0.0051150392636596228 0.0050543737307267725 -0.033584953905219088 -0.031443532071390445 0.013127861732040511
leaf_weight=0.1755130992296462 3.6005785837769499 0.24260153038267063 0.35360505955854193 0.79434906116875836 0.381061265034077 0.7983628784204484 1.2225841537856457 0.71824784173077105 0.6745882774121118 0.4146268241602219 1.1312123390089244 0.45573548803804342 0.71786267519928415 0.53228647877949598 0.5562068342933334 0.52415127016320084 0.65147509173766494 0.36965775207500229 0.44165062980937619 8.8885406084082206 11.952266267790945 1.6005376324574161 0.84685310260283664 0.31398040894418944
leaf_count=431 222 6 1039 689 279 187 115 158 10 24 24 16 12 57 292 12 428 2 1157 1003 1197 300 335 5
internal_value=0.00322 0.000444085 0.000604546 0.000398554 -0.0120972 0.00237458 0.00116058 0.000391838 0.00122944 0.000616192 0.00107934 0.00033324 0.000964097 0.00029655 -0.000231916 0.000438601 -0.00014056 0.000665086 0.00112421 0.00067487 0.00125481 -0.00264336 0.00193492 -0.0259241
internal_weight=38.3585 34.758 34.5824 34.3398 1.97377 1.17942 32.3661 31.1435 30.4252 29.7506 29.336 28.2048 27.7491 27.0312 26.4989 25.9427 25.4186 24.7671 24.4135 24.0438 23.6022 11.6499 9.73539 1.91452
internal_count=8000 7778 7347 7341 1155 466 6186 6071 5913 5903 5879 5855 5839 5827 5770 5478 5466 5038 3999 3997 2840 1643 1338 305
is_linear=0
shrinkage=0.03


Tree=247
num_leaves=25
num_cat=0
split_feature=14 5 5 1 2 5 2 1 1 1 1 1 1 1 7 4 2 3 3 5 15 1 1 4
split_gain=3.08458 0.19643 0.325045 0.192761 0.217092 0.919503 0.51303 0.636449 0.553505 0.630521 0.37299 0.751197 0.51479 0.890361 0.652424 1.87596 0.630491 0.63941 1.82573 0.774026 0.87845 0.652133 1.734 0.749355
threshold=1.0000000180025095e-35 234.50000000000003 233.50000000000003 304.35000000000008 311.85000000000008 214.50000000000003 311.75000000000006 302.75000000000006 302.55000000000007 302.35000000000008 302.25000000000006 302.15000000000003 302.05000000000007 301.95000000000005 5141.4150000000009 35.250000000000007 311.05000000000007 1540.5000000000002 1494.5000000000002 228.50000000000003 1.0367500000000003 298.85000000000008 300.25000000000006 46.350000000000001
decision_type=2 2 2 2 2 2 2 2 2 2 2 2 2 2 2 2 2 2 2 2 2 2 2 2
left_child=1 2 3 4 6 -6 7 8 9 10 11 12 13 14 -1 -16 17 18 21 20 -19 23 -23 -17
right_child=-2 -3 -4 -5 5 -7 -8 -9 -10 -11 -12 -13 -14 -15 15 16 -18 19 -20 -21 -22 22 -24 -25
leaf_value=0.01001262869528117 0.030016575917453422 -0.030702059810008054 0.030198091720080009 0.028387245493638334 -0.031322698260846861 0.013419476988726198 0.015054229353209291 -0.032049001364391837 0.020618497938321659 -0.033207301383262104 0.01486241725851601 -0.035360287041307989 0.018870704882730602 -0.036126143916172769 -0.032555456046641167 0.016957621389957597 -0.032140918424219761 0.020481249529391878 -0.033725524537948581 -0.036139740574264195 -0.032203393752783305 -0.032355450677812245 0.0039642899201754126 -0.030996277525031077
leaf_weight=4.6724793618250535 3.4942232854664317 0.18140163505449791 0.33067291975021262 0.21864303323672984 0.88602600345075078 0.77496608439832926 2.0878383460003525 0.55859686863186553 1.156461136789402 0.5224652148599479 1.4515073193870183 0.55283030481768847 1.2364096962446627 0.6316135201814167 1.7018765069969983 3.3205138763150956 0.51861562010526441 3.273500530187448 1.4294967838468426 0.27714846283197392 0.31197972287191067 1.4436825009324818 6.5533570749867067 0.32169305539173354
leaf_count=826 222 13 2 5 811 12 116 113 86 140 126 129 71 85 1091 580 409 416 616 3 165 641 689 633
internal_value=0.00316037 0.000433507 0.000598499 0.000309788 0.000127532 -0.0104474 0.000676057 -0.000326785 0.000276434 -0.000557212 5.86928e-05 -0.000760037 -1.55328e-05 -0.000970356 -3.8332e-05 -0.00249046 0.000441738 0.00143976 -0.00172973 0.0121633 0.0158971 0.0021999 -0.00259241 0.0127222
internal_weight=37.908 34.4138 34.2324 33.9017 33.6831 1.66099 32.0221 29.9342 29.3756 28.2192 27.6967 26.2452 25.6924 24.456 23.8243 19.1519 17.45 16.9314 13.0687 3.86263 3.58548 11.6392 7.99704 3.64221
internal_count=8000 7778 7765 7763 7758 823 6935 6819 6706 6620 6480 6354 6225 6154 6069 5243 4152 3743 3159 584 581 2543 1330 1213
is_linear=0
shrinkage=0.03


Tree=248
num_leaves=25
num_cat=0
split_feature=14 1 2 3 16 1 3 2 5 1 1 1 1 1 4 3 5 16 3 3 3 0 2 2
split_gain=3.00018 0.192194 0.218442 0.577572 0.61923 0.329077 0.587604 0.286146 1.06879 0.680105 0.421614 0.736103 0.353161 0.74035 0.456227 0.59118 0.704785 0.427496 1.79343 0.872206 1.01911 1.01958 1.17675 0.844671
threshold=1.0000000180025095e-35 296.85000000000008 307.85000000000008 1604.5000000000002 0.023122500000000001 297.25000000000006 1330.5000000000002 308.35000000000008 216.50000000000003 297.95000000000005 298.05000000000007 298.45000000000005 298.85000000000008 299.15000000000003 46.350000000000001 1456.5000000000002 217.50000000000003 0.025572000000000001 1446.5000000000002 1437.5000000000002 1422.5000000000002 1.0000000180025095e-35 310.65000000000003 310.95000000000005
decision_type=2 2 2 2 2 2 2 2 2 2 2 2 2 2 2 2 2 2 2 2 2 2 2 2
left_child=1 -1 3 4 -3 6 -4 8 -7 -9 -11 -12 14 -14 15 -13 -17 -15 19 20 21 22 -19 -24
right_child=-2 2 5 -5 -6 7 -8 9 -10 10 11 12 13 17 -16 16 -18 18 -20 -21 -22 -23 23 -25
leaf_value=-0.030829135659127045 0.030016085405442514 0.029789265608022759 0.02961352908113167 -0.034003240511254439 -0.033344051412637674 -0.031267701353532365 -0.032818148143586752 -0.032264819938806248 0.030523846581323857 0.026413297729987545 -0.035819975045322451 0.026405573136084926 -0.030877043300298754 0.004538913891220857 -0.031415735784494012 -0.031178235972238837 0.030297129806897583 -0.035600395672954345 -0.028631293132346341 0.018398541783935414 -0.031417629101269447 0.011658287433802494 0.0094417797006032412 -0.031310440739934442
leaf_weight=0.17617809182229294 3.3910079542547455 0.97732991289376403 0.17409579678496712 0.20441753475824942 0.16316592794464668 0.34133770853441336 0.61489623549459793 0.57745567910569917 0.96176820993423462 0.55906898127432469 0.50423952816891215 1.4937615906237658 0.69212938514647504 12.497473841784997 0.20169789187275444 0.42599680301645992 0.2769622802734375 1.1382893856862195 2.0989300788551182 2.2263325717030957 0.982484072963416 3.9758270272723166 2.1398169956264614 0.58231846539456444
leaf_count=258 222 24 6 71 177 436 194 600 2 71 346 59 409 2157 116 297 1 287 1094 128 230 464 79 272
internal_value=0.00310826 0.000423487 0.00058634 0.0124339 0.020757 9.55361e-05 -0.0190422 0.000572225 0.0143381 -1.83811e-05 0.000606579 0.000113091 0.000743707 -0.000260058 0.0117646 0.0157293 -0.00695726 0.000566373 -0.00321077 0.00161998 -0.00261585 0.000995223 -0.0099866 0.000724076
internal_weight=37.377 33.986 33.8098 1.34491 1.1405 32.4649 0.788992 31.6759 1.30311 30.3728 29.7953 29.2363 28.732 26.3336 2.39842 2.19672 0.702959 25.6415 13.144 11.0451 8.81874 7.83625 3.86042 2.72214
internal_count=8000 7778 7520 272 201 7248 200 7048 438 6610 6010 5939 5593 5120 473 357 298 4711 2554 1460 1332 1102 638 351
is_linear=0
shrinkage=0.03


Tree=249
num_leaves=25
num_cat=0
split_feature=14 5 5 1 2 5 2 1 1 1 1 5 1 1 1 1 7 4 2 3 3 5 15 1
split_gain=2.91799 0.186444 0.31787 0.18602 0.204376 0.889763 0.485566 0.607708 0.521484 0.607372 0.379129 0.555984 0.348418 0.730529 0.485173 0.845937 0.60998 1.79465 0.606992 0.601191 1.72586 0.736355 0.817331 0.599926
threshold=1.0000000180025095e-35 234.50000000000003 233.50000000000003 304.35000000000008 311.85000000000008 214.50000000000003 311.75000000000006 302.75000000000006 302.55000000000007 302.35000000000008 300.55000000000007 121.50000000000001 302.25000000000006 302.15000000000003 302.05000000000007 301.95000000000005 5141.4150000000009 35.250000000000007 311.05000000000007 1540.5000000000002 1494.5000000000002 228.50000000000003 1.0367500000000003 298.85000000000008
decision_type=2 2 2 2 2 2 2 2 2 2 2 2 2 2 2 2 2 2 2 2 2 2 2 2
left_child=1 2 3 4 6 -6 7 8 9 12 -8 -12 13 14 15 16 -1 -18 19 20 23 22 -21 -19
right_child=-2 -3 -4 -5 5 -7 10 -9 -10 -11 11 -13 -14 -15 -16 -17 17 18 -20 21 -22 -23 -24 -25
leaf_value=0.0097107954504219423 0.03001560811229799 -0.030664813099407457 0.030191690538186537 0.028300681660151174 -0.031291996438424952 0.013291028900205469 0.02861584701690148 -0.031961051840963789 0.020236514271549166 -0.033140082891990955 0.016133162770540371 -0.03112980215186761 0.014438201286980304 -0.035270765783999181 0.018507235981574489 -0.035805339861813383 -0.032485392952263478 0.012440602081131735 -0.032102496534794828 0.020081211205211041 -0.033524877377075754 -0.035937155982646615 -0.032072698812291967 -0.0024774122405416725
leaf_weight=4.6166672055788096 3.2908399645239106 0.17282709130085905 0.32299919426441093 0.21195191360311483 0.85542604752299556 0.76155145931988955 0.95137894393701516 0.53723928139061072 1.1279529966841426 0.50600097452570381 0.79297226020571521 0.31220219023998652 1.4313395036733698 0.54073322652675315 1.2097813407253841 0.6112104240237376 1.635447312271938 3.5111684583043878 0.50126271135377365 3.1863876084280491 1.3688323123878934 0.26815627329051483 0.29551904635991366 7.8511520282245328
leaf_count=826 222 13 2 5 811 12 32 113 86 140 44 40 126 129 71 85 1091 1213 409 416 616 3 165 1330
internal_value=0.0030563 0.0004143 0.000575082 0.000285938 0.000105307 -0.0102946 0.000643341 -0.000349021 0.000243522 -0.000575518 0.0147328 0.00278179 3.41432e-05 -0.000771328 -2.67837e-05 -0.00096708 -5.06225e-05 -0.00247115 0.000419282 0.00140841 -0.00170129 0.0119656 0.0156548 0.00213253
internal_weight=36.871 33.5802 33.4073 33.0843 32.8724 1.61698 31.2554 29.1989 28.6616 27.5337 2.05655 1.10517 27.0277 25.5963 25.0556 23.8458 23.2346 18.6179 16.9825 16.4812 12.7312 3.75006 3.48191 11.3623
internal_count=8000 7778 7765 7763 7758 823 6935 6819 6706 6620 116 84 6480 6354 6225 6154 6069 5243 4152 3743 3159 584 581 2543
is_linear=0
shrinkage=0.03


end of trees

feature_importances:
tool_wear_min=865
rotational_speed_rpm=730
process_temperature_k=721
air_temperature_k=605
power_w=558
torque_rpm_ratio=521
strain_min_nm=454
temp_ratio=442
torque_nm=431
temp_diff_k=312
physical_risk_sum=250
type_encoded=78
twf_zone=33

parameters:
[boosting: gbdt]
[objective: binary]
[metric: binary_logloss]
[tree_learner: serial]
[device_type: cpu]
[data_sample_strategy: bagging]
[data: ]
[valid: ]
[num_iterations: 250]
[learning_rate: 0.03]
[num_leaves: 25]
[num_threads: 4]
[seed: 42]
[deterministic: 0]
[force_col_wise: 0]
[force_row_wise: 0]
[histogram_pool_size: -1]
[max_depth: -1]
[min_data_in_leaf: 20]
[min_sum_hessian_in_leaf: 0.001]
[bagging_fraction: 1]
[pos_bagging_fraction: 1]
[neg_bagging_fraction: 1]
[bagging_freq: 0]
[bagging_seed: 400]
[bagging_by_query: 0]
[feature_fraction: 1]
[feature_fraction_bynode: 1]
[feature_fraction_seed: 30056]
[extra_trees: 0]
[extra_seed: 12879]
[early_stopping_round: 0]
[early_stopping_min_delta: 0]
[first_metric_only: 0]
[max_delta_step: 0]
[lambda_l1: 0]
[lambda_l2: 0]
[linear_lambda: 0]
[min_gain_to_split: 0]
[drop_rate: 0.1]
[max_drop: 50]
[skip_drop: 0.5]
[xgboost_dart_mode: 0]
[uniform_drop: 0]
[drop_seed: 17869]
[top_rate: 0.2]
[other_rate: 0.1]
[min_data_per_group: 100]
[max_cat_threshold: 32]
[cat_l2: 10]
[cat_smooth: 10]
[max_cat_to_onehot: 4]
[top_k: 20]
[monotone_constraints: ]
[monotone_constraints_method: basic]
[monotone_penalty: 0]
[feature_contri: ]
[forcedsplits_filename: ]
[refit_decay_rate: 0.9]
[cegb_tradeoff: 1]
[cegb_penalty_split: 0]
[cegb_penalty_feature_lazy: ]
[cegb_penalty_feature_coupled: ]
[path_smooth: 0]
[interaction_constraints: ]
[verbosity: -1]
[saved_feature_importance_type: 0]
[use_quantized_grad: 0]
[num_grad_quant_bins: 4]
[quant_train_renew_leaf: 0]
[stochastic_rounding: 1]
[linear_tree: 0]
[max_bin: 255]
[max_bin_by_feature: ]
[min_data_in_bin: 3]
[bin_construct_sample_cnt: 200000]
[data_random_seed: 175]
[is_enable_sparse: 1]
[enable_bundle: 1]
[use_missing: 1]
[zero_as_missing: 0]
[feature_pre_filter: 1]
[pre_partition: 0]
[two_round: 0]
[header: 0]
[label_column: ]
[weight_column: ]
[group_column: ]
[ignore_column: ]
[categorical_feature: ]
[forcedbins_filename: ]
[precise_float_parser: 0]
[parser_config_file: ]
[objective_seed: 16083]
[num_class: 1]
[is_unbalance: 0]
[scale_pos_weight: 28.5203]
[sigmoid: 1]
[boost_from_average: 1]
[reg_sqrt: 0]
[alpha: 0.9]
[fair_c: 1]
[poisson_max_delta_step: 0.7]
[tweedie_variance_power: 1.5]
[lambdarank_truncation_level: 30]
[lambdarank_norm: 1]
[label_gain: ]
[lambdarank_position_bias_regularization: 0]
[eval_at: ]
[multi_error_top_k: 1]
[auc_mu_weights: ]
[num_machines: 1]
[local_listen_port: 12400]
[time_out: 120]
[machine_list_filename: ]
[machines: ]
[gpu_platform_id: -1]
[gpu_device_id: -1]
[gpu_device_id_list: ]
[gpu_use_dp: 0]
[num_gpu: 1]

end of parameters

pandas_categorical:[]
