tree
version=v4
num_class=1
num_tree_per_iteration=1
label_index=0
max_feature_idx=9
objective=binary sigmoid:1
feature_names=type_encoded air_temperature_k process_temperature_k rotational_speed_rpm torque_nm tool_wear_min temp_diff_k power_w strain_min_nm tool_wear_critical
feature_infos=[0:2] [295.30000000000001:304.5] [305.69999999999999:313.80000000000001] [1168:2886] [3.7999999999999998:76.599999999999994] [0:253] [7.5999999999999996:12.1] [1148.4400000000001:10469.92] [0:16497] [0:1]
tree_sizes=2064 2008 2146 2085 1856 1570 2105 2087 2071 1677 2120 2135 2115 2090 2066 2142 2119 2120 2110 2116 2103 2078 2125 2119 2135 2104 2085 2101 2112 2114 2122 2128 2126 2119 2113 2133 2108 2123 2117 2101 2074 2127 2140 2089 2121 2125 2133 2102 2105 2139 2081 2107 2131 2120 2123 2108 2137 2117 2124 2100 2106 2123 2127 2126 2108 2142 2132 2143 2106 2137 2134 2110 2105 2120 2093 2132 2121 2115 2137 2121 2131 2139 2131 2112 2130 2133 2130 2138 2111 2129 2138 2091 2152 2104 2111 2118 2145 2117 2132 2138 2113 2101 2128 2111 2131 2142 2130 2152 2098 2126 2145 2140 2138 2127 2120 2135 2119 2114 2166 2112 2108 2099 2114 2121 2133 2147 2142 2123 2137 2161 2117 2097 2142 2148 2143 2136 2107 2130 2135 2087 2078 2130 2124 2161 2135 2108 2110 2110 2137 2131 2158 2144 2143 2155 2116 2143 2131 2146 2134 2153 2150 2129 2132 2139 2158 2166 2166 2116 2122 2135 2150 2132 2162 2139 2106 2126 2137 2150 2090 2128 2158 2131 2153 2094 2130 2145 2078 2174 2109 2097 2136 2130 2142 2126 2138 2159 2149 2122 2116 2142 2137 2162 2152 2152 2157 2169 2142 2128 2136 2141 2157 2136 2152 2134 2143 2155 2097 2160 2159 2136 2090 2157 2141 2123 2152 2140 2162 2143 2170 2082 2155 2136 2116 2165 2099 2142 2134 2162 2099 2107 2166 2140 2141 2144 2135 2137 2160 2118 2159 2148

Tree=0
num_leaves=19
num_cat=0
split_feature=8 7 6 4 7 0 8 4 4 4 7 8 8 7 4 8 4 1
split_gain=1421.59 694.493 338.2 525.793 287.904 53.8445 7.71586 19.8898 4.24279 5.32465 4.28003 4.15874 2.90031 13.1314 5.30274 2.44149 1.89165 1.03375
threshold=10823.600000000002 8982.2450000000008 8.6500000000000004 44.95000000000001 3534.8850000000007 1.0000000180025095e-35 7129.1500000000005 39.050000000000004 20.550000000000004 40.850000000000001 6457.8250000000007 7581.3000000000011 8935.4000000000033 6830.4850000000015 44.150000000000013 6604.0500000000011 35.850000000000001 302.65000000000003
decision_type=2 2 2 2 2 2 2 2 2 2 2 2 2 2 2 2 2 2
left_child=1 2 3 8 -4 -2 -6 11 -1 15 -11 16 -9 14 -14 -10 -8 -15
right_child=5 -3 4 -5 6 -7 7 12 9 10 -12 -13 13 17 -16 -17 -18 -19
leaf_value=-3.3328403069126429 -3.0631642994546944 -3.1138582304556608 -3.1876219966357295 -3.1945857034452243 -3.3653934266168033 -3.2902086609663352 -3.3388473515772037 -3.3649753364187154 -3.3644852504513776 -3.3243453010530493 -3.3538848888973352 -3.3207628183494995 -3.3506159462271703 -3.3643017215308912 -3.3135702686050554 -3.3464152945172798 -3.357704787089776 -3.3501780149862146
leaf_weight=0.72842989489436405 2.9242040850222102 1.6234178096055973 1.0136906430125225 6.4017426073551169 196.43694729730487 1.1735461093485353 1.1538871824741357 22.257497306913137 9.4909702613949758 0.73123831301927511 1.9337299540638921 2.4143820703029633 1.2791802808642381 8.672783169895407 0.96594753488898266 1.2165337316691864 1.4072817973792551 0.75554054230451662
leaf_count=22 83 46 29 189 6001 35 35 680 290 22 59 73 39 265 29 37 43 23
internal_value=-3.34931 -3.35446 -3.35713 -3.29843 -3.36249 -3.09824 -3.36411 -3.35728 -3.35415 -3.35699 -3.34098 -3.33154 -3.36171 -3.35441 -3.32821 -3.36189 -3.34915 -3.36289
internal_weight=262.581 258.483 256.86 20.5026 236.357 4.09775 235.343 38.9065 14.1009 13.3725 2.66497 4.97555 33.9309 11.6735 2.24513 10.7075 2.56117 9.42832
internal_count=8000 7882 7836 619 7217 118 7188 1187 430 408 81 151 1036 356 68 327 78 288
is_linear=0
shrinkage=1


Tree=1
num_leaves=18
num_cat=0
split_feature=8 7 6 7 7 5 0 8 7 5 7 5 8 5 5 7 8
split_gain=1178.95 601.534 320.588 267.172 266.637 67.1564 14.9129 11.5185 7.79626 5.74811 3.45203 1.36048 1.14957 2.11788 0.945671 0.246545 0.224889
threshold=10823.600000000002 8982.2450000000008 8.6500000000000004 3534.8850000000007 6660.3400000000011 202.50000000000003 1.0000000180025095e-35 6563.7000000000016 6830.4850000000015 85.500000000000014 6318.7650000000012 204.50000000000003 1448.3000000000002 29.500000000000004 192.50000000000003 5728.9300000000012 10129.500000000002
decision_type=2 2 2 2 2 2 2 2 2 2 2 2 2 2 2 2 2
left_child=1 2 4 -4 7 -5 -2 9 11 10 12 -7 13 15 -11 -1 -10
right_child=6 -3 3 5 -6 8 -8 -9 16 14 -12 -13 -14 -15 -16 -17 -18
leaf_value=-0.0059162631271861676 0.23404665921071408 0.20593049770546995 0.15073630870838081 -0.015518759210332625 0.11392346741428089 0.0029410004535912132 0.058303217004902909 0.030548202452638649 -0.0066793127621024842 -0.012783563098269494 0.025867719104706609 0.026552088593063787 -0.0072443503242599306 0.017794615844731493 0.00076875065178637879 0.00077244714819413632 0
leaf_weight=1.1023014783859273 3.8115569911897174 2.0203574374318114 1.1789612621068943 219.37746337428689 7.9643213860690585 1.3794305734336365 1.2413792498409746 1.9972475878894318 1.2929034456610673 5.9771947786211967 0.74991324543952931 9.427315775305031 1.4550395384430883 0.72734061628580082 0.71650744974613179 0.71609126031398762 0.87695774808526028
leaf_count=34 83 46 29 6794 209 42 35 59 40 184 22 285 45 22 22 22 27
internal_value=0.00134695 -0.00377156 -0.00644112 -0.0118146 0.0494392 -0.0134548 0.211542 0.00455121 0.0194714 -0.00223454 0.00913455 0.0244726 0 0.00599474 -0.0109552 -0.00278287 -0.00415144
internal_weight=262.012 256.959 254.939 233.533 21.406 232.354 5.05294 13.4416 12.9766 11.4444 4.75069 10.8067 4.00077 2.54573 6.6937 1.81839 2.16986
internal_count=8000 7882 7836 7217 619 7188 118 410 394 351 145 327 123 78 206 56 67
is_linear=0
shrinkage=0.0155488


Tree=2
num_leaves=19
num_cat=0
split_feature=7 3 6 3 7 0 7 7 0 4 2 7 2 6 6 1 6 3
split_gain=751.671 381.131 1090.67 243.049 62.999 23.0489 10.7216 10.1546 9.51303 5.94027 5.91831 3.32468 2.8917 2.42688 3.87324 3.04017 1.81558 1.68264
threshold=8982.2450000000008 1380.5000000000002 8.6500000000000004 2471.5000000000005 8056.6750000000002 1.0000000180025095e-35 7445.2800000000007 7716.3650000000007 1.0000000180025095e-35 16.850000000000005 309.75000000000006 7617.3650000000007 310.15000000000003 9.6500000000000004 10.950000000000001 299.05000000000007 10.950000000000001 1446.5000000000002
decision_type=2 2 2 2 2 2 2 2 2 2 2 2 2 2 2 2 2 2
left_child=1 2 -1 7 6 -6 16 9 10 12 11 -8 -3 -9 15 -15 -4 -11
right_child=-2 3 4 -5 5 -7 8 13 -10 17 -12 -13 -14 14 -16 -17 -18 -19
leaf_value=0.24479407200555547 0.20348725216835628 0.019737104965119295 -0.013025975937115953 0.14014705771775379 0.065443444734969144 0.0028732353148528417 0.016948864321762114 -0.0039051750864805062 -0.0077201184137166467 -0.0088045425973399954 0.032694599427134402 -0.0084925348311638681 -0.0053851359650879862 0.000325544366463699 -0.0041090263600743965 0.029253424976903281 -0.0006334725131499244 -0.013327253856005758
leaf_weight=4.3148057274520388 3.1302381306886664 1.091427851468324 12.061737794429069 1.3424575328826893 4.1237892620265475 2.2793495543301105 0.77616500109433983 4.8528209850192052 3.6280859932303429 41.411541063338518 2.8892760574817657 1.8983839079737661 0.98469014465808857 1.7950667887926104 2.1575833559036255 1.3438110537827013 4.6664802581071845 166.77233066782355
leaf_count=95 60 33 374 30 109 70 22 141 113 1274 82 59 30 54 67 38 143 5206
internal_value=0.00137645 -0.00202119 0.0435685 -0.00977201 0.00850982 0.0477665 -0.00279097 -0.0114845 0.00970219 -0.0122197 0.0209624 0.000947466 0.00911129 0.00307866 0.00959106 0.0183783 -0.0100664 -0.0125037
internal_weight=261.52 258.39 36.6381 221.752 32.3233 6.40314 25.9201 220.409 9.19191 210.26 5.56382 2.67455 2.07612 10.1493 5.29646 3.13888 16.7282 208.184
internal_count=8000 7940 1067 6873 972 179 793 6843 276 6543 163 81 63 300 159 92 517 6480
is_linear=0
shrinkage=0.0155488


Tree=3
num_leaves=19
num_cat=0
split_feature=3 6 5 3 5 3 3 5 0 3 5 6 3 5 6 3 6 3
split_gain=562.714 755.398 244.374 221.551 165.337 24.9696 10.1106 11.605 8.16826 6.74546 8.49441 6.12705 5.21324 4.82585 3.383 3.04907 2.46301 1.73127
threshold=1380.5000000000002 8.6500000000000004 188.50000000000003 2471.5000000000005 204.50000000000003 1326.5000000000002 1462.5000000000002 213.50000000000003 1.0000000180025095e-35 1422.5000000000002 188.50000000000003 11.250000000000002 1495.5000000000002 206.50000000000003 8.9500000000000011 1418.5000000000002 9.8500000000000032 1386.5000000000002
decision_type=2 2 2 2 2 2 2 2 2 2 2 2 2 2 2 2 2 2
left_child=1 -1 5 4 9 11 -6 13 -4 10 15 -3 -9 -8 -7 17 -12 -2
right_child=3 2 8 -5 6 14 7 12 -10 -11 16 -13 -14 -15 -16 -17 -18 -19
leaf_value=0.2038401547720807 0 0.026528707496247868 0.12241954826623865 0.12983067475440743 0.062445759014210296 0.011471731271296672 0.021980448598392807 0.0039544720005891586 0.029000735067425308 -0.014813773251602118 0 -0.0055180236798851676 0.048322046507975766 -0.0041123108327503237 -0.0079852355838526349 0.0038662599833430892 0.025716975973362269 -0.012446416557588892
leaf_weight=5.5741517543792716 3.1565678641200163 9.0207691416144389 3.9829975701868525 1.5240283049643029 3.68609270825982 1.1768728680908704 1.3971986249089221 1.2454654686152933 1.3588053733110426 178.1996004730463 1.1790013201534741 1.0126804448664177 3.4606412015855312 3.565236397087574 18.354990314692259 2.9466757886111727 1.158463943749666 19.180484149605036
leaf_count=98 95 256 85 30 100 34 42 37 38 5631 35 31 101 108 567 89 32 591
internal_value=0.00139428 0.0537881 0.0235261 -0.00844641 -0.0101532 0.00413187 0.0404906 0.0255991 0.109213 -0.0136815 -0.00591967 0.022701 0.0405104 0.00554946 -0.00601055 -0.00883576 0.0166579 -0.0107902
internal_weight=261.181 40.4813 34.9071 220.699 219.175 29.5653 13.3546 9.66854 5.3418 205.821 27.6212 10.0334 4.70611 4.96244 19.5319 25.2837 2.33747 22.3371
internal_count=8000 1109 1011 6891 6861 888 388 288 123 6473 842 287 138 150 601 775 67 686
is_linear=0
shrinkage=0.0155488


Tree=4
num_leaves=17
num_cat=0
split_feature=8 7 6 3 3 5 7 3 8 7 3 5 1 1 8 8
split_gain=874.544 450.454 278.614 675.686 189.493 64.2104 7.47446 5.29078 5.8373 2.28713 2.0996 1.04941 1.00544 0.992706 0.686649 0.202541
threshold=10823.600000000002 8982.2450000000008 8.6500000000000004 1380.5000000000002 2471.5000000000005 202.50000000000003 6830.4850000000015 1968.0000000000002 6604.0500000000011 3883.7550000000006 1440.5000000000002 204.50000000000003 303.55000000000007 298.85000000000008 7677.1000000000013 10129.500000000002
decision_type=2 2 2 2 2 2 2 2 2 2 2 2 2 2 2 2
left_child=1 2 3 -1 5 9 11 8 12 13 -10 -7 -5 -4 -12 -8
right_child=-2 -3 4 7 -6 6 15 -9 10 -11 14 -13 -14 -15 -16 -17
leaf_value=0.17157357550889996 0.16037903390259511 0.155921347711937 0.0087852469104014504 -0.01447313790612097 0.11515917224222955 0.0030387996030528624 -0.0066905231557509359 0.01732209070477438 -0.0054204741516028559 -0.015475337147165754 0 0.025128689560764167 0 -0.0059956899424920768 0.018605881996208874 0
leaf_weight=5.8410487771034267 6.8646942228078833 2.9624855592846862 0.76261020451784034 13.324869439005855 1.5745810493826855 1.3663260452449311 1.2956855893135064 0.75454959273338218 0.98126552999019567 210.28074914775789 0.90828350931406054 9.7897559106349927 0.89659531973302442 1.12106048874557 1.1648363173007963 0.92188135161995877
leaf_count=88 118 46 23 399 27 42 40 22 25 6739 27 284 27 35 31 27
internal_value=0.00141253 -0.00363105 -0.00628989 0.0428803 -0.0116805 -0.0132104 0.0184866 -0.00700001 -0.00936304 -0.0153226 0.00725053 0.0233102 -0.0134764 0 0.0141911 -0.00432472
internal_weight=260.811 253.947 250.984 23.8714 227.113 225.538 13.3736 18.0304 17.2759 212.164 3.05439 11.1561 14.2215 1.88367 2.07312 2.21757
internal_count=8000 7882 7836 619 7217 7190 393 531 509 6797 83 326 426 58 58 67
is_linear=0
shrinkage=0.0155488


Tree=5
num_leaves=14
num_cat=0
split_feature=8 7 6 3 7 5 7 3 8 4 5 8 5
split_gain=755.597 401.922 266.521 565.634 206.667 63.3161 7.03114 5.20995 5.77194 2.13197 0.905655 0.793844 0.202155
threshold=10823.600000000002 8982.2450000000008 8.6500000000000004 1380.5000000000002 3534.8850000000007 202.50000000000003 6830.4850000000015 1968.0000000000002 6604.0500000000011 46.150000000000013 204.50000000000003 7677.1000000000013 213.50000000000003
decision_type=2 2 2 2 2 2 2 2 2 2 2 2 2
left_child=1 2 3 -1 -4 -6 10 8 -5 11 -7 -10 -8
right_child=-2 -3 4 7 5 6 12 -9 9 -11 -12 -13 -14
leaf_value=0.14967301705174771 0.14036360152604044 0.13991460317821031 0.11510948668957061 -0.013438623127366557 -0.015464003485776794 0.003009572880114492 -0.0066681669937153597 0.017114950293431783 0 -0.0055096878495445945 0.024100733535363798 0.019006624269156721 0
leaf_weight=6.7657091468572643 7.8902180716395369 3.3888761550188056 1.8308158591389645 14.043244903907185 209.00450927391648 1.3702039904892434 1.2879688274115317 0.76677914336323638 0.93526449054479588 0.99645109847187985 10.06786213442683 1.137937609106302 0.92153423652052868
leaf_count=88 118 46 29 426 6794 42 39 22 28 24 285 31 28
internal_value=0.00142667 -0.00356677 -0.00621992 0.0410471 -0.0116241 -0.0133176 0.0178397 -0.00692361 -0.00929792 0.00716522 0.0224209 0.0141982 -0.00429591
internal_weight=260.407 252.517 249.128 24.6454 224.483 222.652 13.6476 17.8797 17.1129 3.06965 11.4381 2.0732 2.2095
internal_count=8000 7882 7836 619 7217 7188 394 531 509 83 327 59 67
is_linear=0
shrinkage=0.0155488


Tree=6
num_leaves=19
num_cat=0
split_feature=4 5 7 4 1 4 2 7 5 4 5 7 4 1 1 5 2 1
split_gain=527.687 210.654 196.717 72.2968 145.962 64.6394 63.8978 56.3972 20.2314 20.3156 16.1092 10.222 3.74136 11.0812 3.613 3.44085 3.10517 33.9639
threshold=59.650000000000013 202.50000000000003 3534.8850000000007 47.250000000000007 301.55000000000007 44.95000000000001 312.05000000000007 8316.7850000000017 188.50000000000003 55.550000000000004 206.50000000000003 6297.9800000000005 44.750000000000007 301.95000000000005 303.65000000000003 204.50000000000003 310.95000000000005 302.95000000000005
decision_type=2 2 2 2 2 2 2 2 2 2 2 2 2 2 2 2 2 2
left_child=1 2 -1 12 8 11 16 -2 -5 -10 -7 15 -4 -14 -15 -3 -6 -18
right_child=7 5 3 4 6 10 -8 -9 9 -11 -12 -13 13 14 -16 -17 17 -19
leaf_value=0.1115633197847451 0.0068203766737477255 0 -0.015344078749323231 -0.014461036637784816 0.071773582310676098 0.014208671734174071 -0.0083402610078322746 0.11227060815014347 -0.0089546361261908618 0.051430450581380724 0.08956556295586926 -0.0031155939153446788 -0.01358244757989265 0.017298574208016559 -0.0063728353697493703 0.029221214223842638 -1.6568634818252393e-05 0.067466011693250283
leaf_weight=2.0459142327308646 1.6578338406980027 1.0629148017615104 151.92819111421704 34.783737670630217 6.5797794405370968 1.5017591901123513 3.9889597464352837 9.7453315928578359 2.1042854413390155 1.2337129358202217 5.4305320736020803 3.186779309064149 15.233802476897838 3.7682080548256627 1.2096868157386778 8.7879278138279897 3.3763089161366224 2.3640710338950157
leaf_count=30 44 33 5022 1132 121 36 123 162 66 20 97 91 501 100 38 244 102 38
internal_value=0.00143761 -0.0035149 -0.00783908 -0.00953795 0.00592988 0.0433622 0.0431536 0.0994244 -0.0107584 0.0204324 0.07836 0.0192757 -0.0144585 -0.00711874 0.0108038 0.0264029 0.0593449 0.0342952
internal_weight=259.99 248.587 228.617 226.571 54.4309 19.9699 16.3091 11.4032 38.1217 3.338 6.93229 13.0376 172.14 20.2117 4.97789 9.85084 12.3202 5.74038
internal_count=8000 7794 7293 7263 1602 501 384 206 1218 86 133 368 5661 639 138 277 261 140
is_linear=0
shrinkage=0.0155488


Tree=7
num_leaves=19
num_cat=0
split_feature=7 6 3 5 3 7 7 7 5 3 5 7 2 7 3 5 1 2
split_gain=471.011 208.842 418.547 188.726 152.684 70.5797 39.6618 5.08819 24.3673 4.76542 3.76746 4.00983 2.28038 2.24332 2.10726 1.49015 0.9043 0.683418
threshold=8316.7850000000017 8.6500000000000004 1380.5000000000002 202.50000000000003 2471.5000000000005 8982.2450000000008 7145.1900000000014 7881.1100000000015 188.50000000000003 1968.0000000000002 224.50000000000003 6830.4850000000015 311.35000000000008 3883.7550000000006 1529.5000000000002 220.50000000000003 298.95000000000005 309.75000000000006
decision_type=2 2 2 2 2 2 2 2 2 2 2 2 2 2 2 2 2 2
left_child=1 2 -1 4 7 -2 10 13 -9 12 11 15 17 16 -14 -5 -3 -4
right_child=5 3 9 6 -6 -7 -8 8 -10 -11 -12 -13 14 -15 -16 -17 -18 -19
leaf_value=0.12398592148063693 0.045704557085017798 0.0082932915592919092 0 0.018711362607256411 0.093660403006764065 0.12762875973877147 0.073138126580142362 -0.013496577563028423 0.043595341893085407 0.016846546131211778 0.038874789766962535 -0.0063550869267550237 0.010682978604490134 -0.015300790128377572 -0.0076567378970832101 0 -0.0057929339466247735 -0.011898509912691884
leaf_weight=7.7292559444904354 8.2446514721959812 0.80230033583938976 0.92079313471913948 9.3891829922795313 1.9644335433840741 5.406505547463893 4.5807218439877024 8.0237259492278064 0.99492515996098596 0.78267708048224349 1.8079856075346459 1.1787470672279585 1.8725993838161223 189.76354599185288 1.5925910025835035 1.0766937546432007 1.0739630777388809 12.443654807284473
leaf_count=84 180 24 25 259 25 60 80 258 17 22 45 30 49 6350 52 29 34 377
internal_value=0.00144671 -0.00366119 0.0375184 -0.00859182 -0.0129596 0.0863638 0.0379524 -0.0145935 -0.0022993 -0.00590465 0.0205293 0.0139027 -0.00826308 -0.0151336 0.00164138 0.0169459 0 -0.0110155
internal_weight=259.649 245.998 25.3416 220.656 202.623 13.6512 18.0333 200.658 9.01865 17.6123 13.4526 11.6446 16.8296 191.64 3.46519 10.4659 1.87626 13.3644
internal_count=8000 7760 609 7151 6708 240 443 6683 275 525 363 318 503 6408 101 288 58 402
is_linear=0
shrinkage=0.0155488


Tree=8
num_leaves=19
num_cat=0
split_feature=8 4 4 1 4 2 5 5 2 2 0 8 1 4 4 1 4 8
split_gain=575.043 226.152 152.539 78.927 133.995 74.5859 42.0965 18.0798 9.43849 7.8741 7.12668 6.23502 5.59298 2.49433 1.87745 1.69891 1.35359 1.25001
threshold=10823.600000000002 61.45000000000001 13.750000000000002 301.65000000000003 44.95000000000001 312.05000000000007 202.50000000000003 204.50000000000003 310.95000000000005 311.15000000000003 1.0000000180025095e-35 9826.3000000000011 301.05000000000007 44.350000000000001 18.250000000000004 301.55000000000007 46.45000000000001 6604.0500000000011
decision_type=2 2 2 2 2 2 2 2 2 2 2 2 2 2 2 2 2 2
left_child=1 2 -1 6 7 8 14 13 -6 -10 -2 12 -8 -5 -4 -16 -17 -9
right_child=10 -3 3 4 5 -7 11 17 9 -11 -12 -13 -14 -15 15 16 -18 -19
leaf_value=0.093285588866223526 0.12028335323421345 0.077830862927997263 0 -0.014413519149106862 0.064398426639371259 -0.010296142240665355 0.022021462708009004 0 0 0.037325888373910744 0.039223963228293829 -0.0080709454027508443 -0.0063402452427540465 0.00269071224961659 -0.015271535924502214 -0.007707210729613204 0.0089024859087794075 0.025816119711877618
leaf_weight=2.4336414542049161 7.964634567499159 6.7704074066132298 2.164428597316145 34.067622913047671 8.9368319138884598 5.7692191973328582 9.3500595893710834 0.83795452117919866 1.8671634383499602 6.5866943914443254 2.0808141343295574 1.7137133814394463 1.1957018580287684 1.4128581956028927 161.70017557032406 1.6143518127501004 0.74197402782738198 1.9579006861895321
leaf_count=31 83 102 68 1145 151 183 254 24 50 152 35 46 33 44 5473 55 18 53
internal_value=0.0014598 -0.00342725 -0.00609928 -0.00759974 0.00745223 0.0360192 -0.012818 -0.0103257 0.0512518 0.030475 0.11001 0.0137932 0.0181495 -0.0135595 -0.0148917 -0.0150802 -0.000139205 0.021295
internal_weight=259.166 249.121 242.35 239.917 61.4362 23.1599 178.48 38.2763 17.3907 8.45386 10.0454 12.2595 10.5458 35.4805 166.221 164.057 2.35633 2.79586
internal_count=8000 7882 7780 7749 1802 536 5947 1266 353 202 118 333 287 1189 5614 5546 73 77
is_linear=0
shrinkage=0.0155488


Tree=9
num_leaves=15
num_cat=0
split_feature=8 7 6 3 7 5 5 7 3 2 5 2 4 2
split_gain=520.222 284.217 233.162 377.184 163.466 57.9712 14.4643 6.63354 3.5097 2.73079 1.40048 0.350061 0.21678 0.0316354
threshold=10823.600000000002 8982.2450000000008 8.6500000000000004 1380.5000000000002 3534.8850000000007 202.50000000000003 204.50000000000003 6830.4850000000015 1968.0000000000002 311.85000000000008 205.50000000000003 310.95000000000005 37.45000000000001 311.75000000000006
decision_type=2 2 2 2 2 2 2 2 2 2 2 2 2 2
left_child=1 2 3 -1 -4 -6 8 9 13 10 12 -9 -7 -5
right_child=-2 -3 4 6 5 7 -8 11 -10 -11 -12 -13 -14 -15
leaf_value=0.11022564018189823 0.10080062645847353 0.10125569452663075 0.089923567622130662 -0.014499321645530645 -0.015408029222151282 0 0.026496829090902785 -0.0077934316546321835 0.0092334769774171464 0 0.024708519163556365 0.00020653208884958377 0.0072167289931967631 -0.0034683435344905261
leaf_weight=9.2081824466586131 10.909134808927773 4.8774896189570418 2.5454139038920394 13.548867207020523 198.76559474132955 1.141275662928819 1.5100742205977429 1.6202421709895127 0.72490439563989717 1.2253554649651039 9.0604622475802881 0.78148874267935742 0.89591449871659268 1.9768813792616136
leaf_count=88 118 46 29 413 6794 33 40 45 20 33 236 22 25 58
internal_value=0.00146508 -0.00337306 -0.00599429 0.0360716 -0.0114399 -0.0131807 -0.00687367 0.0155018 -0.0118593 0.0198607 0.0220703 -0.00495352 0.00424305 -0.0136859
internal_weight=258.791 247.882 243.005 26.9689 216.036 213.49 17.7607 14.7247 16.2507 12.323 11.0977 2.40173 2.03719 15.5257
internal_count=8000 7882 7836 619 7217 7188 531 394 491 327 294 67 58 471
is_linear=0
shrinkage=0.0155488


Tree=10
num_leaves=19
num_cat=0
split_feature=3 6 7 7 5 5 7 0 7 7 6 7 7 3 5 7 5 5
split_gain=392.636 263.421 177.976 148.185 126.664 93.2316 92.1689 23.3051 16.5798 14.1782 12.8889 12.2424 6.39552 4.76516 4.32549 3.63445 3.44053 3.15979
threshold=1380.5000000000002 8.5500000000000025 3534.8850000000007 8316.7850000000017 204.50000000000003 188.50000000000003 8982.2450000000008 1.0000000180025095e-35 8982.2450000000008 7253.2650000000003 8.6500000000000004 6677.9800000000005 6297.9800000000005 1462.5000000000002 213.50000000000003 8316.7850000000017 162.50000000000003 209.50000000000003
decision_type=2 2 2 2 2 2 2 2 2 2 2 2 2 2 2 2 2 2
left_child=1 -1 -2 5 6 10 15 9 -5 -7 -3 12 14 -13 17 -4 -17 -6
right_child=2 3 4 8 11 7 -8 -9 -10 -11 -12 13 -14 -15 -16 16 -18 -19
leaf_value=0.11007543884404875 0.092965350730544905 0.022950763358523051 -0.015175043153574767 0.036156512898160784 0.016653440859104883 0.011402536334180492 0.071624809820418786 -0.0017066711851075997 0.092596674448749167 0.076435770255142005 -0.014353192696554233 0.059816889809237349 -0.0038931988987147897 0.012133980163083901 0.032927689097254291 -0.008240598335053053 0.018109472855325531 -0.003937939861211096
leaf_weight=9.1977444961667043 2.8980501592159262 1.2816066592931807 184.72924387268722 5.4543777517974359 2.8501268886029738 1.7535304762423027 1.794969469308852 1.5317573472857473 4.5824704840779305 3.6213109567761421 22.831759158521891 3.1634650491178027 2.08042999356985 1.7017865274101494 4.240510132163763 1.7880105040967458 0.69586246274411667 2.094048660248518
leaf_count=78 32 12 6389 103 75 33 16 31 40 42 770 55 55 41 106 53 13 56
internal_value=0.00146908 0.0399358 -0.00798708 0.0213547 -0.0099841 0.00352763 -0.0136157 0.0492432 0.0696408 0.0619347 -0.0111894 0.0302745 0.0174962 0.0496385 0.0225964 -0.0149212 0.0016913 0.00827276
internal_weight=258.291 50.2546 208.037 41.0568 205.138 31.02 189.008 6.9066 10.0368 5.37484 24.1134 16.1304 11.2651 4.86525 9.18469 187.213 2.48387 4.94418
internal_count=8000 1109 6891 1031 6859 888 6471 106 143 75 782 388 292 96 237 6455 66 131
is_linear=0
shrinkage=0.0155488


Tree=11
num_leaves=19
num_cat=0
split_feature=8 7 6 7 7 5 8 7 5 0 6 7 1 8 5 5 5 1
split_gain=445.88 243.455 216.867 145.339 81.2914 55.9742 7.68047 6.39168 5.16195 4.50905 2.82985 2.29673 1.11507 1.0195 2.15801 0.918436 0.903516 1.36594
threshold=10823.600000000002 8982.2450000000008 8.6500000000000004 3534.8850000000007 6660.3400000000011 202.50000000000003 6563.7000000000016 6830.4850000000015 85.500000000000014 1.0000000180025095e-35 8.5500000000000025 6339.3350000000009 301.95000000000005 1448.3000000000002 32.500000000000007 192.50000000000003 205.50000000000003 299.65000000000003
decision_type=2 2 2 2 2 2 2 2 2 2 2 2 2 2 2 2 2 2
left_child=1 2 4 -4 6 -5 8 12 11 -2 -6 13 16 14 -1 -10 17 -7
right_child=9 -3 3 5 10 7 -8 -9 15 -11 -12 -13 -14 -15 -16 -17 -18 -19
leaf_value=-0.0028166576915201955 0.095994641829848099 0.087970116119717987 0.079469371407655476 -0.015377062450672926 0.061576632431358996 0.012006254922543008 0.023809520684440536 -0.0051338680703571053 -0.012436409647247081 0.033953194909113124 0.02026280865569657 0.02165016925265471 0.0017172709636965296 -0.0066193718073979235 0.018002980864570358 0.00092643699235431384 0.022796061667771192 -0.0048782159378072789
leaf_weight=1.8248283918947006 9.8886741548776609 5.6271753162145606 2.9459150508046141 193.35678417235613 12.459794308990238 1.1316971369087689 2.5160916484892359 2.4575732741504899 5.3556560184806585 2.4174736738204947 2.3723108135163775 0.95604488439857949 1.551540933549403 1.2858351096510885 0.71069641225039948 0.69864354282617558 9.1264595054090005 0.88059257343411435
leaf_count=60 83 46 29 6794 176 32 59 67 184 35 33 21 41 45 19 22 229 25
internal_value=0.00149027 -0.00327553 -0.0058778 -0.0113367 0.0336996 -0.0131021 0.00457234 0.0146642 -0.00157152 0.0883299 0.0572888 0.00890248 0.0188905 0.000417324 0.0060082 -0.0104723 0.0205587 0.00439591
internal_weight=257.564 245.258 239.63 211.451 28.1799 208.505 13.3478 15.1479 10.8317 12.3061 14.8321 4.7774 12.6903 3.82136 2.53552 6.0543 11.1387 2.01229
internal_count=8000 7882 7836 7217 619 7188 410 394 351 118 209 145 327 124 79 206 286 57
is_linear=0
shrinkage=0.0155488


Tree=12
num_leaves=19
num_cat=0
split_feature=3 6 7 4 5 5 7 7 4 6 4 7 4 5 4 1 5 5
split_gain=361.904 210.597 158.085 127.844 120.173 119.786 84.5852 25.5159 16.5823 14.6901 9.21362 4.95597 4.39638 3.99115 3.42687 3.29195 3.04454 2.44782
threshold=1380.5000000000002 8.5500000000000025 3534.8850000000007 65.000000000000014 186.50000000000003 204.50000000000003 8982.2450000000008 7445.2800000000007 45.850000000000001 8.6500000000000004 62.350000000000001 6297.9800000000005 56.850000000000001 213.50000000000003 50.750000000000007 301.65000000000003 209.50000000000003 146.50000000000003
decision_type=2 2 2 2 2 2 2 2 2 2 2 2 2 2 2 2 2 2
left_child=1 -1 -2 4 9 6 12 14 11 -3 -11 13 -4 16 -6 -13 -7 -14
right_child=2 3 5 -5 7 8 -8 -9 -10 10 -12 15 17 -15 -16 -17 -18 -19
leaf_value=0.096340195794459876 0.082774193336194929 0.02671689001973054 -0.015143569755924418 0.083019597996112429 0.019682858076328979 0.015956918260594897 0.065159418197245272 0.070629579577869528 0.052872922125767823 -0.014423348966920248 0.013557384816475176 -0.0094679502926092729 -0.0062809660094226985 0.03108356564870007 -0.0056743321629267075 0.014853250828875455 -0.0040549599149749139 0.016685972826918957
leaf_weight=10.415839225053785 3.3097908757627001 1.444487608969214 180.51513369567692 5.4560617282986632 2.4554251860827194 2.9368953220546263 2.0234300941228858 5.8435207325965166 4.0759904272854319 23.673845658078793 2.0848957523703566 2.3277277946472164 1.183622559532522 4.4509321190416813 0.98632431402802456 0.91084152087569226 2.124502670019865 0.77607219107449044
leaf_count=78 32 13 6406 48 46 75 16 63 66 804 37 62 35 106 20 23 56 14
internal_value=0.00149793 0.0374903 -0.00786385 0.0204315 0.00854053 -0.0098725 -0.0135521 0.053259 0.0284139 -0.00825078 -0.0114955 0.0163127 -0.0148815 0.0213916 0.0120182 0 0.0078047 0.00456268
internal_weight=256.995 52.3604 204.635 41.9446 36.4885 201.325 184.498 9.28527 16.8269 27.2032 25.7587 12.7509 182.475 9.51233 3.44175 3.23857 5.0614 1.95969
internal_count=8000 1109 6891 1031 983 6859 6471 129 388 854 841 322 6455 237 66 85 131 49
is_linear=0
shrinkage=0.0155488


Tree=13
num_leaves=19
num_cat=0
split_feature=8 7 6 3 7 5 7 3 8 0 3 8 5 5 5 5 5 5
split_gain=386.253 213.221 202.197 258.162 130.476 54.1365 6.20502 4.91297 5.14133 2.91473 2.03793 0.534727 0.359499 1.99545 2.59143 0.971468 0.568729 0.357187
threshold=10823.600000000002 8982.2450000000008 8.6500000000000004 1380.5000000000002 3534.8850000000007 202.50000000000003 6830.4850000000015 1968.0000000000002 6604.0500000000011 1.0000000180025095e-35 1440.5000000000002 7677.1000000000013 224.50000000000003 210.50000000000003 213.50000000000003 220.50000000000003 204.50000000000003 214.50000000000003
decision_type=2 2 2 2 2 2 2 2 2 2 2 2 2 2 2 2 2 2
left_child=1 2 3 -1 -4 -6 12 8 -5 -2 -10 -12 13 16 -15 -16 -7 -8
right_child=9 -3 4 7 5 6 17 -9 10 -11 11 -13 -14 14 15 -17 -18 -19
leaf_value=0.083908603658299205 0.084746836077329607 0.078188898515620428 0.070979529911655945 -0.013308986641640303 -0.015345552269024856 0.0028280549495104828 -0.0080754164983072255 0.016209616728834898 -0.0059569558233749627 0.031474291317254321 0 0.016449929981955977 0.028947196252077201 -0.0078019635495981867 0.01440806943705307 0 0.021726741903058733 9.7295666872885892e-06
leaf_weight=11.829945586621763 11.065049096941946 6.3003093451261512 3.3356525078415862 13.391324507072573 188.02975583821535 1.3944029919803123 1.7141355741769069 0.82071815058588882 1.0872562732547515 2.598955310881137 0.91466030851006541 1.3197188489139078 1.7312415987253178 1.6147301085293291 2.5920351296663289 1.1764690987765787 4.5241003707051277 0.80349758639931668
leaf_count=88 83 46 29 426 6794 42 46 22 25 35 27 31 40 42 61 29 113 21
internal_value=0.00151435 -0.00317561 -0.00575981 0.031567 -0.0112325 -0.0130216 0.0139044 -0.00676453 -0.00915251 0.0783466 0.00582199 0.01274 0.0180284 0.0133428 0.00405939 0.0105845 0.0190766 -0.00532311
internal_weight=256.244 242.58 236.28 29.3636 206.916 203.58 15.5506 17.5337 16.713 13.664 3.32164 2.23438 13.033 11.3017 5.38323 3.7685 5.9185 2.51763
internal_count=8000 7882 7836 619 7217 7188 394 531 509 118 83 58 327 287 132 90 155 67
is_linear=0
shrinkage=0.0155488


Tree=14
num_leaves=19
num_cat=0
split_feature=8 7 7 3 1 5 2 5 8 8 0 5 5 1 7 5 5 2
split_gain=358.023 199.406 134.396 121.171 200.723 63.9797 53.9996 4.62426 2.16601 2.21635 1.40575 1.21068 1.11591 1.01283 0.836101 0.456969 0.289673 0.121474
threshold=10823.600000000002 8982.2450000000008 3534.8850000000007 1380.5000000000002 301.55000000000007 202.50000000000003 312.05000000000007 224.50000000000003 9826.3000000000011 6251.7000000000007 1.0000000180025095e-35 203.50000000000003 220.50000000000003 299.75000000000006 8635.0550000000021 205.50000000000003 175.50000000000003 309.85000000000008
decision_type=2 2 2 2 2 2 2 2 2 2 2 2 2 2 2 2 2 2
left_child=1 2 -1 4 11 -5 16 8 9 13 -2 14 15 -7 -4 -11 -6 -10
right_child=10 -3 3 5 6 7 -8 -9 17 12 -12 -13 -14 -15 -16 -17 -18 -19
leaf_value=0.074447983347298227 0.079226059310351246 0.073734653748513387 -0.014914453837319888 -0.015293566385984539 0.069464937120162246 0.0071307484590252043 -0.0094073802027572189 0.033535496419016174 -0.0049352865298132893 0.0038674431562173029 0.030588219147365148 0.00094711958140562521 0 -0.0071494395629611383 0 0.01872579603680169 0.023790536012286281 0
leaf_weight=3.7086930572986594 11.733290061354635 6.6493674218654624 20.236211312934763 174.9969500657171 12.656659537926318 0.90137531235814394 2.2657828759402028 2.1337046958506098 0.88326678052544483 2.0987237337976676 2.6681722663342944 0.68814035132527251 1.050082467496394 1.4104452785104511 1.0849600173532952 7.4330115728080273 2.0301698297262183 0.90002978220582008
leaf_count=32 83 46 712 6392 144 23 69 48 22 60 35 16 26 38 25 184 23 22
internal_value=0.00152022 -0.0031256 -0.00569946 -0.00739666 0.0171873 -0.012489 0.055533 0.015535 0.0102589 0.0124084 0.0736117 -0.0135748 0.015145 0 -0.0142404 0.016636 0.0657453 -0.00272396
internal_weight=255.529 241.128 234.478 230.77 38.9619 191.808 16.9526 16.8106 14.6769 12.8936 14.4015 22.0093 10.5818 2.31182 21.3212 9.53174 14.6868 1.7833
internal_count=8000 7882 7836 7804 989 6815 236 423 375 331 118 753 270 61 737 244 167 44
is_linear=0
shrinkage=0.0155488


Tree=15
num_leaves=19
num_cat=0
split_feature=4 7 9 6 7 4 9 6 7 4 4 4 0 0 2 6 7 1
split_gain=291.938 128.866 85.5929 77.1727 74.6104 68.8161 65.9608 89.3734 13.6198 11.1839 9.36736 6.83393 6.71496 4.96275 4.20323 3.4621 1.63075 2.10402
threshold=52.45000000000001 3534.8850000000007 1.0000000180025095e-35 8.6500000000000004 8982.2450000000008 44.350000000000001 1.0000000180025095e-35 8.5500000000000025 7239.9950000000008 44.150000000000013 56.550000000000004 41.350000000000001 1.0000000180025095e-35 1.0000000180025095e-35 310.75000000000006 9.6500000000000004 6297.9800000000005 301.05000000000007
decision_type=2 2 2 2 2 2 2 2 2 2 2 2 2 2 2 2 2 2
left_child=1 -1 3 5 6 -3 7 -2 -7 11 -9 16 14 -11 -12 -15 17 -4
right_child=4 2 9 -5 -6 8 -8 10 -10 13 12 -13 -14 15 -16 -17 -18 -19
leaf_value=0.070598690937598088 0.059604407224627863 -0.011125221591531499 0.019777094529964401 -0.015324778782563371 0.075057535757485166 0.051659221167989461 0.06550796308898188 -0.011484392018356894 0.003376703085092823 0.039457995732065286 0.0031596960591335041 -0.0098224856478919681 -0.0077448252168960813 0.019377589260056026 0.026626179813870089 -0.0068461144885087416 -3.0563927352038217e-05 0.0033834054228286839
leaf_weight=3.9162818901240817 6.3426692374050644 10.443158783018591 8.1184741444885749 162.04407963342965 9.0388506129384023 7.7475284822285158 6.6193350329995146 11.169948859140279 2.100231196731329 5.9077967721968871 4.7436111234128457 2.525270326063036 3.566344428807497 1.1014868970960381 2.9886722918599844 1.2848789300769565 1.2863352894783009 3.9031745102256528
leaf_count=32 54 365 207 6080 60 91 53 383 40 97 126 68 101 24 49 28 35 107
internal_value=0.00152366 -0.00616551 -0.00805457 -0.0117263 0.0371614 0.0160573 0.025169 0.0134436 0.0432435 0.0187555 -0.00187004 0.00946481 0.00752456 0.0325379 0.0150932 0.00669223 0.0139163 0.0155614
internal_weight=254.848 210.379 206.462 182.335 44.4694 20.2909 35.4306 28.8112 9.84776 24.1274 22.4686 15.8333 11.2986 8.29416 7.73228 2.38637 13.308 12.0216
internal_count=8000 7174 7142 6576 826 496 766 713 131 566 659 417 276 149 175 52 349 314
is_linear=0
shrinkage=0.0155488


Tree=16
num_leaves=19
num_cat=0
split_feature=8 7 7 3 2 5 2 8 3 5 4 4 2 5 5 4 2 2
split_gain=316.646 175.264 119.983 116.255 65.9031 62.0077 24.6547 4.87509 7.58273 4.47815 2.58855 2.30351 1.56521 1.51789 0.944137 1.05176 1.19659 0.431463
threshold=10823.600000000002 8982.2450000000008 3534.8850000000007 1380.5000000000002 309.85000000000008 202.50000000000003 312.05000000000007 9474.8000000000011 1305.5000000000002 224.50000000000003 48.150000000000013 34.95000000000001 310.65000000000003 217.50000000000003 194.50000000000003 62.350000000000001 309.75000000000006 311.55000000000007
decision_type=2 2 2 2 2 2 2 2 2 2 2 2 2 2 2 2 2 2
left_child=1 2 -1 4 14 -5 7 8 -6 10 11 12 -7 -13 15 16 -4 -14
right_child=-2 -3 3 5 6 9 -8 -9 -10 -11 -12 13 17 -15 -16 -17 -18 -19
leaf_value=0.06710976627616487 0.066672801704842174 0.065964898618168399 -0.014105621283825542 -0.015262744505936546 0.0061475167805606365 -0.0035818401154615021 -0.010006370288388668 0.0084481105784674129 0.041141706671785808 0.032220972973304569 -0.0062107921677779137 0.019153185138005721 0.014300548996786103 0.00042996713678997259 0.0011722145474686706 0.0011895006242485331 0.0013335602824862218 0
leaf_weight=4.118898030370473 15.611512813717125 7.3340653330087653 11.258078984916203 170.37991785630584 2.4298020955175259 3.3248263821005848 2.6134239770472041 2.7196929212659589 18.573458127677441 2.2235139012336722 1.1520081236958493 6.8511197566986066 0.95089290104806401 1.7618288770318029 0.66679823771119195 0.64921367913484651 0.62609463371336538 0.94862224534153938
leaf_count=32 118 46 408 6392 59 83 82 50 340 48 28 171 25 43 18 14 18 25
internal_value=0.00152863 -0.00304199 -0.00558861 -0.00728247 0.0165518 -0.0124021 0.0303353 0.0352109 0.0378368 0.0148249 0.00973426 0.0117199 0.00196462 0.0162515 -0.0109263 -0.0118969 -0.0129499 0.0104708
internal_weight=254.194 238.582 231.248 227.129 39.5366 187.593 26.3364 23.723 21.0033 17.2128 14.9893 13.8373 5.22434 8.61295 13.2002 12.5334 11.8842 1.89952
internal_count=8000 7882 7836 7804 989 6815 531 449 399 423 375 347 133 214 458 440 426 50
is_linear=0
shrinkage=0.0155488


Tree=17
num_leaves=19
num_cat=0
split_feature=3 6 7 7 7 0 4 7 7 6 2 1 6 4 6 6 1 1
split_gain=291.063 138.112 120.767 91.7967 73.0267 11.1425 9.25402 8.77894 8.45796 7.75763 5.61492 3.57263 2.46936 2.41273 2.21702 2.55043 2.02872 1.82245
threshold=1380.5000000000002 8.5500000000000025 3534.8850000000007 8245.1650000000027 8982.2450000000008 1.0000000180025095e-35 65.000000000000014 7716.3650000000007 7445.2800000000007 8.6500000000000004 309.75000000000006 302.05000000000007 10.950000000000001 53.650000000000013 9.6500000000000004 10.950000000000001 299.05000000000007 302.35000000000008
decision_type=2 2 2 2 2 2 2 2 2 2 2 2 2 2 2 2 2 2
left_child=1 -1 -2 5 7 8 -5 -4 9 -3 13 -7 -11 -10 -9 16 -16 -13
right_child=2 3 4 6 -6 11 -8 14 10 12 -12 17 -14 -15 15 -17 -18 -19
leaf_value=0.074219354274105684 0.063936564895636358 0.024386381141548369 -0.011750900223908246 0.027401553985036509 0.055204043726585793 -0.013763571598927165 0.063773166907591286 -0.0041863926638729711 0.014667778608028191 -0.011105153894507227 0.026401123585909125 0.015385950446544838 0.0036691676125083523 -0.005782322896156821 0 -0.0032564085043372752 0.023051262083954742 -0.0048968716144166969
leaf_weight=13.052527152001856 4.3162826411426058 1.1773518323898375 178.24475498497486 7.0363291259855014 2.8873833641409865 8.8516684304922801 6.7338125742971897 4.894373042508958 0.87981582432985161 6.6923115942627174 6.0494987014681101 0.85723813623189815 2.9277256336063147 2.6666831895709038 1.8183939680457117 1.9177997168153522 1.7097756974399088 0.89461336471140385
leaf_count=78 32 9 6541 111 18 297 47 141 17 218 105 20 87 88 54 67 38 32
internal_value=0.00152646 0.0318078 -0.00754107 0.0176849 -0.00957495 0.00217942 0.0492571 -0.0109426 0.00883683 -0.000503888 0.0185527 -0.00988299 -0.00634948 0.000980943 0.00242446 0.00861421 0.0150391 0.006013
internal_weight=253.608 57.8196 195.789 44.767 191.472 30.9969 13.7701 188.585 20.3934 10.7974 9.596 10.6035 9.62004 3.5465 10.3403 5.44597 3.52817 1.75185
internal_count=8000 1109 6891 1031 6859 873 158 6841 524 314 210 349 305 105 300 159 92 52
is_linear=0
shrinkage=0.0155488


Tree=18
num_leaves=19
num_cat=0
split_feature=8 3 1 3 4 5 4 5 8 4 1 4 0 5 1 5 5 5
split_gain=287.488 149.485 126.135 105.117 64.0242 53.3108 48.5532 4.76801 2.8332 3.12456 1.91316 1.82366 1.71506 1.70269 1.81619 2.52753 1.38938 1.2684
threshold=10823.600000000002 1380.5000000000002 301.55000000000007 2267.5000000000005 62.350000000000001 202.50000000000003 58.250000000000007 224.50000000000003 6251.7000000000007 48.150000000000013 303.45000000000005 15.750000000000002 1.0000000180025095e-35 220.50000000000003 299.95000000000005 205.50000000000003 209.50000000000003 203.50000000000003
decision_type=2 2 2 2 2 2 2 2 2 2 2 2 2 2 2 2 2 2
left_child=1 2 4 5 17 6 11 8 -7 13 -4 -3 -2 14 16 -16 -10 -1
right_child=12 3 10 -5 -6 7 -8 -9 9 -11 -12 -13 -14 -15 15 -17 -18 -19
leaf_value=-0.01490246713323435 0.066485566019216805 0.0043101558232359139 0.052204579252904539 0.052634663518119247 0.04145188033572425 -0.0043428044510279446 0.039043676389822202 0.031637180539758815 0.012316941617137403 -0.0061283684095363392 0.01807485153692406 -0.015225152742709318 0.026479090914816924 -2.1471267844070838e-05 0 0.026268062262100413 -0.0011208092522823345 0.00078655132010625912
leaf_weight=19.811688682064421 13.553639359772207 0.3637564592063417 17.857855403795842 5.215826801955699 5.2467704117298117 2.2069986462593105 2.901187712326645 2.2649397514760485 2.2870303392410261 1.1338985301554192 2.5568359289318314 164.60780225880444 3.0194439962506285 1.2807020805776108 1.049247909337282 4.3006140328943729 2.5787905119359493 0.70542332157492538
leaf_count=710 83 8 199 60 51 59 32 48 59 28 45 6340 35 32 30 102 63 16
internal_value=0.0015298 -0.00297943 0.0217297 -0.00910124 -0.00131336 -0.011203 -0.0138875 0.0140928 0.00893359 0.0117123 0.0493923 -0.015127 0.0617721 0.0142008 0.0161281 0.022081 0.00578819 -0.0141721
internal_weight=252.942 236.369 46.1786 190.191 25.7639 184.975 167.873 17.1022 14.8373 12.6303 20.4147 164.972 16.5731 11.4964 10.2157 5.34986 4.86582 20.5171
internal_count=8000 7882 1021 6861 777 6801 6380 421 373 314 244 6348 118 286 254 132 122 726
is_linear=0
shrinkage=0.0155488


Tree=19
num_leaves=19
num_cat=0
split_feature=8 6 3 3 5 3 8 3 5 8 3 8 2 3 8 3 1 5
split_gain=270.077 157.338 170.033 79.0012 39.2437 27.0855 5.59056 6.00833 5.10631 4.25741 2.51699 3.1485 2.25509 2.05247 1.77676 1.64514 2.037 1.30787
threshold=10823.600000000002 8.6500000000000004 1380.5000000000002 2471.5000000000005 202.50000000000003 1337.5000000000002 8591.8000000000011 1990.0000000000002 123.50000000000001 9826.3000000000011 1446.5000000000002 9043.1000000000022 311.85000000000008 2152.0000000000005 10326.900000000003 1322.5000000000002 301.45000000000005 224.50000000000003
decision_type=2 2 2 2 2 2 2 2 2 2 2 2 2 2 2 2 2 2
left_child=1 2 -1 4 5 8 7 -4 15 12 -7 13 17 -12 -10 -3 -17 -6
right_child=-2 3 6 -5 9 10 -8 -9 14 -11 11 -13 -14 -15 -16 16 -18 -19
leaf_value=0.064050432795564896 0.058850173183478204 0.016299477693131465 -0.011462225690517613 0.05094893867848245 0.012520789939841548 -0.0098087602389634997 0.015789661565940891 0.01744032843492458 -0.010667594890615044 -0.004261735039310514 -0.015461138042687164 0.0047771688731378251 -0.00043598709217622166 0 0.0064234911358635079 -0.0052164890667444506 0.013577505858929091 0.031143236802464773
leaf_weight=15.179739110171793 17.193455778062344 7.762271383777259 14.876400649547577 4.1093955822288981 11.064023779705169 50.252886939793825 1.3515449240803707 0.74077505059540349 3.186383355408906 2.1740229316055766 113.96580993570387 1.113763628527521 1.347334537655114 2.036601008847355 0.91139405034482468 2.4106225650757556 0.94078754447400559 1.5895351134240616
leaf_count=90 118 168 488 27 273 1817 26 18 110 54 4540 33 34 64 17 76 15 32
internal_value=0.00153255 -0.00293251 0.0283499 -0.00805144 -0.0096001 -0.011678 -0.00557064 -0.00867667 0.00753509 0.0127926 -0.0134898 -0.014917 0.0158249 -0.0151876 -0.0055352 0.0127377 0.00147083 0.0177171
internal_weight=252.207 235.013 32.1485 202.865 198.755 182.581 16.9687 15.6172 15.2115 16.1749 167.369 117.116 14.0009 116.002 4.09778 11.1137 3.35141 12.6536
internal_count=8000 7882 622 7260 7233 6840 532 506 386 393 6454 4637 339 4604 127 259 91 305
is_linear=0
shrinkage=0.0155488


Tree=20
num_leaves=19
num_cat=0
split_feature=3 6 8 7 5 7 7 6 8 8 7 5 5 4 5 4 4 5
split_gain=256.364 108.909 108.463 106.651 101.887 86.7035 65.0957 17.695 11.9793 7.25182 4.73968 2.20815 1.96111 4.24268 3.44077 2.80505 1.92954 1.17842
threshold=1380.5000000000002 8.5500000000000025 10823.600000000002 3534.8850000000007 204.50000000000003 8982.2450000000008 8982.2450000000008 8.6500000000000004 10823.600000000002 10823.600000000002 7214.8950000000013 202.50000000000003 213.50000000000003 39.050000000000004 211.50000000000003 30.850000000000005 43.95000000000001 203.50000000000003
decision_type=2 2 2 2 2 2 2 2 2 2 2 2 2 2 2 2 2 2
left_child=1 -1 5 -2 6 7 9 -3 10 11 12 -5 14 -14 15 -6 -15 -9
right_child=3 2 -4 4 8 -7 -8 17 -10 -11 -12 -13 13 16 -16 -17 -18 -19
leaf_value=0.0645434933797598 0.05700562857764499 0.022067328505103023 0.053680466881382484 -0.015201299795576176 -0.0014748234617937626 0.052391981410801924 0.049037810896253912 -0.014508836990974779 0.048649549377328273 0.015667698367925167 -0.0065917934131076578 0 0.032619391688527719 -0.0033480917592311854 -0.0071050969489368232 0.019123713782144766 0.015668033664272975 0.0004182572400084993
leaf_weight=14.567855253815649 4.7946221083402625 2.5492489784956005 12.228183902800081 161.78645422123373 1.5299947764724509 5.364506483078002 2.749699503183364 25.363875439390544 3.047798551619052 0.80844783782958884 1.246457565575837 1.8803527671843756 4.2637713365256786 1.927283149212599 1.3902697935700414 4.4662027172744274 0.85335988923907269 0.7484101913869371
leaf_count=78 32 18 82 6392 39 30 16 884 21 7 30 56 91 46 35 106 20 17
internal_value=0.00152756 0.0290039 0.0163313 -0.00734494 -0.00939283 0.00137875 -0.0132906 -0.00982417 0.0238818 -0.0147164 0.0156145 -0.0150069 0.0181491 0.0243622 0.00911876 0.0139865 0.00457282 -0.0139408
internal_weight=251.567 60.8221 46.2542 190.745 185.95 34.026 167.225 28.6615 18.7251 164.475 15.6773 163.667 14.4309 7.04441 7.38647 5.9962 2.78064 26.1123
internal_count=8000 1109 1031 6891 6859 949 6471 919 388 6455 367 6448 337 157 180 145 66 901
is_linear=0
shrinkage=0.0155488


Tree=21
num_leaves=19
num_cat=0
split_feature=3 7 6 5 7 7 5 4 6 4 7 4 5 4 4 5 5 5
split_gain=246.631 101.912 99.5706 99.4413 75.5959 63.2258 52.4679 10.1013 9.46784 7.81618 6.60286 5.48772 4.51354 4.0261 3.32054 2.57832 2.40038 2.023
threshold=1380.5000000000002 3534.8850000000007 8.5500000000000025 204.50000000000003 8245.1650000000027 8982.2450000000008 193.50000000000003 45.250000000000007 8.6500000000000004 65.000000000000014 7445.2800000000007 41.350000000000001 213.50000000000003 56.850000000000001 39.050000000000004 209.50000000000003 156.50000000000003 202.50000000000003
decision_type=2 2 2 2 2 2 2 2 2 2 2 2 2 2 2 2 2 2
left_child=2 -2 -1 5 6 13 8 11 -4 -6 -8 12 15 17 -14 -5 -15 -3
right_child=1 3 4 7 9 -7 10 -9 -10 -11 -12 -13 14 16 -16 -17 -18 -19
leaf_value=0.061589725038074153 0.054687096543408115 -0.015175904081245894 0.016414520929241012 0.012641159680317423 0.024217661099117702 0.047542589594023923 0.010151424913196207 0.039896086821100338 -0.013500730262778421 0.055662076359812761 0.043467155944664319 -0.0049161656834895923 0.031494216467983838 -0.0065904992959096974 0 -0.0048091950056010427 0.015864069273410056 0
leaf_weight=15.084628611803053 4.9715362116694441 158.08976214006543 1.7125572115182937 3.410627309232952 7.5915127918124181 2.8305851072072974 3.6509263813495618 5.504199691116809 21.335790608078241 7.521805040538311 4.7088942993432283 2.3718714118003836 4.3908947929739952 1.2644269783049815 0.99510269984602917 2.3431885167956352 0.80399075523018826 2.0117657650262109
leaf_count=78 32 6349 12 81 111 16 54 74 775 47 32 59 91 39 23 60 10 57
internal_value=0.00153642 -0.00727797 0.028246 -0.00932909 0.0160302 -0.013254 0.00171607 0.0232592 -0.0103923 0.0431478 0.0325197 0.013427 0.0177449 -0.0146928 0.0268695 0.0053936 0.0036577 -0.0149802
internal_weight=250.594 188.988 61.6061 184.016 46.5215 165.001 31.4082 19.0159 23.0483 15.1133 8.35982 13.5117 11.1398 162.17 5.386 5.75382 2.06842 160.102
internal_count=8000 6891 1109 6859 1031 6471 873 388 787 158 86 314 255 6455 114 141 49 6406
is_linear=0
shrinkage=0.0155488


Tree=22
num_leaves=19
num_cat=0
split_feature=3 7 6 9 7 7 9 4 4 6 7 1 4 2 7 1 2 2
split_gain=237.519 97.5217 91.397 86.0306 71.2989 61.9476 31.5401 13.285 12.849 8.21753 4.23957 3.06743 2.88044 2.71299 2.96157 1.77977 3.94372 5.06324
threshold=1380.5000000000002 3534.8850000000007 8.5500000000000025 1.0000000180025095e-35 8056.6750000000002 8982.2450000000008 1.0000000180025095e-35 65.000000000000014 45.850000000000001 8.8500000000000032 6297.9800000000005 301.65000000000003 57.850000000000001 311.75000000000006 7696.4300000000012 301.05000000000007 310.55000000000007 308.55000000000007
decision_type=2 2 2 2 2 2 2 2 2 2 2 2 2 2 2 2 2 2
left_child=2 -2 -1 5 6 12 9 -6 10 -4 15 -12 -3 -11 -15 16 17 -5
right_child=1 3 4 8 7 -7 -8 -9 -10 13 11 -13 -14 14 -16 -17 -18 -19
leaf_value=0.058927170597069214 0.052548325220353805 -0.015149543538035951 0.012097299993624466 0.022388263689673595 0.022053714383841353 0.046133428074908139 0.028303696307715509 0.053782056791921856 0.034633705087291029 -0.014692072910404152 -0.01071768579308879 0.010729723988014719 0.003516895597807657 -0.0084155769398198254 0.015434177777424412 0.0025244036382729481 0.032752103319673626 -0.0012510675512548202
leaf_weight=15.573338553309439 5.1427237689495078 154.02602685801685 2.7209581043571296 2.2364626638591343 10.61063487827778 2.9090890288352957 5.9795947968959799 7.9487081989645949 6.5084830187261096 16.817953174933795 3.1477582249790421 1.2381934374570844 1.2575508765876282 1.8862178698182099 0.83357715979218472 4.131903499364852 1.8441822677850721 4.8486225064843893
leaf_count=78 32 6274 36 55 173 16 57 48 97 631 87 30 30 68 18 110 44 116
internal_value=0.00154456 -0.00721311 0.0275296 -0.00926665 0.0157447 -0.0134482 0 0.0383635 0.017494 -0.00884234 0.00901348 -0.00294603 -0.014947 -0.0124936 0.000474838 0.0132053 0.0168559 0.00797984
internal_weight=249.662 187.291 62.371 182.148 46.7976 158.193 28.2383 18.5593 23.9556 22.2587 17.4471 4.38595 155.284 19.5377 2.7198 13.0612 8.92927 7.08509
internal_count=8000 6891 1109 6859 1031 6320 810 221 539 753 442 117 6304 717 86 325 215 171
is_linear=0
shrinkage=0.0155488


Tree=23
num_leaves=19
num_cat=0
split_feature=8 6 7 7 4 9 7 4 4 4 0 8 2 2 2 4 2 7
split_gain=222.241 138.583 145.564 84.9102 64.8348 41.6518 6.04454 3.88434 5.04212 3.72188 3.18318 2.56362 2.24179 3.74124 2.01196 1.72005 1.55074 1.41867
threshold=10823.600000000002 8.6500000000000004 8982.2450000000008 3534.8850000000007 44.350000000000001 1.0000000180025095e-35 6830.4850000000015 44.150000000000013 39.050000000000004 20.550000000000004 1.0000000180025095e-35 6604.0500000000011 310.55000000000007 308.55000000000007 311.85000000000008 41.550000000000004 309.05000000000007 6199.1450000000013
decision_type=2 2 2 2 2 2 2 2 2 2 2 2 2 2 2 2 2 2
left_child=1 4 3 -3 9 -5 7 8 12 -1 -2 15 13 -7 -14 -11 -10 -13
right_child=10 2 -4 5 -6 6 -8 -9 16 11 -12 17 14 -15 -16 -17 -18 -19
leaf_value=0.015224818244971529 0.055080338868978534 0.04568122342110368 0.051809997973815511 -0.015194285381656071 0.040746647279831356 0.017603257369005861 -0.0075461166799148435 0.032186741823265419 0.0053677519279598804 -0.013201657509067833 0.021593460598060079 0.013606579252607547 0.026041332211009835 -0.0028772138558020494 0 0.0016516269870920969 -0.010367050543895317 -0.0042502759664351233
leaf_weight=0.87773334980010886 15.595351040363314 5.0129147171974173 8.1914755105972272 163.57180816121399 22.059270003810525 2.2289459779858607 3.4838219229131928 1.1820791773498047 1.0764659289270633 7.3543917462229711 3.520161345601081 1.0019907355308522 3.1323878914117813 4.3309299852699041 0.96803526580333699 1.529611427336931 2.8532923590391874 0.76921978592872609
leaf_count=22 83 29 43 6705 208 54 95 26 28 295 35 27 77 105 26 47 72 23
internal_value=0.00155154 -0.00278341 -0.00783292 -0.0107782 0.0258001 -0.0126457 0.0084242 0.0124719 0.00822664 -0.00367182 0.0508001 -0.00698168 0.0134642 0.0052867 0.0215486 -0.0103758 -0.00505895 0.00602261
internal_weight=248.74 229.624 196.032 187.841 33.5922 182.828 19.256 15.7721 14.5901 11.5329 19.1155 10.6552 10.6603 6.55988 4.10042 8.884 3.92976 1.77121
internal_count=8000 7882 7260 7217 622 7188 483 388 362 414 118 392 262 159 103 342 100 50
is_linear=0
shrinkage=0.0155488


Tree=24
num_leaves=19
num_cat=0
split_feature=8 6 7 7 4 9 7 4 4 4 0 8 4 4 4 6 7 1
split_gain=210.643 133.575 139.611 82.0362 60.5352 41.2963 5.88668 4.19473 3.73851 4.87945 2.68205 2.55567 2.04008 2.70949 1.72081 1.58915 1.39319 1.30639
threshold=10823.600000000002 8.6500000000000004 8982.2450000000008 3534.8850000000007 44.350000000000001 1.0000000180025095e-35 6830.4850000000015 19.950000000000003 44.150000000000013 39.050000000000004 1.0000000180025095e-35 6604.0500000000011 37.45000000000001 36.150000000000013 41.550000000000004 8.5500000000000025 6199.1450000000013 298.85000000000008
decision_type=2 2 2 2 2 2 2 2 2 2 2 2 2 2 2 2 2 2
left_child=1 4 3 -3 7 -5 8 -1 9 12 -2 14 13 -7 -9 -6 -13 -11
right_child=10 2 -4 5 15 6 -8 11 -10 17 -12 16 -14 -15 -16 -17 -18 -19
leaf_value=0.017181095410252322 0.052849139069981933 0.044162761871178034 0.049897523758655832 -0.015177306424461464 0.041771941603541321 0.011257436608316896 -0.0074982255010583743 -0.013212526838044971 0.031488566358066371 0.0041334318375219354 0.021084572730802154 0.013436194797647892 0.026733072103575482 -0.0069601903519254512 0.0016361391707701309 0.015800615114968618 -0.0042314490926354314 -0.0101188782633837
leaf_weight=0.75204452872276206 16.049906134605411 5.1463835611939421 8.4190673530101758 161.22827994450927 19.355122171342376 7.9399650841951388 3.4596983436495057 7.4004568327218276 1.2168302126228798 1.2165876720100635 3.5786502808332434 1.0146080367267121 1.4899853151291598 1.3300501052290199 1.5318495426326988 3.2527594286948434 0.76619150489568699 2.6915317308157682
leaf_count=17 83 29 43 6705 176 200 95 300 26 31 35 27 33 29 47 32 23 69
internal_value=0.00155207 -0.00274182 -0.00777302 -0.0107228 0.0250791 -0.0125999 0.0083136 -0.00360571 0.0122766 0.00810224 0.0488452 -0.00702348 0.0132104 0.0077631 -0.0103994 0.0392163 0.00594979 -0.00500884
internal_weight=247.84 228.211 194.138 185.719 34.073 180.573 19.3446 11.4652 15.885 14.6681 19.6286 10.7131 10.76 9.27002 8.93231 22.6079 1.7808 3.90812
internal_count=8000 7882 7260 7217 622 7188 483 414 388 362 118 397 262 229 347 208 50 100
is_linear=0
shrinkage=0.0155488


Tree=25
num_leaves=19
num_cat=0
split_feature=8 6 7 7 5 7 7 8 6 7 2 2 2 7 7 8 8 7
split_gain=199.966 128.987 134.076 79.3271 47.2307 30.3387 5.23684 5.07195 3.3655 3.16861 2.04717 1.28052 2.97684 2.86561 1.66678 0.848582 0.828834 0.803693
threshold=10823.600000000002 8.6500000000000004 8982.2450000000008 3534.8850000000007 202.50000000000003 6339.3350000000009 6830.4850000000015 7677.1000000000013 8.5500000000000025 4381.6950000000006 311.85000000000008 310.55000000000007 308.55000000000007 6288.1900000000014 6208.3650000000007 1448.3000000000002 6604.0500000000011 5909.9600000000009
decision_type=2 2 2 2 2 2 2 2 2 2 2 2 2 2 2 2 2 2
left_child=1 5 3 -3 -5 7 10 9 -7 -1 11 12 14 -14 -6 17 -17 -11
right_child=-2 2 -4 4 6 8 -8 -9 -10 15 -12 -13 13 -15 -16 16 -18 -19
leaf_value=0.012328672202165832 0.047044726476866069 0.042740859002055626 0.048131099908696857 -0.015172010473483691 0.02578131923202041 0.03578564659907154 -0.0057738989683116908 0.022603499459437217 0.0110557132434317 -0.0056193822220286065 -0.00048726784244118912 0.024564917535179177 -0.0037743866992586269 0.015538012850114125 0 -0.012242220722649379 0.00039328185721648079 0.0076728131186607623
leaf_weight=1.0937682129442654 20.118135638535023 5.2752932086586943 8.6362759768962842 161.24307095073164 1.9516887478530427 21.325881773605946 2.6689077466726294 0.88310494273901063 3.4259610790759316 1.049771701917052 1.3533943071961392 4.1104973945766679 4.7185657471418381 1.3933713659644125 0.92510542273521412 5.149354787543416 0.75847119279205788 0.82463872991502274
leaf_count=30 118 29 43 6794 42 236 67 15 41 43 33 90 107 33 22 212 22 23
internal_value=0.00155336 -0.00270009 -0.00771429 -0.0106678 -0.0125542 0.0244246 0.0112473 0.000570225 0.0332041 -0.00375259 0.0148442 0.0166013 0.0100382 0.00198978 0.0204384 -0.00782754 -0.010296 0
internal_weight=246.905 226.787 192.276 183.64 178.365 34.511 17.1215 9.75911 24.7518 8.876 14.4526 13.0992 8.98873 6.11194 2.87679 7.78224 5.90783 1.87441
internal_count=8000 7882 7260 7217 7188 622 394 345 277 330 327 294 204 140 64 300 234 66
is_linear=0
shrinkage=0.0155488


Tree=26
num_leaves=19
num_cat=0
split_feature=3 5 7 6 8 7 7 6 8 8 7 5 5 5 3 3 5 3
split_gain=208.791 85.403 85.0802 72.7763 77.4518 66.5557 54.638 15.8323 6.84922 6.60077 4.92563 2.11614 1.38243 0.619598 2.6655 2.29829 4.13915 4.12114
threshold=1380.5000000000002 204.50000000000003 3534.8850000000007 8.5500000000000025 10823.600000000002 8982.2450000000008 8982.2450000000008 8.6500000000000004 10823.600000000002 10823.600000000002 7214.8950000000013 202.50000000000003 205.50000000000003 224.50000000000003 1570.5000000000002 1570.5000000000002 215.50000000000003 1865.5000000000002
decision_type=2 2 2 2 2 2 2 2 2 2 2 2 2 2 2 2 2 2
left_child=3 2 -2 -1 5 7 9 -5 10 11 13 -4 -9 15 -15 16 -3 -17
right_child=1 8 6 4 -6 -7 -8 12 -10 -11 -12 -13 -14 14 -16 17 -18 -19
leaf_value=0.052056099026321162 0.043610225277716436 0.024628043234858722 -0.015108760349395373 0.019586426829586147 0.043505608778124406 0.042414216270535855 0.040773182461219873 -0.014399585661123654 0.040446356418948483 0.013720408300044852 -0.0068518968586232052 0 0.0020604052524024253 0.0031831433230158175 0.03819291242994817 -0.0033634570780130876 0 0.021473647979724945
leaf_weight=16.927044108510017 5.4427237138152114 5.340518178418284 149.45818226225674 2.7659746706485775 14.156456299126146 6.2777445763349524 3.2273358553647986 23.953211907297376 3.5801272988319388 0.91835937649011512 1.3089876137673844 1.9371025469154108 0.56806132569908996 1.3200494870543473 1.2210351377725599 4.537488829344511 2.118266474455595 0.95993797294795502
leaf_count=78 30 119 6392 18 82 30 16 889 21 7 30 56 12 26 22 105 49 18
internal_value=0.0015526 -0.00700013 -0.0108439 0.0252844 0.0146277 0.00121718 -0.0131051 -0.00956298 0.0220522 -0.0145931 0.0154014 -0.0149005 -0.0137878 0.0178806 0.0280493 0.0133311 0.0185459 0.00356715
internal_weight=246.019 181.37 160.984 64.6485 47.7214 33.565 155.541 27.2872 20.3864 152.314 16.8063 151.395 24.5213 15.4973 2.54108 12.9562 7.45878 5.49743
internal_count=8000 6891 6501 1109 1031 949 6471 919 390 6455 369 6448 901 339 48 291 168 123
is_linear=0
shrinkage=0.0155488


Tree=27
num_leaves=19
num_cat=0
split_feature=8 6 5 8 5 8 5 8 8 0 5 5 1 1 8 2 8 8
split_gain=180.545 121.067 31.1278 6.3428 19.5094 4.59076 5.36223 3.96539 3.89384 3.28114 2.9814 2.86167 2.64509 2.53713 2.46803 2.05278 1.30892 4.23951
threshold=10823.600000000002 8.6500000000000004 202.50000000000003 1656.1000000000001 63.500000000000007 314.65000000000003 14.500000000000002 9949.3000000000011 9826.3000000000011 1.0000000180025095e-35 31.500000000000004 176.50000000000003 302.55000000000007 296.75000000000006 267.35000000000008 311.85000000000008 6563.7000000000016 5750.5000000000009
decision_type=2 2 2 2 2 2 2 2 2 2 2 2 2 2 2 2 2 2
left_child=1 14 3 4 5 6 12 10 15 -2 -5 -9 -3 -12 -1 -4 17 -16
right_child=9 2 8 7 -6 -7 -8 11 -10 -11 13 -13 -14 -15 16 -17 -18 -19
leaf_value=0 0.047573767846124493 -0.0076932506058762958 0.015883599676029071 0.0083937824149157431 0.026832620435768277 -0.010462532476713348 0.021681097464619142 0.01650948346018408 -0.0045377599988959041 0.018600769593862133 0 -0.0068174743587176975 0.010686202379791569 -0.012389554402779463 0.0207925719727034 -0.00078946921492200597 0.03106635468526996 -0.0020361199903600365
leaf_weight=1.0097778886556614 17.193754509091381 7.2245791628956777 13.918217044323685 0.71313847973942657 3.1945662554353467 29.200653802603483 1.2713857721537341 1.1972395237535232 2.2490078173577777 3.882855921983718 3.9136950951069585 1.3399175293743608 1.1371813770383594 121.8469896428287 21.432697631418709 1.40358206629753 11.157645227387546 1.5918743852525938
leaf_count=28 83 283 307 11 40 1215 9 14 54 35 142 48 25 5078 425 34 124 45
internal_value=0.00156183 -0.00261357 -0.00759756 -0.00964387 -0.00408713 -0.00748116 0.00136561 -0.0113682 0.0114375 0.0437437 -0.0117718 0.00498394 -0.00373226 -0.0119976 0.0233392 0.0141795 0.0240227 0.0190322
internal_weight=244.879 223.802 188.61 171.039 42.0284 38.8338 9.63315 129.011 17.5708 21.0766 126.474 2.53716 8.36176 125.761 35.192 15.3218 34.1822 23.0246
internal_count=8000 7882 7260 6865 1572 1532 317 5293 395 118 5231 62 308 5220 622 341 594 470
is_linear=0
shrinkage=0.0155488


Tree=28
num_leaves=19
num_cat=0
split_feature=3 7 5 6 7 5 7 6 7 5 3 7 5 7 5 5 7 7
split_gain=197.854 81.1522 83.1457 64.8582 57.0165 50.2044 40.6368 8.50469 5.22864 4.53084 6.17849 4.31361 4.13968 3.61319 2.72139 2.19606 0.728734 5.25685
threshold=1386.5000000000002 3534.8850000000007 204.50000000000003 8.5500000000000025 8316.7850000000017 188.50000000000003 8982.2450000000008 8.6500000000000004 8982.2450000000008 224.50000000000003 1570.5000000000002 7445.2800000000007 215.50000000000003 8316.7850000000017 162.50000000000003 206.50000000000003 7716.3650000000007 6830.4850000000015
decision_type=2 2 2 2 2 2 2 2 2 2 2 2 2 2 2 2 2 2
left_child=3 -2 6 -1 5 7 13 -5 -6 10 16 15 -12 -3 -15 -7 17 -4
right_child=1 2 9 4 8 11 -8 -9 -10 -11 12 -13 -14 14 -16 -17 -18 -19
leaf_value=0.048070483887892972 0.044167638715606569 -0.014956986226591284 0.020299731135932086 0.013238662243643036 0.0204784967092452 -0.0020468593965346591 0.036417567193304176 -0.01415747420678377 0.045763422142075363 0.034597467391120164 -0.0083461310811999978 0.034841401432798694 0.015619566572763607 -0.0074450104552051047 0.016120250281151785 0.016196625781102467 0.031516299777809953 -0.0024654497037581236
leaf_weight=18.11318451538682 5.8893744871020308 144.05989980883896 6.5755101256072575 1.9889968894422079 7.8525660652667311 1.5797273423522691 2.6701163798570624 21.050462815910578 8.878926604986189 3.6391560100018969 3.9229119606316081 6.7514049746096134 1.3817511238157747 1.5107363276183599 0.77141489833593357 3.1594507582485676 1.7660021297633637 2.8059048689901829
leaf_count=87 32 6293 142 15 109 42 13 850 42 54 93 46 28 49 10 29 10 56
internal_value=0.00155311 -0.00725 -0.00937302 0.0235491 0.0138769 0.00199375 -0.0134097 -0.0110765 0.0363506 0.0194216 0.0136496 0.0270236 0 -0.0146445 0.00230814 0.0103119 0.0196622 0.0136377
internal_weight=244.367 174.993 169.103 69.3747 51.2615 34.53 149.012 23.0395 16.7315 20.0912 16.4521 11.4906 5.30466 146.342 2.28215 4.73918 11.1474 9.38141
internal_count=8000 6780 6748 1220 1133 982 6365 865 151 383 329 117 121 6352 59 71 208 198
is_linear=0
shrinkage=0.0155488


Tree=29
num_leaves=19
num_cat=0
split_feature=3 7 8 6 8 7 7 6 8 4 8 8 3 7 8 3 7 7
split_gain=191.214 78.1722 61.8633 60.6201 70.022 67.783 25.7074 14.1955 9.52417 11.816 2.86206 1.95901 3.34006 2.13633 1.96609 1.38388 1.30194 1.11013
threshold=1386.5000000000002 3534.8850000000007 10129.500000000002 8.5500000000000025 10823.600000000002 8982.2450000000008 8982.2450000000008 8.6500000000000004 7129.1500000000005 39.050000000000004 7581.3000000000011 9579.5000000000018 1418.5000000000002 6297.9800000000005 8498.5000000000018 1520.5000000000002 5811.8950000000013 5141.4150000000009
decision_type=2 2 2 2 2 2 2 2 2 2 2 2 2 2 2 2 2 2
left_child=3 -2 6 -1 5 7 8 -5 17 10 16 13 -13 14 -11 -12 -10 -3
right_child=1 2 -4 4 -6 -7 -8 -9 9 11 15 12 -14 -15 -16 -17 -18 -19
leaf_value=0.046503443528620979 0.042769807208920402 -0.009441770064541782 0.034001939600655527 0.017477505523776003 0.039954147987867387 0.0410325172122901 0.032023598690485683 -0.013277866546434482 0.0077593561370451298 -0.0079916217942799274 0.0019574285802099658 0.017528823319801261 -0.0082673712073825737 -0.013454590515624887 0.010740563540548325 0.025094195160362921 -0.0073440943068388501 -0.014765741507099027
leaf_weight=18.471481179818511 6.0268734917044631 25.704448938369751 6.4030801169574252 2.9900519400835064 15.476727358996866 6.937645122408866 2.0457510948181143 26.036432877182961 1.5387999657541542 1.7210110370069807 1.4967874232679608 0.73706552200019304 1.7900050822645424 14.604426752775906 1.2334132641553877 2.4075832832604647 1.4834322556853292 106.18037713319063
leaf_count=87 32 1090 65 21 85 32 10 995 34 68 32 20 52 565 26 49 51 4686
internal_value=0.00156052 -0.0071858 -0.00931029 0.0230505 0.0136561 0.00127744 -0.011305 -0.00939412 -0.0121314 -0.00334061 0.0125355 -0.00940792 0.00153874 -0.0111855 0 0.0195893 0 -0.013855
internal_weight=243.285 173.373 167.346 69.9123 51.4409 35.9641 160.943 29.0265 158.897 27.0125 6.9266 20.0859 2.52707 17.5589 2.95442 3.90437 3.02223 131.885
internal_count=8000 6780 6748 1220 1133 1048 6683 1016 6673 897 166 731 72 659 94 81 85 5776
is_linear=0
shrinkage=0.0155488


Tree=30
num_leaves=19
num_cat=0
split_feature=4 7 9 6 4 8 7 6 7 4 4 0 6 6 4 7 8 6
split_gain=167.162 69.8459 62.6667 60.2513 36.8992 32.8671 48.762 62.9306 6.35597 5.08135 5.73238 3.26396 3.4066 1.89697 1.46356 1.34313 1.89259 4.59782
threshold=52.45000000000001 3534.8850000000007 1.0000000180025095e-35 8.6500000000000004 44.350000000000001 10823.600000000002 8982.2450000000008 8.5500000000000025 7185.255000000001 44.150000000000013 41.350000000000001 1.0000000180025095e-35 9.6500000000000004 8.6500000000000004 41.550000000000004 6297.9800000000005 7581.3000000000011 10.950000000000001
decision_type=2 2 2 2 2 2 2 2 2 2 2 2 2 2 2 2 2 2
left_child=1 -1 3 4 14 6 7 -2 -6 10 15 -11 -13 -9 -3 16 -4 -18
right_child=5 2 9 -5 8 -7 -8 13 -10 11 -12 12 -14 -15 -16 -17 17 -19
leaf_value=0.0414592955752731 0.036204720305427866 -0.01322203135014129 0.0061001142734269809 -0.015094565915326338 0.034582952474336036 0.042581561661278224 0.042975507530037579 0.0019122160419067843 0.0062573596109699809 0.026940284266100251 -0.0099797200454533417 0.016696270548656592 -0.00804056562622181 -0.01374191442953048 0.00024792866200142684 -0.00058802978068795363 0.02779241046970064 -0.001017531677590076
leaf_weight=6.1589995920658103 8.4566367045044917 7.4616459701210278 8.547847963869577 132.33393177948892 9.2078925054520351 17.487738393247128 10.059579730033873 1.3053675405681158 3.5689828321337691 7.6453836597502214 2.6052966061979523 1.2760732900351288 1.5586051009595392 16.671959519386292 1.7488873600959776 1.3711124919354905 3.3316613268107167 1.4214626029133794
leaf_count=32 52 312 219 6080 78 90 46 9 53 97 68 24 28 629 53 35 68 27
internal_value=0.00156074 -0.0053686 -0.00724439 -0.0111296 0.0120988 0.02537 0.0158876 0.00397082 0.0282032 0.0137736 0.00737284 0.0220945 0.00384896 -0.0123549 -0.0105714 0.0112354 0.0126647 0.0201122
internal_weight=242.219 188.238 182.079 154.321 21.9874 53.9813 36.4935 26.434 12.7769 27.7574 17.2774 10.4801 2.83468 17.9773 9.21053 14.6721 13.301 4.75312
internal_count=8000 7174 7142 6576 496 826 736 690 131 566 417 149 52 638 365 349 314 95
is_linear=0
shrinkage=0.0155488


Tree=31
num_leaves=19
num_cat=0
split_feature=3 5 7 6 8 7 7 5 6 8 8 7 6 6 7 1 1 7
split_gain=179.773 73.9145 74.7646 54.5536 62.9508 59.5155 37.9781 11.7054 11.2337 6.90008 3.51279 4.79328 1.74755 1.45711 0.933314 4.10694 1.91897 2.2179
threshold=1386.5000000000002 204.50000000000003 3534.8850000000007 8.5500000000000025 11112.650000000001 8982.2450000000008 8982.2450000000008 188.50000000000003 8.6500000000000004 10823.600000000002 10129.500000000002 6830.4850000000015 10.950000000000001 9.3500000000000032 4925.3900000000003 299.95000000000005 298.85000000000008 5632.4300000000012
decision_type=2 2 2 2 2 2 2 2 2 2 2 2 2 2 2 2 2 2
left_child=3 2 -2 -1 5 7 9 8 -5 -4 11 14 13 -9 -3 16 17 -16
right_child=1 10 6 4 -6 -7 -8 12 -10 -11 -12 -13 -14 -15 15 -17 -18 -19
leaf_value=0.044073277733524471 0.037973412690394358 0.027202089164599725 -0.01491322856164605 0.015837483661225175 0.042089807539599698 0.039451463736968416 0.033979108042170851 0.0094467928262297659 -0.014394601625001162 0.01503713179205457 0.031616526264330792 -0.0072608443591850504 0.020425022482377566 -0.0046400161792787779 -0.0059152301881785462 0.018986322510494778 -0.0084989945108455249 0.01328200741251729
leaf_weight=19.03204844519496 5.9936406314373007 2.2140415757894578 139.97033720649779 2.2209017872810426 12.355267710983751 7.3690983504056922 2.8108060956001273 2.3900343701243392 23.54451553337276 0.81274756789207359 4.7650158740580073 1.4287887718528498 1.8192424569278953 2.0054930690675974 1.0727083832025512 6.8575983680784702 1.8319403789937494 2.7271863967180252
leaf_count=87 30 44 6347 16 63 33 13 26 933 5 44 35 25 37 23 143 39 57
internal_value=0.00155902 -0.00707814 -0.0109446 0.0221916 0.0132176 0.00304439 -0.0133219 -0.00639292 -0.0110364 -0.0145829 0.0194845 0.0136712 0.0109714 0.00273196 0.0163545 0.0118599 0.000756645 0.00697765
internal_weight=241.221 170.485 149.588 70.7366 51.7046 39.3493 143.594 31.9802 25.7654 140.783 20.8973 16.1323 6.21477 4.39553 14.7035 12.4894 5.63184 3.79989
internal_count=8000 6780 6395 1220 1133 1070 6365 1037 949 6352 385 341 88 63 306 262 119 80
is_linear=0
shrinkage=0.0155488


Tree=32
num_leaves=19
num_cat=0
split_feature=3 7 9 6 8 7 4 6 8 7 9 1 6 6 4 4 4 4
split_gain=174.065 70.4141 67.0408 51.2326 59.557 60.299 39.4479 13.4568 8.61321 4.49236 2.66635 1.43591 1.81648 1.72604 0.701959 4.97524 0.599375 2.69258
threshold=1386.5000000000002 3534.8850000000007 1.0000000180025095e-35 8.5500000000000025 10823.600000000002 8982.2450000000008 57.850000000000001 8.6500000000000004 10129.500000000002 6830.4850000000015 1.0000000180025095e-35 297.85000000000008 11.050000000000002 8.5500000000000025 39.050000000000004 43.750000000000007 37.45000000000001 36.150000000000013
decision_type=2 2 2 2 2 2 2 2 2 2 2 2 2 2 2 2 2 2
left_child=3 -2 6 -1 5 7 -3 -5 9 11 -9 12 -4 -13 16 -16 17 -15
right_child=1 2 8 4 -6 -7 -8 10 -10 -11 -12 13 -14 14 15 -17 -18 -19
leaf_value=0.042790626326786069 0.039150209500577744 -0.014979065153045765 0.009819496874116233 0.01657059727534764 0.036463411260812754 0.037686985251241353 0.028873662406904099 -0.014354941915824012 0.029467729791028897 -0.0091436751450879317 0.0038985418563435839 -0.0010037867324871905 -0.0080861955922345383 0.014007830577015252 -0.0060880750832953247 0.023201920752937536 0.026801370390010643 -0.0057782255553970735
leaf_weight=19.332636317238212 6.3988352641463271 133.30544978566468 1.3203939460218053 3.0823020786047008 16.311557129025459 7.3012771010398856 3.9715385902672997 23.854482013732198 5.3683285359293214 2.1647636890411368 1.2401019893586624 1.439898159354924 1.6883844844996927 7.0939043108373863 2.7821595426648851 0.87716801650822152 1.4815370514988888 1.0382507871836422
leaf_count=87 32 6181 29 21 85 32 39 966 49 63 29 36 40 173 69 18 29 22
internal_value=0.00156483 -0.00701616 -0.009141 0.0217697 0.01303 0.00128045 -0.0134345 -0.00921807 0.0135866 0.00763388 -0.0131652 0.0103518 0 0.0122114 0.0138732 0.00425605 0.0162719 0.0106396
internal_weight=240.053 168.931 162.532 71.1224 51.7897 35.4782 137.277 28.1769 25.2548 19.8865 25.0946 17.7217 3.00878 14.7129 13.273 3.65933 9.61369 8.13216
internal_count=8000 6780 6748 1220 1133 1048 6220 1016 528 479 995 416 69 347 311 87 224 195
is_linear=0
shrinkage=0.0155488


Tree=33
num_leaves=19
num_cat=0
split_feature=3 5 7 6 8 7 4 5 6 4 8 5 3 3 3 6 2 6
split_gain=168.509 70.6764 70.4729 48.2594 56.8041 55.0867 39.0955 11.1515 10.8996 3.70879 5.7402 3.05916 4.0355 3.61693 3.06726 1.7213 1.4316 1.40544
threshold=1386.5000000000002 204.50000000000003 3534.8850000000007 8.5500000000000025 11112.650000000001 8982.2450000000008 56.850000000000001 188.50000000000003 8.6500000000000004 45.250000000000007 8646.9000000000015 213.50000000000003 1554.5000000000002 1841.5000000000002 1566.5000000000002 10.950000000000001 309.65000000000003 9.3500000000000032
decision_type=2 2 2 2 2 2 2 2 2 2 2 2 2 2 2 2 2 2
left_child=3 2 -2 -1 5 7 -4 8 -5 10 11 12 -3 -14 -13 17 -11 -9
right_child=1 9 6 4 -6 -7 -8 15 -10 16 -12 14 13 -15 -16 -17 -18 -19
leaf_value=0.041592923787895336 0.035881274480806746 0.018700225281483792 -0.01487067972562818 0.015311581068271914 0.039710748915680529 0.037425515529845826 0.02628689084742129 0.0090559402123096631 -0.014345273389295801 0.0094712458582141106 -0.0037197956411238998 0.0041291650673546962 -0.010684378547353412 0.013632575111644578 0.033125219165919116 0.019758231355764117 0.035583287851212064 -0.0047319922235587644
leaf_weight=19.613667868077755 6.2117314487695685 2.5956712402403372 135.21562898531556 2.2661096975207391 12.783414557576178 7.5956701785325995 4.6469916980713597 2.4265707768499842 22.928678931668401 2.4271792396903029 3.3579237870872012 2.0185885317623615 3.0696321539580822 0.96118370629847039 3.1722808815538883 1.8616211917251346 3.7382042072713375 2.015680804848671
leaf_count=87 30 54 6313 16 63 33 52 26 933 29 78 37 73 17 57 25 40 37
internal_value=0.00156662 -0.00695582 -0.0108549 0.0213544 0.0128348 0.00299699 -0.0132561 -0.00629502 -0.0109369 0.0186895 0.0123215 0.0170942 0.0070886 -0.00230789 0.0254272 0.0104918 0.029141 0.00245683
internal_weight=238.906 167.415 146.074 71.4914 51.8777 39.0943 139.863 31.4987 25.1948 21.3407 15.1753 11.8174 6.62649 4.03082 5.19087 6.30387 6.16538 4.44225
internal_count=8000 6780 6395 1220 1133 1070 6365 1037 949 385 316 238 144 90 94 88 69 63
is_linear=0
shrinkage=0.0155488


Tree=34
num_leaves=19
num_cat=0
split_feature=8 6 7 7 5 7 7 8 8 7 2 2 2 7 1 7 7 7
split_gain=134.776 99.055 102.741 60.5343 42.5685 19.2086 4.64244 3.48967 3.49716 2.01467 1.78415 1.22908 2.96509 2.83895 1.03112 0.550737 2.43774 0.431899
threshold=10823.600000000002 8.6500000000000004 8982.2450000000008 3534.8850000000007 202.50000000000003 6660.3400000000011 6830.4850000000015 6563.7000000000016 2906.4000000000005 7617.3650000000007 311.85000000000008 310.55000000000007 308.55000000000007 6288.1900000000014 297.25000000000006 4311.6950000000006 5909.9600000000009 6366.4950000000008
decision_type=2 2 2 2 2 2 2 2 2 2 2 2 2 2 2 2 2 2
left_child=1 5 3 -3 -5 7 10 8 15 -2 11 12 14 -14 -6 -1 -17 -10
right_child=9 2 -4 4 6 -7 -8 -9 17 -11 -12 -13 13 -15 -16 16 -18 -19
leaf_value=0.014233908183841137 0.018967701369933827 0.03314743300023143 0.038486500177650707 -0.015028680648263501 0.0022481364047434137 0.028376113366400807 -0.0060874169627561057 0.015507302583770938 -0.011187083396989607 0.039855109043525232 -0.00087617056738328479 0.021581407192465773 -0.0044064602667635228 0.014512374781369864 0.024560182457761467 -0.0080305522222670137 0.010871496375772645 0
leaf_weight=0.93519817851483633 5.9885754287242916 6.23684337735176 9.9214817583560926 142.88931332528591 1.4509928002953549 23.867928326129913 2.7785352803766719 3.2991040293127289 3.751119289547205 17.548095740377903 1.4151269327849139 4.519227782264351 5.0072348862886429 1.4780324827879665 1.6337776891887186 1.7568045705556867 2.2738889269530773 0.95347858034074295
leaf_count=23 33 29 43 6794 29 212 67 59 166 85 33 90 107 33 35 79 56 27
internal_value=0.00157333 -0.00236873 -0.00722685 -0.010223 -0.0121662 0.0203882 0.00954055 0.00421969 -0.000608124 0.0359157 0.0128152 0.0144008 0.00856015 0.0010504 0.0186179 0.00727463 0.00195275 -0.00935648
internal_weight=237.705 214.168 177.331 167.409 161.172 36.8375 18.2829 12.9696 9.67049 23.5367 15.5044 14.0893 9.57004 6.48527 3.08477 4.96589 4.03069 4.7046
internal_count=8000 7882 7260 7217 7188 622 394 410 351 118 327 294 204 140 64 158 135 193
is_linear=0
shrinkage=0.0155488


Tree=35
num_leaves=19
num_cat=0
split_feature=3 7 9 6 8 7 4 6 8 8 7 9 6 6 7 4 7 4
split_gain=159.12 64.1037 63.8124 44.1239 51.359 50.9935 37.0338 9.90007 9.85242 7.54298 4.26714 2.61313 1.26084 0.971659 4.03986 3.55205 1.10052 4.0093
threshold=1386.5000000000002 3534.8850000000007 1.0000000180025095e-35 8.5500000000000025 11112.650000000001 8982.2450000000008 57.850000000000001 8.6500000000000004 10823.600000000002 10129.500000000002 6830.4850000000015 1.0000000180025095e-35 8.5500000000000025 9.6500000000000004 6297.9800000000005 34.350000000000001 5386.7750000000005 35.250000000000007
decision_type=2 2 2 2 2 2 2 2 2 2 2 2 2 2 2 2 2 2
left_child=3 -2 6 -1 5 7 -3 -5 11 10 12 -9 -4 15 16 -14 -15 -18
right_child=1 2 9 4 -6 -7 -8 8 -10 -11 -12 -13 13 14 -16 -17 17 -19
leaf_value=0.039782436353735316 0.036267314070962613 -0.014927467044993818 -0.0010877001287973699 0.015565969202616086 0.037548890638729446 0.035549408690117239 0.026967323739633859 -0.014274614951413902 0.011187269892990183 0.027469140188624386 -0.0091039380136709903 0.003766512651368441 0.00034826417061529954 0.01809488853799145 -0.0089530316271279609 0.023895655671182927 -0.0089874466637426542 0.013479433078367816
leaf_weight=20.032515704631805 6.708362288773059 127.99973644316196 1.4535719417035675 3.187336731702092 13.181154951453207 7.806383565068244 4.1386560313403598 22.90476759150625 3.6667391285300246 5.6066374257206908 2.1445140410214654 1.2556094396859396 2.7870946787297752 2.6666343230754119 2.0580953862518072 3.7731329947710037 2.0394517071545124 3.2582595348358154
leaf_count=87 32 6181 36 21 63 33 39 966 21 49 63 29 72 63 53 80 47 65
internal_value=0.0015724 -0.00684839 -0.00897338 0.0206599 0.0124632 0.00294758 -0.013347 -0.00619434 -0.00937898 0.0128779 0.007284 -0.013047 0.00989409 0.0110813 0.00608327 0.0160358 0.0110717 0.00417796
internal_weight=236.669 164.634 157.926 72.0345 52.002 38.8208 132.138 31.0145 27.8271 25.7874 20.1808 24.1604 18.0362 16.5827 10.0224 6.56023 7.96435 5.29771
internal_count=8000 6780 6748 1220 1133 1070 6220 1037 1016 528 479 995 416 380 228 152 175 112
is_linear=0
shrinkage=0.0155488


Tree=36
num_leaves=19
num_cat=0
split_feature=3 5 7 7 8 7 8 8 7 4 7 5 4 4 4 4 5 3
split_gain=154.302 68.6811 64.0273 44.5176 16.9472 13.3774 5.56561 4.45973 4.42403 3.17262 2.43994 2.05761 1.09994 3.78644 0.954443 4.90238 1.81845 4.02292
threshold=1380.5000000000002 204.50000000000003 3534.8850000000007 8982.2450000000008 11112.650000000001 8982.2450000000008 10823.600000000002 10823.600000000002 7214.8950000000013 58.550000000000004 8445.510000000002 202.50000000000003 49.45000000000001 50.350000000000001 45.250000000000007 41.350000000000001 213.50000000000003 1566.5000000000002
decision_type=2 2 2 2 2 2 2 2 2 2 2 2 2 2 2 2 2 2
left_child=4 2 -2 6 5 9 11 8 14 12 -11 -4 -1 -14 15 16 -3 -18
right_child=1 7 3 -5 -6 -7 -8 -9 -10 10 -12 -13 13 -15 -16 -17 17 -19
leaf_value=0.018401824882287705 0.03323786824113964 0.0068095044897778451 -0.014951507780400781 0.033299797800085684 0.036084523845983235 0.034110787222506773 0.010688239325358081 0.032111410607870358 -0.0073141994386578292 -0.0069791850246799219 0.0086922456551862901 0 -0.0076649457711151538 0.012163913409305182 0.027948823763481713 -0.0052734217785416265 0.0036819000517999143 0.030642050361149635
leaf_weight=14.270993888378142 6.4942725002765647 6.7096827756613582 131.38750691339374 3.7087505608797064 14.428744502365587 7.9570909291505805 1.1053676083683956 4.2179749235510817 1.4262311235070217 2.9244865961372843 4.2024775948375463 1.9467788003385056 1.4971276409924055 22.989476032555103 1.4010142944753159 2.4792118333280078 2.9297149702906609 3.4015919864177704
leaf_count=290 30 143 6392 16 66 33 7 21 30 89 64 56 59 508 23 59 55 59
internal_value=0.00157418 -0.00646003 -0.0104318 -0.0127908 0.0210702 0.0162522 -0.0143845 0.0180514 0.0127877 0.0122543 0.00172049 -0.0147179 0.0139813 0.0104898 0.0150789 0.0116984 0.0153726 0.0213295
internal_weight=235.478 167.208 144.643 138.148 68.2704 53.8417 134.44 22.5654 18.3474 45.8846 7.12696 133.334 38.7576 24.4866 16.9212 15.5202 13.041 6.33131
internal_count=8000 6891 6501 6471 1109 1043 6455 390 369 1010 153 6448 857 567 339 316 257 114
is_linear=0
shrinkage=0.0155488


Tree=37
num_leaves=19
num_cat=0
split_feature=3 7 9 6 7 7 9 6 7 7 2 7 6 2 2 7 1 7
split_gain=148.998 60.2366 61.5663 42.1825 39.8554 33.9843 23.5017 6.23499 5.67238 4.63247 2.99625 4.3377 5.1639 6.51516 2.61096 2.37384 2.36229 2.29282
threshold=1386.5000000000002 3534.8850000000007 1.0000000180025095e-35 8.5500000000000025 8056.6750000000002 8982.2450000000008 1.0000000180025095e-35 8.8500000000000032 8982.2450000000008 7617.3650000000007 309.65000000000003 6297.9800000000005 10.950000000000001 308.55000000000007 311.75000000000006 7696.4300000000012 299.05000000000007 8445.510000000002
decision_type=2 2 2 2 2 2 2 2 2 2 2 2 2 2 2 2 2 2
left_child=3 -2 5 -1 6 17 7 -5 -6 10 11 12 13 -4 -9 -16 -12 -3
right_child=1 2 9 4 8 -7 -8 14 -10 -11 16 -13 -14 -15 15 -17 -18 -19
leaf_value=0.038402320075265291 0.034527346311734264 -0.014886460636141905 0.034356785519177868 0.0083330981955395001 0.016460155006711458 0.03023827783568642 0.020347560378765877 -0.014554070517603719 0.036066333176729699 0.027647492441517148 -0.0019076019554341637 -0.011071971738774672 -0.0083209467484569519 0 -0.0078286623230003245 0.013598615845702419 0.014903681613904792 0.0012583892460643206
leaf_weight=20.341356050223112 6.8999165222048751 124.05521464720368 1.4104184210300501 3.1724410075694349 12.728330357000234 3.0298355370759955 8.2569337859749812 15.648185389116408 10.144934251904486 3.3606980405747882 1.5988064166158427 3.1172882206737995 1.7562068440020082 2.2811300102621317 1.6772862207144492 0.89833066053688515 12.645845441147683 1.5280552580952633
leaf_count=87 32 6169 32 41 193 13 65 701 42 22 36 72 38 53 72 19 275 38
internal_value=0.00157614 -0.00672911 -0.00885371 0.0198597 0.0118845 -0.0132824 -5.66238e-05 -0.00878652 0.0267284 0.0123854 0.00866226 0.00068993 0.00880275 0.0177725 -0.0123067 0.000633741 0.0127668 -0.0146493
internal_weight=234.551 161.683 154.783 72.8678 52.5264 128.613 29.6532 21.3962 22.8733 26.1704 22.8097 8.56504 5.44776 3.69155 18.2238 2.57562 14.2447 125.583
internal_count=8000 6780 6748 1220 1133 6220 898 833 235 528 506 195 123 85 792 91 311 6207
is_linear=0
shrinkage=0.0155488


Tree=38
num_leaves=19
num_cat=0
split_feature=3 5 7 6 4 4 5 6 4 5 5 3 3 5 4 2 1 1
split_gain=144.332 63.8031 61.556 40.1053 39.9597 35.5752 33.8966 7.26888 3.25386 11.886 3.19246 3.16576 3.02516 2.78908 4.36569 1.57057 2.10239 1.69482
threshold=1386.5000000000002 204.50000000000003 3534.8850000000007 8.5500000000000025 60.150000000000013 56.850000000000001 188.50000000000003 8.6500000000000004 65.000000000000014 182.50000000000003 224.50000000000003 1524.5000000000002 1865.5000000000002 202.50000000000003 55.550000000000004 310.85000000000008 302.35000000000008 297.55000000000007
decision_type=2 2 2 2 2 2 2 2 2 2 2 2 2 2 2 2 2 2
left_child=3 2 -2 -1 6 -4 7 -5 9 -6 11 -3 15 14 -8 17 -17 -13
right_child=1 10 5 4 8 -7 13 -9 -10 -11 -12 12 -14 -15 -16 16 -18 -19
leaf_value=0.037475123114698014 0.031624976711501211 0.017730735767480271 -0.01477768334182806 0.010936263294066582 3.2598748671085496e-05 0.023798666237890141 -0.0086898105889407114 -0.013928311906360135 0.036226100092683559 0.036147471956208689 0.029461556423993687 0.0050400615321914543 0.018907547693950404 0.024969382060251032 0.015985417127668697 0.015034420457724299 -0.0054359957266091243 -0.011140931900357962
leaf_weight=20.549654755741358 6.6696619540452948 10.174586728215223 126.39990667067468 2.1936072222888496 5.1739908419549483 4.8911588862538329 1.687346240505575 18.701455913484097 10.352495010942219 2.8969151824712753 4.1253493018448344 1.1030694581568221 1.1014709472656248 8.6415850445628148 2.9949722196906805 1.4281439483165743 0.97486582398414601 3.3951163738965988
leaf_count=87 30 166 6313 15 99 52 44 836 49 13 54 23 18 58 19 28 22 74
internal_value=0.00157603 -0.0066709 -0.010648 0.019495 0.0117011 -0.0131015 0.00138006 -0.010676 0.0293748 0.0165068 0.0170301 0.012303 0.0035281 0.0198476 0.00648672 -0.000968747 0.0066542 -0.00627065
internal_weight=233.455 160.263 137.961 73.192 52.6424 131.291 34.219 20.8951 18.4234 8.07091 22.3026 18.1773 8.00267 13.3239 4.68232 6.9012 2.40301 4.49819
internal_count=8000 6780 6395 1220 1133 6365 972 851 161 112 385 331 165 121 63 147 50 97
is_linear=0
shrinkage=0.0155488


Tree=39
num_leaves=19
num_cat=0
split_feature=8 6 7 7 5 7 0 7 8 8 2 7 7 1 7 5 7 7
split_gain=112.884 88.3624 88.9231 52.6182 39.9745 15.3464 5.99797 4.28875 2.94363 3.32235 1.68569 1.11952 3.44011 4.15131 0.40252 0.328234 0.232078 2.67523
threshold=10823.600000000002 8.6500000000000004 8982.2450000000008 3534.8850000000007 202.50000000000003 6660.3400000000011 1.0000000180025095e-35 6830.4850000000015 6563.7000000000016 2906.4000000000005 311.85000000000008 6677.9800000000005 6297.9800000000005 301.05000000000007 6366.4950000000008 214.50000000000003 5909.9600000000009 4225.6100000000015
decision_type=2 2 2 2 2 2 2 2 2 2 2 2 2 2 2 2 2 2
left_child=1 5 3 -3 -5 8 -2 10 9 16 11 12 13 -6 -11 -9 17 -1
right_child=6 2 -4 4 7 -7 -8 15 -10 14 -12 -13 -14 -15 -16 -17 -18 -19
leaf_value=0.014809091934317736 0.036093097697886933 0.029256945379634948 0.034338447918010176 -0.014950440379210513 0.017196882994866103 0.025962766948187596 0.011439742878145158 -0.0086756511982698202 0.014382885249323938 -0.010960822962792398 -0.0012109066324449043 0.026395941273148864 -0.0046701118178878393 -0.0038564281123829995 0 0 0.010345548346615781 -0.0078954618192248385
leaf_weight=0.8866562899202094 19.853762522339824 6.6574593335390082 10.492449060082434 133.94155496172607 9.2776154521852785 24.60158360004425 4.9481599926948538 1.9242832027375691 3.4101498164236537 3.5367077048867941 1.4706631377339352 1.1095160804688919 2.28140540793538 2.0239250846207133 0.94047910533845414 0.91137004271149624 2.2905684541910887 1.7111993934959171
leaf_count=20 83 29 43 6794 181 212 35 46 59 166 33 20 53 40 27 21 56 82
internal_value=0.00158028 -0.00222003 -0.00701314 -0.0100004 -0.0119566 0.0190149 0.0321042 0.00858106 0.00424412 -0.000339394 0.0116639 0.013188 0.00972397 0.0131114 -0.00913165 -0.00624579 0.00730497 0.00113974
internal_weight=232.27 207.468 170.09 159.598 152.94 37.3773 24.8019 18.9988 12.7758 9.36561 16.1631 14.6925 13.5829 11.3015 4.47719 2.83565 4.88842 2.59786
internal_count=8000 7882 7260 7217 7188 622 118 394 410 351 327 294 274 221 193 67 158 102
is_linear=0
shrinkage=0.0155488


Tree=40
num_leaves=19
num_cat=0
split_feature=3 7 8 1 4 8 7 8 4 2 8 7 8 7 3 4 4 3
split_gain=136.72 55.2113 47.9449 27.1627 34.6709 26.3383 17.5761 7.13225 11.1772 5.18995 3.1584 3.95891 2.24055 2.04374 1.69726 1.6586 1.79711 1.4605
threshold=1386.5000000000002 3534.8850000000007 9579.5000000000018 301.55000000000007 60.550000000000004 10823.600000000002 8982.2450000000008 7129.1500000000005 39.050000000000004 312.25000000000006 10823.600000000002 7214.8950000000013 7581.3000000000011 6297.9800000000005 1289.5000000000002 40.45000000000001 41.750000000000007 1520.5000000000002
decision_type=2 2 2 2 2 2 2 2 2 2 2 2 2 2 2 2 2 2
left_child=3 -2 6 4 5 -1 7 -3 12 -5 11 -4 -9 15 -11 -10 -17 -14
right_child=1 2 10 9 -6 -7 -8 8 13 14 -12 -13 17 -15 -16 16 -18 -19
leaf_value=-0.012736961156449395 0.032277688232653909 -0.013506744645767364 0.020546194522083287 0.03113309877839656 0.027839275171787421 0.019155656333069676 0.024294814174044343 0 -0.007665615557597376 0.017230866988152186 0.029879276796577311 -0.0027948350785185162 0.00092451668036529753 -0.013194788884640873 0 0.018221764295780388 -0.0035815901994953434 0.021950969001553688
leaf_weight=16.734119931235913 7.1495324894785872 114.70772994868457 1.933751167729495 30.397141175344586 14.18864178471267 8.3386207297444326 2.1298759877681723 3.0803088992834118 1.5646852161735325 1.065499005839228 5.366598092019558 2.8357562404125929 1.6487603578716514 13.219827925786374 2.7752535957843065 0.7004684545099733 0.65856905095279217 2.6964472122490406
leaf_count=762 32 5776 39 226 117 44 9 85 50 8 26 73 32 565 63 23 21 49
internal_value=0.00157578 -0.00657102 -0.00869097 0.0189245 0.00948596 -0.00157961 -0.0111152 -0.0119001 -0.00364038 0.0289268 0.0220941 0.00832298 0.010776 -0.0107895 0.00736209 0 0.00951776 0.0166436
internal_weight=231.192 157.692 150.543 73.4993 39.2614 25.0727 140.407 138.277 23.5691 34.2379 10.1361 4.76951 7.42552 16.1436 3.84075 2.92372 1.35904 4.34521
internal_count=8000 6780 6748 1220 923 806 6610 6601 825 297 138 112 166 659 71 94 44 81
is_linear=0
shrinkage=0.0155488


Tree=41
num_leaves=19
num_cat=0
split_feature=3 5 7 6 8 7 7 5 6 8 5 3 3 6 2 2 6 7
split_gain=132.335 60.3972 57.1181 35.8566 42.1261 42.5336 31.4001 9.5365 9.64005 6.08276 2.86469 2.82836 2.93183 1.83322 1.5543 1.45979 1.24878 0.785348
threshold=1386.5000000000002 204.50000000000003 3534.8850000000007 8.5500000000000025 11112.650000000001 8982.2450000000008 8982.2450000000008 188.50000000000003 8.6500000000000004 10823.600000000002 224.50000000000003 1524.5000000000002 1865.5000000000002 10.950000000000001 310.85000000000008 308.45000000000005 9.3500000000000032 5501.4450000000006
decision_type=2 2 2 2 2 2 2 2 2 2 2 2 2 2 2 2 2 2
left_child=3 2 -2 -1 5 7 9 8 -5 -4 11 -3 14 16 15 -13 -9 -16
right_child=1 10 6 4 -6 -7 -8 13 -10 -11 -12 12 -14 -15 17 -17 -18 -19
leaf_value=0.035363434280971995 0.029554308341462644 0.016808320755423482 -0.014728819594223704 0.013157184443812175 0.033101819216990243 0.031222929034576782 0.028260040934103094 0.0076142614318557567 -0.014235415968339086 0.012785239857615194 0.027859223877013416 0.0038287894885837641 0.018460437977586851 0.018088066761419469 0.012127667198794339 -0.010980989222792347 -0.0052333372731912155 -0.00029544535866972806
leaf_weight=20.996980469673872 6.8941042870283118 10.42749940603972 122.56883612833917 2.456176392734057 13.991388410329817 8.2736139446496946 3.1424178034067145 2.5632885470986357 21.505738729611039 0.92637617886066337 4.2942940518259993 1.2414850257337073 1.126186706125736 1.9618081562221048 1.112688994035125 3.2627280093729496 2.0859161578118801 1.3058976605534551
leaf_count=87 30 166 6347 16 63 33 13 26 933 5 54 25 18 25 24 72 37 26
internal_value=0.00157355 -0.00651299 -0.0105344 0.0185675 0.0111615 0.00238071 -0.0130134 -0.00621991 -0.0107638 -0.014366 0.0162328 0.0117474 0.00340362 0.00885566 -0.00101524 -0.00628464 0.00130945 0.00654882
internal_weight=230.137 156.303 133.532 73.8349 52.8379 38.8465 126.638 30.5729 23.9619 123.495 22.7708 18.4765 8.04899 6.61101 6.9228 4.50421 4.6492 2.41859
internal_count=8000 6780 6395 1220 1133 1070 6365 1037 949 6352 385 331 165 88 147 97 63 50
is_linear=0
shrinkage=0.0155488


Tree=42
num_leaves=19
num_cat=0
split_feature=3 5 3 6 5 3 0 5 6 3 3 5 3 5 6 6 5 2
split_gain=128.518 60.7465 49.5544 36.0019 22.0645 6.46421 3.21276 3.19013 2.90486 2.69841 3.24391 2.55699 2.30951 1.869 1.82711 1.78988 1.61278 1.50893
threshold=1380.5000000000002 204.50000000000003 2471.5000000000005 8.5500000000000025 188.50000000000003 1446.5000000000002 1.0000000180025095e-35 224.50000000000003 8.8500000000000032 1524.5000000000002 1878.5000000000002 188.50000000000003 1411.5000000000002 31.500000000000004 9.8500000000000032 10.950000000000001 148.50000000000003 310.85000000000008
decision_type=2 2 2 2 2 2 2 2 2 2 2 2 2 2 2 2 2 2
left_child=3 2 5 -1 8 11 -6 9 -5 -3 17 -2 14 -10 -13 16 -15 -11
right_child=1 7 -4 4 6 -7 -8 -9 13 10 -12 12 -14 15 -16 -17 -18 -19
leaf_value=0.036010113408300001 -0.0075748772302235172 0.016414712614343643 0.028644971950487205 0.01390298191469563 0.028076045020058806 -0.014459457308419677 0.0074587247261175471 0.027894399055821487 0.0081903783474807073 -0.0063276601013131564 0.019586891854291411 -0.00092201755762125214 -0.007235097945610715 -0.0018308821896010857 0.018703176485178542 -0.0080987662972202799 0.0074086659960086246 0.0062394843923933904
leaf_weight=20.279880434274673 29.164488647133112 11.005264990031725 6.3212660141289225 3.8221897296607521 13.890588879585268 95.76187876239419 3.9857039283961049 4.6239222213625899 5.3948887772858169 4.5304574333131296 1.0503042489290235 1.1986689846962684 1.3882085904479025 11.563604950904852 1.4696279894560573 5.3134100548923007 5.6278966274112454 2.4685371853411198
leaf_count=78 1306 170 28 42 90 5057 40 55 136 98 16 25 57 382 28 202 139 51
internal_value=0.00157845 -0.00613341 -0.0101843 0.0189784 0.0112275 -0.0123725 0.0244653 0.0162125 0.00300861 0.0116512 0.00339809 -0.00594 0.00410689 0.000853966 0.0114153 -0.00107988 0.00128118 -0.00115566
internal_weight=228.861 158.983 135.304 69.8782 49.5983 128.983 17.8763 23.6785 31.722 19.0546 8.0493 33.221 4.05651 27.8998 2.6683 22.5049 17.1915 6.99899
internal_count=8000 6891 6501 1109 1031 6473 130 390 901 335 165 1416 110 859 53 723 521 149
is_linear=0
shrinkage=0.0155488


Tree=43
num_leaves=19
num_cat=0
split_feature=3 5 4 4 6 4 5 0 6 4 5 4 4 2 5 3 3 3
split_gain=124.561 57.6409 49.7337 33.3167 32.7966 34.9097 29.299 13.1998 6.65953 2.9288 10.664 2.70329 4.60609 1.67646 1.5443 3.98515 3.73767 3.3128
threshold=1386.5000000000002 204.50000000000003 15.750000000000002 56.850000000000001 8.5500000000000025 60.150000000000013 188.50000000000003 1.0000000180025095e-35 8.6500000000000004 65.000000000000014 182.50000000000003 45.250000000000007 41.350000000000001 309.65000000000003 213.50000000000003 1566.5000000000002 1554.5000000000002 1841.5000000000002
decision_type=2 2 2 2 2 2 2 2 2 2 2 2 2 2 2 2 2 2
left_child=4 2 -2 -4 -1 6 8 -8 -6 10 -7 12 14 -13 16 -16 -3 -18
right_child=1 11 3 -5 5 9 7 -9 -10 -11 -12 13 -14 -15 15 -17 17 -19
leaf_value=0.033907059964378504 0.025209272435298066 0.016984973531014174 -0.014677923511085298 0.022359728050968784 0.0097480576597958543 0 0.025152523067955627 -0.0079211654656950771 -0.013829931803940841 0.033394528175392693 0.033328490236955888 0.0071362690625049125 -0.0056697838964634602 0.029996217076163827 0.0027225910170785251 0.02804155986909012 -0.010744651896887884 0.012149281051745035
leaf_weight=21.275762099772692 7.6570831891149274 2.7853783108294063 117.80526280216873 5.0180441327393046 2.3031993396580246 5.2272356767207402 10.877283331006764 2.9775078482925883 17.861174046993256 10.68516645953059 3.0426356494426727 2.6615071743726721 2.6067722067236891 4.2113240249454975 3.1252482943236828 3.663480382412672 3.1092593148350716 1.0563863739371298
leaf_count=87 59 53 6284 52 15 99 85 36 836 49 13 29 59 40 55 59 73 17
internal_value=0.0015744 -0.0063958 -0.0104404 -0.0129245 0.0179573 0.0108491 0.00107651 0.0177229 -0.0105469 0.0270504 0.015152 0.01555 0.0102992 0.0240697 0.013805 0.0190929 0.00605547 -0.00276817
internal_weight=227.95 153.7 130.48 122.823 74.25 52.9742 34.0192 13.8548 20.1644 18.955 8.26987 23.2194 16.3465 6.87283 13.7398 6.78873 6.95102 4.16565
internal_count=8000 6780 6395 6336 1220 1133 972 121 851 161 112 385 316 69 257 114 143 90
is_linear=0
shrinkage=0.0155488


Tree=44
num_leaves=19
num_cat=0
split_feature=3 5 4 4 6 8 4 6 5 6 4 8 5 3 3 3 4 3
split_gain=120.932 56.42 48.5709 32.6807 31.337 38.308 33.6769 8.63321 7.11726 3.11682 2.59286 6.0015 2.39618 3.4812 3.50629 2.68881 1.39076 1.2231
threshold=1386.5000000000002 204.50000000000003 15.750000000000002 56.850000000000001 8.5500000000000025 11112.650000000001 65.000000000000014 8.8500000000000032 188.50000000000003 10.950000000000001 44.150000000000013 8646.9000000000015 213.50000000000003 1554.5000000000002 1865.5000000000002 1566.5000000000002 61.95000000000001 1345.5000000000002
decision_type=2 2 2 2 2 2 2 2 2 2 2 2 2 2 2 2 2 2
left_child=4 2 -2 -4 -1 6 7 -6 16 -10 11 12 13 -3 -15 -14 -9 -18
right_child=1 10 3 -5 5 -7 -8 8 9 -11 -12 -13 15 14 -16 -17 17 -19
leaf_value=0.03322090005849801 0.024674161090380342 0.016219115009918093 -0.014656637559796159 0.021896506653427628 0.012208790051410522 0.031369913475436141 0.029927716030061526 -0.013915529402390048 -0.0025904911920075959 0.017073048695790082 0.023169486488887534 -0.0068270436355129865 0.0029831397647741486 -0.010793457962069026 0.012950782038722347 0.028051988966621266 -0.0082078114365951218 0.0065161865598004484
leaf_weight=21.402253296226263 7.7279384154826394 2.8784406334161776 116.15663686022162 5.0704470816999665 4.6840535514056709 14.282091841101645 7.2041689790785304 18.383482411503799 3.5012402683496466 2.0339747276157141 7.4616868756711474 3.0665577724575988 2.1982886642217636 3.1535810101777315 0.9917401261627673 3.6590363159775734 1.5408157911151641 1.3282522968947885
leaf_count=87 59 54 6284 52 52 63 35 859 55 25 80 67 37 75 15 57 35 9
internal_value=0.00157785 -0.00633613 -0.0103943 -0.0128893 0.0176818 0.0107121 0.0022469 -0.0048696 -0.00840272 0.00587584 0.0152589 0.00992409 0.0144346 0.00584971 -0.0027199 0.0213574 -0.0124119 -0.000546977
internal_weight=226.725 152.364 128.955 121.227 74.3603 52.9581 38.676 31.4718 26.7878 5.53521 23.4093 15.9476 12.8811 7.02376 4.14532 5.85732 21.2526 2.86907
internal_count=8000 6780 6395 6336 1220 1133 1070 1035 983 80 385 305 238 144 90 94 903 44
is_linear=0
shrinkage=0.0155488


Tree=45
num_leaves=19
num_cat=0
split_feature=3 5 7 6 8 7 7 5 6 8 5 3 3 6 2 2 6 5
split_gain=117.432 55.1618 52.3045 29.9828 36.67 39.052 29.9619 8.66085 9.18762 5.87829 2.44636 2.35365 3.11923 1.768 1.47611 1.45499 1.15445 0.964137
threshold=1386.5000000000002 204.50000000000003 3534.8850000000007 8.5500000000000025 11112.650000000001 8982.2450000000008 8982.2450000000008 188.50000000000003 8.6500000000000004 10823.600000000002 224.50000000000003 1524.5000000000002 1878.5000000000002 10.950000000000001 310.85000000000008 308.45000000000005 9.3500000000000032 212.50000000000003
decision_type=2 2 2 2 2 2 2 2 2 2 2 2 2 2 2 2 2 2
left_child=3 2 -2 -1 5 7 9 8 -5 -4 11 -3 14 16 15 -13 -9 -16
right_child=1 10 6 4 -6 -7 -8 13 -10 -11 -12 12 -14 -15 17 -17 -18 -19
leaf_value=0.032567874198408966 0.027414991724004537 0.015340781458628513 -0.014649734855179071 0.012446416214048109 0.030673474207905029 0.029550017580766023 0.027132290863670871 0.0068825396204063739 -0.014162224665631676 0.012278567409018995 0.025445248507870586 0.0037309157958769009 0.018907167821827491 0.016805766375679144 -0.001017404145125411 -0.011025687364991788 -0.0054166589455331591 0.012564172267716014
leaf_weight=21.515991002321243 7.1173287332057944 10.887749206274753 116.17817773111165 2.5212285779416623 14.406525917351244 8.4332762062549573 3.2034751027822486 2.6417066175490609 20.75992844440043 0.95123551785945792 4.5767256990075103 1.2523532882332782 1.0903335101902483 2.0538380704820156 1.4357551075518133 3.2979272026568651 2.1175940167158842 1.0697064250707624
leaf_count=87 30 166 6347 16 63 33 13 26 933 5 54 25 16 25 32 73 37 19
internal_value=0.00157897 -0.0062783 -0.0103482 0.0174134 0.0105758 0.00223905 -0.0128713 -0.00616136 -0.0106383 -0.0142717 0.0149541 0.0108345 0.00316657 0.00793926 -0.0012733 -0.00637141 0.000780947 0.00600126
internal_weight=225.511 151.061 127.45 74.4501 52.9341 38.5276 120.333 30.0943 23.2812 117.129 23.6106 19.0338 8.14608 6.81314 7.05574 4.55028 4.7593 2.50546
internal_count=8000 6780 6395 1220 1133 1070 6365 1037 949 6352 385 331 165 88 149 98 63 51
is_linear=0
shrinkage=0.0155488


Tree=46
num_leaves=19
num_cat=0
split_feature=3 9 7 7 1 7 8 8 7 2 8 3 8 1 7 2 3 7
split_gain=114.158 49.3444 50.7357 38.2843 22.9505 26.8094 17.7607 5.06709 4.19975 4.11204 3.95503 1.52735 3.286 1.45984 2.60877 2.36679 3.12891 1.71791
threshold=1380.5000000000002 1.0000000180025095e-35 3534.8850000000007 8982.2450000000008 301.55000000000007 8145.2450000000017 10823.600000000002 10823.600000000002 7214.8950000000013 312.25000000000006 10823.600000000002 1865.5000000000002 6046.6000000000013 301.65000000000003 5386.7750000000005 308.55000000000007 1405.5000000000002 6064.795000000001
decision_type=2 2 2 2 2 2 2 2 2 2 2 2 2 2 2 2 2 2
left_child=4 2 -2 10 5 6 -1 8 11 -6 -4 12 -3 14 -14 17 -17 -16
right_child=1 7 3 -5 9 -7 -8 -9 -10 -11 -12 -13 13 -15 15 16 -18 -19
leaf_value=-0.013190809479829325 0.026869051743147191 -0.0081152641542478598 -0.014759867506982948 0.028705667698736149 0.029003412358807521 0.022468259058395192 0.016066790384761706 0.024744550537096888 -0.0089919740701520957 0.0071106662031980581 0.010196505952137535 0.022037655258651121 0.019139270335552325 0.016647846462303252 0.018381203321696092 0.014278128120400869 -0.0062992688542580395 -0.00027885523441979895
leaf_weight=13.621007692068817 7.173872932791709 1.716665042564286 113.10455620661378 3.9979578107595435 29.842191005125642 16.853830380365252 6.2944548577070227 5.310211017727851 2.0251088552176943 3.772183906286954 0.55633491277694602 1.7742402143776406 1.5937472004443431 4.848551243543624 1.64986203610897 0.93922421336173822 7.8293498586863279 1.3096899986267088
leaf_count=657 30 48 6301 16 200 153 32 25 46 67 3 31 35 100 32 18 176 30
internal_value=0.00158333 -0.00590601 -0.0101617 -0.0127096 0.0178238 0.00872538 -0.00336064 0.011952 0.00783732 0.0269987 -0.0144951 0.00998185 0.00748926 0.00958751 0.00555055 0.00174789 -0.00220981 0.0115711
internal_weight=224.213 153.829 124.833 117.659 70.3837 36.7693 19.9155 28.9966 23.6864 33.6144 113.661 21.6613 19.8871 18.1704 13.3219 11.7281 8.76857 2.95955
internal_count=8000 6891 6350 6320 1109 842 689 541 516 267 6304 470 439 391 291 256 194 62
is_linear=0
shrinkage=0.0155488


Tree=47
num_leaves=19
num_cat=0
split_feature=3 5 3 6 8 8 6 3 8 5 3 3 3 5 1 2 1 1
split_gain=110.555 53.0288 45.0489 27.952 34.4441 12.7663 3.92608 4.52007 2.72104 2.25351 2.21825 2.98975 1.82792 1.44636 1.51842 1.43593 2.06344 1.65273
threshold=1386.5000000000002 204.50000000000003 2471.5000000000005 8.5500000000000025 11112.650000000001 9949.3000000000011 8.8500000000000032 1337.5000000000002 10823.600000000002 224.50000000000003 1524.5000000000002 1878.5000000000002 1384.5000000000002 25.500000000000004 297.15000000000003 310.85000000000008 302.35000000000008 297.55000000000007
decision_type=2 2 2 2 2 2 2 2 2 2 2 2 2 2 2 2 2 2
left_child=3 2 5 -1 6 -2 -5 13 12 10 -3 15 -9 -8 -15 17 -17 -12
right_child=1 9 -4 4 -6 -7 7 8 -10 -11 11 -13 -14 14 -16 16 -18 -19
leaf_value=0.031441721767681861 -0.013377904623812694 0.01483174430138564 0.026097860152751125 0.012991501120128356 0.029572638321668218 0.016620372163157465 0.013650670522564747 -0.009595489458728481 0.0079501641554791062 0.024457591177218137 0.0047669162203107344 0.018334441798200828 0.0059409677462689235 0.013257809407409032 0 0.014191010250913356 -0.0057293026211429742 -0.011152735439955316
leaf_weight=21.68302159383893 115.48714270070195 11.044869501143699 6.554170422255992 5.4319278392940751 14.596805602312086 2.4052030034363261 3.060070767998698 13.838784972205756 1.8154703974723823 4.6976912021636954 1.1311906836926917 1.1248259693384168 0.92456815764308053 1.3056615106761444 12.025343982502816 1.498505271971226 1.0341773070394991 3.4046813808381557
leaf_count=87 6340 166 28 56 63 27 50 584 10 54 23 16 32 22 316 28 23 75
internal_value=0.00158443 -0.00616043 -0.0102611 0.0168718 0.0102551 -0.0125663 0.00211729 0 -0.00560044 0.0144598 0.0104926 0.00305078 -0.00799581 0.00550134 0.00236058 -0.00129996 0.00583099 -0.00634545
internal_weight=223.064 148.382 124.447 74.6817 52.9986 117.892 38.4018 32.9699 16.5788 23.9359 19.2383 8.19338 14.7634 16.3911 13.331 7.06855 2.53268 4.53587
internal_count=8000 6780 6395 1220 1133 6367 1070 1014 626 385 331 165 616 388 338 149 51 98
is_linear=0
shrinkage=0.0155488


Tree=48
num_leaves=19
num_cat=0
split_feature=3 5 7 7 1 4 5 0 4 4 4 3 3 5 5 3 5 7
split_gain=107.367 53.13 48.0458 36.993 21.2263 26.3429 19.7794 11.7527 2.91337 2.74949 3.85765 2.51796 4.8414 2.50006 4.0912 2.0233 1.82505 1.64239
threshold=1380.5000000000002 204.50000000000003 3534.8850000000007 8982.2450000000008 301.55000000000007 60.550000000000004 188.50000000000003 1.0000000180025095e-35 56.850000000000001 45.850000000000001 39.050000000000004 1475.5000000000002 1440.5000000000002 213.50000000000003 206.50000000000003 1566.5000000000002 202.50000000000003 7445.2800000000007
decision_type=2 2 2 2 2 2 2 2 2 2 2 2 2 2 2 2 2 2
left_child=4 2 -2 8 5 6 -1 17 16 10 13 12 -12 14 -3 -15 -4 -8
right_child=1 9 3 -5 -6 -7 7 -9 -10 -11 11 -13 -14 15 -16 -17 -18 -19
leaf_value=-0.014267587677819039 0.025946120763843741 0.01961835661579649 -0.014726470415013291 0.028242247211593043 0.026019530585407034 0.024141382800715802 0.0064669073680550309 -0.01108655536075096 0.0010310681194053534 0.022627403035887277 -0.0078960560447245021 -0.010037408049582789 0.021392703056389635 0.0033154938335302245 -0.0032927868341951485 0.026318718880430511 0 0.028090835708062718
leaf_weight=12.782379707321526 7.2619563043117514 1.5526411961764148 110.7523211017251 4.0235541760921469 33.914497392252088 14.212013281881807 2.7115111667662841 2.4705715924501419 2.3733293060213319 7.3840000480413428 1.5771874338388436 2.5913439709693193 1.4184249378740785 2.133735753595829 4.3583537414669991 3.8490632474422455 2.020169384777545 4.6289044097065926
leaf_count=641 30 30 6349 16 267 114 35 29 49 66 29 58 26 34 90 57 57 23
internal_value=0.00158525 -0.00579071 -0.00990128 -0.0123634 0.0172458 0.00847331 -0.00196714 0.0135127 -0.0141022 0.0144387 0.00949984 -0.000558162 0.007274 0.0141225 0.00455378 0.0206312 -0.0144622 0.0226473
internal_weight=222.016 151.296 126.431 119.169 70.7199 36.8054 22.5934 9.81099 115.146 24.8648 17.4808 5.58696 2.99561 11.8938 5.91099 5.9828 112.772 7.34042
internal_count=8000 6891 6501 6471 1109 842 728 87 6455 390 324 113 55 211 120 91 6406 58
is_linear=0
shrinkage=0.0155488


Tree=49
num_leaves=19
num_cat=0
split_feature=3 7 9 4 6 8 7 6 8 8 7 9 4 4 1 7 1 7
split_gain=104.073 43.7077 50.638 30.4073 26.3822 32.5766 36.2332 7.53985 7.78929 4.86701 3.16677 2.37908 2.35918 3.63034 1.04524 2.52931 3.76038 1.51381
threshold=1386.5000000000002 3534.8850000000007 1.0000000180025095e-35 57.850000000000001 8.5500000000000025 11112.650000000001 8982.2450000000008 8.6500000000000004 10823.600000000002 10823.600000000002 7214.8950000000013 1.0000000180025095e-35 45.250000000000007 41.350000000000001 301.05000000000007 5440.5250000000005 301.85000000000008 4977.2800000000016
decision_type=2 2 2 2 2 2 2 2 2 2 2 2 2 2 2 2 2 2
left_child=4 -2 3 -3 -1 6 7 -6 11 10 12 -9 13 14 17 -16 -17 -4
right_child=1 2 9 -5 5 -7 -8 8 -10 -11 -12 -13 -14 -15 15 16 -18 -19
leaf_value=0.030451184354734998 0.027354176442643836 -0.014666386934267818 0.021867795612175143 0.022334678808909172 0.011803110943251196 0.028590737009549869 0.02805348509593443 -0.014106539996430356 0.0083814367147523623 0.023110332108381371 -0.0086133843128699226 0.002904247997753003 0.021701004066615005 -0.0071419161684617774 -0.0088072968098487428 -0.0067686937760932922 0.018686697668089634 0.0062099144379056852
leaf_weight=21.802248254418373 7.6711871847510329 105.736741701141 1.8271174691617655 4.4945670608431092 3.6010012961924103 14.742439851164816 8.5646577626466733 20.93159573152662 3.9693665876984587 4.7688621282577506 1.8658975176513184 1.3614603932946909 1.8231040183454741 3.2369944564998141 1.9621219113469113 1.27322568371892 2.1074803974479437 9.1509236451238376
leaf_count=87 32 6181 37 39 21 63 33 966 21 22 42 29 34 81 50 29 42 191
internal_value=0.00158336 -0.0060447 -0.00815315 -0.0128906 0.0163364 0.00991381 0.00197931 -0.00619838 -0.00922903 0.0101108 0.00624784 -0.0128056 0.00811739 0.00544329 0.00848767 0.00146648 0.00902658 0.0110926
internal_weight=220.891 145.918 138.247 110.231 74.9728 53.1705 38.4281 29.8634 26.2624 28.0157 23.2469 22.2931 21.381 19.5579 16.3209 5.34283 3.38071 10.978
internal_count=8000 6780 6748 6220 1220 1133 1070 1037 1016 528 506 995 464 430 349 121 71 228
is_linear=0
shrinkage=0.0155488


Tree=50
num_leaves=19
num_cat=0
split_feature=3 5 4 4 6 8 4 6 8 4 5 4 3 6 1 8 5 4
split_gain=101.23 51.03 41.733 34.4474 27.3509 29.8764 29.9258 9.34296 3.23419 2.80554 1.79916 1.74544 1.28436 3.57195 5.33645 4.18322 1.2785 0.893431
threshold=1380.5000000000002 204.50000000000003 15.750000000000002 56.850000000000001 8.5500000000000025 10823.600000000002 65.000000000000014 8.6500000000000004 10823.600000000002 48.150000000000013 202.50000000000003 62.350000000000001 1865.5000000000002 10.950000000000001 299.15000000000003 6467.4000000000005 206.50000000000003 59.050000000000004
decision_type=2 2 2 2 2 2 2 2 2 2 2 2 2 2 2 2 2 2
left_child=4 2 -2 10 -1 6 7 -6 9 12 -4 16 13 15 -15 -3 -9 -5
right_child=1 8 3 17 5 -7 -8 11 -10 -11 -12 -13 -14 14 -16 -17 -18 -19
leaf_value=0.03133631370049747 0.022125535127558427 -0.0069476915761913739 -0.01468010456116837 0.0053025585545036502 0.012475825673403921 0.02498408385301551 0.026510412006334402 -0.013920810104562491 0.025227474082558661 -0.0066529923353189175 0 0 0.023336738820435188 -0.011500017339844485 0.016058846791547378 0.015823695023545133 0.001847487793418909 0.024137884790714863
leaf_weight=20.902812883257866 7.9972139392048112 1.3264681641012561 107.07182649895549 2.349317353218793 3.4776338785886827 18.406906239688396 6.8934244550764552 18.206533402204521 4.7852827310562125 1.2239440903067578 2.0283656250685445 2.3640310186892739 1.6656384021043766 3.6025382727384558 1.3396415933966634 11.236776473000644 0.58514918014407058 4.1232196781784296
leaf_count=78 59 30 6320 41 18 82 33 853 21 22 57 34 23 68 25 201 11 24
internal_value=0.00158501 -0.00568256 -0.00981639 -0.0122718 0.0167342 0.00993279 0.000412401 -0.00766626 0.013965 0.00984532 -0.0144084 -0.0116584 0.0114285 0.00861603 -0.0016798 0.0127311 -0.0131535 0.0197581
internal_weight=219.587 148.75 123.57 115.573 70.8365 49.9337 31.5268 24.6333 25.1803 20.395 109.1 21.1557 19.1711 17.5054 4.94218 12.5632 18.7917 6.47254
internal_count=8000 6891 6501 6442 1109 1031 949 916 390 369 6377 898 347 324 93 231 864 65
is_linear=0
shrinkage=0.0155488


Tree=51
num_leaves=19
num_cat=0
split_feature=3 5 7 4 6 4 5 0 6 4 5 7 5 7 7 3 3 5
split_gain=98.436 48.7107 45.7564 29.7233 24.3847 28.0109 23.6805 12.1003 5.83078 2.47876 8.986 2.37115 2.12207 2.1116 3.27137 2.48814 3.17538 2.3056
threshold=1386.5000000000002 204.50000000000003 3534.8850000000007 56.850000000000001 8.5500000000000025 60.150000000000013 188.50000000000003 1.0000000180025095e-35 8.6500000000000004 65.000000000000014 182.50000000000003 7253.2650000000003 224.50000000000003 7716.3650000000007 6830.4850000000015 1524.5000000000002 1920.5000000000002 211.50000000000003
decision_type=2 2 2 2 2 2 2 2 2 2 2 2 2 2 2 2 2 2
left_child=4 2 -2 -4 -1 6 8 11 -6 10 -7 -8 13 14 15 17 -17 -3
right_child=1 12 3 -5 5 9 7 -9 -10 -11 -12 -13 -14 -15 -16 16 -18 -19
leaf_value=0.029440522625728875 0.024547436102113733 0.024879080793822159 -0.014518350487442358 0.020027459652179273 0.0081818701405024803 0 0.0052956615767764314 -0.0085653145298668232 -0.01366000320537899 0.029516617733336099 0.029477324684072784 0.026323908951698755 0.022876785105006393 0.02191807217066857 -0.0050009982955142767 -0.0014659160459708361 0.018912175330211577 0.0033125501337682322
leaf_weight=21.893933534622192 7.3964466899633399 2.8181005492806532 106.18856408074498 5.2289215903729191 2.4496374912560013 5.2883589919656533 2.9349238257855168 3.1394674722105256 16.515128405764699 11.072243593633173 3.230289563536644 8.3533883728086931 4.8954425938427439 2.2340386360883704 3.4560878165066233 7.1472819093614799 1.0792065970599649 3.0036491565406322
leaf_count=87 30 47 6313 52 15 99 37 36 836 49 13 48 54 10 57 147 14 56
internal_value=0.00158529 -0.00593473 -0.0100807 -0.0126595 0.0159039 0.00969185 0.000718106 0.0151376 -0.0103181 0.023846 0.0132577 0.0222327 0.0134366 0.00969355 0.00657637 0.00985141 0.00293573 0.0168404
internal_weight=218.325 143.448 118.814 111.417 74.8774 52.9834 33.3925 14.4278 18.9648 19.5909 8.51865 11.2883 24.6338 19.7384 17.5043 14.0482 8.22649 5.82175
internal_count=8000 6780 6395 6365 1220 1133 972 121 851 161 112 85 385 331 321 264 161 103
is_linear=0
shrinkage=0.0155488


Tree=52
num_leaves=19
num_cat=0
split_feature=3 5 7 7 6 7 5 6 4 5 4 4 4 4 3 3 5 5
split_gain=95.739 48.828 43.8663 34.5571 25.4759 25.5552 13.2857 5.15151 4.68711 13.4512 2.74548 2.63898 2.52362 3.68704 2.41544 4.67062 2.37952 3.94279
threshold=1380.5000000000002 204.50000000000003 3534.8850000000007 8982.2450000000008 8.5500000000000025 8056.6750000000002 206.50000000000003 8.8500000000000032 65.000000000000014 182.50000000000003 56.850000000000001 62.350000000000001 45.850000000000001 39.050000000000004 1475.5000000000002 1440.5000000000002 213.50000000000003 206.50000000000003
decision_type=2 2 2 2 2 2 2 2 2 2 2 2 2 2 2 2 2 2
left_child=4 2 -2 10 -1 6 7 -6 9 11 -4 -7 13 16 15 -15 17 -3
right_child=1 12 3 -5 5 8 -8 -9 -10 -11 -12 -13 -14 14 -16 -17 -18 -19
leaf_value=0.030366069334019866 0.024107684351022639 0.018781609744067573 -0.014370474897719535 0.026666048929560298 0.0067484792995434195 -0.011643214480591082 0.016376711604462274 -0.011224498006700046 0.028817210589251307 0.025841249844973387 0.00059146385584625549 0.0053845463096434103 0.021185040964992262 -0.0080037142688990596 -0.010087811559355772 0.020469497814698999 0.019505581417201621 -0.0034830918132399201
leaf_weight=20.958993390202522 7.4366518706083289 1.6161480434238962 106.76704207062721 4.1099867522716513 3.7823745477944675 3.3718060385435837 6.552457943558692 15.868943382054566 10.852967564016579 6.5331946276128292 2.4430811591446391 2.818185331299901 7.5904954597353926 1.6065856963396066 2.6171841900795698 1.4819431193172929 6.196978036314249 4.422626830637455
leaf_count=78 30 30 6406 16 38 108 39 733 48 29 49 36 66 29 58 26 91 90
internal_value=0.00159006 -0.00557265 -0.00972421 -0.0122159 0.0162963 0.00970063 -0.000829809 -0.00738508 0.0210143 0.0121077 -0.013998 -0.00376983 0.0134582 0.00882617 -0.000858212 0.00672625 0.0132897 0.00413913
internal_weight=217.028 146.289 120.757 113.32 70.7389 49.7799 26.2038 19.6513 23.5762 12.7232 109.21 6.18999 25.532 17.9415 5.70571 3.08853 12.2358 6.03877
internal_count=8000 6891 6501 6471 1109 1031 810 771 221 173 6455 144 390 324 113 55 211 120
is_linear=0
shrinkage=0.0155488


Tree=53
num_leaves=19
num_cat=0
split_feature=3 5 7 4 4 2 5 2 3 4 8 4 8 2 5 3 3 3
split_gain=93.1422 46.69 43.7627 28.7377 10.4059 13.2484 8.51938 6.31688 5.06684 4.81533 2.46462 2.02659 5.40366 2.48715 1.91009 3.19429 3.29711 2.35272
threshold=1386.5000000000002 204.50000000000003 3534.8850000000007 56.850000000000001 65.000000000000014 309.75000000000006 186.50000000000003 312.05000000000007 1380.5000000000002 61.95000000000001 10823.600000000002 44.150000000000013 8646.9000000000015 309.65000000000003 213.50000000000003 1554.5000000000002 1878.5000000000002 1566.5000000000002
decision_type=2 2 2 2 2 2 2 2 2 2 2 2 2 2 2 2 2 2
left_child=4 2 -2 -4 5 6 9 8 -7 -1 -9 12 14 -13 15 -3 -17 -16
right_child=1 11 3 -5 -6 7 -8 10 -10 -11 -12 13 -14 -15 17 16 -18 -19
leaf_value=-0.013397361889183146 0.023682891569356317 0.014730222085850122 -0.014473514511806982 0.01937315339044934 0.028437023659796737 0.019488002651360463 0.013062967383219095 -0.0098847818683713146 -0.0036192014983907946 0.0079816550045395934 0.0095755758194061031 0.0043224815282608678 -0.0071283229352292459 0.025675462680647215 0.0021784908184622372 -0.01084073836787566 0.011927888718972515 0.024372780228663252
leaf_weight=8.0656766239553708 7.4743657112121573 3.0673274323344284 103.27127573639154 5.291021864861249 12.479556329548357 39.749749939888716 6.5316252876073113 2.3843320365995164 1.7591154519468535 2.3221911806613198 1.4650991261005399 3.0363318435847741 3.1913169883191577 5.0189460404217243 2.334725309163332 3.1903997082263231 1.0552728436887262 4.0799957476556301
leaf_count=431 30 54 6313 52 54 503 61 86 55 24 6 33 67 47 37 76 14 57
internal_value=0.00159147 -0.0058229 -0.00999219 -0.0125879 0.0154937 0.012333 0.000292835 0.0166139 0.0183419 -0.00794466 -0.00119289 0.0129566 0.00840575 0.0196965 0.0125664 0.00501001 -0.00305944 0.0184642
internal_weight=215.768 141.011 116.037 108.562 74.7573 62.2778 16.9195 45.3583 41.5089 10.3879 3.84943 24.9743 16.919 8.05528 13.7277 7.313 4.24567 6.41472
internal_count=8000 6780 6395 6365 1220 1166 516 650 558 455 92 385 305 80 238 144 90 94
is_linear=0
shrinkage=0.0155488


Tree=54
num_leaves=19
num_cat=0
split_feature=3 5 4 4 4 2 5 2 3 4 8 8 4 2 2 4 4 5
split_gain=90.2381 45.7257 39.1269 28.2 10.1095 12.6888 8.28491 6.0513 4.88833 4.75124 2.4261 1.99482 2.62289 1.64405 2.79794 2.03103 4.96112 1.02337
threshold=1386.5000000000002 204.50000000000003 15.750000000000002 56.850000000000001 65.000000000000014 309.75000000000006 186.50000000000003 312.05000000000007 1380.5000000000002 61.95000000000001 10823.600000000002 10823.600000000002 48.150000000000013 309.65000000000003 308.35000000000008 44.150000000000013 39.050000000000004 219.50000000000003
decision_type=2 2 2 2 2 2 2 2 2 2 2 2 2 2 2 2 2 2
left_child=4 2 -2 -4 5 6 9 8 -7 -1 -9 12 13 14 -3 16 -15 -16
right_child=1 11 3 -5 -6 7 -8 10 -10 -11 -12 -13 -14 15 17 -17 -18 -19
leaf_value=-0.013364865357510329 0.020657397981201784 0.013450140451726045 -0.014441732372112536 0.019010849429289874 0.027972476240249487 0.019084409092465955 0.012830509169450631 -0.0098401891577002548 -0.0035922384574794616 0.0078826269526098627 0.0094841418465601308 0.022450624640380473 -0.006600395245436555 0.014865668086571908 -0.0075583417164187513 0.027417169254362238 -0.0061428611495553936 0.0046877408591932826
leaf_weight=7.9633976463228482 8.1354191303253156 2.6256559789180853 101.21312792319804 5.3314258493483058 12.509973257780073 39.983707781881094 6.5688254535198203 2.3636988196521993 1.7541454732418049 2.3303795363754034 1.4682016670703886 4.3736885935068122 1.2066253945231427 7.8458957672119123 3.3998643904924393 1.7966636642813671 2.7594245187938213 1.1302723623812196
leaf_count=431 59 42 6284 52 54 503 61 86 55 24 6 19 21 132 70 24 57 20
internal_value=0.00158747 -0.00576693 -0.00994765 -0.0125318 0.0152289 0.012118 0.000296537 0.016286 0.0179654 -0.00788977 -0.00116815 0.0127291 0.0093525 0.0108578 0.00334348 0.014211 0.00900366 -0.00348485
internal_weight=214.76 139.818 114.68 106.545 74.9423 62.4324 16.8626 45.5698 41.7379 10.2938 3.8319 25.1381 20.7644 19.5578 7.15579 12.402 10.6053 4.53014
internal_count=8000 6780 6395 6336 1220 1166 516 650 558 455 92 385 366 345 132 213 189 90
is_linear=0
shrinkage=0.0155488


Tree=55
num_leaves=19
num_cat=0
split_feature=7 5 7 1 7 2 8 7 1 5 5 5 5 1 1 2 8 2
split_gain=71.6156 33.692 34.159 29.3237 20.4425 13.9988 13.3386 27.2778 10.2662 5.4564 3.31463 2.48781 1.89385 3.38336 4.0233 1.42801 1.32237 1.02948
threshold=7716.3650000000007 204.50000000000003 3534.8850000000007 301.85000000000008 6339.3350000000009 312.05000000000007 10823.600000000002 8982.2450000000008 301.55000000000007 174.50000000000003 224.50000000000003 202.50000000000003 220.50000000000003 301.65000000000003 300.55000000000007 311.05000000000007 10823.600000000002 311.85000000000008
decision_type=2 2 2 2 2 2 2 2 2 2 2 2 2 2 2 2 2 2
left_child=1 2 -1 11 -5 9 7 8 -2 -6 12 16 13 14 -3 -15 -4 -10
right_child=6 10 3 4 5 -7 -8 -9 17 -11 -12 -13 -14 15 -16 -17 -18 -19
leaf_value=0.022919330550820564 -0.012255036785428264 0.0091617921774721275 -0.014305271121457793 -0.012256336155447948 0.018331900581945712 -0.01205352150873326 0.027469962398328693 0.027340217442469266 0.0114542926730484 -0.0035758117174380503 0.021122792389660926 0.0026766487177755866 -0.002783684938494162 0.026045982643428917 -0.0066958276621607374 0.0048984729767868156 0.0025429065561409885 0
leaf_weight=7.5390273332595816 9.4831328149884992 11.6597536019981 84.871464437805116 13.792390818707643 18.756063252687461 4.3800009051337829 19.598698578774929 12.089954271912573 7.6114589218050224 2.4340936029329887 6.0535819977521887 1.4144634939730156 2.6364260278642169 2.5475837942212811 4.2029338106513014 2.5402563344687223 0.39871792495250602 1.7628500368446109
leaf_count=30 440 180 5362 827 331 234 83 46 84 50 58 44 40 30 67 44 2 48
internal_value=0.00158233 -0.00342868 -0.00677924 -0.00879255 0.00221278 0.0103675 0.0175319 0.0102998 -0.0014504 0.0155851 0.0112118 -0.0137943 0.00758179 0.0091425 0.0045538 0.0191337 -0.0141466 0.00927271
internal_weight=213.773 163.227 133.586 126.047 39.3625 25.5702 50.5461 30.9474 18.8574 21.1902 29.6405 86.6846 23.587 20.9505 15.8627 5.08784 85.2702 9.37431
internal_count=8000 7299 6880 6850 1442 615 701 618 572 381 419 5408 361 321 247 74 5364 132
is_linear=0
shrinkage=0.0155488


Tree=56
num_leaves=19
num_cat=0
split_feature=3 5 4 4 6 4 5 0 6 4 5 4 4 4 3 6 6 4
split_gain=85.6919 43.8501 37.5441 27.1904 22.3295 24.5743 21.1865 11.5467 5.52016 2.00049 8.27327 1.8523 3.81711 1.34126 1.4721 2.36475 1.58019 1.03806
threshold=1386.5000000000002 204.50000000000003 15.750000000000002 56.850000000000001 8.5500000000000025 60.150000000000013 188.50000000000003 1.0000000180025095e-35 8.6500000000000004 65.000000000000014 182.50000000000003 45.250000000000007 41.350000000000001 23.650000000000002 1715.5000000000002 10.950000000000001 11.250000000000002 61.95000000000001
decision_type=2 2 2 2 2 2 2 2 2 2 2 2 2 2 2 2 2 2
left_child=4 2 -2 -4 -1 6 8 -8 -6 10 17 12 13 -3 15 -15 -17 -7
right_child=1 11 3 -5 5 9 7 -9 -10 -11 -12 -13 -14 14 -16 16 -18 -19
leaf_value=0.027756092033797902 0.019968888881678339 0.022550491851216495 -0.014401109030924255 0.018332255566781246 0.0076057093665220519 -0.0080613472481916859 0.020775041483477957 -0.0088893719235126154 -0.013591879587172952 0.027175285100236261 0.027753125047265462 0.018968474196812794 -0.0060099378381970187 0.013609078901372433 -0.0027081142193550326 -0.0086579968289182893 0.0073999980967678538 0.0036770645203401432
leaf_weight=21.935873374342918 8.1997386366128904 1.7141995206475318 98.693617276847363 5.3936989083886138 2.4991781041026142 1.5805444736033694 11.488228073343633 3.2286034636199465 16.01652177516371 11.235214471817015 3.3018765598535538 7.6795367337763301 2.7201779447495928 8.2405693903565389 1.7456394396722306 1.8062880486249917 1.5669430010020731 3.7401709463447332
leaf_count=87 59 22 6284 52 15 51 85 36 836 49 13 69 59 142 36 29 28 48
internal_value=0.00157436 -0.00568191 -0.00987589 -0.0124717 0.0148238 0.00889604 0.000428655 0.0138404 -0.0102371 0.0220228 0.0123376 0.01226 0.00811155 0.0111598 0.00763698 0.00960277 -0.000381601 -9.13024e-05
internal_weight=212.787 137.76 112.287 104.087 75.0262 53.0903 33.2325 14.7168 18.5157 19.8578 8.62259 25.4734 17.7938 15.0736 13.3594 11.6138 3.37323 5.32072
internal_count=8000 6780 6395 6336 1220 1133 972 121 851 161 112 385 316 257 235 199 57 99
is_linear=0
shrinkage=0.0155488


Tree=57
num_leaves=19
num_cat=0
split_feature=3 9 7 4 1 4 9 2 2 7 4 3 2 2 7 4 3 1
split_gain=83.3813 37.4955 40.6042 26.5695 14.9355 22.1836 13.2393 5.01369 3.06151 2.6021 2.11197 1.82763 1.9143 3.28486 4.65275 3.16902 1.54983 1.47524
threshold=1386.5000000000002 1.0000000180025095e-35 3534.8850000000007 57.850000000000001 301.55000000000007 60.550000000000004 1.0000000180025095e-35 311.75000000000006 312.25000000000006 7716.3650000000007 23.650000000000002 1740.5000000000002 309.85000000000008 308.55000000000007 6272.5550000000012 35.250000000000007 1456.5000000000002 299.15000000000003
decision_type=2 2 2 2 2 2 2 2 2 2 2 2 2 2 2 2 2 2
left_child=4 2 -2 -4 5 6 7 -1 -6 10 -3 12 13 14 15 -12 -15 -14
right_child=1 9 3 -5 8 -7 -8 -9 -10 -11 11 -13 17 16 -16 -17 -18 -19
leaf_value=-0.013492233489978378 0.022201796121776324 0.019684972178986761 -0.014505861443331637 0.019577829219778825 0.023415203352352257 0.021355449829076879 0.012615032283846295 0.0094412099894330397 0.0052792336569179076 0.021286684140213626 0 -0.0072900779350406134 -0.0019348077022632859 0.0022697743431632934 -0.0073075027737570996 0.029905188764721917 -0.011462079320369599 0.011481129586384583
leaf_weight=13.814488158561288 7.5956057906150809 1.9484832882881225 94.874811647459865 4.7190647888928643 32.153071947395802 15.155514618381856 8.2583104614168406 1.6071837283670909 3.9300473798066369 3.3845529630780211 1.1269453428685725 1.418366877362131 1.3983869906514872 2.1108416859060526 1.3874207418411968 1.2887589521706102 3.6030433084815741 11.795277578756211
leaf_count=712 30 31 6181 39 226 117 60 34 71 17 26 36 21 36 31 20 84 228
internal_value=0.00157268 -0.00562895 -0.0099006 -0.0126309 0.0146363 0.00742789 -0.00195302 -0.0103447 0.0217849 0.00955826 0.00699465 0.00490269 0.00616407 0.000284499 0.0101054 0.0202413 -0.00633783 0.0097485
internal_weight=211.57 136.652 107.189 99.5939 74.9186 38.8355 23.68 15.4217 36.0831 29.4621 26.0775 24.129 22.7107 9.51701 3.80313 2.4157 5.71388 13.1937
internal_count=8000 6780 6250 6220 1220 923 806 746 297 530 513 482 446 197 77 46 120 249
is_linear=0
shrinkage=0.0155488


Tree=58
num_leaves=19
num_cat=0
split_feature=3 5 7 7 1 7 5 7 5 7 7 3 3 5 8 7 1 7
split_gain=80.9322 42.1167 39.4712 24.5998 14.3162 19.4349 17.0508 2.71662 1.90553 1.94948 3.1883 2.47801 3.00001 2.13421 1.85239 1.74703 1.50856 1.42315
threshold=1386.5000000000002 204.50000000000003 3534.8850000000007 8316.7850000000017 301.55000000000007 8145.2450000000017 193.50000000000003 8982.2450000000008 224.50000000000003 7716.3650000000007 6830.4850000000015 1524.5000000000002 1920.5000000000002 211.50000000000003 9474.8000000000011 8982.2450000000008 300.25000000000006 7445.2800000000007
decision_type=2 2 2 2 2 2 2 2 2 2 2 2 2 2 2 2 2 2
left_child=4 2 -2 -4 5 6 -1 14 9 10 11 13 -13 16 -5 -7 -3 -8
right_child=1 8 3 7 -6 15 17 -9 -10 -11 -12 12 -14 -15 -16 -17 -18 -19
leaf_value=-0.014145736610388031 0.021838157330334902 0.0028657395217367102 -0.014359877612384277 -0.0073379307939405785 0.021397975769796927 0.010850107465522856 0.0033524174241965831 0.022934940592902194 0.020416357554564432 0.019927602539947419 -0.0055216922744639714 -0.001916181004052088 0.017574219733102522 0.0029044610397079011 0.011680541160021089 0.024440062680612072 0.030126610639654175 0.0185229772327982
leaf_weight=12.243050059303643 7.6225312799215308 1.3557600490748982 96.287948448210955 1.4674586355686181 36.195090219378471 9.8462463933974522 3.9783736038953048 3.3992114663124084 5.2309710793197146 2.3149939924478522 3.6146262977272263 7.3839011527597886 1.1589461863040922 3.0862531810998917 0.97660633735358704 8.4408060014247877 1.6309961117804048 4.2735388539731503
leaf_count=689 30 24 6293 49 297 131 49 13 54 10 57 147 14 56 10 32 23 22
internal_value=0.00156917 -0.00557524 -0.00978981 -0.0124221 0.0144142 0.00733727 -0.00291506 0.0158798 0.0118519 0.00845287 0.00561747 0.00883203 0.00223392 0.0156287 0.000595899 0.0184778 0.023145 0.0130124
internal_weight=210.507 135.53 109.754 102.131 74.9771 38.782 20.495 5.84328 25.7764 20.5455 18.2305 14.6159 8.54285 6.07301 2.44406 18.2871 2.98676 8.25191
internal_count=8000 6780 6395 6365 1220 923 760 72 385 331 321 264 161 103 59 163 47 71
is_linear=0
shrinkage=0.0155488


Tree=59
num_leaves=19
num_cat=0
split_feature=3 5 7 7 6 7 5 6 7 5 5 7 2 5 7 7 3 3
split_gain=78.5637 42.1578 37.7995 30.8512 22.9778 21.4741 11.6601 4.52063 2.84363 16.9054 2.51238 2.1829 2.18875 2.14942 2.57895 3.07108 2.12167 3.65802
threshold=1380.5000000000002 204.50000000000003 3534.8850000000007 8982.2450000000008 8.5500000000000025 8056.6750000000002 206.50000000000003 8.8500000000000032 8982.2450000000008 181.50000000000003 201.50000000000003 7696.4300000000012 311.75000000000006 224.50000000000003 7716.3650000000007 6830.4850000000015 1570.5000000000002 1920.5000000000002
decision_type=2 2 2 2 2 2 2 2 2 2 2 2 2 2 2 2 2 2
left_child=4 2 -2 10 -1 6 7 -6 9 -7 -4 -9 -13 14 15 16 -3 -18
right_child=1 13 3 -5 5 8 -8 11 -10 -11 -12 12 -14 -15 -16 -17 17 -19
leaf_value=0.02811607694880474 0.02148550248843974 0.013086323426300296 -0.01423736741800969 0.024338087963630926 0.0055764494696745126 -0.0082757025269048472 0.01465401403779722 -0.014194901429570209 0.025379888848629618 0.024538925165718636 0 -0.0071050218223540082 0.012268541920003437 0.020601650453937831 0.020747446781580345 -0.0055829256075549654 -0.0049744721792656394 0.017335779882469024
leaf_weight=20.917269706726074 7.6474139094352713 8.4008351489901631 97.015156359411776 4.216610223054885 3.9142515789717498 5.3528176508843925 6.7494704015552989 11.659145931713281 10.562171608209608 8.0670237857848388 2.88486439641565 2.8203398780897255 0.90720435976982106 5.5671080611646167 2.592708643525838 3.6474188007414332 5.2850553505122653 1.1736266463994978
leaf_count=78 30 144 6364 16 38 146 39 598 40 35 91 117 18 55 11 58 108 14
internal_value=0.00157127 -0.00522532 -0.0094317 -0.0119661 0.0147469 0.00853562 -0.00117372 -0.00744845 0.0187723 0.0115963 -0.0138172 -0.0111626 0 0.0119007 0.00841282 0.00529123 0.00842455 0.000726612
internal_weight=209.38 138.431 111.764 104.117 70.9497 50.0324 26.0504 19.3009 23.982 13.4198 99.9 15.3867 3.72754 26.6668 21.0996 18.5069 14.8595 6.45868
internal_count=8000 6891 6501 6471 1109 1031 810 771 221 181 6455 733 135 390 335 324 266 122
is_linear=0
shrinkage=0.0155488


Tree=60
num_leaves=19
num_cat=0
split_feature=4 6 5 4 8 4 6 4 4 5 2 2 1 4 6 4 6 4
split_gain=69.7119 32.4165 37.4673 33.7453 11.1954 11.7278 21.0996 10.8464 3.13309 2.99342 2.95938 2.35943 1.98015 1.81315 1.98306 1.68592 3.01953 2.24645
threshold=52.45000000000001 8.6500000000000004 202.50000000000003 15.750000000000002 10823.600000000002 61.45000000000001 8.5500000000000025 44.750000000000007 16.850000000000005 224.50000000000003 308.55000000000007 309.45000000000005 302.05000000000007 40.850000000000001 8.5500000000000025 44.150000000000013 11.050000000000002 48.850000000000001
decision_type=2 2 2 2 2 2 2 2 2 2 2 2 2 2 2 2 2 2
left_child=1 7 3 -3 5 6 -2 8 -1 10 -4 -12 -8 14 -10 16 -13 -17
right_child=4 2 9 -5 -6 -7 12 -9 13 -11 11 15 -14 -15 -16 17 -18 -19
leaf_value=0.016803919406335903 0.020470556165435787 0.017015491292560511 0.014277638191523549 -0.014594767484001202 0.02475531079473723 0.020083467259794326 -0.011950106591416362 0.019234330956525148 -0.012374316214186361 0.017922675981969297 -0.0079254507057792203 -0.005961126287061155 0.00058213221216169659 0.0044026411735480627 0.0043736161999994539 0.019566480729606803 0.011503896386166331 0
leaf_weight=0.71417314186692493 8.2513708584010619 7.8274248857051125 4.9583067856729093 89.393162005580962 21.360585488379002 14.813425416126845 10.793709912337361 15.441179029643534 5.3646908262744528 5.5079108849167815 3.60847104713321 5.8593128658831102 3.1721478458493939 2.4997836593538523 1.1979688592255113 2.0079176947474471 2.3636610917747021 2.960796594619751
leaf_count=9 47 56 73 6139 90 102 509 135 283 51 77 115 78 75 57 34 46 24
internal_value=0.00157295 -0.00403965 -0.00732174 -0.0118277 0.0158111 0.00991385 0.00226335 0.0115991 -0.000921411 0.00842473 0.00501331 0.00126948 -0.00903599 -0.00455246 -0.00861442 0.00451773 0 0.0106309
internal_weight=208.096 149.705 124.487 97.2206 58.3912 37.0307 22.2172 25.2178 9.77662 27.2664 21.7585 16.8002 13.9659 9.06244 6.56266 13.1917 8.22297 4.96871
internal_count=8000 7174 6615 6195 826 736 634 559 424 420 369 296 587 415 340 219 161 58
is_linear=0
shrinkage=0.0155488


Tree=61
num_leaves=19
num_cat=0
split_feature=8 6 5 0 8 5 8 1 8 5 1 8 2 2 5 6 6 6
split_gain=59.5825 54.4253 16.7032 7.38161 4.52532 8.32496 3.05512 2.29799 2.26092 2.38451 2.28927 2.18812 1.46213 1.42638 1.40646 1.03437 1.33143 1.80295
threshold=10823.600000000002 8.6500000000000004 202.50000000000003 1.0000000180025095e-35 1656.1000000000001 56.500000000000007 9826.3000000000011 301.45000000000005 9949.3000000000011 45.500000000000007 296.75000000000006 399.90000000000003 311.85000000000008 309.95000000000005 176.50000000000003 9.1500000000000004 9.6500000000000004 10.750000000000002
decision_type=2 2 2 2 2 2 2 2 2 2 2 2 2 2 2 2 2 2
left_child=1 -1 4 -2 5 7 12 -3 9 13 -11 -9 15 -6 -10 -4 -17 -18
right_child=3 2 6 -5 8 -7 -8 11 14 10 -12 -13 -14 -15 -16 16 17 -19
leaf_value=0.01473297199150765 0.026587449525123333 -0.0089235859059506751 0 0.0051307170970276888 0.0066793171967329786 0.014138304189294433 -0.0063555426381245754 0.0082804629925299043 0.0099880642589762949 0.00073636286369962013 -0.011697219631908791 -0.0067183809754773 -0.0024078539113662019 -0.0077527504214604647 -0.0061258843109970075 0.02036660380705212 -0.00018142448191470071 0.011283111612905277
leaf_weight=37.057334065437317 21.352870941162113 20.399873741902418 2.8418723028153279 6.0829951539635649 2.6004525469616047 4.433347118087112 2.8224074877798548 3.6191084692254654 1.4307515304535621 2.9910357566550365 79.340957404114306 3.2037954591214657 1.685640139505266 1.6381481988355515 1.1621247539296744 2.8496890701353541 4.3622490186244232 7.1426976062357426
leaf_count=622 83 1207 49 35 97 61 54 90 14 139 4912 214 34 83 48 51 83 124
internal_value=0.00157048 -0.00172179 -0.00611744 0.0223935 -0.00837943 -0.00299784 0.00607793 -0.00641994 -0.0101799 -0.0106169 -0.0111952 0.000810746 0.00840574 0 0.00211899 0.00976533 0.0113475 0.00704118
internal_weight=207.017 179.581 142.524 27.4359 120.82 31.6561 21.7046 27.2228 89.1635 86.5706 82.332 6.8229 18.8821 4.2386 2.59288 17.1965 14.3546 11.5049
internal_count=8000 7882 7260 118 6865 1572 395 1511 5293 5231 5051 304 341 180 62 307 258 207
is_linear=0
shrinkage=0.0155488


Tree=62
num_leaves=19
num_cat=0
split_feature=3 5 7 7 6 8 7 6 8 8 8 7 5 7 7 1 6 1
split_gain=73.4142 39.7996 36.0516 29.9874 21.6645 22.8494 25.0853 6.5688 6.28271 4.08341 2.7506 3.30094 2.14453 1.36988 1.20103 4.48418 3.72613 4.85765
threshold=1380.5000000000002 204.50000000000003 3534.8850000000007 8982.2450000000008 8.5500000000000025 11112.650000000001 8982.2450000000008 8.6500000000000004 10823.600000000002 10823.600000000002 10823.600000000002 7214.8950000000013 202.50000000000003 6164.1600000000008 4925.3900000000003 299.95000000000005 10.950000000000001 298.85000000000008
decision_type=2 2 2 2 2 2 2 2 2 2 2 2 2 2 2 2 2 2
left_child=4 2 -2 9 -1 6 7 -6 13 12 11 14 -4 -9 -3 16 17 -16
right_child=1 10 3 -5 5 -7 -8 8 -10 -11 -12 -13 -14 -15 15 -17 -18 -19
leaf_value=0.027302536655227739 0.020760288131107796 0.01855214969950866 -0.014487698119406596 0.023856440888767386 0.010236940596390479 0.02375428210484945 0.022998706905289955 0.0024721223151000435 0.0058865647666221715 0.0068364217326874069 0.021343350335765489 -0.0081115299069856039 0.00056253076870145849 -0.013902550696485187 0.019679605223172792 0.013069347270723387 -0.011605739110159746 -0.008070720770913838
leaf_weight=20.825436949729919 7.6927416771650305 2.9950104430317976 93.71472757216543 4.2284888327121726 3.7149645239114788 14.608866989612578 8.2541708350181562 0.53398560918868199 4.2150813564658156 1.3502682596445073 5.0632565170526496 1.651862509548663 1.7489859219640482 18.428630422800779 2.0054027773439915 10.04829012416303 3.6377185434103012 1.661082040518522
leaf_count=78 30 44 6392 16 18 60 31 23 21 7 21 30 56 878 34 162 65 34
internal_value=0.001557 -0.00510581 -0.00931809 -0.0118705 0.0142961 0.00824316 0.00109813 -0.00620727 -0.00938799 -0.0137532 0.0113483 0.0078624 -0.0141685 -0.0131272 0.0097303 0.00686078 -0.00188967 0.00746516
internal_weight=206.379 135.798 108.735 101.042 70.5811 49.7557 35.1468 26.8927 23.1777 96.814 27.0626 21.9994 95.4637 18.9626 20.3475 17.3525 7.3042 3.66648
internal_count=8000 6891 6501 6471 1109 1031 971 940 922 6455 390 369 6448 901 339 295 133 68
is_linear=0
shrinkage=0.0155488


Tree=63
num_leaves=19
num_cat=0
split_feature=4 5 6 7 4 7 8 6 5 8 7 4 4 7 5 5 8 4
split_gain=65.1428 30.1604 34.9853 34.9515 12.3791 11.5525 18.7166 28.742 3.35623 2.69312 2.53092 4.2951 2.89693 2.24975 2.01575 1.07445 0.939001 0.866292
threshold=52.45000000000001 202.50000000000003 8.6500000000000004 3534.8850000000007 44.350000000000001 8982.2450000000008 10823.600000000002 8.5500000000000025 224.50000000000003 1448.3000000000002 6830.4850000000015 44.150000000000013 41.350000000000001 7185.255000000001 214.50000000000003 33.500000000000007 431.20000000000005 34.95000000000001
decision_type=2 2 2 2 2 2 2 2 2 2 2 2 2 2 2 2 2 2
left_child=1 2 4 -4 9 6 7 -2 10 15 11 12 17 -6 -12 -1 -9 -3
right_child=5 8 3 -5 13 -7 -8 16 -10 -11 14 -13 -14 -15 -16 -17 -18 -19
leaf_value=-0.0018578268106171131 0.020841283195954612 0.0020120495796900105 0.018575053052499169 -0.014549342125187811 0.021514260374551428 0.026537680291722814 0.021945773906532875 0.00071238785589483101 0.018861902870768429 -0.011866309480417721 -0.0088551665972810192 0.023714210380813928 -0.0088713583213270216 0.0042073032681064736 0.0051508217629573127 0.012538078386987839 -0.012726376802264357 0.010951738243991847
leaf_weight=1.4884560136124521 9.5813787989318389 6.8309750109911054 7.2834882736206046 86.640445377677679 10.32811485417187 15.82754175364971 17.863981500267982 0.64838411007076402 6.2063836902379981 4.7091707559302449 3.4035827498883 2.7344782799482337 1.9928579181432713 3.7119267452508202 3.9002086743712425 0.93483986891806115 14.23572132643312 6.7162396553903818
leaf_count=72 52 135 28 6167 78 60 76 25 57 285 54 29 45 54 33 17 613 120
internal_value=0.00155917 -0.00394672 -0.00765955 -0.0117308 0.00987802 0.0153209 0.0104001 0.0011657 0.00916338 -0.00577757 0.00590044 0.0088594 0.00445125 0.0179057 -0.00126504 0.00501738 -0.0118926 0.00725286
internal_weight=205.038 146.881 115.096 93.9239 21.1725 58.157 42.3295 24.4655 31.7847 7.13247 25.5783 18.2746 15.5401 14.04 7.30379 2.4233 14.8841 13.5472
internal_count=8000 7174 6701 6195 506 826 766 690 473 374 416 329 300 132 87 89 638 255
is_linear=0
shrinkage=0.0155488


Tree=64
num_leaves=19
num_cat=0
split_feature=3 5 4 4 6 8 4 6 5 8 4 5 2 2 4 4 6 3
split_gain=69.942 38.1565 31.6238 27.6989 20.6415 21.4005 20.7109 6.88878 4.2976 2.67772 2.24707 1.81334 1.71675 2.66505 2.11758 4.46926 1.68369 1.04019
threshold=1380.5000000000002 204.50000000000003 15.750000000000002 56.850000000000001 8.5500000000000025 11112.650000000001 65.000000000000014 8.8500000000000032 188.50000000000003 10823.600000000002 48.150000000000013 202.50000000000003 309.65000000000003 308.35000000000008 44.150000000000013 39.050000000000004 11.050000000000002 2651.0000000000005
decision_type=2 2 2 2 2 2 2 2 2 2 2 2 2 2 2 2 2 2
left_child=4 2 17 11 -1 6 7 -6 -9 10 12 -4 13 -3 15 -14 -10 -2
right_child=1 9 3 -5 5 -7 -8 8 16 -11 -12 -13 14 -15 -16 -17 -18 -19
leaf_value=0.026727352552291198 0.0082979213937019441 0.011794361834436442 -0.01441092989698313 0.016184642877039239 0.0094434379468116957 0.023019980033260952 0.022348952516551755 -0.012608384480994314 -0.0035396621112942697 0.020767684519763626 -0.0067901538748563724 0 0.012854909963014419 -0.0043059362701271253 0.024722504123536441 -0.0065304281049688257 0.010793064896576178 0.024795077342007078
leaf_weight=20.735165536403656 4.879841532558201 2.825733210891495 89.295930101536214 6.7913255486637345 4.9684256017208126 14.665833979845045 7.3176381923258296 16.949459563940767 3.5222639460116616 5.0995751470327368 1.2543781511485566 1.9425140842795361 8.4267630111426097 4.8761502802371979 1.9784771874546994 2.8979631792753926 1.9939470775425432 3.4544162601232529
leaf_count=78 45 42 6320 65 46 60 34 820 50 21 22 57 132 92 24 57 21 14
internal_value=0.00155654 -0.00501621 -0.0092398 -0.0117787 0.0140082 0.00806979 0.00107572 -0.0051883 -0.00891241 0.0109569 0.00756461 -0.0140916 0.00892673 0.0019903 0.0121641 0.0074327 0.00210557 0.0178712
internal_weight=203.876 133.723 106.364 98.0298 70.1527 49.4176 34.7517 27.4341 22.4657 27.359 22.2595 91.2384 21.0051 7.70188 13.3032 11.3247 5.51621 8.33426
internal_count=8000 6891 6501 6442 1109 1031 971 937 891 390 369 6377 347 134 213 189 71 59
is_linear=0
shrinkage=0.0155488


Tree=65
num_leaves=19
num_cat=0
split_feature=3 9 7 4 6 4 9 2 7 4 1 6 7 4 6 1 4 7
split_gain=68.1069 32.2265 35.1459 23.9818 17.9486 20.0343 13.135 4.78456 2.2349 2.00878 1.90627 2.60163 4.37977 1.86188 1.80521 5.16404 3.09243 3.91852
threshold=1386.5000000000002 1.0000000180025095e-35 3534.8850000000007 57.850000000000001 8.5500000000000025 60.150000000000013 1.0000000180025095e-35 310.65000000000003 7716.3650000000007 23.650000000000002 302.35000000000008 8.6500000000000004 7696.4300000000012 65.000000000000014 10.950000000000001 299.05000000000007 30.250000000000004 7226.8400000000011
decision_type=2 2 2 2 2 2 2 2 2 2 2 2 2 2 2 2 2 2
left_child=4 2 -2 -4 -1 6 7 -6 9 -3 11 -9 -13 -7 16 -16 -11 -18
right_child=1 8 3 -5 5 13 -8 10 -10 14 -12 12 -14 -15 15 -17 17 -19
leaf_value=0.02498973744316867 0.019928147164570611 0.018124643317887195 -0.014346723879729541 0.017967047884758294 -0.01333486187178087 0.010784623360728654 0.013018167597456701 0.01784175940660895 0.019134654221046685 -0.0082328695027213839 -0.0076283465216460478 -0.010673819349290094 0.012427475015466751 0.024544036003899771 -0.012003814410693018 0.011153775499970769 0.012059414067695921 -0.0064132689465891428
leaf_weight=21.705859858542681 7.7373218536376944 2.0739492047578159 85.718284724280238 4.7891989629715672 11.214389798231425 8.7168302983045596 11.213628649711607 1.4456332176923732 3.4941786527633658 1.7253775931894839 2.8653771355748177 3.2856711028143764 2.2696058796718717 11.245280414819716 4.1462920904159537 2.7924912925809622 13.91382814012468 2.2785643972456446
leaf_count=87 30 31 6181 39 589 112 72 7 17 43 85 169 50 49 87 46 272 34
internal_value=0.0015579 -0.00524785 -0.00957411 -0.0123743 0.0133396 0.0079597 0.000124183 -0.00690577 0.00842788 0.00611804 0.000730856 0.00525392 -0.000122731 0.019703 0.00415213 -0.00193498 0.00668274 0.00896704
internal_weight=202.632 128.669 98.2448 90.5075 73.9623 52.2564 32.2943 21.0807 30.4247 26.9305 9.86629 7.00091 5.55528 19.9621 24.8566 6.93878 17.9178 16.1924
internal_count=8000 6780 6250 6220 1220 1133 972 900 530 513 311 226 219 161 482 133 349 306
is_linear=0
shrinkage=0.0155488


Tree=66
num_leaves=19
num_cat=0
split_feature=3 9 4 4 6 8 4 6 8 8 4 4 8 4 8 2 2 3
split_gain=66.308 33.3939 31.074 28.5056 19.587 20.3987 19.6447 6.70357 4.07108 3.02737 2.50509 2.0113 3.12176 1.30921 2.67434 1.96926 4.41277 0.988006
threshold=1380.5000000000002 1.0000000180025095e-35 15.750000000000002 57.850000000000001 8.5500000000000025 11112.650000000001 65.000000000000014 8.8500000000000032 10823.600000000002 10823.600000000002 48.050000000000004 45.850000000000001 8646.9000000000015 23.650000000000002 6046.6000000000013 310.45000000000005 308.95000000000005 2651.0000000000005
decision_type=2 2 2 2 2 2 2 2 2 2 2 2 2 2 2 2 2 2
left_child=4 2 17 -4 -1 6 7 -6 -9 10 11 12 13 -3 -15 16 -16 -2
right_child=1 9 3 -5 5 -7 -8 8 -10 -11 -12 -13 -14 14 15 -17 -18 -19
leaf_value=0.026113567151443265 0.008082203282929459 0.017793558293433782 -0.014349298994373406 0.018321953172204322 0.0092475727962153288 0.022450132384039301 0.021701333420234843 -0.011881585084061889 0.0037749812175450902 0.018156325608891702 -0.008111796892311925 0.01928964809064471 -0.0046550548304443449 -0.0083066713118594548 0.012325755365502889 0.013524214909314871 -0.0085148269276115376 0.024221680271782162
leaf_weight=20.615063488483429 4.8647150564938766 2.1026301756501367 85.739420504309237 5.8230768647044888 4.9931006655097034 14.691551774740217 7.327128440141677 18.205791985616091 3.9930813610553733 5.893154338002204 1.6589700989425171 2.0130364950746289 5.0410824790596953 1.7640736252069462 3.414664841257034 6.016982464119792 3.8688903115689754 3.4672402553260326
leaf_count=78 44 31 6246 46 46 60 34 871 20 25 37 35 103 48 67 115 80 14
internal_value=0.00155491 -0.00491641 -0.00932974 -0.0120121 0.0136842 0.0078852 0.00101297 -0.00513243 -0.0088503 0.00867099 0.00563508 0.00707824 0.00484211 0.00796606 0.00510495 0.00770699 0.00117753 0.0174758
internal_weight=201.494 131.668 99.8945 91.5625 69.8257 49.2107 34.5191 27.192 22.1989 31.7735 25.8803 24.2214 22.2083 17.1672 15.0646 13.3005 7.28356 8.33196
internal_count=8000 6891 6350 6292 1109 1031 971 937 891 541 516 479 444 341 310 262 147 58
is_linear=0
shrinkage=0.0155488


Tree=67
num_leaves=19
num_cat=0
split_feature=4 5 7 1 4 7 5 1 0 2 5 7 7 4 4 2 2 2
split_gain=58.5537 27.6435 29.1637 17.5571 20.0202 10.6222 12.4618 15.8884 9.01443 8.03686 3.18942 3.07343 2.43743 4.09765 2.71065 2.40516 2.1451 2.14056
threshold=52.45000000000001 202.50000000000003 3534.8850000000007 301.75000000000006 44.350000000000001 8982.2450000000008 186.50000000000003 300.75000000000006 1.0000000180025095e-35 311.95000000000005 224.50000000000003 7397.8700000000008 6830.4850000000015 44.150000000000013 41.350000000000001 308.55000000000007 311.95000000000005 310.45000000000005
decision_type=2 2 2 2 2 2 2 2 2 2 2 2 2 2 2 2 2 2
left_child=1 2 -1 -4 -5 6 7 -2 -8 11 12 -6 13 14 15 -3 -9 -17
right_child=5 10 3 4 9 -7 8 16 -10 -11 -12 -13 -14 -15 -16 17 -18 -19
leaf_value=0.019406620503948445 -0.013597604824386135 0.017553280745712121 -0.014150751258480896 -0.012669078971532157 0.017453535676924634 0.025351118487641884 0.024459598483383013 0.013452305073854772 -0.0010219140799153277 -0.010083552481707248 0.017903475307763903 -0.0025959276445111494 -0.001550973233527654 0.022636266375388861 -0.0088325161340484515 -0.0042993762302429954 -0.0014763798047691646 0.0079281021177124329
leaf_weight=7.7605133056640616 8.5386824291199463 2.6407659854739967 69.545819756574929 15.536937625147401 13.273822886869313 15.81141087412834 14.25264355260879 13.395471237599848 3.7971964953467241 2.6337611423805347 6.3507402613759032 1.4074724568054069 7.3484383132308713 2.8187962472438803 1.9777551125735033 4.8853223342448455 1.9580508414655913 6.3165177758783102
leaf_count=30 434 43 5201 1076 193 60 70 170 34 152 57 49 87 29 45 98 58 114
internal_value=0.00155639 -0.00378593 -0.00750452 -0.00978979 -0.000265459 0.0146046 0.00985025 0.00204836 0.0191795 0.0107604 0.00857523 0.0152372 0.00544009 0.00831432 0.00407183 0.00674723 0.0113487 0.00238973
internal_weight=200.25 142.497 110.158 102.398 32.852 57.7535 41.942 23.8922 18.0498 17.3151 32.3383 14.6813 25.9876 18.6392 15.8204 13.8426 15.3535 11.2018
internal_count=8000 7174 6701 6671 1470 826 766 662 104 394 473 242 416 329 300 255 228 212
is_linear=0
shrinkage=0.0155488


Tree=68
num_leaves=19
num_cat=0
split_feature=3 5 4 4 1 4 5 0 2 4 4 5 4 4 3 3 5 5
split_gain=63.1583 35.3198 29.3411 25.7941 12.6455 16.1476 12.8646 10.0294 2.81804 2.13443 3.16706 1.74618 1.47225 2.53216 2.19254 4.36738 1.33594 2.38589
threshold=1380.5000000000002 204.50000000000003 15.750000000000002 56.850000000000001 301.55000000000007 60.550000000000004 188.50000000000003 1.0000000180025095e-35 312.05000000000007 45.850000000000001 36.150000000000013 202.50000000000003 37.650000000000013 39.050000000000004 1475.5000000000002 1440.5000000000002 214.50000000000003 206.50000000000003
decision_type=2 2 2 2 2 2 2 2 2 2 2 2 2 2 2 2 2 2
left_child=4 2 -2 11 5 6 -1 -8 -6 10 16 -4 -12 -14 15 -15 17 -3
right_child=1 9 3 -5 8 -7 7 -9 -10 -11 12 -13 13 14 -16 -17 -18 -19
leaf_value=-0.013911155404002767 0.016923369940727819 0.016082239868051511 -0.014326000666623822 0.015140325533621088 0.022047350936737837 0.018238205472039359 0.017795113000228308 -0.012073452013786313 0.0061351209651139176 0.017029083228260914 -0.009025303893068392 0 0.014604172022298694 -0.0083943902860369717 -0.010322083472178809 0.018424207938707325 0.017919552299832719 -0.0021272647131982602
leaf_weight=10.392460721544923 8.3756978567689639 1.3278590254485658 84.703300518915057 6.8813374340534201 28.98266295902431 14.641121346503494 7.6677651666104776 2.7344411369413137 5.0330068077892056 8.1455933302640897 1.9206762947142113 1.972666872665285 1.977106798440216 1.7136569768190386 2.7399685904383659 1.6301004961133001 4.5541241355240345 3.8311968967318535
leaf_count=641 59 23 6320 65 186 114 58 29 81 66 28 57 27 29 58 26 58 75
internal_value=0.00154782 -0.00483189 -0.00907954 -0.0116397 0.0133982 0.00639448 -0.00232909 0.00916192 0.0201018 0.0103109 0.00650132 -0.0139939 0 0.00324643 -0.00177355 0.00529291 0.0122736 0.00417413
internal_weight=199.225 129.773 101.933 93.5573 69.4515 35.4358 20.7947 10.4022 34.0157 27.8403 19.6947 86.676 9.98151 8.06083 6.08373 3.34376 9.71318 5.15906
internal_count=8000 6891 6501 6442 1109 842 728 87 267 390 324 6377 168 140 113 55 156 98
is_linear=0
shrinkage=0.0155488


Tree=69
num_leaves=19
num_cat=0
split_feature=4 6 5 7 7 8 6 4 7 7 5 6 0 6 6 8 8 4
split_gain=55.4205 26.9469 32.0937 31.5613 10.2256 16.5291 25.6594 8.68612 4.47869 3.132 2.52316 1.95897 1.49361 1.76745 1.06146 1.75082 1.06024 1.05808
threshold=52.45000000000001 8.6500000000000004 202.50000000000003 3534.8850000000007 8982.2450000000008 10823.600000000002 8.5500000000000025 40.850000000000001 3534.8850000000007 7226.8400000000011 224.50000000000003 8.5500000000000025 1.0000000180025095e-35 9.1500000000000004 9.4500000000000011 7383.9000000000005 6563.7000000000016 44.750000000000007
decision_type=2 2 2 2 2 2 2 2 2 2 2 2 2 2 2 2 2 2
left_child=1 7 3 -3 5 6 -2 8 -1 17 12 -10 13 -4 -14 -16 -13 -9
right_child=4 2 10 -5 -6 -7 -8 9 11 -11 -12 16 14 -15 15 -17 -18 -19
leaf_value=0.018320053124819952 0.019394156827723996 0.017088085596982879 -0.0028279417262433541 -0.014431977360187795 0.02477088340065841 0.020321338304920791 -0.011816886918461802 0.0042383378626954125 -0.012301333630165672 0.00039049497247544584 0.015638616212108481 -0.0037488276829876804 0.0066554643667705938 0.009251792796602697 0.0050261378216275802 -0.0093939098381891264 0.012616893961829448 0.020837381541152698
leaf_weight=0.60712060332298534 9.45685698464513 7.330283358693122 2.5492157433182063 79.988945638760924 15.79576240479946 17.930318921804428 14.448965795338152 2.4544670926407006 5.2099861521273851 3.1409242134541264 5.8310079649090758 0.70688579790294148 1.6557353977113951 12.215247949585317 1.882180595770478 4.1978315506130457 0.48739445209503174 12.271778052672742
leaf_count=3 52 28 37 6167 60 76 638 75 288 48 51 47 33 194 37 68 11 87
internal_value=0.00154258 -0.00371212 -0.0068945 -0.0115395 0.0142285 0.00955795 0.000725709 0.0105578 -0.00328073 0.0160495 0.00717473 -0.00847989 0.00411432 0.00686808 -0.000936616 -0.00430914 0.00438355 0.0188577
internal_weight=198.161 140.529 115.65 87.3192 57.6319 41.8361 23.9058 24.8786 7.01139 17.8672 28.3312 6.40427 22.5002 14.7645 7.73575 6.08001 1.19428 14.7262
internal_count=8000 7174 6615 6195 826 766 690 559 349 210 420 346 369 231 138 105 58 162
is_linear=0
shrinkage=0.0155488


Tree=70
num_leaves=19
num_cat=0
split_feature=3 9 7 7 6 8 7 6 8 8 8 7 7 7 3 8 3 8
split_gain=60.0202 30.9341 31.5068 26.8126 18.4282 18.7641 20.9103 5.7509 5.568 3.27099 2.778 3.23316 1.37387 1.28352 5.12977 3.54755 1.11568 2.52861
threshold=1380.5000000000002 1.0000000180025095e-35 3534.8850000000007 8982.2450000000008 8.5500000000000025 11112.650000000001 8982.2450000000008 8.6500000000000004 10823.600000000002 10823.600000000002 10823.600000000002 7214.8950000000013 6164.1600000000008 6677.9800000000005 1444.5000000000002 8646.9000000000015 1865.5000000000002 6046.6000000000013
decision_type=2 2 2 2 2 2 2 2 2 2 2 2 2 2 2 2 2 2
left_child=4 2 -2 9 -1 6 7 -6 12 -4 11 13 -9 15 -15 16 17 -3
right_child=1 10 3 -5 5 -7 -8 8 -10 -11 -12 -13 -14 14 -16 -17 -18 -19
leaf_value=0.025225783126806595 0.018629218239224848 -0.0081905495927210425 -0.014298746621308761 0.021608937171324932 0.0090457017716413755 0.021403533553709862 0.020763430363734216 0.0026683958517861482 0.0050071968486258027 0.0080968363958627502 0.017195003897200977 -0.0091727173263050805 -0.013760730045489429 0.027639212731085095 -0.0026610600136013317 -0.0075423134086786449 0.016677436270579812 0.0074405058026183642
leaf_weight=20.362241223454475 7.7891727387905112 1.7241633357480299 82.943542968481779 4.281181573867797 3.8353803604841259 14.67761108279228 8.219871833920477 0.51430672034621849 4.2804029509425154 0.63858059048652549 5.959344044327735 2.0839955871924749 17.235165731050074 1.7699172068387263 1.7153340475633738 3.3364288723096243 2.2044551614671937 13.434954608790575
leaf_count=78 30 48 6301 16 18 60 31 23 21 3 25 46 878 27 40 67 31 257
internal_value=0.00154012 -0.00474427 -0.00917758 -0.0119117 0.0130992 0.00745646 0.000799138 -0.00606567 -0.00920498 -0.013966 0.00815053 0.0052737 -0.0129384 0.00705793 0.0151376 0.00474064 0.00765427 0.00494144
internal_weight=197.006 127.881 95.6525 87.8633 69.125 48.7627 34.0851 25.8653 22.0299 83.5821 32.2286 26.2692 17.7495 24.1853 3.48525 20.7 17.3636 15.1591
internal_count=8000 6891 6350 6320 1109 1031 971 940 922 6304 541 516 901 470 67 403 336 305
is_linear=0
shrinkage=0.0155488


Tree=71
num_leaves=19
num_cat=0
split_feature=3 5 7 4 6 8 7 5 6 6 4 8 5 3 3 3 7 6
split_gain=58.5271 32.8884 31.1588 21.826 15.8259 18.7903 22.4913 5.60381 6.63201 1.8527 1.63608 4.28752 1.62874 2.924 2.87152 2.07206 1.64148 0.793549
threshold=1386.5000000000002 204.50000000000003 3534.8850000000007 56.850000000000001 8.5500000000000025 11112.650000000001 8982.2450000000008 188.50000000000003 8.6500000000000004 10.950000000000001 44.150000000000013 8646.9000000000015 213.50000000000003 1554.5000000000002 1878.5000000000002 1566.5000000000002 5926.8250000000016 9.3500000000000032
decision_type=2 2 2 2 2 2 2 2 2 2 2 2 2 2 2 2 2 2
left_child=4 2 -2 -4 -1 6 7 8 -6 17 11 12 13 16 -15 -14 -3 -9
right_child=1 10 3 -5 5 -7 -8 9 -10 -11 -12 -13 15 14 -16 -17 -18 -19
leaf_value=0.023531290262425467 0.018364103728128918 0.020000846453335094 -0.014085013704938202 0.015057877202217825 0.0082885079190929759 0.021094684985965777 0.021082448732518005 0.0036745613226537794 -0.0138191305068194 0.013621856779532501 0.015355975711305609 -0.0074559685453044625 0.00081926811482855167 -0.011083518615698652 0.0095240302345527637 0.01962881014778857 0 -0.0063083263761644966
leaf_weight=21.31538001447916 7.796673357486724 1.5140805244445856 82.162314214743674 5.5859335958957663 2.8910426124930444 15.370270952582358 8.7526049017906171 2.9183700494468203 17.13122452609241 2.2015854064375162 8.7440471015870553 3.3295553587377062 2.5866737365722656 3.3641390688717365 1.2270170897245405 4.7289094738662243 1.8947436064481733 2.1884111873805523
leaf_count=87 30 23 6313 52 16 63 33 26 933 25 80 67 37 76 14 57 31 37
internal_value=0.00154154 -0.00496991 -0.00927987 -0.0120019 0.0124924 0.00739847 0.000952288 -0.00599739 -0.0101477 0.00474529 0.00968043 0.00603076 0.00953515 0.00322481 -0.00405997 0.0145139 0.0123244 -0.000395659
internal_weight=195.703 122.934 95.5449 87.7482 72.7689 51.4535 36.0832 27.3306 20.0223 7.30837 27.3892 18.6451 15.3156 7.99998 4.59116 7.31558 3.40882 5.10678
internal_count=8000 6780 6395 6365 1220 1133 1070 1037 949 88 385 305 238 144 90 94 54 63
is_linear=0
shrinkage=0.0155488


Tree=72
num_leaves=19
num_cat=0
split_feature=3 5 7 7 6 4 5 6 7 5 7 2 7 6 1 1 4 5
split_gain=57.0967 32.6314 29.7604 25.4622 17.4866 16.051 11.5869 4.45222 2.53302 2.24771 1.9649 2.58748 3.31546 3.27404 5.66713 2.04716 1.84412 7.29312
threshold=1380.5000000000002 204.50000000000003 3534.8850000000007 8982.2450000000008 8.5500000000000025 60.150000000000013 188.50000000000003 8.6500000000000004 7445.2800000000007 201.50000000000003 7716.3650000000007 309.65000000000003 6297.9800000000005 10.950000000000001 298.85000000000008 299.05000000000007 65.000000000000014 182.50000000000003
decision_type=2 2 2 2 2 2 2 2 2 2 2 2 2 2 2 2 2 2
left_child=4 2 -2 9 -1 6 7 -6 -8 -4 11 12 13 14 -3 -13 17 -7
right_child=1 10 3 -5 5 16 8 -9 -10 -11 -12 15 -14 -15 -16 -17 -18 -19
leaf_value=0.024711636672996872 0.018105433774598001 0.028540934809505467 -0.013951920987031576 0.021137884276201828 0.0063440956826131588 -0.0024963746613120247 0.00015028207361597574 -0.012988189722840368 0.014208700624261134 0 0.020479625551675061 -0.0023406007827072883 -0.009344043310705364 -0.0050657618717675091 -0.0030269631097494063 0.012716969511460313 0.022571750712629686 0.023455625364773941
leaf_weight=20.189709141850471 7.8028390258550635 1.7342923879623469 82.584153801202774 4.2847237735986701 2.5391322523355511 5.00461518391967 5.3387681506574145 12.461538651958106 8.7875554859638196 2.9227752434089771 3.1703610680997363 1.6519068516790856 3.5963355004787445 2.1132325045764446 1.7970347963273523 14.241437349468468 10.841191366314886 3.3946139067411423
leaf_count=78 30 26 6364 16 12 97 62 752 47 91 13 29 57 31 32 202 48 13
internal_value=0.00154228 -0.00464911 -0.00891767 -0.0115237 0.0128475 0.00732169 0 -0.00924363 0.00958839 -0.0134846 0.00969433 0.00728572 0.000193761 0.00741944 0.0150693 0.0108711 0.0178678 0.00926731
internal_weight=194.456 125.899 97.5945 89.7917 68.5571 48.3674 29.127 15.0007 14.1263 85.5069 28.3046 25.1342 9.2409 5.64456 3.53133 15.8933 19.2404 8.39923
internal_count=8000 6891 6501 6471 1109 1031 873 764 109 6455 390 377 146 89 58 231 158 110
is_linear=0
shrinkage=0.0155488


Tree=73
num_leaves=19
num_cat=0
split_feature=4 6 9 4 8 4 6 4 4 0 6 1 8 8 1 2 2 4
split_gain=50.0896 24.5319 26.0469 27.131 8.24636 9.26901 16.9354 7.66326 4.05735 2.96137 1.94448 1.80394 1.60275 1.72372 1.57009 2.16495 2.26079 2.20084
threshold=52.150000000000013 8.6500000000000004 1.0000000180025095e-35 15.750000000000002 10823.600000000002 61.45000000000001 8.5500000000000025 40.850000000000001 15.750000000000002 1.0000000180025095e-35 8.5500000000000025 302.05000000000007 11112.650000000001 9826.3000000000011 300.55000000000007 310.65000000000003 308.55000000000007 41.250000000000007
decision_type=2 2 2 2 2 2 2 2 2 2 2 2 2 2 2 2 2 2
left_child=1 7 3 -3 5 6 -2 8 -1 -6 -10 -8 13 14 15 16 -4 -18
right_child=4 2 12 -5 9 -7 11 -9 10 -11 -12 -13 -14 -15 -16 -17 17 -19
leaf_value=0.017031250314221251 0.017572882475592133 0.014295871445293703 0.012183014959854748 -0.014295484880908404 0.024340834872942665 0.017348682242459331 -0.01192418727817657 0.015356890565592678 -0.012159479448656457 0.007191815796905616 0.004552568203767083 0.00018213643472453681 0.014660990396618251 -0.0032157053214095272 0 0.022414478931651528 -0.0055902976526993123 0.01006911104615978
leaf_weight=0.66824242845177906 8.2964676432311553 7.8580349050462237 4.5169671131298035 73.148131330497563 16.598502308130268 14.617881346493958 10.207555580884216 17.399388453923166 4.9730444513261318 5.1926923841238013 1.1730770608410237 3.1413021991029373 3.0944657772779456 5.5420102057978502 8.0107151158153993 1.3440856337547291 5.5567001067101955 1.9129547225311396
leaf_count=4 49 55 82 6014 65 102 546 208 287 26 58 81 13 72 155 27 112 44
internal_value=0.00154211 -0.00363148 -0.00674948 -0.0113008 0.0134786 0.00829031 0.00139393 0.01014 -0.00301767 0.0210309 -0.00821965 -0.00903915 0.00538604 0.00358 0.00559505 0.00863436 0.00483479 -0.000272934
internal_weight=193.252 135.198 110.984 81.0062 58.0544 36.2632 21.6453 24.2138 6.81436 21.7912 6.14612 13.3489 29.9779 26.8834 21.3414 13.3307 11.9866 7.46965
internal_count=8000 7131 6574 6069 869 778 676 557 349 91 345 627 505 492 420 265 238 156
is_linear=0
shrinkage=0.0155488


Tree=74
num_leaves=19
num_cat=0
split_feature=3 5 4 4 6 4 5 0 6 4 4 4 5 5 4 4 3 3
split_gain=54.3526 31.4629 26.1482 23.524 16.8675 15.2129 11.0129 8.60218 4.33106 1.89626 2.89577 1.84572 7.10676 1.69698 1.43741 2.39692 2.10941 4.18398
threshold=1380.5000000000002 204.50000000000003 15.750000000000002 56.850000000000001 8.5500000000000025 60.150000000000013 188.50000000000003 1.0000000180025095e-35 8.6500000000000004 45.850000000000001 36.150000000000013 65.000000000000014 182.50000000000003 202.50000000000003 37.650000000000013 39.050000000000004 1475.5000000000002 1440.5000000000002
decision_type=2 2 2 2 2 2 2 2 2 2 2 2 2 2 2 2 2 2
left_child=4 2 -2 13 -1 6 8 -8 -6 10 -3 12 -7 -4 -12 -16 17 -17
right_child=1 9 3 -5 5 11 7 -9 -10 -11 14 -13 -14 -15 15 16 -18 -19
leaf_value=0.024293509942346067 0.015600414268367448 0.011324303761905439 -0.01419445867525934 0.014027492229185147 0.0061549185123594245 -0.0026114789951863556 0.015722122902728404 -0.0095823149538556713 -0.012921992571287686 0.015702774950891136 -0.0091139513749830224 0.022086693092229912 0.02297003983303765 0 0.013887638836237221 -0.0084125717415282335 -0.010305218636616246 0.017680373884048941
leaf_weight=20.022812560200691 8.4009359460324031 10.050518484786158 78.308122537098825 6.9147502724081269 2.554450228810313 5.0224659219384211 10.843131562694905 3.2910151444375506 12.175415146164594 8.318344943225382 1.9493630453944195 10.799785934388636 3.3910887688398361 1.9772793818265189 2.0472026541829091 1.7165490761399271 2.7301430013030767 1.6869326606392858
leaf_count=78 59 156 6320 65 12 97 75 34 752 66 28 48 13 57 27 29 58 26
internal_value=0.00154086 -0.00455783 -0.0088367 -0.0114209 0.0125924 0.00715101 0 0.00928129 -0.009151 0.00943552 0.00591031 0.0174087 0.00893262 -0.0138407 0 0.00295274 -0.00190297 0.0049642
internal_weight=192.2 124.1 95.6011 87.2002 68.1002 48.0774 28.864 14.1341 14.7299 28.4991 20.1807 19.2133 8.41355 80.2854 10.1302 8.18083 6.13362 3.40348
internal_count=8000 6891 6501 6442 1109 1031 873 109 764 390 324 158 110 6377 168 140 113 55
is_linear=0
shrinkage=0.0155488


Tree=75
num_leaves=19
num_cat=0
split_feature=3 5 7 7 6 8 7 6 5 8 7 8 7 1 2 1 2 1
split_gain=52.9859 30.7518 28.1556 24.4813 16.4587 16.4763 18.7369 5.35618 5.2328 3.49805 2.41073 2.3164 2.82429 1.93144 1.35509 2.97546 2.58381 2.41587
threshold=1380.5000000000002 204.50000000000003 3534.8850000000007 8982.2450000000008 8.5500000000000025 11112.650000000001 8982.2450000000008 8.6500000000000004 188.50000000000003 9341.1000000000004 7445.2800000000007 10823.600000000002 7214.8950000000013 299.25000000000006 309.65000000000003 299.15000000000003 308.35000000000008 300.55000000000007
decision_type=2 2 2 2 2 2 2 2 2 2 2 2 2 2 2 2 2 2
left_child=4 2 -2 9 -1 6 7 -6 -9 -4 13 12 14 -10 16 -16 -3 -17
right_child=1 11 3 -5 5 -7 -8 8 10 -11 -12 -13 -14 -15 15 17 -18 -19
leaf_value=0.024054521574557605 0.017438236874116754 0.011384489686390945 -0.014019465009267217 0.020596863848297346 0.0085322906807427171 0.020126728736027628 0.019647889615878864 -0.013596636224495711 0.0056672351883941324 0.0014664637227017497 0.01262533282144308 0.01823021392232016 -0.0082323310130869177 -0.011518077514683927 -0.0037863523216937001 0.025874755477596378 -0.0044186825973261236 0.0076708658495600506
leaf_weight=19.920487239956856 7.8136506974697104 2.8581230044365027 79.480736005119979 4.2817044705152503 3.8890026807785061 14.627114340662954 8.1467324346303922 15.327744206413628 1.5113519337028258 2.9863298917189232 2.1396048534661531 5.2221847623586646 1.6890830434858788 2.2699367087334394 1.9566924907267083 2.299474023282527 4.9085680656135082 9.7060893010348064
leaf_count=78 30 39 6363 16 18 60 31 848 21 92 19 21 30 34 32 31 90 147
internal_value=0.00153765 -0.00451178 -0.0087904 -0.0114099 0.0124642 0.00707971 0.000715713 -0.00591173 -0.00905229 -0.0133993 0.00249337 0.00926405 0.0062893 -0.00418143 0.00797053 0.0107576 0.00173928 0.0135514
internal_weight=191.035 123.203 94.5624 86.7488 67.832 47.9115 33.2844 25.1376 21.2486 82.4671 5.92089 28.6402 23.418 3.78129 21.7289 13.9623 7.76669 12.0056
internal_count=8000 6891 6501 6471 1109 1031 971 940 922 6455 74 390 369 55 339 210 129 178
is_linear=0
shrinkage=0.0155488


Tree=76
num_leaves=19
num_cat=0
split_feature=3 5 7 7 6 8 7 5 6 7 8 6 7 7 1 7 7 6
split_gain=51.6819 29.7836 28.3457 19.3156 13.992 16.4615 20.1577 5.15514 6.28722 1.97402 1.80334 1.78654 1.55373 1.8104 1.3959 4.30371 3.59053 2.8533
threshold=1386.5000000000002 204.50000000000003 3534.8850000000007 8316.7850000000017 8.5500000000000025 11112.650000000001 8982.2450000000008 188.50000000000003 8.6500000000000004 8982.2450000000008 10823.600000000002 10.950000000000001 7716.3650000000007 7214.8950000000013 301.65000000000003 5386.7750000000005 5440.5250000000005 10.950000000000001
decision_type=2 2 2 2 2 2 2 2 2 2 2 2 2 2 2 2 2 2
left_child=4 2 -2 -4 -1 6 7 8 -6 10 -5 -9 13 14 15 -3 -16 -17
right_child=1 12 3 9 5 -7 -8 11 -10 -11 -12 -13 -14 -15 16 17 -18 -19
leaf_value=0.02239052822364148 0.017201148226565138 0.016099641070474957 -0.013954012092426494 -0.0075246898464224991 0.0078304315953086658 0.019850160363701682 0.019981427469291744 -0.0006145110108129266 -0.013704450947220484 0.018869921544498628 0.011347970148429099 0.013089224050476793 0.019019957352678467 -0.002586650119359581 -0.0023692615364623499 0.0051817931871826284 0.020449600118753873 -0.0091771381804044167
leaf_weight=20.858203548938036 7.8153262734413138 4.3175917491316893 76.692122264765203 1.5218597734346979 2.9301464632153573 15.310146376490591 8.6717604100704175 5.1211229851469389 16.262478300370276 3.4729757308959961 0.92407278716564167 2.2263332661241293 2.9138376303017131 3.1368566267192355 1.6169114969670761 7.192324245348571 4.5135793164372444 4.2642010971903801
leaf_count=87 30 63 6293 55 16 63 33 63 933 13 4 25 12 35 27 116 59 73
internal_value=0.00153894 -0.00473022 -0.00906686 -0.0118163 0.011892 0.00704904 0.00088977 -0.00582561 -0.00995174 0.012957 0 0.00438495 0.00895413 0.00679115 0.00836718 0.00486026 0.0145255 -0.000235469
internal_weight=189.762 118.382 90.4264 82.611 71.3802 50.522 35.2118 26.5401 19.1926 5.91891 2.44593 7.34746 27.9553 25.0415 21.9046 15.7741 6.13049 11.4565
internal_count=8000 6780 6395 6365 1220 1133 1070 1037 949 72 59 88 385 373 338 252 86 189
is_linear=0
shrinkage=0.0155488


Tree=77
num_leaves=19
num_cat=0
split_feature=3 9 4 4 6 8 4 6 8 8 4 4 4 4 8 3 1 6
split_gain=50.423 26.9886 25.2252 24.1562 15.6858 15.4414 15.4943 5.67761 3.4547 2.39497 2.24676 1.8882 2.71974 1.36231 2.32364 1.30257 1.23655 1.00556
threshold=1380.5000000000002 1.0000000180025095e-35 15.750000000000002 57.850000000000001 8.5500000000000025 11112.650000000001 65.000000000000014 8.8500000000000032 10823.600000000002 10823.600000000002 48.050000000000004 45.850000000000001 41.350000000000001 23.650000000000002 6046.6000000000013 2651.0000000000005 301.65000000000003 10.950000000000001
decision_type=2 2 2 2 2 2 2 2 2 2 2 2 2 2 2 2 2 2
left_child=4 2 15 -4 -1 6 7 -6 -9 10 11 12 13 -3 -15 -2 -14 -16
right_child=1 9 3 -5 5 -7 -8 8 -10 -11 -12 -13 16 14 17 -17 -18 -19
leaf_value=0.02361163492582332 0.0061077377228344089 0.016088468498006388 -0.014101175141094525 0.016063685088230722 0.0080378796577152169 0.019563530372803849 0.019209940934316355 -0.011631182529460795 0.002897459886621389 0.015702314524816876 -0.0081839787673717648 0.017488279527827787 -0.010479197609021574 -0.0084062487866741128 0.0085576378765335488 0.021904438618820687 0.003281702006671466 0
leaf_weight=19.711373999714851 4.8895896188914758 2.2524541858583822 74.158586326986551 5.8723406102508298 5.1132927266880897 14.619394063949583 7.1732817701995364 16.570561155676845 4.0310069844126692 6.0400895476341239 1.6769015071913589 2.1646677963435641 2.8762849243357769 1.7887252718210245 10.760004651732741 3.4836889430880547 1.2523260712623594 4.1064808266237369
leaf_count=78 44 31 6246 46 46 60 34 871 20 25 37 35 72 48 199 14 21 73
internal_value=0.0015397 -0.0044184 -0.00888306 -0.0116283 0.0122343 0.00695246 0.000724801 -0.00493798 -0.00860921 0.00734601 0.00471935 0.00606829 0.00399507 0.00654988 0.0040157 0.0150645 -0.0057959 0.00628318
internal_weight=188.541 121.322 88.4042 80.0309 67.2189 47.5075 32.8881 25.7149 20.6016 32.9179 26.8778 25.2009 23.0363 18.9077 16.6552 8.37328 4.12861 14.8665
internal_count=8000 6891 6350 6292 1109 1031 971 937 891 541 516 479 444 351 320 58 93 272
is_linear=0
shrinkage=0.0155488


Tree=78
num_leaves=19
num_cat=0
split_feature=3 5 3 4 6 4 5 0 6 4 4 4 5 5 3 3 3 5
split_gain=49.1497 28.974 24.8698 22.4283 15.3208 14.0709 9.9103 8.36073 4.09743 2.469 2.68204 1.60287 6.51957 1.58039 4.30547 3.04781 2.57901 1.72284
threshold=1380.5000000000002 201.50000000000003 2471.5000000000005 57.850000000000001 8.5500000000000025 60.150000000000013 188.50000000000003 1.0000000180025095e-35 8.6500000000000004 45.850000000000001 41.350000000000001 65.000000000000014 182.50000000000003 213.50000000000003 1554.5000000000002 1920.5000000000002 1566.5000000000002 209.50000000000003
decision_type=2 2 2 2 2 2 2 2 2 2 2 2 2 2 2 2 2 2
left_child=4 2 3 -2 -1 6 8 -8 -6 10 13 12 -7 14 17 -16 -15 -3
right_child=1 9 -4 -5 5 11 7 -9 -10 -11 -12 -13 -14 16 15 -17 -18 -19
leaf_value=0.023393314115701246 -0.013790408537025192 0.01780277654618773 0.017049541393471656 0.014884941251067943 0.0057868950880610821 -0.0025199650264183544 0.015062087489038239 -0.009773177278177083 -0.012790107828882796 0.014523438520226903 -0.0054112945279923431 0.021240186450245908 0.022062653433467489 0.0001487977255631484 -0.011981611615834935 0.0084338830443561278 0.017604098330963602 -0.00018409753363280728
leaf_weight=19.598483145236969 75.551008301787078 2.6712109036743734 6.9486656524240962 6.0754599925130597 2.5850966572761562 4.925842087715866 10.827959759160874 3.3262871336191884 11.617523256689308 9.4894021339714509 3.932395674288272 10.671615358442066 3.3847045749425888 3.7348758429288846 4.3718984108418226 1.3207718729972837 5.0620389021933079 1.2711261101067064
leaf_count=78 6335 49 28 47 12 97 75 34 752 83 82 48 13 55 116 16 59 21
internal_value=0.00153953 -0.00437026 -0.00893665 -0.0114181 0.0121141 0.00688545 -4.50426e-05 0.00865761 -0.00896587 0.00806972 0.00454693 0.0167944 0.00865944 0.00707497 0.00181512 -0.00602692 0.0115135 0.0126093
internal_weight=187.366 120.429 88.5751 81.6265 66.9375 47.339 28.3569 14.1542 14.2026 31.8537 22.3643 18.9822 8.31055 18.4319 9.63501 5.69267 8.79691 3.94234
internal_count=8000 6891 6410 6382 1109 1031 873 109 764 481 398 158 110 316 202 132 114 70
is_linear=0
shrinkage=0.0155488


Tree=79
num_leaves=19
num_cat=0
split_feature=4 6 5 7 7 8 6 4 7 7 5 7 4 6 4 4 6 6
split_gain=43.1299 21.9203 26.1469 26.57 8.56421 13.8564 21.8292 6.53586 3.92906 2.65471 2.51216 3.01845 4.87517 1.94757 1.80041 1.54229 1.28601 1.25391
threshold=52.150000000000013 8.6500000000000004 202.50000000000003 3534.8850000000007 8982.2450000000008 10823.600000000002 8.5500000000000025 40.850000000000001 3534.8850000000007 7226.8400000000011 219.50000000000003 6830.4850000000015 44.150000000000013 8.5500000000000025 39.050000000000004 50.750000000000007 9.5500000000000025 10.750000000000002
decision_type=2 2 2 2 2 2 2 2 2 2 2 2 2 2 2 2 2 2
left_child=1 7 3 -3 5 6 -2 8 -1 -9 11 12 14 -10 17 -11 -13 -4
right_child=4 2 10 -5 -6 -7 -8 9 13 15 -12 16 -14 -15 -16 -17 -18 -19
leaf_value=0.017060992509360988 0.017425922077371626 0.014942494206585426 -1.1481520140793193e-05 -0.014206730308427904 0.022411014434515673 0.018112688518705657 -0.011688504078095921 0.017166423158116784 -0.012032219645593695 -0.0079830841989395416 0.011950167866906324 0.0011058582263505415 0.024226049481224369 0.0048047213818571228 -0.0070021229921427295 0.0085211057136449636 -0.012015250231780484 0.0098474490435490562
leaf_weight=0.65031342208385723 9.3176782038062829 7.3221896588802329 5.3054400496184879 69.399211451411247 15.51883454620838 18.122814886271954 13.909693571738897 14.097219585441055 4.7583876745775342 1.3822526354342692 9.6316127553582174 1.9845917280763377 1.6132782921195019 1.1420367574319241 3.1131588350981465 1.5843940265476701 2.9637998845428228 4.3815599605441093
leaf_count=3 54 28 98 6127 60 77 678 161 288 32 96 26 20 58 64 15 43 72
internal_value=0.00153818 -0.0034088 -0.0064592 -0.0111812 0.0126867 0.0083984 0.000125907 0.00973164 -0.00265976 0.0145562 0.00585476 0.0020971 0.00576128 -0.00796562 0.001219 0 -0.00696725 0.00470953
internal_weight=186.198 129.329 105.715 76.7214 56.869 41.3502 23.2274 23.6146 6.55074 17.0639 28.9934 19.3618 14.4134 5.90042 12.8002 2.96665 4.94839 9.687
internal_count=8000 7131 6574 6155 869 809 732 557 349 208 419 323 254 346 234 47 69 170
is_linear=0
shrinkage=0.0155488


Tree=80
num_leaves=19
num_cat=0
split_feature=3 9 4 4 1 4 8 2 8 4 4 8 8 4 3 4 8 2
split_gain=46.8914 25.4527 24.0038 22.9521 9.83394 12.4755 10.0097 2.43393 2.22868 2.17177 1.78719 2.59392 1.27988 4.39517 1.27656 1.21357 2.31211 1.7682
threshold=1380.5000000000002 1.0000000180025095e-35 15.750000000000002 57.850000000000001 301.55000000000007 60.550000000000004 10823.600000000002 312.05000000000007 10823.600000000002 48.050000000000004 45.850000000000001 8646.9000000000015 11112.650000000001 65.000000000000014 2651.0000000000005 23.650000000000002 6046.6000000000013 310.45000000000005
decision_type=2 2 2 2 2 2 2 2 2 2 2 2 2 2 2 2 2 2
left_child=4 2 14 -4 5 6 -1 -6 9 10 11 15 13 -7 -2 -3 -17 -18
right_child=1 8 3 -5 7 12 -8 -9 -10 -11 -12 -13 -14 -15 -16 16 17 -19
leaf_value=-0.012378407054268726 0.0058008863172624835 0.015538864157790424 -0.014029256231535857 0.015380038021801381 0.019768885686467747 -0.0022970333604671184 0.0085893134397765705 0.0049770163809229459 0.015075739729009998 -0.0081739252818896942 0.016829194871215269 -0.0047905216995920439 0.022648336329097546 0.017406974500492382 0.021310166745190276 -0.0083707924516552776 0.00043694370394930311 0.011661216940145295
leaf_weight=10.345964492298664 4.8727219887077791 2.3033484630286827 71.308979379013181 5.898019663989543 27.688183235004544 3.8437938913702947 9.1440223306417447 4.8869204409420481 6.07336102426052 1.6729994835332025 2.2237293906509867 5.0803324282169333 5.3919625729322425 5.0590988509356976 3.4787384830415249 1.7736541582271446 7.6011906377971155 6.4567791605368257
leaf_count=686 44 31 6246 46 186 69 42 81 25 37 35 103 21 24 14 48 147 115
internal_value=0.00153437 -0.00428817 -0.00875916 -0.0115252 0.0118972 0.00554152 -0.00243047 0.0179285 0.00702708 0.00450571 0.00582622 0.00381207 0.0159822 0.00928259 0.0145886 0.00657345 0.004006 0.00637292
internal_weight=185.104 118.744 85.5585 77.207 66.3599 33.7848 19.49 32.5751 33.1854 27.112 25.439 23.2153 14.2949 8.90289 8.35146 18.135 15.8316 14.058
internal_count=8000 6891 6350 6292 1109 842 728 267 541 516 479 444 114 93 58 341 310 262
is_linear=0
shrinkage=0.0155488


Tree=81
num_leaves=19
num_cat=0
split_feature=3 5 4 4 6 4 5 0 6 4 4 4 5 5 3 3 3 5
split_gain=45.6409 27.3724 23.6741 21.6868 14.5882 13.2233 9.27459 8.10862 3.91103 2.29131 2.55417 1.50435 6.18586 1.4804 4.18717 2.95809 2.41614 1.66369
threshold=1380.5000000000002 201.50000000000003 15.750000000000002 57.850000000000001 8.5500000000000025 60.150000000000013 188.50000000000003 1.0000000180025095e-35 8.6500000000000004 45.850000000000001 41.350000000000001 65.000000000000014 182.50000000000003 213.50000000000003 1554.5000000000002 1920.5000000000002 1566.5000000000002 209.50000000000003
decision_type=2 2 2 2 2 2 2 2 2 2 2 2 2 2 2 2 2 2
left_child=4 2 -2 -4 -1 6 8 -8 -6 10 13 12 -7 14 17 -16 -15 -3
right_child=1 9 3 -5 5 11 7 -9 -10 -11 -12 -13 -14 16 15 -17 -18 -19
leaf_value=0.022859110815130201 0.01434233453458127 0.017340653178128392 -0.014026502122526737 0.014208291984761362 0.0054523346234802202 -0.0025381313095486136 0.01458877004050803 -0.0098335967964198242 -0.012707140721609953 0.013930493765761831 -0.0053788211849661993 0.02061608677840189 0.021427863196290864 6.0892491301056715e-05 -0.011954250188377992 0.0081069404001939283 0.01685730628958217 -0.00021973905433818214
leaf_weight=19.291279867291451 8.3768601790070516 2.7221264922991453 71.269659445621073 6.1034106072038403 2.6101443022489574 4.8960740640759486 10.823364216834305 3.3319530002772799 11.282574375160037 9.5764990504831058 3.9162985812872639 10.565650418400763 3.3743580430746078 3.7578667476773244 4.3399568572640419 1.3470318745821712 5.1904438100755215 1.2759178616106508
leaf_count=78 59 49 6304 47 12 97 75 34 752 83 82 48 13 55 116 16 59 21
internal_value=0.00153345 -0.00423994 -0.00881689 -0.0115606 0.0117629 0.00664399 -0.000111564 0.00826005 -0.00887339 0.00773455 0.00435034 0.0162783 0.00835995 0.00679753 0.00170544 -0.00604491 0.01105 0.0122813
internal_weight=184.051 117.876 85.7499 77.3731 66.1754 46.8841 28.048 14.1553 13.8927 32.1261 22.5496 18.8361 8.27043 18.6333 9.68503 5.68699 8.94831 3.99804
internal_count=8000 6891 6410 6351 1109 1031 873 109 764 481 398 158 110 316 202 132 114 70
is_linear=0
shrinkage=0.0155488


Tree=82
num_leaves=19
num_cat=0
split_feature=3 5 7 7 6 7 5 6 5 3 3 5 7 5 7 2 6 7
split_gain=44.4998 26.8085 25.5002 22.6181 14.2696 12.5842 7.28093 3.02684 2.1605 2.44994 3.43749 2.17028 1.98396 10.6818 1.93286 1.82718 1.51756 0.934053
threshold=1380.5000000000002 201.50000000000003 3534.8850000000007 8982.2450000000008 8.5500000000000025 8056.6750000000002 206.50000000000003 8.8500000000000032 224.50000000000003 1570.5000000000002 1920.5000000000002 215.50000000000003 8982.2450000000008 181.50000000000003 7696.4300000000012 311.75000000000006 8.9500000000000011 8445.510000000002
decision_type=2 2 2 2 2 2 2 2 2 2 2 2 2 2 2 2 2 2
left_child=4 2 -2 17 -1 6 7 -6 9 16 11 -11 13 -7 -9 -16 -3 -4
right_child=1 8 3 -5 5 12 -8 14 -10 10 -12 -13 -14 -15 15 -17 -18 -19
leaf_value=0.022662503778410028 0.016088725430621797 -0.00078350849738641562 -0.014009372589107645 0.019189412619268729 0.0032928951467026059 -0.0079806616569120508 0.010705220012119312 -0.013831015939116348 0.015408930993162592 -0.012161831591451641 0.013225753985009553 0.0037126942158453302 0.019917746948389155 0.018531691114457037 -0.0067135556101001834 0.011476067360516434 0.0099533807202773147 -0.00076570044375276188
leaf_weight=19.167845442891121 7.7957186847925177 2.9487210474908414 70.651482865214348 4.2618420869112006 4.0685128001496258 4.8857381092384484 6.9418156594038001 9.245257060043512 6.3290936797857276 4.5782425068318826 1.4632679633796213 2.0373712554574013 10.180080547928808 8.1141618480905873 2.4163986407220359 0.85619269218295802 14.872913977131246 2.0905841048806897
leaf_count=78 30 38 6322 16 38 146 39 598 55 119 17 27 40 35 117 18 225 42
internal_value=0.00153153 -0.00419429 -0.00877225 -0.0115542 0.0116499 0.00657938 -0.001321 -0.00696606 0.00761417 0.00494836 -0.0016218 -0.00696987 0.0144146 0.00847085 -0.0105762 0 0.00803994 -0.0137
internal_weight=182.905 117.029 84.7996 77.0039 65.876 46.7082 23.5282 16.5864 32.2296 25.9005 8.07888 6.61561 23.18 12.9999 12.5178 3.27259 17.8216 72.7421
internal_count=8000 6891 6410 6380 1109 1031 810 771 481 426 163 146 221 181 733 135 263 6364
is_linear=0
shrinkage=0.0155488


Tree=83
num_leaves=19
num_cat=0
split_feature=3 5 7 4 6 4 5 2 2 7 6 5 7 2 7 6 2 4
split_gain=43.4208 26.0171 25.0932 18.3479 11.9693 13.3386 11.6713 4.05433 1.58496 3.59609 1.69069 1.67824 1.50967 1.89738 2.9411 3.09235 3.92239 1.27173
threshold=1386.5000000000002 204.50000000000003 3534.8850000000007 56.850000000000001 8.5500000000000025 60.150000000000013 202.50000000000003 310.65000000000003 310.95000000000005 7696.4300000000012 8.6500000000000004 118.50000000000001 7716.3650000000007 309.65000000000003 6297.9800000000005 10.950000000000001 308.95000000000005 65.000000000000014
decision_type=2 2 2 2 2 2 2 2 2 2 2 2 2 2 2 2 2 2
left_child=4 2 -2 -4 -1 6 7 -6 10 -10 -9 -11 13 14 15 16 -3 -7
right_child=1 12 3 -5 5 17 -8 8 9 11 -12 -13 -14 -15 -16 -17 -18 -19
leaf_value=0.021025238424123332 0.01588090500429358 0.023891364912426629 -0.013780982750547642 0.01303840762308967 -0.012744261417860076 0.0086989585759875473 0.012898360510779259 0.015860895076292722 -0.012011243518020459 -0.0046325887327448743 -0.0021326703263055405 0.013561109382532053 0.017838691815075153 0.009047883722992197 -0.0092658683125386304 -0.0053499354639554974 -0.0022762199610370966 0.020371996440845641
leaf_weight=20.082001332193613 7.7912607342004767 2.0699349567294179 70.36620055232197 5.6302228886634103 10.776293408125644 8.5316353002563137 9.8569518774747831 1.5269235521554931 3.7676680563017726 0.78924939781427417 1.2597473552450535 1.9849741617217658 2.9292054623365393 16.417537923902273 3.4446917772293091 2.1553405337035656 1.6249285116791723 10.75016028806567
leaf_count=87 30 31 6313 52 602 112 58 7 182 33 60 30 12 229 55 31 27 49
internal_value=0.0015293 -0.00440506 -0.00877348 -0.0115661 0.0111158 0.00657968 0 -0.0067568 0.000482174 -0.00331714 0.00862569 0.0075962 0.00807863 0.00605153 0 0.00659308 0.0139312 0.0162353
internal_weight=181.755 112.429 83.7877 75.9964 69.3256 49.2436 29.9618 20.1049 9.32856 6.54189 2.78667 2.77422 28.6416 25.7124 9.2949 5.8502 3.69486 19.2818
internal_count=8000 6780 6395 6365 1220 1133 972 914 312 245 67 63 385 373 144 89 58 161
is_linear=0
shrinkage=0.0155488


Tree=84
num_leaves=19
num_cat=0
split_feature=3 5 7 7 6 8 7 6 5 8 7 8 7 7 3 8 5 3
split_gain=42.3203 25.7302 24.5258 21.9703 13.7173 13.5088 15.5824 4.73093 4.64611 2.40652 2.28579 2.09492 2.93866 1.26703 4.67191 3.2073 1.95696 3.72195
threshold=1380.5000000000002 201.50000000000003 3534.8850000000007 8982.2450000000008 8.5500000000000025 11112.650000000001 8982.2450000000008 8.6500000000000004 188.50000000000003 10823.600000000002 7445.2800000000007 10823.600000000002 7214.8950000000013 6677.9800000000005 1444.5000000000002 8646.9000000000015 213.50000000000003 1554.5000000000002
decision_type=2 2 2 2 2 2 2 2 2 2 2 2 2 2 2 2 2 2
left_child=4 2 -2 9 -1 6 7 -6 -9 -4 -10 12 13 15 -15 16 17 -3
right_child=1 11 3 -5 5 -7 -8 8 10 -11 -12 -13 -14 14 -16 -17 -18 -19
leaf_value=0.022297340771028577 0.015677278457232845 0.011218359398700922 -0.013999121998900186 0.018831458912383515 0.007666130573921839 0.01827149730244693 0.01793204756946622 -0.013398345192011468 -0.0044720454911298833 0.0045652791527349551 0.011879686985440665 0.015344284780476303 -0.0090661851594917384 0.026035886202938126 -0.0026707145642529458 -0.0074616817936737105 0.012273392857957281 -0.0059263737079918851
leaf_weight=18.921908214688301 7.7859514206647864 4.1939377235248809 70.01874525193125 4.2508878558874121 3.9717540889978471 14.43699064850807 7.9375669956207267 14.11107993219048 3.8023653179407111 0.86494076251983543 2.1444496400654316 5.9080650657415381 2.0085196569561949 1.8595225270837539 1.6942921690642831 3.279997673816978 7.915847770869731 5.5982204582542181
leaf_count=78 30 73 6360 16 18 60 31 848 55 4 19 24 38 22 36 63 94 131
internal_value=0.00152592 -0.0041073 -0.00868978 -0.0114796 0.0114238 0.00644254 0.000499863 -0.00570584 -0.00882756 -0.0136444 0.00192526 0.00737384 0.00485398 0.00652512 0.0144059 0.00428568 0.00701181 0.00150519
internal_weight=180.705 115.379 82.9205 75.1346 65.3261 46.4042 31.9672 24.0296 20.0579 70.8837 5.94681 32.4584 26.5503 24.5418 3.55381 20.988 17.708 9.79216
internal_count=8000 6891 6410 6380 1109 1031 971 940 922 6364 74 481 457 419 58 361 298 204
is_linear=0
shrinkage=0.0155488


Tree=85
num_leaves=19
num_cat=0
split_feature=3 5 3 8 1 8 2 3 1 5 5 3 3 3 8 2 1 8
split_gain=41.2953 24.948 22.0008 7.90989 7.31983 8.53856 2.08656 1.73393 1.71703 2.60581 1.36718 1.59348 2.59642 1.35794 1.27406 1.1831 1.59886 1.13393
threshold=1386.5000000000002 204.50000000000003 2471.5000000000005 9949.3000000000011 301.55000000000007 10823.600000000002 312.25000000000006 1446.5000000000002 297.15000000000003 67.500000000000014 224.50000000000003 1524.5000000000002 1920.5000000000002 1380.5000000000002 1816.8000000000004 310.85000000000008 297.55000000000007 948.05000000000007
decision_type=2 2 2 2 2 2 2 2 2 2 2 2 2 2 2 2 2 2
left_child=4 2 3 7 5 8 -6 14 -1 -10 11 -3 15 -11 17 16 -13 -2
right_child=1 10 -4 -5 6 -7 -8 -9 9 13 -12 12 -14 -15 -16 -17 -18 -19
leaf_value=0.0087272640600560836 -0.0055702907901190373 0.0085710174839250808 0.015756135355562906 0.011389398531783949 0.017463239726908223 0.013793907457273808 0.0027882243257546535 -0.013727832822168383 0.0033072013635768072 -0.0097847690668849407 0.014283610943091199 0.003450152999744494 0.013937373317969614 0.0038599804735207151 -0.0088829327262699154 0.0027296202317410928 -0.011823886643716003 0.0072174777809455954
leaf_weight=2.2298393761739161 2.226020239293578 12.997628651559358 6.8945840112864962 2.4920504139736286 29.786994999274611 15.201842330396174 3.7967150416225186 54.785415794700384 7.4420458925887969 9.2750389520078862 6.1559363342821589 1.2732609584927539 1.3967715762555588 0.98106173798441965 13.576600230298935 3.0931924842298031 3.9397091642022133 1.9502646997570989
leaf_count=65 161 166 28 27 226 67 71 5048 269 473 54 23 14 49 1012 51 77 119
internal_value=0.00152632 -0.00431353 -0.00868643 -0.0112034 0.0109057 0.00547831 0.0160736 -0.0122108 -0.00112153 -0.00305752 0.00781932 0.00525417 0 -0.00786849 -0.00673402 -0.00346332 -0.00755155 0
internal_weight=179.495 110.781 81.9249 75.0304 68.7135 35.1298 33.5837 72.5383 19.928 17.6981 28.8565 22.7006 9.70293 10.2561 17.7529 8.30616 5.21297 4.17628
internal_count=8000 6780 6395 6367 1220 923 297 6340 856 791 385 331 165 522 1292 151 100 280
is_linear=0
shrinkage=0.0155488


Tree=86
num_leaves=19
num_cat=0
split_feature=3 5 4 4 6 4 5 0 6 4 4 4 5 3 4 5 3 3
split_gain=40.2027 24.7076 21.5989 20.3248 13.3228 12.1299 8.31567 7.81049 3.66126 2.1 2.44069 1.3968 5.80367 1.38619 1.37854 1.25242 3.83078 2.83055
threshold=1380.5000000000002 201.50000000000003 15.750000000000002 57.850000000000001 8.5500000000000025 60.150000000000013 188.50000000000003 1.0000000180025095e-35 8.6500000000000004 45.850000000000001 41.350000000000001 65.000000000000014 182.50000000000003 2651.0000000000005 52.45000000000001 213.50000000000003 1554.5000000000002 1920.5000000000002
decision_type=2 2 2 2 2 2 2 2 2 2 2 2 2 2 2 2 2 2
left_child=4 2 13 -4 -1 6 8 14 -6 10 15 12 -7 -2 -8 16 -3 -18
right_child=1 9 3 -5 5 11 7 -9 -10 -11 -12 -13 -14 -15 -16 -17 17 -19
leaf_value=0.021976641935177805 0.0049285817381012681 0.011521468899913029 -0.013900740943023692 0.013534613463426499 0.0050183583240469912 -0.0026208289832209729 0.0036201700725242239 -0.009992301948942163 -0.012577150062825282 0.013042340259804733 -0.0054926504612142065 0.019775506788947062 0.020620193083548559 0.020291989035477326 0.017907232863890676 0.010181197734641318 -0.011847390451846138 0.0077553017507761227
leaf_weight=18.68718010187149 4.8674301691353303 4.1309658149257356 66.752382092177868 6.0937882903963319 2.6415469199419048 4.8643843559548277 3.9710639473050815 3.3610385572537771 10.79862874932587 9.7141242623329145 3.9558258075267068 10.378860786557196 3.352006584405899 3.4554724022746086 6.8244085032492876 9.2432463355362398 4.2203969368711114 1.3772200755774973
leaf_count=78 45 70 6304 47 12 97 40 34 752 83 82 48 13 14 35 114 116 16
internal_value=0.00151974 -0.00401952 -0.00860093 -0.0113649 0.0111876 0.00627954 -0.000239827 0.00761995 -0.00872466 0.00715679 0.00396071 0.0155566 0.00791976 0.0135196 0.0138891 0.006339 0.00159695 -0.00592862
internal_weight=178.69 113.811 81.1691 72.8462 64.8791 46.1919 27.5967 14.1565 13.4402 32.6418 22.9277 18.5953 8.21639 8.3229 10.7955 18.9718 9.72858 5.59762
internal_count=8000 6891 6410 6351 1109 1031 873 109 764 481 398 158 110 59 75 316 202 132
is_linear=0
shrinkage=0.0155488


Tree=87
num_leaves=19
num_cat=0
split_feature=3 5 4 4 1 4 5 0 2 4 4 5 3 3 3 3 3 3
split_gain=39.2278 24.1687 21.2385 19.9969 8.33574 10.9639 8.82315 8.70897 2.21306 2.02424 2.37911 1.92901 3.38545 2.73814 1.88972 3.97398 1.49459 1.35846
threshold=1380.5000000000002 201.50000000000003 15.750000000000002 57.850000000000001 301.55000000000007 60.550000000000004 188.50000000000003 1.0000000180025095e-35 312.05000000000007 45.850000000000001 39.050000000000004 213.50000000000003 1557.5000000000002 1920.5000000000002 1475.5000000000002 1440.5000000000002 1566.5000000000002 2651.0000000000005
decision_type=2 2 2 2 2 2 2 2 2 2 2 2 2 2 2 2 2 2
left_child=4 2 17 -4 5 6 -1 -8 -6 10 11 12 -3 -14 15 -12 -13 -2
right_child=1 9 3 -5 8 -7 7 -9 -10 -11 14 16 13 -15 -16 -17 -18 -19
leaf_value=-0.013494278005026065 0.0048662019919176267 0.012289655563986536 -0.013873631736163398 0.013340613608659523 0.018512036513728434 0.01498093835853016 0.014849142127689454 -0.012620373429277293 0.0043908539875002223 0.012807715774883023 -0.0089427895055926628 0.00037928691747777767 -0.011680414148492132 0.0076707431262279142 -0.010660681026932704 0.015637029652846274 0.016017747762274215 0.020085512041103579
leaf_weight=8.3923250725492853 4.8691191952675563 2.8229048214852863 65.852328849956393 6.1042966376990071 26.835605459287766 14.039560023695229 7.6326384227722865 2.8286845227703452 4.8176196292042723 9.7607050426304323 1.9277446214109653 2.6564153023064128 4.0261619901284575 1.3844192009419201 2.976193955168128 1.8653412377461789 5.3282773457467556 3.4495573937892914
leaf_count=641 45 47 6304 47 186 114 58 29 81 83 36 34 111 16 67 30 57 14
internal_value=0.00151923 -0.00397423 -0.00855312 -0.0113248 0.0110902 0.00514072 -0.00246955 0.00654063 0.0167272 0.00703897 0.00389856 0.00704662 0.000906602 -0.00564225 -0.00308667 0.00325836 0.0119848 0.0133727
internal_weight=177.57 113.023 80.2753 71.9566 64.5464 32.8932 18.8536 10.4613 31.6532 32.7482 22.9875 16.2182 8.23349 5.41058 6.76928 3.79309 7.98469 8.31868
internal_count=8000 6891 6410 6351 1109 842 728 87 267 481 398 265 174 127 133 66 91 59
is_linear=0
shrinkage=0.0155488


Tree=88
num_leaves=19
num_cat=0
split_feature=3 5 7 7 6 8 7 6 5 8 7 8 7 3 7 8 3 5
split_gain=38.1303 23.6637 22.9398 21.0089 12.9291 12.6928 14.8241 4.4208 4.40692 2.30336 2.17892 1.95743 2.8987 1.22551 3.16929 2.39029 2.22906 5.61975
threshold=1380.5000000000002 201.50000000000003 3534.8850000000007 8982.2450000000008 8.5500000000000025 11112.650000000001 8982.2450000000008 8.6500000000000004 188.50000000000003 10823.600000000002 7445.2800000000007 10823.600000000002 7214.8950000000013 1456.5000000000002 6677.9800000000005 7885.6500000000005 1554.5000000000002 215.50000000000003
decision_type=2 2 2 2 2 2 2 2 2 2 2 2 2 2 2 2 2 2
left_child=4 2 -2 9 -1 6 7 -6 -9 -4 -10 12 13 14 -3 16 -15 -18
right_child=1 11 3 -5 5 -7 -8 8 10 -11 -12 -13 -14 15 -16 -17 17 -19
leaf_value=0.021660976859316675 0.015055838578767786 0 -0.013900907446772649 0.018335177051013698 0.0070852558548269284 0.017629443475600005 0.017421106209776074 -0.013346841705541623 -0.0045782229369670541 0.0042517530652626421 0.011368592238043316 0.014616390884131652 -0.009179338265088122 0.018047980122902565 0.023056347881240918 -0.0025688404604095301 -0.0061883564486176221 0.015042653925895858
leaf_weight=18.438126400113106 7.7495525032281867 2.8839154606685105 66.53654055763036 4.2297260612249366 4.0279001146555009 14.300125807523726 7.8509957939386359 13.785242687910797 3.8096495466306797 0.87825633585452934 2.1579848825931549 5.9355098009109488 2.0504753757268182 2.6329133324325111 2.0831004828214645 7.5305854929611078 5.7470197789370996 3.972620103508234
leaf_count=78 30 50 6360 16 18 60 31 848 55 4 19 24 38 43 25 127 132 42
internal_value=0.00151427 -0.00392782 -0.00850525 -0.0113202 0.0109558 0.00611868 0.000327322 -0.00574821 -0.0088133 -0.0135356 0.00162193 0.00693341 0.00452995 0.00619256 0.0127066 0.00373035 0.00773711 0.00286104
internal_weight=176.6 112.23 79.3941 71.6445 64.37 45.9319 31.6318 23.7808 19.7529 67.4148 5.96763 32.8361 26.9006 24.8502 4.96702 19.8831 12.3526 9.71964
internal_count=8000 6891 6410 6380 1109 1031 971 940 922 6364 74 481 457 419 75 344 217 174
is_linear=0
shrinkage=0.0155488


Tree=89
num_leaves=19
num_cat=0
split_feature=3 5 4 4 6 4 5 1 1 5 3 3 5 1 4 6 4 5
split_gain=37.1898 23.2088 20.4951 19.4052 12.6557 11.4161 7.76092 3.52348 4.51377 1.91426 2.03562 3.2795 1.96691 1.46759 2.80963 1.41562 1.39554 5.61025
threshold=1380.5000000000002 201.50000000000003 15.750000000000002 57.850000000000001 8.5500000000000025 60.150000000000013 188.50000000000003 302.05000000000007 302.35000000000008 224.50000000000003 1570.5000000000002 1920.5000000000002 215.50000000000003 298.95000000000005 55.550000000000004 8.9500000000000011 65.000000000000014 182.50000000000003
decision_type=2 2 2 2 2 2 2 2 2 2 2 2 2 2 2 2 2 2
left_child=4 2 -2 -4 -1 6 7 -6 -9 10 15 12 -12 -8 -15 -3 17 -7
right_child=1 9 3 -5 5 16 13 8 -10 -11 11 -13 -14 14 -16 -17 -18 -19
leaf_value=0.021496456254086749 0.013073234056867208 -0.0012023003041357221 -0.013818572967231437 0.013043130498408382 -0.013754688929322013 -0.0027451220383531275 -0.00032448908663245942 0.014793086263426665 -0.010383607395148733 0.014038347750293461 -0.01202254397542786 0.012723632325332419 0.0030233649412168199 0.0018931629973704827 0.018400908355876846 0.0089630905047884905 0.019293343281323306 0.020110041908963486
leaf_weight=18.300955265760422 8.297806251794098 3.0056344671174946 64.089313728734851 6.0945166405290356 8.8032455006614345 4.86052403599024 3.6119248289614907 2.1344535537064067 2.1972335707396269 6.5535536631941786 4.4085068171843869 1.5023451074957845 2.1403310149908066 6.3953162645921093 4.1197315603494644 15.292048729024826 10.26010751724243 3.3325018584728241
leaf_count=78 59 38 6304 47 656 97 35 33 75 55 119 17 27 57 17 225 48 13
internal_value=0.0015168 -0.00388124 -0.00846201 -0.0112455 0.0108629 0.00606703 -0.000298503 -0.0086204 0.00186533 0.00684268 0.0043609 -0.00162257 -0.00691406 0.00726022 0.00995127 0.00712621 0.015091 0.00756999
internal_weight=175.4 111.384 78.4816 70.1838 64.016 45.715 27.2619 13.1349 4.33169 32.9024 26.3489 8.05118 6.54884 14.127 10.515 18.2977 18.4531 8.19303
internal_count=8000 6891 6410 6351 1109 1031 873 764 108 481 426 163 146 109 74 263 158 110
is_linear=0
shrinkage=0.0155488


Tree=90
num_leaves=19
num_cat=0
split_feature=3 7 8 6 8 7 8 7 6 8 4 6 7 4 8 1 1 7
split_gain=36.2987 18.0106 19.9485 10.4431 12.3397 15.6579 5.63405 4.50922 3.94582 3.94015 3.63766 3.17303 2.88058 2.1672 6.42174 2.81785 5.55829 1.9908
threshold=1386.5000000000002 3534.8850000000007 7581.3000000000011 8.5500000000000025 11112.650000000001 8982.2450000000008 10129.500000000002 8982.2450000000008 8.6500000000000004 10823.600000000002 39.050000000000004 10.850000000000003 8982.2450000000008 31.050000000000004 4198.5000000000009 300.75000000000006 299.15000000000003 6830.4850000000015
decision_type=2 2 2 2 2 2 2 2 2 2 2 2 2 2 2 2 2 2
left_child=3 -2 7 -1 5 8 10 13 -5 -10 11 -4 17 14 -3 16 -16 -12
right_child=1 2 6 4 -6 -7 -8 -9 9 -11 12 -13 -14 -15 15 -17 -18 -19
leaf_value=0.019854939249120244 0.016456758514895496 -0.012635611926214868 0.015993249300054763 0.0063895837734566164 0.017253199312129697 0.017647676069363225 0.014082515145579637 0.0093252351711912446 -0.011746291080451875 0.0034095231077249481 -0.00058348153368359174 -0.0040674361776824155 0.011779425259180952 -0.013000634977920079 -0.0046938425723068852 -0.0058030056524670205 0.022879054927532123 -0.012725758225349706
leaf_weight=19.199828460812569 8.1769688129425031 11.484653544612231 3.8548112548887792 4.1693464815616634 14.929176747798918 8.3202786296606046 8.817205415107308 1.5940308421850193 16.420451015233997 4.3334186300635329 7.6521457349881512 1.9727141615003345 1.0778285562992085 49.006986425258219 2.2855834178626528 2.6621860349550843 2.5834409995004535 5.8025275599211454
leaf_count=87 32 1099 54 21 63 33 65 6 995 21 263 27 4 4513 124 138 107 348
internal_value=0.00151478 -0.0040809 -0.00600287 0.0103683 0.00610443 0.000544052 0.00456289 -0.0104878 -0.00558669 -0.008393 0 0.0091378 -0.00427919 -0.0111668 -0.00574254 0.00463194 0.0109865 -0.00671604
internal_weight=174.344 106.971 98.7941 67.3725 48.1727 33.2435 29.1772 69.6169 24.9232 20.7539 20.36 5.82753 14.5325 68.0229 19.0159 7.53121 4.86902 13.4547
internal_count=8000 6780 6748 1220 1133 1070 761 5987 1037 1016 696 81 615 5981 1468 369 231 611
is_linear=0
shrinkage=0.0155488


Tree=91
num_leaves=19
num_cat=0
split_feature=3 5 7 7 1 7 5 8 2 8 7 1 2 5 5 7 7 7
split_gain=35.4657 22.4215 21.6585 20.1738 7.61807 9.00348 7.49834 2.22658 2.0753 1.83526 1.47153 2.53756 2.26024 2.43076 3.01267 1.48903 2.58766 1.4385
threshold=1380.5000000000002 201.50000000000003 3534.8850000000007 8982.2450000000008 301.55000000000007 8145.2450000000017 193.50000000000003 10823.600000000002 312.05000000000007 11112.650000000001 4925.3900000000003 300.75000000000006 310.85000000000008 206.50000000000003 216.50000000000003 5795.9300000000012 6851.7600000000011 7445.2800000000007
decision_type=2 2 2 2 2 2 2 2 2 2 2 2 2 2 2 2 2 2
left_child=4 2 -2 7 5 6 -1 -4 -6 10 11 -3 15 -14 -15 -12 -17 -8
right_child=1 9 3 -5 8 -7 17 -9 -10 -11 12 -13 13 14 -16 16 -18 -19
leaf_value=-0.013244877696167986 0.01450427722339611 0.019900527459328476 -0.013825145708739694 0.017882094962799022 0.017870615521765901 0.012552041743368676 0 0.0040183002468827823 0.0041219287362811224 0.015524283448880342 -0.0070562551976943617 -0.0014188771127265488 -0.0036394531857380529 0.01991561425460248 0 0.006528401509185041 -0.0081001203558527142 0.011985961198844016
leaf_weight=7.7923168363049609 7.7218246161937705 2.3309850683435829 64.066899671219289 4.2075065821409217 26.28973085060716 16.612933445721865 3.9021166674792767 0.88794821500778098 4.7632034551352254 4.2351585775613776 4.7590152285993161 1.4196349056437609 1.9572203457355479 3.8380253799259663 2.9099695831537247 8.7926966389641148 2.7771014338359228 3.9993726965039968
leaf_count=625 30 30 6360 16 186 153 44 4 81 17 87 23 48 46 38 146 46 20
internal_value=0.00151057 -0.0038006 -0.00838707 -0.0112088 0.0106786 0.00492871 -0.0032434 -0.0134521 0.016121 0.00668308 0.00466445 0.0127183 0.00276605 0.00863817 0.0126928 -0.000535743 0.00227108 0.00665955
internal_weight=173.264 109.904 76.8842 69.1624 63.3597 32.3067 15.6938 64.9548 31.0529 33.0198 28.7846 3.75062 25.034 8.70522 6.74799 16.3288 11.5698 7.90149
internal_count=8000 6891 6410 6380 1109 842 689 6364 267 481 464 53 411 132 84 279 192 64
is_linear=0
shrinkage=0.0155488


Tree=92
num_leaves=19
num_cat=0
split_feature=3 7 8 6 8 7 7 7 6 8 3 7 8 1 1 2 8 7
split_gain=34.4824 16.7366 21.3707 12.0837 11.6493 13.7532 5.63607 4.5656 4.13111 4.14188 2.4453 2.10837 5.70163 5.18156 2.93392 1.65341 1.60085 2.67496
threshold=1380.5000000000002 3534.8850000000007 7581.3000000000011 8.5500000000000025 11112.650000000001 8982.2450000000008 8982.2450000000008 7716.3650000000007 8.6500000000000004 10823.600000000002 1566.5000000000002 5141.4150000000009 4198.5000000000009 300.75000000000006 298.15000000000003 313.45000000000005 11112.650000000001 6841.1400000000012
decision_type=2 2 2 2 2 2 2 2 2 2 2 2 2 2 2 2 2 2
left_child=3 -2 6 -1 5 8 11 10 -5 -10 16 12 -3 14 -14 -13 17 -4
right_child=1 2 7 4 -6 -7 -8 -9 9 -11 -12 15 13 -15 -16 -17 -18 -19
leaf_value=0.021061486027396062 0.016073636579799835 -0.011873957264493478 0.0015969971355557038 0.0066554683977099148 0.016905327984552989 0.016800777938189008 0.010681880104222219 0.013949666312963797 -0.012408285157415653 0.0033181087904638022 0.013409049549880868 -0.012921848111533319 -0.0036463350968981615 -0.0089038693291451157 0.022631774042754824 0.0052911947708405701 0.0096181319228480083 -0.0096047434269416407
leaf_weight=17.912904039025307 8.1582766324281675 8.9623058484867197 12.496143729425979 4.0660606026649537 14.189769119024275 7.7431134432554236 1.8569629341363896 8.3001301726326329 14.948995159007611 4.3351197540760031 2.0635027568787327 53.198682637885213 0.67007349338382427 1.9955869726836679 2.6029703626409173 0.30096974596381088 1.7283469438552845 6.7705944208428255
leaf_count=78 32 855 337 18 60 31 7 110 901 21 35 4944 39 92 104 23 7 306
internal_value=0.00150682 -0.00375667 -0.00557326 0.0105507 0.00585785 0.000240508 -0.0103363 0.00486951 -0.00566705 -0.00869872 0.000895577 -0.0111508 -0.00476862 0.00668673 0.0168781 -0.0126311 -0.000843096 -0.00249592
internal_weight=172.301 109.105 100.946 63.196 45.2831 31.0933 69.5876 31.3587 23.3502 19.2841 23.0586 67.7306 14.2309 5.26863 3.27304 53.4997 20.9951 19.2667
internal_count=8000 6891 6859 1109 1031 971 6064 795 940 922 685 6057 1090 235 143 4967 650 643
is_linear=0
shrinkage=0.0155488


Tree=93
num_leaves=19
num_cat=0
split_feature=3 5 3 4 6 8 4 6 5 4 8 5 3 3 8 3 3 6
split_gain=33.6575 21.7886 18.9619 17.9744 11.8386 11.3026 11.4863 4.5115 2.93711 1.78245 2.50885 1.59575 3.21491 2.66597 2.15145 1.60834 1.47393 1.38965
threshold=1380.5000000000002 201.50000000000003 2471.5000000000005 57.850000000000001 8.5500000000000025 11112.650000000001 65.000000000000014 8.8500000000000032 188.50000000000003 45.850000000000001 8646.9000000000015 213.50000000000003 1554.5000000000002 1920.5000000000002 7634.0000000000009 1566.5000000000002 1494.5000000000002 11.050000000000002
decision_type=2 2 2 2 2 2 2 2 2 2 2 2 2 2 2 2 2 2
left_child=4 2 3 -2 -1 6 7 -6 -9 10 11 12 14 -14 -3 -13 -16 -10
right_child=1 9 -4 -5 5 -7 -8 8 17 -11 -12 15 13 -15 16 -17 -18 -19
leaf_value=0.020911840771361177 -0.013377355218854371 0.019916393464102945 0.014429782716960366 0.012555671007125199 0.0065098387133202358 0.016693091973681653 0.016516083647418585 -0.012040866961181722 -0.0044013557985591251 0.011986060453908473 -0.0048238035395911519 0 -0.011682032901838425 0.007354994850505692 0.0086025714309938221 0.015114518493882049 -0.0076504808663952571 0.0086473505091899192
leaf_weight=17.770592242479324 62.449286855757236 1.5177300199866346 6.7961524613201609 6.0599342845380297 5.2527649989351692 14.162778183817862 6.814133569598197 13.268933016806843 3.5313515514135352 9.8364252429455501 5.0639554290100923 2.8018645569682104 4.047353065572679 1.4056697487831114 1.4157417640089991 5.4911561161279678 1.4791164342314003 2.0345313586294651
leaf_count=78 6335 25 28 47 46 60 34 820 50 83 97 37 116 16 22 57 28 21
internal_value=0.00150555 -0.00371372 -0.00831631 -0.0108452 0.0104639 0.00580942 0.000248263 -0.00478739 -0.0083379 0.00657973 0.00363916 0.0063556 0.00132683 -0.00574535 0.0100877 0.0109806 0 0.000512329
internal_weight=171.199 108.364 75.3054 68.5092 62.8351 45.0645 30.9017 24.0876 18.8348 33.059 23.2226 18.1586 9.86561 5.45302 4.41259 8.29302 2.89486 5.56588
internal_count=8000 6891 6410 6382 1109 1031 971 937 891 481 398 301 207 132 75 94 50 71
is_linear=0
shrinkage=0.0155488


Tree=94
num_leaves=19
num_cat=0
split_feature=3 5 4 4 6 8 4 6 5 5 3 3 5 8 3 6 5 3
split_gain=32.8259 21.35 18.6698 18.0969 11.6155 10.9745 11.2092 4.41636 2.90096 1.72723 1.84963 3.12435 1.89972 1.50925 2.63962 2.76115 1.79155 1.43832
threshold=1380.5000000000002 201.50000000000003 15.750000000000002 57.850000000000001 8.5500000000000025 11112.650000000001 65.000000000000014 8.8500000000000032 188.50000000000003 224.50000000000003 1570.5000000000002 1920.5000000000002 215.50000000000003 7822.8500000000013 1475.5000000000002 9.1500000000000004 206.50000000000003 2651.0000000000005
decision_type=2 2 2 2 2 2 2 2 2 2 2 2 2 2 2 2 2 2
left_child=4 2 17 -4 -1 6 7 -6 -9 10 13 12 -12 -3 15 -15 -17 -2
right_child=1 9 3 -5 5 -7 -8 8 -10 -11 11 -13 -14 14 -16 16 -18 -19
leaf_value=0.020765781953248304 0.0039854293639404919 0.015614445629467224 -0.013687778497183219 0.01238182156783716 0.0064154172070349739 0.016484703899063511 0.016342585918516343 -0.0119839060223179 0.00050774865960366122 0.01327305132846332 -0.011936296693782563 0.01228712396664765 0.0028574868517556905 -0.0040001594221764584 -0.0046535368177517923 0 0.015330267773559617 0.019048893582436614
leaf_weight=17.627206087112427 4.816772776655851 2.923582384362823 60.20970671903342 6.0668975040316573 5.2654218366369667 14.134773179888724 6.7927822545170775 13.131696738302709 5.5632145171985021 6.6707316748797885 4.3078920319676381 1.5311243142932651 2.1650299280881882 2.4991242941468945 4.7013946231454602 1.9515116950497011 6.3821199014782906 3.4023141376674175
leaf_count=78 45 48 6304 47 46 60 34 820 71 55 119 17 27 24 86 38 67 14
internal_value=0.00150465 -0.00366972 -0.00827056 -0.0110601 0.0103711 0.00575551 0.000254395 -0.00473592 -0.00827409 0.00648786 0.00411898 -0.00159278 -0.0068269 0.00673524 0.00380029 0.00788927 0.0119129 0.0123131
internal_weight=170.143 107.628 74.4957 66.2766 62.5151 44.8879 30.7531 23.9603 18.6949 33.1325 26.4618 8.00405 6.47292 18.4577 15.5342 10.8328 8.33363 8.21909
internal_count=8000 6891 6410 6351 1109 1031 971 937 891 481 426 163 146 263 215 129 105 59
is_linear=0
shrinkage=0.0155488


Tree=95
num_leaves=19
num_cat=0
split_feature=3 5 7 7 1 8 7 2 1 5 2 5 7 8 7 7 1 7
split_gain=32.0123 20.7501 20.2382 14.99 5.90472 6.58509 9.97633 2.60659 2.47817 5.174 5.13961 1.75877 1.56273 1.43689 1.41211 1.80293 1.38088 3.83098
threshold=1386.5000000000002 204.50000000000003 3534.8850000000007 8316.7850000000017 302.05000000000007 11112.650000000001 8982.2450000000008 312.05000000000007 301.55000000000007 188.50000000000003 310.55000000000007 207.50000000000003 8982.2450000000008 10823.600000000002 7716.3650000000007 7214.8950000000013 301.65000000000003 5386.7750000000005
decision_type=2 2 2 2 2 2 2 2 2 2 2 2 2 2 2 2 2 2
left_child=4 2 -2 -4 5 6 8 -6 9 -1 -10 -11 13 -5 15 16 17 -3
right_child=1 14 3 12 7 -7 -8 -9 10 11 -12 -13 -14 -15 -16 -17 -18 -19
leaf_value=-0.012722607184001082 0.013891406287329995 0.013764446368369911 -0.013436910373240176 -0.0073333184302983899 0.018729312195367526 0.014516415919387432 0.01599258486052273 0.0036245209399155161 0.013724470703779563 0.011199567194763739 -0.01103053122780087 -0.0035432226948685619 0.015957812369310414 0.0095281682587177938 0.016171145117053851 -0.0039608014542131453 0.012369310462968257 -0.0011700845667035403
leaf_weight=10.671267336234456 7.6691068559885016 4.6771193072199955 60.258194454945624 1.4571915324777358 18.654288859106604 13.432369306683539 7.1720998883247367 4.7898270338773719 3.7627702932804814 2.8773413775488725 2.1111846240237355 2.3231845460832119 3.402708888053894 0.98084588348865498 2.9257716275751582 3.2936431244015685 6.567477809265255 12.080219333991407
leaf_count=778 30 63 6293 55 134 58 29 85 20 50 46 20 13 4 12 35 86 189
internal_value=0.00150433 -0.00385871 -0.0082563 -0.0110924 0.0098982 0.00599381 0.00147173 0.0161375 -0.00375681 -0.00689852 0.00391366 0.00460446 0.0106636 0 0.00688639 0.00505083 0.00661615 0.00344819
internal_weight=169.107 103.312 73.768 66.0989 65.7943 42.3502 28.9178 23.4441 21.7457 15.8718 5.87395 5.20053 5.84075 2.43804 29.5442 26.6185 23.3248 16.7573
internal_count=8000 6780 6395 6365 1220 1001 943 219 914 848 66 70 72 59 385 373 338 252
is_linear=0
shrinkage=0.0155488


Tree=96
num_leaves=19
num_cat=0
split_feature=3 3 8 6 8 4 4 6 8 6 4 8 4 4 3 4 8 1
split_gain=31.2241 15.2616 20.1665 11.2644 10.4406 10.8211 5.40044 4.24916 3.9914 2.77794 2.93022 2.63757 2.35418 2.25595 2.45862 2.09388 6.25477 2.64115
threshold=1380.5000000000002 2267.5000000000005 7581.3000000000011 8.5500000000000025 11112.650000000001 65.000000000000014 61.45000000000001 8.8500000000000032 10823.600000000002 11.050000000000002 36.250000000000007 10823.600000000002 58.250000000000007 48.050000000000004 1456.5000000000002 31.050000000000004 4198.5000000000009 300.75000000000006
decision_type=2 2 2 2 2 2 2 2 2 2 2 2 2 2 2 2 2 2
left_child=3 2 6 -1 5 7 15 -5 9 10 -4 -9 13 14 -12 16 -2 -18
right_child=1 -3 8 4 -6 -7 -8 11 -10 -11 12 -13 -14 -15 -16 -17 17 -19
leaf_value=0.020503800548460679 -0.012706466264206098 0.015123048408101396 0.020934979959263012 0.0062086965548931363 0.016107007043507874 0.01609601648727129 0.012468070495927172 -0.011150062367433523 0.013864763489231121 -0.0087011611667094091 0.0089485056762490557 0.0017214932888321148 0.01373354075013976 -0.010636293346652767 -0.0030942709663979787 -0.012740674120939521 0.010711038198321051 -0.0056122723861493796
leaf_weight=17.3586305975914 10.470757034607233 8.3437315570190531 0.96510776132346165 5.2877457439899507 14.080508664250372 6.7376501485705367 1.3270336091518391 14.41704662051052 7.3278722465038291 4.0702460948377839 5.8960176175460273 4.0577949211001387 1.9815638475120056 3.0466930558904997 7.9771050475537777 47.283644257113338 4.9104726305231443 2.586895989254117
leaf_count=78 1071 60 9 46 60 34 5 871 30 173 181 20 11 159 232 4591 231 138
internal_value=0.00150254 -0.00358407 -0.00538814 0.0101826 0.00563192 0.000232843 -0.0101831 -0.00468856 0.00470353 0.00119937 0.00380353 -0.00819767 0.00149817 -0.000566031 0.0020848 -0.0109265 -0.00543587 0.00464159
internal_weight=168.127 106.187 97.8434 61.9394 44.5807 30.5002 66.5788 23.7626 31.2646 23.9367 19.8665 18.4748 18.9014 16.9198 13.8731 65.2518 17.9681 7.49737
internal_count=8000 6891 6831 1109 1031 971 6036 937 795 765 592 891 583 572 413 6031 1440 369
is_linear=0
shrinkage=0.0155488


Tree=97
num_leaves=19
num_cat=0
split_feature=4 7 9 4 1 7 8 1 2 7 8 7 1 4 4 7 4 8
split_gain=28.1121 13.87 17.3591 12.4533 11.0323 6.81456 10.1594 8.65059 4.54561 2.68656 1.78251 1.05964 0.986267 0.901067 0.856822 4.06203 2.99008 2.62677
threshold=52.150000000000013 3534.8850000000007 1.0000000180025095e-35 44.750000000000007 301.55000000000007 8982.2450000000008 10823.600000000002 301.55000000000007 311.95000000000005 7120.1350000000011 9147.6000000000004 8145.2450000000017 298.85000000000008 45.250000000000007 44.150000000000013 6841.1400000000012 41.350000000000001 11112.650000000001
decision_type=2 2 2 2 2 2 2 2 2 2 2 2 2 2 2 2 2 2
left_child=1 -1 3 -3 13 6 7 -2 9 -6 11 -9 -8 -5 16 -16 -4 -17
right_child=5 2 14 4 8 -7 12 10 -10 -11 -12 -13 -14 -15 15 17 -18 -19
leaf_value=0.015307876072768265 -0.011858413876265983 -0.013698555849144383 0.0043099998890105424 0.00052496543215705847 0.016427102685187239 0.01956801334704554 0.0056722791623396319 0.012382622954379661 -0.0088050574692134388 0 -0.0039577625999867878 6.2994473737907478e-05 0.017574474967482222 -0.012216601615736192 0.019259901363994757 -0.00368162457758137 -0.010289485227732905 0.011040214578649949
leaf_weight=8.0944090932607633 8.4833072768524307 44.793947702273726 19.391735844314102 0.76362120360136287 8.6342350672930461 14.676367729902266 4.983605548739436 7.6977703515440208 1.8847984708845604 3.6268115835264316 1.6941974805667985 2.8855129154399037 12.644678860902784 10.309552456252275 3.4636009046807876 7.1692426754161698 2.745488758198916 3.1659277528524399
leaf_count=32 565 4953 349 86 129 60 23 102 141 125 19 46 54 1101 36 98 68 13
internal_value=0.0014997 -0.00283073 -0.00441409 -0.00888746 0 0.0107287 0.00674373 -0.000552236 0.00868181 0.0122186 0.00734795 0.00970914 0.0150096 -0.0110613 0.00420351 0.00720605 0.00188336 0.00119791
internal_weight=167.109 114.043 105.949 70.013 25.219 53.0654 38.3891 20.7608 14.1458 12.261 12.2775 10.5833 17.6283 11.0732 35.936 13.7988 22.1372 10.3352
internal_count=8000 7131 7099 6535 1582 869 809 732 395 254 167 148 77 1187 564 147 417 111
is_linear=0
shrinkage=0.0155488


Tree=98
num_leaves=19
num_cat=0
split_feature=7 5 1 7 2 7 8 7 1 7 5 7 8 2 5 7 2 1
split_gain=25.7009 13.3078 15.427 13.3728 6.71843 6.05301 11.7616 4.89381 4.77024 3.05717 1.93468 2.28805 3.05308 1.83907 1.72737 1.66785 3.68928 2.72359
threshold=7696.4300000000012 202.50000000000003 301.75000000000006 3534.8850000000007 312.05000000000007 8982.2450000000008 10823.600000000002 6660.3400000000011 300.75000000000006 3534.8850000000007 224.50000000000003 6830.4850000000015 11112.650000000001 310.55000000000007 174.50000000000003 6677.9800000000005 308.55000000000007 301.75000000000006
decision_type=2 2 2 2 2 2 2 2 2 2 2 2 2 2 2 2 2 2
left_child=1 2 3 -1 7 6 8 9 -2 -4 11 15 -13 -11 -9 16 -3 -18
right_child=5 10 4 -5 -6 -7 -8 14 -10 13 -12 12 -14 -15 -16 -17 17 -19
leaf_value=0.010561201425351557 -0.012581231237911352 0.015763233361289361 0.013971517677374975 -0.013260091905528406 -0.0097658553218034922 0.01937157236802611 0.015618785678057408 0.013969220002001796 0.0037643041894363468 0.0029230478654653867 0.012261535777018346 -0.0087628973667592328 0.0085874466616391951 -0.0096599434463849783 -0.0011963939486905712 0.016591520346383164 -0.0044661948175587322 0.0087631988916037299
leaf_weight=5.3250539600849143 5.883235182613137 3.3246760498732426 1.2886868417263091 48.13441042881459 6.4712514653801909 14.607842504978178 15.936594426631926 12.827980654314159 9.4197571743279678 3.2592255081981403 7.2722139284014693 6.0566195305436832 2.3579504936933517 5.8710459778085351 1.3468887992203225 2.1312897093594065 10.418100548908113 4.300082352012395
leaf_count=21 402 52 5 5268 524 60 69 255 201 153 58 80 10 535 30 23 187 67
internal_value=0.00149163 -0.00226998 -0.00563818 -0.0106306 0.00291269 0.0112494 0.00673609 0.00670743 -0.00276101 -0.00107002 0.00548802 0.00319628 -0.00302249 -0.00498562 0.0122984 0.00599465 0.00355329 0
internal_weight=166.233 120.385 84.5245 53.4595 31.0651 45.8474 31.2396 24.5938 15.303 10.419 35.8609 28.5887 8.41457 9.13027 14.1749 20.1741 18.0429 14.7182
internal_count=8000 7268 6791 5289 1502 732 672 978 603 693 477 419 90 688 285 329 306 254
is_linear=0
shrinkage=0.0155488


Tree=99
num_leaves=19
num_cat=0
split_feature=4 5 7 4 1 7 8 1 2 7 5 7 4 2 1 2 8 8
split_gain=26.7092 14.1384 15.9503 12.4893 11.1043 6.48788 9.62215 8.32253 4.44267 2.20003 2.08698 2.91523 3.19722 2.28098 1.78127 1.98505 1.73353 1.73105
threshold=52.150000000000013 202.50000000000003 3534.8850000000007 44.750000000000007 301.55000000000007 8982.2450000000008 10823.600000000002 301.55000000000007 311.95000000000005 7120.1350000000011 224.50000000000003 6830.4850000000015 44.150000000000013 308.55000000000007 301.75000000000006 311.35000000000008 8591.8000000000011 5150.4000000000005
decision_type=2 2 2 2 2 2 2 2 2 2 2 2 2 2 2 2 2 2
left_child=1 2 -1 -4 -5 6 7 -2 9 -6 11 12 13 -3 15 17 -9 -15
right_child=5 10 3 4 8 -7 -8 16 -10 -11 -12 -13 -14 14 -16 -17 -18 -19
leaf_value=0.013289203891127368 -0.011774698902789123 0.011953283049081706 -0.013685636138117199 -0.011099480676978607 0.015933498452062534 0.019179192961353217 0.01464638852853673 0.0097529436462471062 -0.008760023850617563 0.00072698016358789931 0.012236569426651391 -0.0046661713620785219 0.017953684522369489 0.0054542256923438724 0.0071046688096853359 0.0075192085465514884 -0.0030558484410942942 -0.0099188208591384878
leaf_weight=7.6171880811452857 8.3035207493230718 3.3426516856998303 44.640255951322615 11.168739103712143 8.6785435350611788 14.537989675998686 17.576218381524086 10.132874252274631 1.8721837857738126 3.8695849785581222 7.2549824826419345 7.4338600151240817 3.1574700288474551 1.0228030644357184 3.6902655102312556 1.5306540634483088 2.1215445352718225 7.4819101840257645
leaf_count=30 565 53 5022 1207 132 60 77 139 142 126 57 86 29 14 65 23 28 145
internal_value=0.001486 -0.00276376 -0.00644327 -0.00883151 0 0.010509 0.00660412 -0.000538952 0.00858766 0.0120119 0.00527316 0.0028652 0.00592256 0.0024176 -0.00044859 -0.00404476 0.00717311 -0.00721501
internal_weight=165.433 112.761 77.8465 70.2293 25.5891 52.6721 38.1342 20.5579 14.4203 12.5481 34.9146 27.6596 20.2258 17.0683 13.7256 10.0354 12.2544 8.50471
internal_count=8000 7131 6659 6629 1607 869 809 732 400 258 472 415 329 300 247 182 167 159
is_linear=0
shrinkage=0.0155488


Tree=100
num_leaves=19
num_cat=0
split_feature=3 5 7 7 1 4 5 2 4 7 1 2 4 4 5 2 7 1
split_gain=28.7075 19.3418 18.5159 17.7108 6.43746 8.80113 6.90153 1.93254 1.63414 2.31955 1.92002 1.50122 2.53492 2.10967 4.27282 2.86714 2.95314 1.2954
threshold=1380.5000000000002 201.50000000000003 3534.8850000000007 8982.2450000000008 301.55000000000007 60.550000000000004 188.50000000000003 312.05000000000007 45.850000000000001 6297.9800000000005 301.65000000000003 308.55000000000007 35.250000000000007 30.650000000000002 215.50000000000003 311.45000000000005 6189.1500000000005 298.95000000000005
decision_type=2 2 2 2 2 2 2 2 2 2 2 2 2 2 2 2 2 2
left_child=4 2 -2 -4 5 6 -1 -6 9 11 -11 12 -3 14 -13 16 -15 -8
right_child=1 8 3 -5 7 -7 17 -9 -10 10 -12 13 -14 15 -16 -17 -18 -19
leaf_value=-0.013211096556761989 0.013132747360820561 0 -0.01321229053400696 0.016512459020329624 0.016675907089349431 0.013444593176448208 -0.0012826829616540817 0.0034471579001654623 0.011225594595146065 -0.010980222963522185 0.0048199525336460394 -0.0022250304644730701 0.022675650379506411 -0.011051621456910802 0.021827595395230815 0.0099250409217816714 0.0079677956821918756 0.008761664117254056
leaf_weight=7.2790663801133695 7.6030287891626349 1.8605313114821975 58.534263643436134 4.1130890995264044 25.216676745563749 13.356572819873689 3.6478822352364642 4.6628003455698481 9.8634068723767978 3.2390225334092966 1.8312743157148359 2.7694266084581605 1.7264446141198275 5.949800272472201 2.1906330808997154 2.5193277290090919 1.4690401051193474 6.7364727575331926
leaf_count=641 30 30 6364 16 186 114 35 81 83 77 28 59 21 104 20 36 23 52
internal_value=0.00147994 -0.00346566 -0.00807678 -0.0109168 0.00986153 0.00444778 -0.00258918 0.0149556 0.00605841 0.00328472 -0.00483916 0.00587275 0.013761 0.00282042 0.010026 -0.00114759 -0.00623765 0.00514281
internal_weight=164.569 103.669 70.2504 62.6474 60.8995 31.02 17.6634 29.8795 33.4189 23.5555 5.0703 18.4852 3.58698 14.8982 4.96006 9.93817 7.41884 10.3844
internal_count=8000 6891 6410 6380 1109 842 728 267 481 398 105 293 51 242 79 163 127 87
is_linear=0
shrinkage=0.0155488


Tree=101
num_leaves=19
num_cat=0
split_feature=4 6 5 7 7 5 6 0 4 7 7 6 5 7 4 4 5 5
split_gain=25.3889 15.2345 18.6092 18.5558 6.27937 6.54463 12.7086 8.92218 3.89716 2.93594 2.10189 1.97379 1.66197 2.98125 4.17647 1.62597 1.22305 1.21086
threshold=52.150000000000013 8.6500000000000004 202.50000000000003 3534.8850000000007 8982.2450000000008 186.50000000000003 8.6500000000000004 1.0000000180025095e-35 40.850000000000001 3534.8850000000007 7226.8400000000011 8.5500000000000025 219.50000000000003 6830.4850000000015 44.150000000000013 39.050000000000004 232.50000000000003 176.50000000000003
decision_type=2 2 2 2 2 2 2 2 2 2 2 2 2 2 2 2 2 2
left_child=1 8 3 -3 5 6 -2 -7 9 -1 -10 -11 13 14 15 -4 -14 -8
right_child=4 2 12 -5 -6 7 17 -9 10 11 -12 -13 16 -15 -16 -17 -18 -19
leaf_value=0.014800129094337798 0.012926524356649538 0.0114204904939996 0.0039423763426942506 -0.013695208500290018 0.018859971808464587 0.019017351907368862 -0.012216431491910143 -0.0046990561623858392 0.014959362932267231 -0.011494309131194605 0 0.0059550796518714859 0.011564435617959178 -0.0077355034233520369 0.021231552320261967 -0.0071319606424925059 0 0.00021385027310041925
leaf_weight=0.71608071029186504 9.1916762664914149 7.0615848004817954 9.9934129137545877 52.749153746291995 14.415446415543554 13.248421601951124 9.6202606474980694 4.3182544540613881 12.865487990900872 3.9920716788619757 2.5961659438908091 1.0111925015226004 7.910483989864586 5.0644460394978514 1.8093717619776715 3.160864181816577 2.4223855324089527 1.5205516889691342
leaf_count=3 59 28 170 6127 60 71 617 35 161 288 47 58 76 69 20 64 20 27
internal_value=0.0014776 -0.00269927 -0.00551629 -0.0104945 0.0102961 0.00644415 0.000128218 0.0130577 0.00876224 -0.00144193 0.0125933 -0.00686805 0.00419607 0.00117888 0.00479573 0.000627557 0.00895632 -0.0103583
internal_weight=163.667 111.353 90.1717 59.8107 52.3146 37.8992 20.3325 17.5667 21.181 5.71934 15.4617 5.00326 30.361 20.0281 14.9636 13.1543 10.3329 11.1408
internal_count=8000 7131 6574 6155 869 809 703 106 557 349 208 346 419 323 254 234 96 644
is_linear=0
shrinkage=0.0155488


Tree=102
num_leaves=19
num_cat=0
split_feature=3 5 4 4 6 4 5 2 1 4 4 3 5 4 1 5 1 4
split_gain=27.3208 18.6756 16.2902 15.9675 10.9346 9.41814 6.06774 3.58091 2.38936 1.55826 2.19699 1.52027 1.17039 5.00729 1.15713 1.98522 1.11583 1.03876
threshold=1380.5000000000002 201.50000000000003 15.750000000000002 57.850000000000001 8.5500000000000025 60.150000000000013 202.50000000000003 310.65000000000003 302.35000000000008 45.850000000000001 41.350000000000001 2651.0000000000005 181.50000000000003 65.000000000000014 302.05000000000007 188.50000000000003 301.65000000000003 23.650000000000002
decision_type=2 2 2 2 2 2 2 2 2 2 2 2 2 2 2 2 2 2
left_child=4 2 11 -4 -1 6 7 -6 14 10 17 -2 13 -7 15 -9 -12 -3
right_child=1 9 3 -5 5 12 -8 8 -10 -11 16 -13 -14 -15 -16 -17 -18 -19
leaf_value=0.020013467857855433 0.0030971951681713376 0.013475088168018417 -0.01347911071970952 0.011312745505747188 -0.012483902996015457 -0.0029543957829138486 0.0087988343686943825 -0.0083488405244857185 -0.008495144002911308 0.010964312579345388 -0.010284527677368266 0.01807681263866889 0.020054934811514769 0.015876734747594549 0.012805233844188609 0.009688913104455318 0.0028064538643164418 0.0032356071970179694
leaf_weight=16.764661088585854 4.7446505753323418 2.4802060388028684 54.770989962853491 5.9546640813350669 8.7006001658737713 4.6743802903220075 8.9584218412637693 1.9171103443950399 2.7411663150414824 9.8882378265261632 2.7214173525571814 3.3375398404896259 5.6723727881908408 7.1823870167136192 2.2664126139134169 1.5198730090633032 1.2839583065360782 17.13809755910188
leaf_count=78 45 27 6304 47 541 97 53 150 80 83 63 14 24 37 35 14 19 289
internal_value=0.00147294 -0.00338991 -0.0080035 -0.0108075 0.00967563 0.00517286 -0.000696357 -0.00612664 0.000788747 0.00591955 0.00321005 0.0112827 0.0135845 0.00858386 0.00652711 0 -0.00568492 0.00544137
internal_weight=162.717 102.32 68.8078 60.7257 60.3974 43.6327 26.1036 17.1452 8.44456 33.5119 23.6237 8.08219 17.5291 11.8568 5.7034 3.43698 4.00538 19.6183
internal_count=8000 6891 6410 6351 1109 1031 873 820 279 481 398 59 158 134 199 164 82 316
is_linear=0
shrinkage=0.0155488


Tree=103
num_leaves=19
num_cat=0
split_feature=4 4 5 4 6 5 8 4 0 8 6 5 2 6 2 6 8 5
split_gain=24.3121 16.3677 14.4793 9.69196 11.478 16.8935 7.86773 2.78241 1.4684 1.44859 3.49437 1.38751 1.23693 4.79859 6.62765 2.58503 2.18286 1.05572
threshold=44.150000000000013 16.850000000000005 202.50000000000003 61.150000000000013 8.5500000000000025 206.50000000000003 10823.600000000002 41.350000000000001 1.0000000180025095e-35 2042.45 9.0500000000000025 37.500000000000007 310.45000000000005 10.950000000000001 308.95000000000005 10.950000000000001 7677.1000000000013 25.500000000000004
decision_type=2 2 2 2 2 2 2 2 2 2 2 2 2 2 2 2 2 2
left_child=1 17 -3 4 -2 6 9 12 -7 10 -6 -12 13 14 -4 16 -14 -1
right_child=3 2 7 -5 5 8 -8 -9 -10 -11 11 -13 15 -15 -16 -17 -18 -19
leaf_value=0.00046393091780659568 0.013832919853534787 -0.013708261924575129 0.022748905228073553 0.015990805784613878 0.013803405008169681 0.016224088910317857 0.0073623459398050569 -0.010069175190364711 0.0032580402069230427 -0.010797323077352958 -0.011184898169609107 0.0062526306560825315 -0.0050736877841664803 -0.0117852392237445 -0.0047957470922219952 0.019878063538026472 0.0098402894730966733 0.015290573644537757
leaf_weight=2.0810225252062065 18.81388526968658 39.83775048609823 2.5817719623446518 20.18253021594137 1.279387255199256 10.769995171576737 7.6321485713124266 2.5979492664337149 4.4572587050497523 24.33315088879317 3.9238612269982696 0.239311491139233 3.7100126277655345 3.5887395590543747 3.5686787236481905 1.9474242385476825 3.1454824656248093 7.0713310623541474
leaf_count=13 175 4794 40 144 43 67 34 59 34 1833 411 27 63 58 59 25 41 80
internal_value=0.00147153 -0.00533507 -0.00831191 0.00672408 0.0038245 0 -0.0056092 0.00188229 0.0131954 -0.00922015 -0.000896109 -0.00826251 0.00427943 0 0.00812961 0.00811334 0.00175496 0.0127486
internal_weight=161.762 70.1302 60.9778 91.6315 71.449 52.6351 37.4079 21.1401 15.2273 29.7757 5.44256 4.16317 18.5421 9.73919 6.15045 8.80292 6.8555 9.15235
internal_count=8000 5232 5139 2768 2624 2449 2348 345 101 2314 481 438 286 157 99 129 104 93
is_linear=0
shrinkage=0.0155488


Tree=104
num_leaves=19
num_cat=0
split_feature=3 5 3 6 8 8 3 5 3 3 5 5 3 3 5 8 3 6
split_gain=26.0537 17.9513 15.7436 10.6942 9.19958 5.67025 2.50992 1.61793 1.61182 1.88572 1.47248 1.45469 1.75488 2.93906 1.8207 1.60285 2.3158 2.70528
threshold=1380.5000000000002 201.50000000000003 2471.5000000000005 8.5500000000000025 11112.650000000001 8863.9000000000015 1446.5000000000002 52.500000000000007 1418.5000000000002 1422.5000000000002 195.50000000000003 224.50000000000003 1570.5000000000002 1920.5000000000002 215.50000000000003 7822.8500000000013 1475.5000000000002 9.1500000000000004
decision_type=2 2 2 2 2 2 2 2 2 2 2 2 2 2 2 2 2 2
left_child=3 2 5 -1 7 6 8 -5 -2 -10 -7 12 15 14 -14 -3 17 -17
right_child=1 11 -4 4 -6 10 -8 -9 9 -11 -12 -13 13 -15 -16 16 -18 -19
leaf_value=0.019812873534211798 -0.0094027720840018543 0.015080192951929347 0.012928922532695506 0.0057547899419278037 0.014972409363279961 0.010058523326817127 -0.013805754143012113 -0.0021062844941750467 0.011461533952872449 -0.0040244883735701615 -0.0056177462305280913 0.011883808606700746 -0.01195231544163052 0.011407987827783926 0.0024675548074641054 -0.0044945991680984338 -0.0046769321661101213 0.011079412330929787
leaf_weight=16.513353243470192 8.3990628374740464 2.9878650531172815 6.6266262680292121 7.4321888461709049 13.750384598970411 3.1582635743543497 41.54839347768575 22.150270383805037 1.3969891751185048 5.4746214197948575 0.85730614513158787 6.8927074149250975 4.3149200994521362 1.5922926925122736 2.2245539203286171 2.5455729607492676 4.6765256049111477 8.3925923909991962
leaf_count=78 672 48 28 252 60 92 4944 719 90 538 46 55 119 17 27 24 86 105
internal_value=0.0014662 -0.00331496 -0.00791756 0.00950818 0.00505128 -0.0104641 -0.0117471 0 -0.00529453 0 0.00544291 0.00576131 0.00358674 -0.00190153 -0.00694269 0.00614847 0.00322382 0.00705026
internal_weight=160.934 101.088 67.4613 59.8462 43.3328 60.8346 56.8191 29.5825 15.2707 6.87161 4.01557 33.627 26.7343 8.13177 6.53947 18.6026 15.6147 10.9382
internal_count=8000 6891 6410 1109 1031 6382 6244 971 1300 628 138 481 426 163 146 263 215 129
is_linear=0
shrinkage=0.0155488


Tree=105
num_leaves=19
num_cat=0
split_feature=3 5 7 7 6 4 5 1 7 1 1 4 4 7 1 5 7 7
split_gain=25.3677 17.5742 17.0324 16.7016 10.5501 8.92537 5.7043 2.58172 1.46984 1.44805 2.18914 3.18197 1.44458 2.19356 1.85619 1.17892 6.47699 0.908713
threshold=1380.5000000000002 201.50000000000003 3534.8850000000007 8982.2450000000008 8.5500000000000025 60.150000000000013 202.50000000000003 300.35000000000008 7445.2800000000007 302.35000000000008 302.05000000000007 56.550000000000004 45.850000000000001 6297.9800000000005 301.65000000000003 181.50000000000003 8982.2450000000008 6189.1500000000005
decision_type=2 2 2 2 2 2 2 2 2 2 2 2 2 2 2 2 2 2
left_child=4 2 -2 -4 -1 6 7 -6 -8 10 11 -9 13 17 -15 16 -7 -3
right_child=1 12 3 -5 5 15 8 9 -10 -11 -12 -13 -14 14 -16 -17 -18 -19
leaf_value=0.019691877308848502 0.012505867882473643 0.003457152875179996 -0.013064040977790146 0.015998143654053467 -0.012621368216120797 -0.0064044367925348115 0.00081336452114362772 -0.011403795523481716 0.01392901514895315 -0.0083865458927487018 0.012674617108411224 0.0087020977204351965 0.01052628145343849 -0.0109286907812076 0.0045921820881511645 0.019662447774668274 0.015608496015224653 0.013763228090734034
leaf_weight=16.365285128355026 7.5272419452667227 16.648485151119537 55.234792161267251 4.0615553408861151 6.8515839232131901 3.8174465354532021 4.6259655021131021 3.0110471630468947 4.3142947368323803 2.7092752661556005 2.2709206063300371 2.1055534714832902 9.9472669400274736 3.1986273983493438 1.8567781522870062 5.5924412310123435 7.9890286773443222 2.0516752433031789
leaf_count=78 30 263 6364 16 487 100 34 187 19 80 35 31 83 77 28 24 34 30
internal_value=0.00145904 -0.00327491 -0.00786796 -0.0107218 0.00940368 0.00498596 -0.000746774 -0.00605538 0.00844926 -0.000364204 0.0029174 -0.00244135 0.00567765 0.00307039 -0.00483647 0.0132026 0.00826419 0.00556929
internal_weight=160.179 100.526 66.8236 59.2963 59.6528 43.2876 25.8886 16.9484 8.94026 10.0968 7.38752 5.1166 33.7028 23.7556 5.05541 17.3989 11.8065 18.7002
internal_count=8000 6891 6410 6380 1109 1031 873 820 53 333 253 218 481 398 105 158 134 293
is_linear=0
shrinkage=0.0155488


Tree=106
num_leaves=19
num_cat=0
split_feature=4 7 9 7 1 8 7 2 0 4 9 1 8 2 2 4 1 7
split_gain=22.7431 16.283 14.0648 10.2505 9.83175 19.7461 3.65211 3.18746 2.82433 2.72893 1.46197 1.16386 1.14411 0.98725 2.91358 2.70694 2.38897 1.99477
threshold=44.150000000000013 3534.8850000000007 1.0000000180025095e-35 8982.2450000000008 301.55000000000007 10823.600000000002 6830.4850000000015 311.95000000000005 1.5000000000000002 41.350000000000001 1.0000000180025095e-35 298.35000000000008 9147.6000000000004 308.55000000000007 310.45000000000005 35.250000000000007 301.05000000000007 5440.5250000000005
decision_type=2 2 2 2 2 2 2 2 2 2 2 2 2 2 2 2 2 2
left_child=1 -1 -3 4 5 6 8 -6 12 13 -9 -7 -2 15 -15 -4 -16 -18
right_child=3 2 9 -5 7 11 -8 10 -10 -11 -12 -13 -14 14 16 -17 17 -19
leaf_value=0.014094083508755993 -0.0094774649102488222 -0.013631570103077488 -0.0025331880266011406 0.018264751592970391 0.012008480772780869 0.0025442221410623528 -0.013093502991598307 -0.0056869375448513606 0.01745770370112738 -0.010183258249208368 0.006921741885270556 0.01343936505592936 0.0039710620996028824 -0.0053790323711541506 0.015274834823325808 0.018591241911433524 -0.0092362643900685531 0.006338996899952873
leaf_weight=7.9773961454629889 2.5123933725990386 38.260420027188957 1.669567253440625 14.13211055099964 29.222211288288236 4.8412223458290127 18.946037472225726 3.6807452859356991 0.70853546168655146 2.6805960349738589 2.8073297953233123 12.453611001372336 1.1812535580247638 6.7617850517854121 3.4323450578376633 2.0638886084780097 2.0148879429325461 3.8360629258677363
leaf_count=32 280 4783 34 60 434 23 1639 208 37 68 17 54 16 129 51 26 46 63
internal_value=0.00145793 -0.00520297 -0.00803256 0.00655883 0.00408434 -0.00107706 -0.0102628 0.0099012 0.00143934 0.00155836 0 0.0109727 -0.00448066 0.0038415 0.00154014 0.0101007 0.00698548 0
internal_weight=159.182 68.6969 60.7196 90.4855 76.3533 40.6431 23.3482 35.7103 4.40218 22.4591 6.48808 17.2948 3.69365 19.7785 16.0451 3.73346 9.2833 5.85095
internal_count=8000 5232 5200 2768 2708 2049 1972 659 333 417 225 77 296 349 289 60 160 109
is_linear=0
shrinkage=0.0155488


Tree=107
num_leaves=19
num_cat=0
split_feature=3 3 9 7 6 4 9 0 1 3 3 4 1 1 7 1 7 3
split_gain=24.2515 13.7238 16.3736 7.78345 7.44689 10.2928 7.64781 4.92436 2.24296 1.76501 1.93463 1.7132 2.09199 3.87555 1.57362 1.26155 1.3687 1.3775
threshold=1405.5000000000002 2267.5000000000005 1.0000000180025095e-35 8982.2450000000008 8.5500000000000025 60.150000000000013 1.0000000180025095e-35 1.0000000180025095e-35 300.35000000000008 1372.5000000000002 1380.5000000000002 56.550000000000004 302.05000000000007 302.35000000000008 7253.2650000000003 297.25000000000006 7617.3650000000007 1420.5000000000002
decision_type=2 2 2 2 2 2 2 2 2 2 2 2 2 2 2 2 2 2
left_child=4 2 3 -2 9 6 8 14 -6 -1 -11 12 -10 -14 -8 -4 17 -17
right_child=1 -3 15 -5 5 -7 7 -9 11 10 -12 -13 13 -15 -16 16 -18 -19
leaf_value=0.019196995979748624 -0.012881756361464304 0.013752234959497192 -0.0055885280112629018 0.011448086416445014 -0.012178849471480116 0.013687875388458316 0.0027415223237999792 -0.0049751366197799077 -0.012148223087229766 0.012597790876006241 -0.0038559459939354807 0.0060054679578803935 0.013127934364469159 -0.010004231064185383 0.017700953993584474 -0.008253877316218506 0.012662467127332933 0.0034726231190621362
leaf_weight=14.008039832115175 47.315473039634526 8.1660146806389076 2.3176104938611415 2.2974291443824759 8.058040860109033 18.835489938035607 3.735468026250599 3.9446848491206756 3.9092906964942795 2.1215988993644705 2.1581235202029347 3.5342993186786762 2.274973077699542 2.1727528460323811 6.3944784216582775 1.3471222575753987 2.8578809695318332 22.900111984461546
leaf_count=68 5817 60 37 9 720 168 38 32 297 10 39 55 52 111 31 22 16 418
internal_value=0.00145022 -0.00399539 -0.00606184 -0.0114268 0.00813171 0.00485586 -0.00023499 0.00803287 -0.00637885 0.0164903 0.00460512 -0.00137392 -0.00526945 0.00143527 0.0134266 0.00295579 0.00403541 0.00229892
internal_weight=158.349 87.2016 79.0356 49.6129 71.1472 52.8595 34.024 14.0746 19.9494 18.2878 4.27972 11.8913 8.35702 4.44773 10.1299 29.4227 27.1051 24.2472
internal_count=8000 6379 6319 5826 1621 1504 1336 101 1235 117 49 515 460 163 69 493 456 440
is_linear=0
shrinkage=0.0155488


Tree=108
num_leaves=19
num_cat=0
split_feature=3 5 7 7 7 1 5 0 3 7 8 8 8 1 7 1 7 7
split_gain=23.6508 14.8183 17.1756 7.75673 5.03241 6.95483 14.0034 8.48643 4.46157 3.21431 1.54021 1.4773 3.87051 1.02667 0.928953 2.67336 1.28172 2.31038
threshold=1405.5000000000002 204.50000000000003 3534.8850000000007 8982.2450000000008 8982.2450000000008 301.55000000000007 186.50000000000003 1.0000000180025095e-35 1380.5000000000002 7253.2650000000003 11112.650000000001 10129.500000000002 9238.2500000000018 299.45000000000005 4925.3900000000003 299.95000000000005 6189.1500000000005 6329.0200000000013
decision_type=2 2 2 2 2 2 2 2 2 2 2 2 2 2 2 2 2 2
left_child=4 2 -2 -4 5 6 10 9 -7 -8 -1 12 14 -9 15 -3 -16 -18
right_child=1 11 3 -5 -6 8 7 13 -10 -11 -12 -13 -14 -15 16 -17 17 -19
leaf_value=-0.01293912902719589 0.012070026459978856 0.02144704914745571 -0.012939160348869149 0.011349699943744972 0.017372080862425698 0.013266979482310474 0.0001001431368560052 -0.010327537333029995 -0.0035331337372602085 0.019847601551348709 0.0033329904679120161 0.012036897313184915 -0.010768898995071666 0.00098839830190571801 0 0 0.019192098339227373 -0.00020701798548751051
leaf_weight=11.61841335799545 7.4712015986442557 1.7206395417451958 49.362633678130805 2.2921462953090659 11.21248187124729 26.17574978154153 2.9548197104595628 3.1686946377158156 3.508575962856411 9.3953044246882182 0.67263998091220933 5.294259335845708 2.8753113951534024 2.1192401219159365 11.668883286416529 2.0937455389648676 1.5488232597708695 2.3149493020027876
leaf_count=1014 30 17 5977 9 49 255 51 32 134 59 3 35 50 24 167 27 19 48
internal_value=0.00144292 -0.00395439 -0.00831154 -0.0115469 0.00805318 0.00591768 0.000421669 0.00917198 0.0110946 0.0158478 -0.0115397 0.00522872 0.00289027 -0.00587944 0.00563544 0.011911 0.00309552 0.00959816
internal_weight=157.469 86.6426 59.126 51.6548 70.8259 59.6134 29.9291 17.6381 29.6843 12.3501 12.2911 27.5166 22.2224 5.28793 19.347 3.81439 15.5327 3.86377
internal_count=8000 6379 6016 5986 1621 1572 1183 166 389 110 1017 363 328 56 278 44 234 67
is_linear=0
shrinkage=0.0155488


Tree=109
num_leaves=19
num_cat=0
split_feature=4 7 5 7 6 8 5 7 8 6 5 1 7 5 1 4 4 6
split_gain=21.2864 15.3015 14.686 9.63253 11.388 21.4395 8.00887 5.05415 2.81798 2.58057 1.87784 1.54238 1.52085 1.21564 1.77595 0.838913 2.52644 0.626074
threshold=44.150000000000013 3534.8850000000007 202.50000000000003 8982.2450000000008 8.5500000000000025 10823.600000000002 206.50000000000003 6851.7600000000011 8646.9000000000015 8.6500000000000004 213.50000000000003 298.35000000000008 7617.3650000000007 209.50000000000003 300.45000000000005 30.650000000000002 35.250000000000007 9.2500000000000018
decision_type=2 2 2 2 2 2 2 2 2 2 2 2 2 2 2 2 2 2
left_child=1 -1 -3 4 -2 6 9 -8 10 -6 13 -7 -13 14 -4 -12 -17 -16
right_child=3 2 8 -5 5 11 7 -9 -10 -11 15 12 -14 -15 17 16 -18 -19
leaf_value=0.013660411896988783 0.013753885938975752 -0.013602497129340071 0.010457479266148852 0.017825901564194519 0.00045058078140060629 0.0024218067986690947 0.023403515493675572 -0.0043886867285368152 -0.0081982300691268734 -0.011896969358483545 0.015706399087188665 0.0045415188047302369 0.017386095987596578 -0.0068151778827133559 -0.0081378927224232782 -0.0059057535915514534 0.011121044914852812 0.0018387669363209688
leaf_weight=7.9238362908363333 19.70717435516417 37.687726472970098 3.1102431360632234 13.928289189934729 4.0142205180600312 4.808124482631686 1.9428606256842602 2.1275950185954571 3.7153199501335612 25.975624644663185 2.8218334242701513 5.1635218560695675 11.578765586018561 2.9966489039361477 1.6566006001085045 2.4173882119357586 3.5041854791343212 1.4681513607501981
leaf_count=32 183 4851 63 60 31 23 17 36 75 2346 28 23 49 59 35 27 39 23
internal_value=0.00143966 -0.00507792 -0.00787114 0.00639942 0.0039806 0.000224176 -0.0073026 0.0105275 0.00211734 -0.010169 0.0048426 0.0120381 0.0142271 0 0.00359904 0.00951721 0.00381485 -0.00338158
internal_weight=156.548 67.3019 59.3781 89.2462 75.3179 55.6107 34.0603 4.07046 21.6904 29.9898 17.9751 21.5504 16.7423 9.23164 6.235 8.74341 5.92157 3.12475
internal_count=8000 5232 5200 2768 2708 2525 2430 53 349 2377 274 95 72 180 121 94 66 58
is_linear=0
shrinkage=0.0155488


Tree=110
num_leaves=19
num_cat=0
split_feature=3 5 3 6 8 3 3 5 2 2 5 3 8 5 8 5 8 5
split_gain=22.5362 14.3308 14.9781 7.17746 9.93483 3.16044 2.55683 1.45046 1.81203 2.04489 2.6904 1.64716 1.44829 1.38163 1.83051 3.63637 1.70752 2.65892
threshold=1405.5000000000002 204.50000000000003 2471.5000000000005 8.5500000000000025 11112.650000000001 1374.5000000000002 1446.5000000000002 224.50000000000003 308.35000000000008 310.35000000000008 216.50000000000003 1570.5000000000002 9043.1000000000022 206.50000000000003 10823.600000000002 136.50000000000003 6224.5000000000009 67.500000000000014
decision_type=2 2 2 2 2 2 2 2 2 2 2 2 2 2 2 2 2 2
left_child=3 2 6 5 13 -1 -2 8 -3 -10 11 -11 -8 14 15 16 17 -5
right_child=1 7 -4 4 -6 -7 12 -9 9 10 -12 -13 -14 -15 -16 -17 -18 -19
leaf_value=0.019053337832116452 -0.0031742577312651966 0.011645790133064266 0.012109546060841752 0.0029377837190898118 0.014490895671254316 0.00061326071424954191 -0.013340886059582812 0.011028531474708095 -0.0052750763565192569 0.01326589181502754 -0.0062045734456065791 -0.00033748766195440625 0.0011045823736297266 0.0069400298279227906 0.0086839667626027409 -0.010430472396283858 0.0085915891376862567 -0.0091783000857707745
leaf_weight=14.720465004444124 10.312076184432952 3.0411441400647226 6.5036684460937968 10.856315868441028 15.776848644018171 3.2230232385918489 40.030249094124883 6.6538099125027648 7.6349761057645109 5.2674046419560892 2.6472981795668602 2.3295192010700703 1.0499906106851984 4.7744596339762202 2.6753323078155509 8.4084317521192116 4.2325798822566858 5.483560138847678
leaf_count=73 931 36 28 474 70 44 5015 53 128 63 38 45 42 38 12 418 121 371
internal_value=0.00143578 -0.00387357 -0.00823656 0.00791319 0.00468342 0.0161963 -0.01111 0.00511375 0.00254517 0.000138666 0.00464276 0.00919925 -0.0128591 0 -0.00115788 -0.00251397 0.000955904 -0.00127145
internal_weight=155.621 85.4701 57.896 70.151 52.2075 17.9435 51.3923 27.5742 20.9203 17.8792 10.2442 7.59692 41.0802 36.4307 31.6562 28.9809 20.5725 16.3399
internal_count=8000 6379 6016 1621 1504 117 5988 363 310 274 146 108 5057 1434 1396 1384 966 845
is_linear=0
shrinkage=0.0155488


Tree=111
num_leaves=19
num_cat=0
split_feature=3 5 7 7 6 8 7 5 6 3 7 7 8 8 2 2 6 2
split_gain=21.963 14.0375 16.2857 7.50356 7.0648 9.66532 12.8455 5.93824 4.64554 3.11963 1.79738 2.45858 1.39974 3.75374 1.31713 1.04809 2.26372 3.56449
threshold=1405.5000000000002 204.50000000000003 3534.8850000000007 8982.2450000000008 8.5500000000000025 11112.650000000001 8982.2450000000008 188.50000000000003 8.6500000000000004 1374.5000000000002 6830.4850000000015 7847.0100000000011 10129.500000000002 9238.2500000000018 310.55000000000007 310.45000000000005 10.950000000000001 308.95000000000005
decision_type=2 2 2 2 2 2 2 2 2 2 2 2 2 2 2 2 2 2
left_child=4 2 -2 -4 9 6 7 8 -6 -1 -9 14 13 15 -12 16 17 -3
right_child=1 12 3 -5 5 -7 -8 10 -10 -11 11 -13 -14 -15 -16 -17 -18 -19
leaf_value=0.01894540918371769 0.011692138773577172 0.017450045493184064 -0.01283767314501353 0.011118573019921496 0.0047856334255163046 0.014314638269240313 0.015647228220737282 0.011996666143642754 -0.013524553315717664 0.00060631970254520085 0.00064185398010632429 0.011398318742721266 0.011661551221941102 -0.010730127853418432 -0.012408235446254539 0.0090841773388487933 -0.0063838249126744115 -0.0023232286706678395
leaf_weight=14.582307457923891 7.4124161452054969 2.6694514974951833 47.650476600974798 2.2793646901845923 3.1771230883896413 15.73840971291065 8.4098085612058622 3.1262878710404021 15.177276503760366 3.2234813570976248 2.6151208472438157 1.5349829578772185 5.3042187876999369 2.8502097763121119 2.3331442438066006 9.0405659526586515 3.9309179615229368 3.8374382611364126
leaf_count=73 30 38 5977 9 20 70 36 47 1245 44 42 11 35 50 33 126 57 57
internal_value=0.00142903 -0.00383061 -0.00818609 -0.011425 0.00783059 0.00462899 8.26334e-07 -0.00503929 -0.0100561 0.0160839 0.00424287 -0.000328539 0.0050377 0.00276821 -0.00614754 0.00545499 0.00134922 0.00679217
internal_weight=154.893 84.9751 57.3423 49.9298 69.9179 52.1122 36.3737 27.9639 18.3544 17.8058 9.60954 6.48325 27.6328 22.3286 4.94827 19.4784 10.4378 6.50689
internal_count=8000 6379 6016 5986 1621 1504 1434 1398 1265 117 133 86 363 328 75 278 152 95
is_linear=0
shrinkage=0.0155488


Tree=112
num_leaves=19
num_cat=0
split_feature=3 5 7 7 6 4 5 2 7 5 3 3 5 4 3 6 2 5
split_gain=21.4567 15.5771 14.9698 15.1904 9.85001 8.04551 5.00375 3.37697 1.41045 1.32577 1.62625 2.82397 1.75663 1.57251 1.36419 1.57107 1.28841 2.2256
threshold=1380.5000000000002 201.50000000000003 3534.8850000000007 8982.2450000000008 8.5500000000000025 60.150000000000013 202.50000000000003 310.65000000000003 7445.2800000000007 224.50000000000003 1570.5000000000002 1920.5000000000002 215.50000000000003 35.95000000000001 1456.5000000000002 9.1500000000000004 310.95000000000005 188.50000000000003
decision_type=2 2 2 2 2 2 2 2 2 2 2 2 2 2 2 2 2 2
left_child=4 2 -2 -4 -1 6 7 -6 -8 10 13 12 -12 -3 15 -15 -9 -18
right_child=1 9 3 -5 5 -7 8 16 -10 -11 11 -13 -14 14 -16 -17 17 -19
leaf_value=0.019065396157987389 0.011559971495390847 0.016518182794790486 -0.012849494092418961 0.015178404425546889 -0.012384354891797289 0.012487185057603347 0.00040687722573537184 0.0082551795657728189 0.01312684927353676 0.011032409117258493 -0.011937365825680776 0.010907458418238035 0.0021945201853113914 -0.0024367146911278459 -0.0010738324103889921 0.010274240403792391 -0.0090233043589345481 0.007642724586170358
leaf_weight=15.506343498826025 7.394962638616561 1.7917620725929797 50.986087463330477 3.973123386502265 8.1927644405514055 16.861150113865733 4.6592385098338109 2.5311754141002876 4.1884903237223625 7.0132013186812392 4.2898129466921073 1.6257959119975565 2.2671051844954491 2.1061839368194359 7.8483203556388608 7.0151407299563289 3.9547530906274915 1.735432452522218
leaf_count=78 30 28 6364 16 541 158 34 57 19 55 119 17 27 19 131 85 208 14
internal_value=0.00142744 -0.00302921 -0.00761595 -0.0104635 0.00884742 0.00455792 -0.00092728 -0.0060026 0.00768614 0.00525538 0.00319438 -0.0020531 -0.00698755 0.00566069 0.0032524 0.0070279 0.000742896 -0.0029261
internal_weight=153.941 96.3115 62.3542 54.9592 57.6293 42.123 25.2619 16.4141 8.84773 33.9573 26.9441 8.18271 6.55692 18.7614 16.9696 9.12132 8.22136 5.69019
internal_count=8000 6891 6410 6380 1109 1031 873 820 53 481 426 163 146 263 235 104 279 222
is_linear=0
shrinkage=0.0155488


Tree=113
num_leaves=19
num_cat=0
split_feature=4 7 5 7 6 8 5 5 8 5 1 7 5 1 5 4 4 6
split_gain=19.6009 14.1912 13.9839 9.06975 10.4576 22.3252 5.94343 3.38711 2.74508 1.75793 1.51568 1.458 1.1891 1.75059 1.10966 0.839742 2.44053 0.607334
threshold=44.150000000000013 3534.8850000000007 202.50000000000003 8982.2450000000008 8.6500000000000004 10823.600000000002 206.50000000000003 210.50000000000003 8646.9000000000015 213.50000000000003 298.35000000000008 7617.3650000000007 209.50000000000003 300.45000000000005 175.50000000000003 30.650000000000002 35.250000000000007 9.2500000000000018
decision_type=2 2 2 2 2 2 2 2 2 2 2 2 2 2 2 2 2 2
left_child=1 -1 -3 4 14 6 -6 -8 9 12 -7 -12 13 -4 -2 -11 -17 -15
right_child=3 2 8 -5 5 10 7 -9 -10 15 11 -13 -14 17 -16 16 -18 -19
leaf_value=0.013175976892909729 0.014069513497652947 -0.013500220096493976 0.010289847132129911 0.017392018714716698 -0.011759414664615794 0.002066482894633518 0.019127441155347456 -0.0042408396196568048 -0.0082256806292696615 0.015187885902041653 0.0042498871466572731 0.016792524083322331 -0.0068017849423790341 -0.0081105566292263183 0.0040649568452258544 -0.0059647784793578022 0.010694419729738181 0.0016949677182151901
leaf_weight=7.8486400842666617 17.871098434552554 35.849404639098793 3.1333403512835556 13.701959326863287 25.086044900119308 4.8069623112678554 1.5126265883445733 2.0838238969445229 3.727598935365676 2.8782841041684133 5.1619171202182796 11.247169092297552 2.9893412478268147 1.6467356327921154 6.0294378027319899 2.4307483434677124 3.5674989335238934 1.4862427264451978
leaf_count=32 177 4851 63 60 2346 23 16 35 75 28 23 48 59 35 40 27 39 23
internal_value=0.00142638 -0.00491638 -0.00766854 0.00622419 0.0038453 -0.000194688 -0.00905551 0.00718417 0.00194083 0.00462362 0.0114511 0.0136428 0 0.00349183 0.0120249 0.00910589 0.00354737 -0.00342094
internal_weight=153.059 65.5578 57.7092 87.501 73.7991 49.8985 28.6825 3.59645 21.8598 18.1322 21.216 16.4091 9.25566 6.26632 23.9005 8.87653 5.99825 3.13298
internal_count=8000 5232 5200 2768 2708 2491 2397 51 349 274 94 71 180 121 217 94 66 58
is_linear=0
shrinkage=0.0155488


Tree=114
num_leaves=19
num_cat=0
split_feature=4 7 5 7 6 8 5 7 4 6 1 7 5 5 5 1 1 1
split_gain=19.1481 13.8705 13.8181 8.84984 10.1818 19.1814 7.53885 5.32621 2.68862 2.449 1.5044 1.45081 1.19799 1.9333 1.29506 1.79374 1.24312 1.25427
threshold=44.150000000000013 3534.8850000000007 202.50000000000003 8982.2450000000008 8.5500000000000025 10823.600000000002 206.50000000000003 6830.4850000000015 41.350000000000001 8.6500000000000004 298.35000000000008 7617.3650000000007 213.50000000000003 228.50000000000003 209.50000000000003 300.45000000000005 300.05000000000007 301.85000000000008
decision_type=2 2 2 2 2 2 2 2 2 2 2 2 2 2 2 2 2 2
left_child=1 -1 -3 4 -2 6 9 -8 12 -6 -7 -12 14 16 15 -4 -14 -18
right_child=3 2 8 -5 5 10 7 -9 -10 -11 11 -13 13 -15 -16 -17 17 -19
leaf_value=0.01302688223626595 0.013197315432537956 -0.01346772153536643 0.010826846267677152 0.017236315352300288 0.0003477424569539829 0.0020405617583301758 0.02358061680856835 -0.0047327547127228127 -0.0099701682212356424 -0.011711702069532027 0.0041949170777794195 0.016663786789261968 0.017511580611497539 -0.0022649053797076991 -0.006850454692124865 -0.0031968856498562136 -0.002440884155286848 0.010561227492981136
leaf_weight=7.8294347226619712 19.119722785428166 35.38379241945222 3.0453779641538912 13.622629106044768 4.0163785666227367 4.8081382587552097 1.911104131489991 2.2250223271548748 2.5431250669062129 24.803875195793808 5.1645388305187252 11.405541032552717 3.1142024435102922 2.577364057302475 3.0139276515692472 3.0583051815629005 2.7390209026634693 1.792522460222244
leaf_count=32 183 4851 60 60 31 23 15 38 59 2346 23 49 36 24 60 56 35 19
internal_value=0.00142228 -0.00487108 -0.00760889 0.00617297 0.00381662 0.000224762 -0.00705819 0.0100634 0.00191288 -0.00995833 0.0113927 0.0135582 0.00417076 0.00751536 0 0.00392542 0.0111005 0.00320399
internal_weight=152.174 65.0971 57.2676 87.077 73.4543 54.3346 32.9564 4.13613 21.8838 28.8203 21.3782 16.5701 19.3407 10.2231 9.11761 6.10368 7.64575 4.53154
internal_count=8000 5232 5200 2768 2708 2525 2430 53 349 2377 95 72 290 114 176 116 90 54
is_linear=0
shrinkage=0.0155488


Tree=115
num_leaves=19
num_cat=0
split_feature=4 7 9 7 6 9 0 2 2 7 1 4 7 4 7 4 4 1
split_gain=18.7075 13.5569 12.694 8.63545 9.88333 12.9742 4.22671 2.99195 3.23563 3.24519 2.84735 2.50891 2.06236 1.59006 1.55958 2.27715 1.44623 1.1897
threshold=44.150000000000013 3534.8850000000007 1.0000000180025095e-35 8982.2450000000008 8.5500000000000025 1.0000000180025095e-35 1.0000000180025095e-35 310.65000000000003 310.95000000000005 7696.4300000000012 300.25000000000006 41.350000000000001 7319.5300000000007 60.550000000000004 7445.2800000000007 46.45000000000001 46.750000000000007 299.45000000000005
decision_type=2 2 2 2 2 2 2 2 2 2 2 2 2 2 2 2 2 2
left_child=1 -1 -3 4 -2 7 14 13 12 -10 -8 -4 16 -6 15 -7 -9 -17
right_child=3 2 11 -5 5 6 10 8 9 -11 -12 -13 -14 -15 -16 17 -18 -19
leaf_value=0.012880000419282356 0.013039953215167885 -0.01338366890198618 0.0034674914614007146 0.017083142588373571 -0.012104990636684016 0.015261484404652545 -0.009942119133422616 -0.0013713926239475923 -0.012576056537114232 0.0031420465312527804 0.0072961882982417346 -0.010066097610968267 -0.0019984943065198702 0 0.017672592019334774 0.0055554004762156939 0.01999466385410997 -0.0068831360548745456
leaf_weight=7.8099440187215796 19.065031812526286 34.139441562350839 20.082618050277237 13.542846485972403 14.424290908966219 2.1520009832456735 3.1956682978197923 0.38849612371996034 5.242809596937148 4.8661547745577991 3.5143652223050594 2.6135180816054335 1.5633269567042587 3.1239628493785849 8.6894459081813675 2.228959184139967 2.0459359213709831 2.6015038322657347
leaf_count=32 183 4783 349 60 1469 29 35 52 475 151 30 68 67 67 44 20 59 27
internal_value=0.00141808 -0.00482597 -0.00754917 0.00612289 0.00378858 0.000234806 0.00908523 -0.00601303 -0.000289293 -0.00515609 -0.000701072 0.00130595 0.00958536 -0.0100855 0.013246 0.00542893 0.016229 -0.000548012
internal_weight=151.29 64.6455 56.8356 86.6448 73.102 54.0369 22.3819 31.655 14.1067 10.109 6.71003 22.6961 3.99776 17.5483 15.6719 6.98246 2.43443 4.83046
internal_count=8000 5232 5200 2768 2708 2525 185 2340 804 626 65 417 178 1536 120 76 111 47
is_linear=0
shrinkage=0.0155488


Tree=116
num_leaves=19
num_cat=0
split_feature=4 7 5 7 6 8 0 5 7 8 6 5 5 8 4 4 4 6
split_gain=18.268 13.2537 13.4899 8.43926 9.60543 18.4543 12.7133 7.31782 5.1568 2.5988 2.39579 1.66211 1.14658 1.01293 0.955071 0.828011 2.35671 0.421548
threshold=44.150000000000013 3534.8850000000007 202.50000000000003 8982.2450000000008 8.5500000000000025 10823.600000000002 1.0000000180025095e-35 206.50000000000003 6830.4850000000015 8646.9000000000015 8.6500000000000004 213.50000000000003 206.50000000000003 7129.1500000000005 39.350000000000001 30.650000000000002 35.250000000000007 7.8500000000000005
decision_type=2 2 2 2 2 2 2 2 2 2 2 2 2 2 2 2 2 2
left_child=1 -1 17 4 -2 7 -7 10 -9 11 -6 12 13 -4 -14 -13 -17 -3
right_child=3 2 9 -5 5 6 -8 8 -10 -11 -12 15 14 -15 -16 16 -18 -19
leaf_value=0.012735271752954927 0.012884079877257098 0 -0.0014544528989599819 0.016932412247864202 0.00030790267355455521 0.017914397961800669 -0.0077261854794050582 0.023032305365778657 -0.0047314000880568328 -0.0081122111932106378 -0.011634739109553387 0.014722501579449758 -0.0071277865927161848 0.011507167571936028 0.0041400377142146328 -0.0059857878090732409 0.010326841184655329 -0.013682643839222207
leaf_weight=7.7901872098445883 19.011144932359457 0.90254536271095176 1.5073355957865771 13.462663903832434 4.0147039704024818 15.906780973076822 5.3724266216158858 1.94351191446185 2.2244603335857391 3.6660559009760609 24.347927914001048 2.9316524155437929 4.8557177670300007 1.743633911013603 1.1757204867899416 2.4369267486035824 3.6252123937010765 33.584611296653748
leaf_count=32 183 70 40 60 31 67 28 15 38 75 2346 28 90 33 17 27 39 4781
internal_value=0.00140933 -0.00478375 -0.00749169 0.00606518 0.00375332 0.000239115 0.0112008 -0.00696589 0.00982378 0.00185374 -0.00987246 0.00443978 0 0.0059031 -0.00407005 0.00876521 0.0033402 -0.0134028
internal_weight=150.503 64.2196 56.4294 86.2836 72.821 53.8098 21.2792 32.5306 4.16797 21.9423 28.3626 18.2762 9.28241 3.25097 6.03144 8.99379 6.06214 34.4872
internal_count=8000 5232 5200 2768 2708 2525 95 2430 53 349 2377 274 180 73 107 94 66 4851
is_linear=0
shrinkage=0.0155488


Tree=117
num_leaves=19
num_cat=0
split_feature=7 6 5 7 7 8 1 1 2 1 7 7 7 1 6 1 7 5
split_gain=16.646 16.0543 15.1192 14.1271 4.43911 8.80228 3.41693 1.61663 1.54966 1.40398 2.23488 2.50647 2.06504 1.91775 2.62076 1.5935 1.52588 1.41252
threshold=7696.4300000000012 8.6500000000000004 202.50000000000003 3534.8850000000007 8982.2450000000008 10823.600000000002 300.75000000000006 302.05000000000007 309.35000000000008 300.55000000000007 5386.7750000000005 5982.1650000000009 6297.9800000000005 301.55000000000007 9.3500000000000032 299.15000000000003 6090.2000000000007 221.50000000000003
decision_type=2 2 2 2 2 2 2 2 2 2 2 2 2 2 2 2 2 2
left_child=1 7 3 -3 5 6 -2 -1 -7 10 15 -12 -13 17 16 -4 -15 -11
right_child=4 2 9 -5 -6 8 -8 -9 -10 13 11 12 -14 14 -16 -17 -18 -19
leaf_value=0.00078923647239714572 -0.012111819343503742 0.0093320133465533972 0.0016661241795389854 -0.013173921863129347 0.016784041374086289 0.0032917842547921109 0.0024351582004150029 0.011443215573042962 0.016439171208601843 -0.010134409171307686 -0.0062937615081023338 0.015233115897879488 0.0010576737270425393 0 -0.0061114123914081681 0.022642584289531954 0.018269380621943686 0.0028398123589853902
leaf_weight=5.4244026313535896 5.0347736664116409 6.7531496882438651 2.1737098172307081 45.815888667944819 13.382131114602087 4.5528065785765639 8.6898472616448981 17.69976839562878 10.577251270413397 4.6199263446032983 4.2327438350766888 2.9344967380166045 8.3522242419421655 1.8754941914230587 1.9774981234222648 1.7170616462826727 1.9429949708282945 1.8259091749787328
leaf_count=136 402 28 31 6249 60 22 201 433 47 69 66 42 103 26 27 22 18 18
internal_value=0.00140385 -0.00183421 -0.00501865 -0.0100623 0.00953877 0.00549553 -0.00320777 0.00926991 0.013269 0.0033048 0.00580001 0.00234673 0.00619744 -0.00053644 0.0050827 0.0149173 0.0117169 -0.00609419
internal_weight=149.582 107.345 84.2211 52.569 42.2368 28.8547 13.7246 23.1242 15.1301 31.6521 19.4102 15.5195 11.2867 12.2418 5.79599 3.89077 3.81849 6.44584
internal_count=8000 7268 6699 6277 732 672 603 569 69 422 264 211 145 158 71 53 44 87
is_linear=0
shrinkage=0.0155488


Tree=118
num_leaves=19
num_cat=0
split_feature=8 6 0 5 8 5 8 8 1 2 2 8 1 8 8 5 5 1
split_gain=15.1744 17.8378 8.74656 6.56628 2.60462 1.97006 1.89578 1.49075 1.48691 2.18466 1.90028 1.58772 1.32932 1.17942 1.10457 1.08763 1.58446 0.967867
threshold=10823.600000000002 8.6500000000000004 1.0000000180025095e-35 202.50000000000003 1912.5500000000002 85.500000000000014 9826.3000000000011 11112.650000000001 300.55000000000007 310.65000000000003 308.55000000000007 9238.2500000000018 296.75000000000006 7176.9500000000007 9949.3000000000011 226.50000000000003 208.50000000000003 301.45000000000005
decision_type=2 2 2 2 2 2 2 2 2 2 2 2 2 2 2 2 2 2
left_child=1 -1 7 4 5 17 8 -2 9 10 -5 13 -6 -12 -14 16 -10 -3
right_child=2 3 -4 6 12 -7 -8 -9 15 -11 11 -13 14 -15 -16 -17 -18 -19
leaf_value=0.0094585574437353066 0.006879801112057056 -0.0057706105915270355 -0.0019886776720796748 0.010108753898132299 0.0016742149134918044 0.0086425777669198039 -0.0069910179483806982 0.020450300230464291 0.0035656345246592668 0.020255420120571375 0.0023537970693343875 0.0092386980416124375 -0.0097462050270251867 -0.0090727862040584431 0.00023034775984173505 0.0075963926278002089 -0.0091063347814457837 0.0013202538435726498
leaf_weight=29.214389115106314 5.4221930503845277 13.814776664599782 7.1110061109066001 4.8164901919663006 1.871347022242843 2.3516089194454244 3.0464132670313111 13.090497598052023 2.8268919214606267 1.4638174697756756 2.2522187028080225 1.3042515870183704 43.591861929278821 4.1184278093278408 1.9968920005485404 1.4217723309993742 4.1159480549395084 5.0246510049328199
leaf_count=622 22 1429 35 68 134 27 54 61 45 19 40 19 4863 72 59 11 67 353
internal_value=0.00140076 -0.000870154 0.0119997 -0.00420169 -0.00668171 -0.00177608 0.00236424 0.0173543 0.00410629 0.00703666 0.00351209 -0.00102951 -0.00869171 -0.00480355 -0.00923255 -0.000660513 -0.00371921 -0.00372324
internal_weight=148.855 123.232 25.6237 94.0174 68.6511 21.191 25.3662 18.5127 22.3198 13.9552 12.4914 7.6749 47.4601 6.37065 45.5888 8.36461 6.94284 18.8394
internal_count=8000 7882 118 7260 6865 1809 395 83 341 218 199 131 5056 112 4922 123 112 1782
is_linear=0
shrinkage=0.0155488


Tree=119
num_leaves=19
num_cat=0
split_feature=3 5 7 7 6 7 0 1 1 7 5 3 3 5 7 7 5 6
split_gain=18.8405 13.9265 13.3183 13.7249 9.32038 6.41648 1.61098 3.05201 1.46756 1.31598 1.24089 1.54979 2.72528 1.68888 1.60369 3.23441 2.5969 1.09832
threshold=1380.5000000000002 201.50000000000003 3534.8850000000007 8982.2450000000008 8.5500000000000025 8056.6750000000002 1.0000000180025095e-35 302.05000000000007 302.35000000000008 8982.2450000000008 224.50000000000003 1570.5000000000002 1920.5000000000002 215.50000000000003 6830.4850000000015 7716.3650000000007 211.50000000000003 9.6500000000000004
decision_type=2 2 2 2 2 2 2 2 2 2 2 2 2 2 2 2 2 2
left_child=4 2 -2 -4 -1 6 8 -8 -6 -7 11 14 13 -13 16 -16 17 -3
right_child=1 10 3 -5 5 9 7 -9 -10 -11 -12 12 -14 -15 15 -17 -18 -19
leaf_value=0.018628158959264396 0.010728270890997779 0.019926974542506606 -0.012656030026254613 0.014338873415248381 0.0033239946466542361 0.0053087379044317734 -0.01337262790564047 0.0068610380555148929 -0.0082363659582579494 0.014887347685869551 0.010393529521427036 -0.011925754027389907 0.010449943996400569 0.0018965717859885359 -0.0080396725346720821 0.0096114552324464021 0 0.0034752643805441097
leaf_weight=14.81386739015579 7.2754849940538397 3.2703412510454708 47.510546431411058 3.862255558371543 12.440452311187984 11.642528996802868 4.6442881845869115 1.4101829295977948 1.972188677638768 8.6699563562870008 7.0902315825223914 4.2682902095839363 1.6555997896939514 2.3141328021883965 4.420125648379325 3.2559443954378366 4.9621820282191038 2.9174012197181582
leaf_count=78 30 48 6364 16 441 181 277 51 41 40 55 119 17 27 73 15 77 50
internal_value=0.00139308 -0.00286036 -0.00742512 -0.0102622 0.0084682 0.00424336 -0.00173626 -0.00776641 0.000967275 0.0101993 0.00485485 0.00287465 -0.00221388 -0.00704607 0.00529222 0 0.00875402 0.0145693
internal_weight=148.396 92.8025 58.6483 51.3728 55.5935 40.7796 20.4671 6.05447 14.4126 20.3125 34.1542 27.064 8.23802 6.58242 18.826 7.67607 11.1499 6.18774
internal_count=8000 6891 6410 6380 1109 1031 810 328 482 221 481 426 163 146 263 88 175 98
is_linear=0
shrinkage=0.0155488


Tree=120
num_leaves=19
num_cat=0
split_feature=3 3 8 6 4 8 4 6 7 4 8 1 1 3 1 6 1 7
split_gain=18.3328 9.76838 13.822 9.19914 7.19166 8.50964 3.83986 3.75745 2.89516 2.34063 5.46371 2.45299 4.74807 2.04514 1.54986 1.53571 1.43461 1.26947
threshold=1380.5000000000002 2267.5000000000005 7581.3000000000011 8.5500000000000025 65.000000000000014 10823.600000000002 61.45000000000001 8.8500000000000032 7716.3650000000007 31.050000000000004 4198.5000000000009 300.75000000000006 299.15000000000003 1566.5000000000002 303.55000000000007 9.0500000000000025 298.85000000000008 6164.1600000000008
decision_type=2 2 2 2 2 2 2 2 2 2 2 2 2 2 2 2 2 2
left_child=3 2 6 -1 5 7 9 -5 13 10 -2 12 -12 -4 -11 -10 -7 -9
right_child=1 -3 8 4 -6 16 -8 17 15 14 11 -13 -14 -15 -16 -17 -18 -19
leaf_value=0.018530773051247895 -0.012037653285989929 0.012421285254713239 -0.0010825670647902144 0.0036428350139763397 0.015741911226944787 0.00060598490093141417 0.010265909310439643 0.00374771314766491 0 -0.012741513541599095 -0.0042619077790795349 -0.0051260149123515501 0.021487114515903755 0.011732550106280078 0 0.014322766637372284 0.01204644959183788 -0.011979786072978839
leaf_weight=14.667854949831961 8.0595261566340906 7.8905739095062009 20.511835406534381 5.0518962070345941 8.7159712724387628 4.6288083642721167 1.2291641384363163 0.41184375016018648 1.7144582397304464 35.418651916086674 2.1156732081435612 2.3888497366569936 2.6753325276076794 2.2144540646113446 1.9183268360793579 6.0879121059551835 9.8618319779634458 12.033185577020047
leaf_count=78 1071 60 650 45 48 23 5 23 19 4376 124 138 107 35 215 91 44 848
internal_value=0.00139112 -0.00282019 -0.00445114 0.00838107 0.00419041 0.000455273 -0.00913802 -0.0065216 0.00372259 -0.00989012 -0.00391677 0.00517418 0.0109454 0.000550133 -0.0120234 0.0111906 0.00897355 -0.0108848
internal_weight=147.596 92.2248 84.3342 55.3714 40.7035 31.9876 53.8055 17.4969 30.5287 52.5764 15.2394 7.17986 4.79101 22.7263 37.337 7.80237 14.4906 12.445
internal_count=8000 6891 6831 1109 1031 983 6036 916 795 6031 1440 369 231 685 4591 110 67 871
is_linear=0
shrinkage=0.0155488


Tree=121
num_leaves=19
num_cat=0
split_feature=7 6 5 7 7 5 0 1 1 7 1 7 7 7 1 6 7 1
split_gain=15.4411 14.7183 14.3914 13.4014 4.32351 7.45357 7.43344 3.94188 1.58873 1.35845 1.33292 2.11261 2.39565 2.01013 1.86197 2.56583 1.94186 1.45628
threshold=7696.4300000000012 8.6500000000000004 202.50000000000003 3534.8850000000007 8982.2450000000008 186.50000000000003 1.0000000180025095e-35 300.75000000000006 302.05000000000007 5440.5250000000005 300.55000000000007 5386.7750000000005 5982.1650000000009 6297.9800000000005 301.55000000000007 9.3500000000000032 6154.8350000000009 299.15000000000003
decision_type=2 2 2 2 2 2 2 2 2 2 2 2 2 2 2 2 2 2
left_child=1 8 3 -3 5 7 -7 -2 -1 -10 11 17 -13 -14 -12 16 -16 -4
right_child=4 2 10 -5 -6 6 -8 -9 9 -11 14 12 13 -15 15 -17 -18 -19
leaf_value=0.00053468973863263995 -0.01226430282695575 0.0089918359282882155 0.0016012561510298602 -0.013066879736569566 0.016473542860106577 0.018973764112825142 -0.0040554639422370579 0.0033121367974984772 0 0.012456643433223615 -0.0060496617034380288 -0.0062305343200177513 0.014833566796757026 0.00092233898232627683 0 -0.0061065176042754384 0.019302908786201486 0.02168495645681098
leaf_weight=5.3769849254749742 5.0019262335263219 6.6912884414196006 2.1757545862346954 43.964730851352215 13.16591866314411 10.525155061390249 3.8733648513443759 8.9974503088742477 1.8394600325264061 15.65971105545759 6.4044172465801221 4.2003593277186146 2.9814950171858063 8.3415492791682464 1.9894930198788645 1.9649972785264251 1.8264487441629169 1.7829987984150646
leaf_count=136 386 28 31 6249 60 59 30 197 105 328 87 66 42 103 28 27 16 22
internal_value=0.00138859 -0.00176529 -0.00486465 -0.00993316 0.00928023 0.00526364 0.012703 -0.00254798 0.00890419 0.0110643 0.00319519 0.00561785 0.00224281 0.005998 -0.000553432 0.00498101 0.0115483 0.0144101
internal_weight=146.764 105.2 82.3235 50.656 41.5638 28.3979 14.3985 13.9994 22.8762 17.4992 31.6675 19.4822 15.5234 11.323 12.1854 5.78094 3.81594 3.95875
internal_count=8000 7268 6699 6277 732 672 89 583 569 433 422 264 211 145 158 71 44 53
is_linear=0
shrinkage=0.0155488


Tree=122
num_leaves=19
num_cat=0
split_feature=7 6 5 7 7 8 2 2 7 6 5 5 7 7 2 7 7 7
split_gain=15.0377 14.3093 14.1813 13.1895 4.23443 8.16175 1.52467 1.07859 2.8115 3.77224 2.36092 1.74858 1.39551 2.6797 2.30214 1.24242 0.981312 0.926992
threshold=7696.4300000000012 8.6500000000000004 202.50000000000003 3534.8850000000007 8982.2450000000008 10823.600000000002 309.35000000000008 308.55000000000007 6272.5550000000012 10.950000000000001 224.50000000000003 216.50000000000003 6199.1450000000013 6841.1400000000012 310.55000000000007 5542.0000000000009 6660.3400000000011 3534.8850000000007
decision_type=2 2 2 2 2 2 2 2 2 2 2 2 2 2 2 2 2 2
left_child=1 16 3 -3 5 -2 -7 8 9 -4 11 12 14 -14 -9 -16 17 -1
right_child=4 2 7 -5 -6 6 -8 10 -10 -11 -12 -13 13 -15 15 -17 -18 -19
leaf_value=0.013174111650322926 -0.0032697177822586469 0.0088922667434516035 0.0261382053340561 -0.013030637087442386 0.01633211386862694 0.0029353969289816592 0.015897829065206915 -0.011103747540137885 -0.0017566827664956962 0 0.0091938699797266144 -0.0084593393081699927 0.013550823125710456 -0.0023628967880797709 0.010867055021462882 -0.0029907633796206149 0.011468494136171752 0.00063064235312510983
leaf_weight=0.75040069222450512 13.397338107693942 6.6750740110874167 1.8663138952106266 43.4093131958507 13.084858313202856 4.5064306557178488 10.370238065719603 3.2303379978984648 3.0877765547484159 1.9135660566389558 5.6464101970195761 4.7217332366853944 3.6706482917070389 4.0080512352287769 1.8010219540446999 1.7455337885767219 13.719885936938224 8.4179361248388869
leaf_count=3 603 28 23 6249 60 22 47 67 37 23 41 66 58 51 31 25 159 407
internal_value=0.00138407 -0.00173612 -0.00481107 -0.00988906 0.00919041 0.00520557 0.0127398 0.00316773 0.0082136 0.0155412 0.00129858 -0.00125642 0.0013355 0.00564241 -0.00318325 0.00423868 0.00877216 0.00347905
internal_weight=146.023 104.664 81.7758 50.0844 41.3589 28.274 14.8767 31.6914 6.86766 3.77988 24.8237 19.1773 14.4556 7.6787 6.77689 3.54656 22.8882 9.16834
internal_count=8000 7268 6699 6277 732 672 69 422 83 46 339 298 232 109 123 56 569 410
is_linear=0
shrinkage=0.0155488


Tree=123
num_leaves=19
num_cat=0
split_feature=3 5 3 4 6 4 8 6 1 5 3 3 8 3 5 6 6 6
split_gain=17.3592 13.0962 11.3715 11.7163 9.00352 6.80431 8.06244 3.59357 1.36136 1.14736 1.48185 2.65748 1.70196 1.98872 1.6716 1.48928 1.29664 0.994635
threshold=1380.5000000000002 201.50000000000003 2471.5000000000005 57.850000000000001 8.5500000000000025 65.000000000000014 10823.600000000002 8.8500000000000032 298.85000000000008 224.50000000000003 1570.5000000000002 1920.5000000000002 7822.8500000000013 1456.5000000000002 215.50000000000003 9.1500000000000004 10.350000000000003 10.750000000000002
decision_type=2 2 2 2 2 2 2 2 2 2 2 2 2 2 2 2 2 2
left_child=4 2 3 -2 -1 6 7 -6 -8 10 12 14 -3 15 -12 -14 -15 -17
right_child=1 9 -4 -5 5 -7 8 -9 -10 -11 11 -13 13 16 -16 17 -18 -19
leaf_value=0.018363229168574916 -0.012505591424044483 0.013970129356182958 0.010712564607237537 0.0094774088530069547 0.0034499563544195333 0.01540688909319443 0.00054719315662423026 -0.010799797230843679 0.01172552081448232 0.0099751863043757837 -0.011898027950570716 0.010234437707268089 -0.0024668176294228763 -0.0087450148367278005 0.0018635624501606842 0.013280477501635612 0.0026934951937327271 0
leaf_weight=14.39804035425186 44.759581466671079 3.1269766483455959 6.2495278343558303 5.5900239255279294 5.0583133269101443 8.5395921543240529 4.6138850152492514 12.136249968782066 9.7755831778049451 7.1647680513560763 4.2328266752883774 1.6706381049007175 2.0496387463062984 3.6778668342158189 2.3172734752297401 4.7176983468234539 3.0931765818968415 2.1806981386616826
leaf_count=78 6335 48 28 47 45 48 23 871 44 55 119 17 18 65 27 56 49 27
internal_value=0.00138063 -0.00274734 -0.00730508 -0.00982058 0.00823444 0.00406356 0.000411423 -0.00644925 0.00871633 0.00467199 0.00275539 -0.00221877 0.00511967 0.00223622 -0.00701587 0.00679887 -0.0034329 0.00998057
internal_weight=145.352 90.8307 56.5991 50.3496 54.5217 40.1236 31.584 17.1946 14.3895 34.2316 27.0668 8.22074 18.8461 15.7191 6.5501 8.94804 6.77104 6.8984
internal_count=8000 6891 6410 6382 1109 1031 983 916 67 481 426 163 263 215 146 101 114 83
is_linear=0
shrinkage=0.0155488


Tree=124
num_leaves=19
num_cat=0
split_feature=4 7 5 7 2 8 5 8 5 2 7 8 5 7 2 5 5 5
split_gain=15.8277 11.6423 12.3911 7.33758 6.8328 4.79665 4.15094 2.65352 4.21368 3.57626 2.54756 2.50366 1.54195 1.43228 1.41555 1.31098 1.11433 0.972319
threshold=44.150000000000013 3534.8850000000007 202.50000000000003 8982.2450000000008 309.65000000000003 11112.650000000001 206.50000000000003 10823.600000000002 174.50000000000003 312.05000000000007 7445.2800000000007 8646.9000000000015 213.50000000000003 6724.505000000001 310.85000000000008 219.50000000000003 206.50000000000003 202.50000000000003
decision_type=2 2 2 2 2 2 2 2 2 2 2 2 2 2 2 2 2 2
left_child=1 -1 -3 4 5 13 7 8 9 10 -6 12 16 17 -14 -15 -4 -2
right_child=3 2 11 -5 6 -7 -8 -9 -10 -11 -12 -13 14 15 -16 -17 -18 -19
leaf_value=0.011981934756609223 -0.0045982356806362002 -0.013222397182326409 0.0056599142382827809 0.016118068816543631 0.010093352957741083 0.005992808868682589 0.014508942653748374 0.012448473454356328 -0.0095542226021080989 -0.010063507420844371 0 -0.0081624550139793809 0.0023773175859882413 -0.01227101594358267 0.015759274188639216 0.0020701368068390788 -0.0041233812263397601 0.010499831611206625
leaf_weight=7.6601592898368827 0.86421153321862465 31.644025808665901 3.2941976021975332 12.936943009495733 14.858494343236094 6.5307477042078963 11.475819472223519 5.9881306588649741 5.1937178359366944 2.4222264997661105 10.340606406796722 3.6876095756888381 6.337036691606043 10.948186302091923 2.8153000175952911 0.88420377671718675 6.0494274459779263 0.59432221576571465
leaf_count=32 115 4851 73 60 669 30 71 27 199 194 396 75 67 996 27 5 107 6
internal_value=0.00137964 -0.00451299 -0.00714803 0.00579087 0.00358308 -0.00385956 0.00661425 0.00380492 0.00171731 0.00429066 0.00622475 0.00159479 0.0041271 -0.00906402 0.00825782 -0.0108101 -5.08987e-05 0.00213295
internal_weight=144.525 61.4878 53.8276 83.0376 70.1007 19.8217 50.279 38.8032 32.815 27.6213 25.1991 22.1836 18.496 13.2909 9.15234 11.8324 9.34363 1.45853
internal_count=8000 5232 5200 2768 2708 1152 1556 1485 1458 1259 1065 349 274 1122 94 1001 180 121
is_linear=0
shrinkage=0.0155488


Tree=125
num_leaves=19
num_cat=0
split_feature=3 9 7 4 6 8 7 6 8 4 7 4 6 8 3 3 8 4
split_gain=16.6379 11.3729 11.8793 12.4788 8.90671 6.59628 7.64654 2.72546 2.67594 1.59925 1.37561 0.941103 1.99271 1.88331 0.836549 1.1923 1.09911 1.92086
threshold=1380.5000000000002 1.0000000180025095e-35 3534.8850000000007 57.850000000000001 8.5500000000000025 11112.650000000001 8982.2450000000008 8.6500000000000004 10823.600000000002 60.150000000000013 6164.1600000000008 45.850000000000001 9.1500000000000004 8646.9000000000015 2089.5000000000005 1578.5000000000002 7677.1000000000013 30.650000000000002
decision_type=2 2 2 2 2 2 2 2 2 2 2 2 2 2 2 2 2 2
left_child=4 2 -2 -4 -1 6 7 -6 10 -7 -9 13 -13 14 15 -3 17 -17
right_child=1 11 3 -5 5 9 -8 8 -10 -11 -12 12 -14 -15 -16 16 -18 -19
leaf_value=0.018249990897369679 0.010100991564235037 0.0064563467584480855 -0.012816500509112172 0.010313975132624366 0.004452888207024777 0.0051682992706151894 0.012630703811460314 0.0038488506813752852 0.0014067417967870311 0.018370525523333504 -0.012768835308145089 -0.0015978807326600571 0.011756493859915699 -0.00520870769685443 0.013177047129371691 0.0020747172858134283 0.0076045300152392248 -0.011158409272443201
leaf_weight=14.205326616764067 7.1562217324972144 8.799340578727433 42.235342334955931 5.3458221144974223 4.2000062614679399 6.7937659174203855 6.6450875699520102 0.40309347724542277 4.3284161910414687 5.8822222650051117 11.564808152150361 2.8628489933907968 7.3692796546965837 5.1796863451600066 1.3591012014076103 4.8941235691308957 1.4372944682836521 3.2213353393599391
leaf_count=78 30 137 6274 46 18 32 31 23 21 28 878 19 78 103 12 93 17 82
internal_value=0.00137136 -0.00269284 -0.00708675 -0.00994223 0.00810965 0.00395464 -0.000355462 -0.00522483 -0.00807739 0.0126661 -0.011608 0.00405724 0.00791683 0.0020219 0.00430211 0.00265317 -0.000834247 -0.00355247
internal_weight=143.883 89.8604 54.7374 47.5812 54.0227 39.8174 27.1414 20.4963 16.2963 12.676 11.9679 35.123 10.2321 24.8909 19.7112 18.3521 9.55275 8.11546
internal_count=8000 6891 6350 6320 1109 1031 971 940 922 60 901 541 97 444 341 329 192 175
is_linear=0
shrinkage=0.0155488


Tree=126
num_leaves=19
num_cat=0
split_feature=3 5 4 4 6 4 3 5 3 3 5 6 4 2 1 1 4 1
split_gain=16.275 12.411 10.7947 11.4877 8.74142 6.48052 1.73406 1.10662 1.39922 2.5702 1.63832 1.35538 0.9617 1.49661 1.4616 3.01122 2.1218 1.61581
threshold=1380.5000000000002 201.50000000000003 15.750000000000002 57.850000000000001 8.5500000000000025 65.000000000000014 2651.0000000000005 224.50000000000003 1570.5000000000002 1920.5000000000002 215.50000000000003 8.9500000000000011 60.150000000000013 309.75000000000006 302.35000000000008 302.05000000000007 55.550000000000004 299.45000000000005
decision_type=2 2 2 2 2 2 2 2 2 2 2 2 2 2 2 2 2 2
left_child=4 2 6 -4 -1 12 -2 8 11 10 -10 -3 13 -6 15 16 17 -15
right_child=1 7 3 -5 5 -7 -8 -9 9 -11 -12 -13 -14 14 -16 -17 -18 -19
leaf_value=0.018159157614736181 0.00077195163684159866 -0.0027199169526193777 -0.012792163228251274 0.0091216926931112843 -0.0064665229904415679 0.015113836491301625 0.015851113142274449 0.0096996367889852012 -0.01184284140622725 0.0099751358224017418 0.0017907973747661764 0.0067967005086794182 0.0049115344491270042 0.0037296005985502779 -0.0062086766143632987 0.014857488332286093 0.0075235849669267 -0.009851860779377471
leaf_weight=14.061751239001749 4.4542389828711739 3.2131012361496749 41.905071938410401 5.5608664602041236 7.2890954446047607 8.3644952923059446 3.1006660647690296 7.2044240161776534 4.1733218412846309 1.68914533033967 2.3286926001310349 15.720211359672247 7.3767979722470036 1.9430553996935502 3.216236248612403 3.022419709712266 3.595389736816287 4.7962908172048628
leaf_count=78 45 38 6304 47 408 48 14 55 119 17 27 225 110 49 83 39 73 221
internal_value=0.00137217 -0.00265738 -0.00719934 -0.00997835 0.00805933 0.00393494 0.0087649 0.00451132 0.00263247 -0.00220487 -0.00696025 0.00492283 0.000358764 -0.00106919 0.00137464 0.00383775 -0.000303641 -0.00548328
internal_weight=143.015 89.3497 55.0208 47.4659 53.6655 39.6038 7.55491 34.3289 27.1245 8.19116 6.50201 18.9333 31.2393 23.8625 16.5734 13.3572 10.3347 6.73935
internal_count=8000 6891 6410 6351 1109 1031 59 481 426 163 146 263 983 873 465 382 343 270
is_linear=0
shrinkage=0.0155488


Tree=127
num_leaves=19
num_cat=0
split_feature=4 7 9 7 6 9 0 2 2 7 1 4 7 4 7 4 4 1
split_gain=14.8369 10.9824 11.1221 6.93349 7.77865 10.4834 3.80215 2.75797 3.0626 2.83345 2.63486 2.32109 2.04388 1.42525 1.41976 2.15828 1.19816 1.1613
threshold=44.150000000000013 3534.8850000000007 1.0000000180025095e-35 8982.2450000000008 8.5500000000000025 1.0000000180025095e-35 1.0000000180025095e-35 310.65000000000003 310.95000000000005 7696.4300000000012 300.25000000000006 41.350000000000001 7319.5300000000007 60.550000000000004 7445.2800000000007 46.45000000000001 47.650000000000013 299.45000000000005
decision_type=2 2 2 2 2 2 2 2 2 2 2 2 2 2 2 2 2 2
left_child=1 -1 -3 4 -2 7 14 13 12 -10 -8 -4 16 -6 15 -7 -9 -17
right_child=3 2 11 -5 5 6 10 8 9 -11 -12 -13 -14 -15 -16 17 -18 -19
leaf_value=0.011657540526743226 0.011957141664489326 -0.013077938174961409 0.0030620835986993732 0.015783817967278031 -0.011792651931225671 0.014396296870076914 -0.0098814023980054663 0 -0.012308399164770844 0.0027604376099580026 0.0066773290419448487 -0.010002433798285987 -0.0021242317552573556 0 0.016598168943933626 0.0051809861912957547 0.021198848106332761 -0.0071094962703580301
leaf_weight=7.6057293862104407 17.926246013492346 29.778849721886218 20.401183347217742 12.721511363983153 13.05207055388019 2.2006815113127258 3.1671590367332092 0.84210315393283952 4.7380053354427201 4.7013514549471438 3.5487244082614779 2.577010049019008 1.4803651701658962 2.9921107664704314 8.2606610124930722 2.2016478572040796 1.526046074926853 2.5777425225824118
leaf_count=32 183 4783 349 60 1469 29 35 68 475 151 30 68 67 67 44 20 43 27
internal_value=0.00136902 -0.00439311 -0.00699371 0.00566247 0.00350157 0.000259641 0.00820282 -0.00565233 -2.81238e-05 -0.00499602 -0.000972462 0.000999286 0.00964429 -0.00975035 0.0122474 0.00489772 0.0162628 -0.000908538
internal_weight=142.299 60.3628 52.757 81.9364 69.2149 51.2887 21.9566 29.3321 13.2879 9.43936 6.71588 22.9782 3.84851 16.0442 15.2407 6.98007 2.36815 4.77939
internal_count=8000 5232 5200 2768 2708 2525 185 2340 804 626 65 417 178 1536 120 76 111 47
is_linear=0
shrinkage=0.0155488


Tree=128
num_leaves=19
num_cat=0
split_feature=3 5 4 4 6 4 5 0 6 3 4 1 5 3 3 5 6 4
split_gain=15.6196 11.9136 10.4193 11.125 8.55462 6.22785 6.1857 4.20945 2.8706 1.71977 1.58068 2.0656 1.07531 1.34191 2.5127 1.61687 1.31916 0.844602
threshold=1380.5000000000002 201.50000000000003 15.750000000000002 57.850000000000001 8.5500000000000025 65.000000000000014 188.50000000000003 1.0000000180025095e-35 8.8500000000000032 2651.0000000000005 53.150000000000013 299.25000000000006 224.50000000000003 1570.5000000000002 1920.5000000000002 215.50000000000003 8.9500000000000011 39.150000000000013
decision_type=2 2 2 2 2 2 2 2 2 2 2 2 2 2 2 2 2 2
left_child=4 2 9 -4 -1 6 8 10 -6 -2 11 -8 13 16 15 -15 -3 -18
right_child=1 12 3 -5 5 -7 7 -9 -10 -11 -12 -13 -14 14 -16 -17 17 -19
leaf_value=0.018022718536363235 0.00064745349318337975 -0.0027557910476220626 -0.01272529644183628 0.0089066564571044348 0.003883245941657878 0.014888978010788194 0.01132111324517493 -0.0046324695155452282 -0.010016359679482964 0.015649183142035991 0.016210720716121216 -0.0049426789899158175 0.0094707186799268001 -0.01181011713293887 0.0097883933028712761 0.0017371625239061526 0.011886522427734164 0.0031733339714427292
leaf_weight=13.825947701930998 4.4387581348419181 3.2162301549688044 40.952708350494504 5.5367786865681401 3.7583086770027903 8.2545993961393815 2.3061594208702427 4.2753084423020473 11.507200188934801 3.0733344256877899 6.6343282517045736 2.5877424031496048 7.243941005319356 4.139766573905943 1.7033731024712322 2.3376836888492107 4.5869320193305603 11.208374550566075
leaf_count=78 45 38 6304 47 38 48 21 37 825 14 36 26 55 119 17 27 63 162
internal_value=0.00136082 -0.002607 -0.0071276 -0.00990328 0.00794233 0.00385897 0.000348667 0.00701341 -0.00632653 0.00857654 0.0116641 0.00283628 0.00437555 0.00252772 -0.00220846 -0.00693091 0.00476615 0.00661298
internal_weight=141.587 88.4379 54.0016 46.4895 53.1496 39.3236 31.069 15.8035 15.2655 7.51209 11.5282 4.8939 34.4363 27.1924 8.18082 6.47745 19.0115 15.7953
internal_count=8000 6891 6410 6351 1109 1031 983 120 863 59 83 47 481 426 163 146 263 225
is_linear=0
shrinkage=0.0155488


Tree=129
num_leaves=19
num_cat=0
split_feature=4 7 7 6 8 0 7 8 8 4 6 4 8 6 2 2 2 4
split_gain=14.2434 10.5765 6.69072 7.39779 14.5539 11.6702 5.53429 4.84928 4.80401 2.82397 2.46119 1.81999 2.66762 2.30163 4.18042 2.27847 2.01498 1.61628
threshold=44.150000000000013 3534.8850000000007 8982.2450000000008 8.5500000000000025 10823.600000000002 1.0000000180025095e-35 6830.4850000000015 6046.6000000000013 9147.6000000000004 31.050000000000004 8.6500000000000004 41.350000000000001 7581.3000000000011 10.950000000000001 308.95000000000005 311.75000000000006 310.45000000000005 23.650000000000002
decision_type=2 2 2 2 2 2 2 2 2 2 2 2 2 2 2 2 2 2
left_child=1 -1 3 -2 6 -6 8 17 -5 -9 -8 12 15 14 -14 -11 -16 -3
right_child=2 7 -4 4 5 -7 10 9 -10 11 -12 -13 13 -15 16 -17 -18 -19
leaf_value=0.011453827444455172 0.011747255121943165 -0.0012923905308741903 0.015583122723289516 -0.0054259151391894914 0.016732102284184005 -0.0079086623076775487 0.0016503216735382956 0.011489267832824746 0.017229034832126705 -0.010878790243042195 -0.011753368813340751 -0.011502362064081279 0.023811853741210611 -0.0059534929949960486 -0.0091311237705237244 0.0076129847525651644 0.006707965402167726 -0.012593493568563527
leaf_weight=7.5686354935169211 17.711775682866573 4.7100354214198914 12.575757607817648 3.7246326459571746 15.288929238915445 5.3644043132662764 2.995976451784375 2.2816951042041209 2.8605118356645107 6.241659992374486 20.614374462980777 3.9626224702224127 1.6298591787926833 2.5020119925029576 1.9329175218008456 0.84689687332138408 3.6930727157741785 24.299740611575544
leaf_count=32 183 391 60 389 67 28 22 40 25 465 1994 290 26 44 40 55 55 3794
internal_value=0.00136002 -0.00431904 0.00558536 0.00345119 0.000275947 0.0100706 -0.00643457 -0.00689632 0.00509846 -0.00126561 -0.00990028 -0.00340826 -0.000631174 0.0042177 0.00853584 -0.00740056 3.77232e-05 -0.0110145
internal_weight=140.806 59.6691 81.1364 68.5606 50.8488 20.6533 30.1955 52.1005 6.58514 23.0907 23.6104 20.809 16.8464 9.75786 7.25585 7.08856 5.62599 29.0098
internal_count=8000 5232 2768 2708 2525 95 2430 5200 414 1015 2016 975 685 165 121 520 95 4185
is_linear=0
shrinkage=0.0155488


Tree=130
num_leaves=19
num_cat=0
split_feature=3 5 7 7 6 7 5 6 7 2 5 7 5 3 3 7 7 5
split_gain=14.9501 11.5632 11.0492 11.7205 8.37711 5.17885 3.39553 1.44651 1.53317 1.29755 1.29374 4.87631 1.02989 1.28675 2.45221 1.60072 2.88193 2.40972
threshold=1380.5000000000002 201.50000000000003 3534.8850000000007 8982.2450000000008 8.5500000000000025 8056.6750000000002 206.50000000000003 8.8500000000000032 7696.4300000000012 311.75000000000006 188.50000000000003 8982.2450000000008 224.50000000000003 1570.5000000000002 1920.5000000000002 6830.4850000000015 7716.3650000000007 211.50000000000003
decision_type=2 2 2 2 2 2 2 2 2 2 2 2 2 2 2 2 2 2
left_child=4 2 -2 -4 -1 6 7 -6 -9 -10 11 -7 13 15 -15 17 -17 -3
right_child=1 12 3 -5 5 10 -8 8 9 -11 -12 -13 -14 14 -16 16 -18 -19
leaf_value=0.017890426330401946 0.009586323389132562 0.013594453536073827 -0.012306018260309848 0.013186348531014063 0.00050408939655517758 -0.0053745396119453236 0.0063290528372420395 -0.013047938896287263 -0.0058575476532444284 0.010268362095338143 0.014518726385164155 0.012618111465234042 0.009290142005464375 -0.006863640387658374 0.0096469951230781729 -0.0080866863915560055 0.0086029572538034414 0
leaf_weight=13.593059197068213 7.0596978515386573 6.3920386228710466 42.302272958215326 3.6845991015434256 4.0964332260191467 5.2046928922645765 6.706613101065158 6.2734070979058725 1.8123035836033525 0.7353410068899392 7.1109874844551078 6.985119640827179 7.2654440291225901 6.4236732004210335 1.7131982091814277 4.4177969554439178 3.1878160536289215 5.0362892262637615
leaf_count=78 30 98 6364 16 38 153 39 598 117 18 34 34 55 146 17 73 15 77
internal_value=0.00135267 -0.00254818 -0.00706527 -0.0098883 0.0078307 0.00377634 -0.00167519 -0.00629361 -0.00950454 0 0.00927209 0.00486326 0.00430598 0.00248919 -0.00215843 0.00467626 -0.00043055 0.00808688
internal_weight=140.001 87.4828 53.0466 45.9869 52.518 38.9249 19.6241 12.9175 8.82105 2.54764 19.3008 12.1898 34.4363 27.1708 8.13687 19.0339 7.60561 11.4283
internal_count=8000 6891 6410 6380 1109 1031 810 771 733 135 221 187 481 426 163 263 88 175
is_linear=0
shrinkage=0.0155488


Tree=131
num_leaves=19
num_cat=0
split_feature=7 6 5 7 7 8 1 1 1 7 7 7 1 6 7 1 5 7
split_gain=12.3479 12.2866 12.3146 11.4001 3.62416 7.25185 2.83285 1.57357 1.29363 2.12714 2.26767 1.96122 1.76266 2.46416 2.15796 1.4028 1.30721 1.21622
threshold=7696.4300000000012 8.6500000000000004 202.50000000000003 3534.8850000000007 8982.2450000000008 10823.600000000002 302.25000000000006 302.05000000000007 300.55000000000007 5386.7750000000005 5982.1650000000009 6297.9800000000005 301.55000000000007 9.3500000000000032 6189.1500000000005 299.15000000000003 221.50000000000003 5440.5250000000005
decision_type=2 2 2 2 2 2 2 2 2 2 2 2 2 2 2 2 2 2
left_child=1 7 3 -3 5 6 -2 -1 9 15 -11 -12 16 14 -14 -4 -10 -9
right_child=4 2 8 -5 -6 -7 -8 17 12 10 11 -13 13 -15 -16 -17 -18 -19
leaf_value=4.1216467198418007e-05 -0.0087012206456765166 0.0079893265167601743 0.0014031883573068769 -0.012750844765381323 0.015348116037464714 0.011958795068359734 0.0049146702763788359 0 -0.010099724709441161 -0.0063563944588499238 0.014073362719368984 0.0005292727668537436 0 -0.0063069748761334053 0.019343290391044824 0.020906382929659992 0.0023471372719778161 0.011909658729112522
leaf_weight=5.1854190956801203 8.0289856758900005 6.4978771954774848 2.1837106067687335 39.198184814769775 12.426471516489981 14.461522735655306 4.7215487635694435 1.7774291555397237 4.5787942409515363 4.2386137414723626 3.071381699293851 8.3418494500219804 2.085284780710936 1.9701241645961998 1.778867073357105 1.8348841127008197 1.8708291761577127 14.952059580944477
leaf_count=136 510 28 31 6249 60 69 93 105 69 66 42 103 29 27 15 22 18 328
internal_value=0.00135116 -0.00155264 -0.00449002 -0.009586 0.00856428 0.00479528 -0.00339566 0.00837107 0.00276776 0.00515688 0.00183253 0.0055037 -0.000896111 0.00447607 0.010924 0.0138779 -0.00619368 0.0105572
internal_weight=139.204 99.5653 77.6504 45.6961 39.6385 27.2121 12.7505 21.9149 31.9543 19.6704 15.6518 11.4132 12.2839 5.83428 3.86415 4.01859 6.44962 16.7295
internal_count=8000 7268 6699 6277 732 672 603 569 422 264 211 145 158 71 44 53 87 433
is_linear=0
shrinkage=0.0155488


Tree=132
num_leaves=19
num_cat=0
split_feature=3 5 7 7 6 8 7 6 5 7 8 8 7 7 3 8 5 3
split_gain=14.3607 11.1484 10.6959 11.3408 8.22428 6.04117 6.64011 2.51944 2.88176 1.66182 1.48052 1.00302 1.33243 1.23165 3.24028 2.3841 0.923247 2.62357
threshold=1380.5000000000002 201.50000000000003 3534.8850000000007 8982.2450000000008 8.5500000000000025 11112.650000000001 8982.2450000000008 8.6500000000000004 188.50000000000003 7445.2800000000007 10823.600000000002 11112.650000000001 7214.8950000000013 6677.9800000000005 1444.5000000000002 8646.9000000000015 213.50000000000003 1554.5000000000002
decision_type=2 2 2 2 2 2 2 2 2 2 2 2 2 2 2 2 2 2
left_child=4 2 -2 10 -1 6 7 -6 -9 -10 -4 12 13 15 -15 16 17 -3
right_child=1 11 3 -5 5 -7 -8 8 9 -11 -12 -13 -14 14 -16 -17 -18 -19
leaf_value=0.01777026680073257 0.0094022161796366212 0.0082198750928969642 -0.012705341155331304 0.012958044429950497 0.0041696568582989457 0.012144062236458421 0.011829810638707642 -0.012503019462061497 -0.0048700871363822505 0.0093706357145660734 0.0019696239932656986 0.010846123975005128 -0.0044989103040717956 0.020076007656825712 -0.0028676533961055697 -0.0077624617710666506 0.007737947177907694 -0.0059266460672077409
leaf_weight=13.39236196130514 7.0247981995344153 4.7921306444332128 40.480971325654536 3.6459524333477011 4.2045823186636033 12.310283884406088 6.3730034828186026 9.9873926383443159 3.6890345327556124 2.0090512512251735 0.94032301008701225 4.0689213573932639 3.6916228877380481 2.258058025501668 1.6726636504754422 3.3753119185566893 9.326585613191126 5.3185855047777295
leaf_count=78 30 73 6360 16 18 60 31 848 55 19 4 17 45 22 36 63 94 131
internal_value=0.00134702 -0.00249448 -0.00699636 -0.00981958 0.0077294 0.00370006 -0.000488533 -0.00508185 -0.00791327 0.000376766 -0.0122343 0.00420154 0.00280044 0.0041008 0.011228 0.00219533 0.00447371 0.000605602
internal_weight=138.562 86.5959 52.092 45.0672 51.9657 38.5733 26.2631 19.8901 15.6855 5.69809 41.4213 34.5039 30.435 26.7433 3.93072 22.8126 19.4373 10.1107
internal_count=8000 6891 6410 6380 1109 1031 971 940 922 74 6364 481 464 419 58 361 298 204
is_linear=0
shrinkage=0.0155488


Tree=133
num_leaves=19
num_cat=0
split_feature=3 5 7 7 1 4 0 5 7 1 1 4 3 3 4 1 1 7
split_gain=14.0234 10.9067 10.4943 11.1604 4.63461 4.09673 6.17395 3.15832 2.19372 1.98892 1.11129 1.01333 1.81343 1.60878 2.83123 1.57002 1.32105 2.33736
threshold=1380.5000000000002 201.50000000000003 3534.8850000000007 8982.2450000000008 302.05000000000007 60.550000000000004 1.0000000180025095e-35 186.50000000000003 7253.2650000000003 301.55000000000007 301.85000000000008 45.850000000000001 1428.5000000000002 1456.5000000000002 39.050000000000004 299.15000000000003 300.05000000000007 5330.3350000000009
decision_type=2 2 2 2 2 2 2 2 2 2 2 2 2 2 2 2 2 2
left_child=4 2 -2 -4 5 6 7 9 -9 -1 -8 12 -3 -14 15 -15 -17 -18
right_child=1 11 3 -5 -6 -7 10 8 -10 -11 -12 -13 13 14 -16 16 17 -19
leaf_value=-0.010354538396983083 0.0092995278351130379 -0.0089425949530964298 -0.012192006493641211 0.012855063141722287 0.013710993489005452 0.010134427739167532 -0.014521805788357942 -0.00023615880418471877 0.014951567665518604 0.0052609157694540739 0.0005601557303495172 0.0082226286667058737 0.013975719425854981 -0.0010342373962097023 -0.0084514212088814579 0.017854136258168174 -0.0047477226099481712 0.0093806477712801133
leaf_weight=3.081755313556644 7.0058315098285666 1.8633298203349138 40.919716923497617 3.6281286478042594 18.718824440613389 13.01091894879937 5.3717050179839125 2.6257769986987096 5.8561676638200879 2.2191633228212595 0.74889245629310597 9.8500960133969766 1.9773513851687337 6.2839421192184153 3.8668398810550562 1.6371446894481767 3.3752869106829149 5.698932159692049
leaf_count=378 30 30 6364 16 201 128 297 31 39 28 7 83 28 98 83 25 55 79
internal_value=0.00134581 -0.00245977 -0.00695103 -0.00977404 0.00767347 0.00375266 -0.000588204 0.00497976 0.0104259 -0.00347232 -0.0123713 0.0041425 0.00205085 0.00352337 0.00162739 0.00455181 0.00791717 0.0038138
internal_weight=137.74 86.1066 51.5537 44.5478 51.6332 32.9144 19.9035 13.7829 8.48194 5.30092 6.1206 34.5529 24.7028 22.8395 20.8621 16.9953 10.7114 9.07422
internal_count=8000 6891 6410 6380 1109 908 780 476 70 406 304 481 398 368 340 257 159 134
is_linear=0
shrinkage=0.0155488


Tree=134
num_leaves=19
num_cat=0
split_feature=3 5 7 7 7 1 5 0 2 3 7 1 3 3 1 5 2 2
split_gain=13.6859 9.60205 11.0947 5.22905 3.06696 4.3307 9.56153 7.35038 3.55656 3.70332 2.64163 1.81747 1.34912 2.23971 1.31831 1.0364 1.64398 1.79837
threshold=1405.5000000000002 204.50000000000003 3534.8850000000007 8982.2450000000008 8982.2450000000008 301.55000000000007 186.50000000000003 1.0000000180025095e-35 312.05000000000007 1380.5000000000002 7253.2650000000003 299.25000000000006 1440.5000000000002 1437.5000000000002 302.05000000000007 224.50000000000003 308.35000000000008 310.35000000000008
decision_type=2 2 2 2 2 2 2 2 2 2 2 2 2 2 2 2 2 2
left_child=4 2 -2 12 5 6 -1 10 9 14 11 -8 13 -4 -7 16 -3 -18
right_child=1 15 3 -5 -6 8 7 -9 -10 -11 -12 -13 -14 -15 -16 -17 17 -19
leaf_value=-0.010915658294028536 0.0091980448152269873 0.010283831250740659 -0.0074452625307786574 0.0086793194829449562 0.014507371575606966 0.0049229935599057802 0.0091488737519607264 -0.0063014586832132779 -0.0041254029910784643 -0.0028059441276727069 0.017952837166683347 -0.0088908589729485878 -0.013403874869976342 0.011949696758337925 0.016394449725702649 0.0086925029166277663 -0.0055699309279259616 0.003670290145235408
leaf_weight=9.9478225652128476 6.9868781715631476 3.1183184981346193 5.428407688625156 2.0909039974212638 9.6729021668434125 5.8525110790506103 1.5755633530207007 5.2968839597888282 3.1733421599492422 3.0088678584434083 8.4832954178564233 1.3271051980555055 31.335821317508817 0.53977248072624195 14.050660422071813 7.0110771767795077 7.6939038950949934 10.476465372368692
leaf_count=1017 30 36 715 9 49 64 28 56 116 93 59 23 5194 68 116 53 128 146
internal_value=0.00133958 -0.00309692 -0.00740554 -0.0106365 0.00666736 0.00485597 0.000232896 0.00739165 0.00920931 0.0113329 0.0140597 0 -0.0120643 -0.00339804 0.0136916 0.00384896 0.00169096 -0.000150423
internal_weight=137.071 74.6815 46.3818 39.3949 62.389 52.7161 26.6307 16.6828 26.0854 22.912 11.386 2.90267 37.304 5.96818 19.9032 28.2998 21.2887 18.1704
internal_count=8000 6379 6016 5986 1621 1572 1183 166 389 273 110 51 5977 783 180 363 310 274
is_linear=0
shrinkage=0.0155488


Tree=135
num_leaves=19
num_cat=0
split_feature=4 4 9 4 1 8 2 0 4 4 8 2 2 6 2 6 4 4
split_gain=12.6732 9.34508 9.25459 5.63785 6.65572 8.14235 2.70742 2.52302 2.01578 1.81523 1.46003 1.24725 1.11156 5.45301 3.16547 2.31226 1.9637 1.00067
threshold=44.150000000000013 16.850000000000005 1.0000000180025095e-35 61.150000000000013 301.55000000000007 10823.600000000002 311.85000000000008 1.5000000000000002 41.350000000000001 46.750000000000007 10129.500000000002 311.05000000000007 308.55000000000007 10.950000000000001 310.45000000000005 10.950000000000001 34.350000000000001 44.45000000000001
decision_type=2 2 2 2 2 2 2 2 2 2 2 2 2 2 2 2 2 2
left_child=1 11 -3 4 5 7 -6 17 12 -9 -8 -1 13 -4 -14 16 -16 -2
right_child=3 2 8 -5 6 -7 10 9 -10 -11 -12 -13 14 -15 15 -17 -18 -19
leaf_value=0.013365769607502982 0.0018540045584768965 -0.012790833934155499 0.020527590551908063 0.013031624560458206 0.010456502371980862 0.0064825081216978147 -0.0064995352341999423 0.014511215979173351 -0.0099111215032441427 -0.0053392673745194181 0.0062410977308948925 0 -0.007293726090356072 -0.0084184126957547508 -0.0072944840805189209 0.016105266463779997 0.0065801503443537789 -0.011588022869777739
leaf_weight=5.7303062505088729 0.59006758872420029 26.532129216007888 2.3214411363005705 17.139662604779005 23.466543738730255 14.12700831145048 3.5416733520105472 0.86976946657523591 2.5268335738219312 1.0037300861440597 2.6553764007985592 2.6900861728936434 6.5010066651739207 1.64452538639307 3.0757775236852449 2.2713808575645089 4.4195848777890205 15.226105130277572
leaf_count=69 62 4728 35 144 397 66 223 64 68 127 17 24 123 25 68 33 59 1668
internal_value=0.0013343 -0.00411058 -0.00676222 0.0053812 0.00297073 -0.00185836 0.00814103 -0.00871084 0.000403998 0.00475673 -0.000392526 0.0098856 0.00237111 0.00864289 0.000116684 0.00566559 0.000218375 -0.0107623
internal_weight=136.333 57.7131 49.2927 78.6199 61.4803 31.8167 29.6636 17.6897 22.7606 1.8735 6.19705 8.42039 20.2337 3.96597 16.2677 9.76674 7.49536 15.8162
internal_count=8000 5232 5139 2768 2624 1987 637 1921 411 191 240 93 343 60 283 160 127 1730
is_linear=0
shrinkage=0.0155488


Tree=136
num_leaves=19
num_cat=0
split_feature=3 5 4 6 8 0 4 4 5 3 6 4 4 3 3 4 3 3
split_gain=12.9889 9.28833 9.79888 4.95874 6.60098 6.7145 5.54137 4.38926 3.19766 3.07488 2.53697 2.16008 2.91561 1.78616 1.52493 2.68774 1.483 2.40285
threshold=1405.5000000000002 204.50000000000003 15.750000000000002 8.5500000000000025 11112.650000000001 1.0000000180025095e-35 65.000000000000014 58.250000000000007 188.50000000000003 1374.5000000000002 8.6500000000000004 46.850000000000001 54.850000000000001 2651.0000000000005 1362.5000000000002 61.45000000000001 1440.5000000000002 1437.5000000000002
decision_type=2 2 2 2 2 2 2 2 2 2 2 2 2 2 2 2 2 2
left_child=3 2 13 9 6 -6 8 16 10 -1 -5 -10 -13 -2 -12 -16 17 -4
right_child=1 -3 7 4 5 -7 -8 -9 11 -11 14 12 -14 -15 15 -17 -18 -19
leaf_value=0.017278758367798505 0 0.0037793592098971929 -0.0071892594931510173 0.0034863726654704007 0.01880037607224189 -0.0022672306981807553 0.012291409911890068 0.0064485677364477184 0.013146763753529259 0 -0.014548666951264246 -0.0071729178449347957 0.011231555454197168 0.015090645474380703 -0.0091032417018992208 0.008172341384867084 -0.013309804060824838 0.013356531292076359
leaf_weight=12.055152595043181 4.3559411587193599 28.329848028719425 5.2325172079727045 3.2196773486211958 9.6587669625878316 4.6800268292427054 5.5921144522726527 2.389495449140667 2.4589057066477817 3.0566357267089179 7.2898644180968386 5.1786342142149806 1.7873672805726526 2.9866618365049362 4.8601032453589141 2.0439707040786743 30.127017391845584 0.45746131148189295
leaf_count=73 45 363 710 20 48 22 35 17 40 44 591 82 11 14 643 12 5163 67
internal_value=0.00132498 -0.00302236 -0.00732299 0.00653339 0.00372428 0.0120455 -0.00014988 -0.0104964 -0.00330914 0.0140469 -0.00715249 0.00343733 -0.000995104 0.00786956 -0.00990148 -0.00304947 -0.0119094 -0.0028814
internal_weight=135.76 73.8789 45.5491 61.8812 46.7694 14.3388 32.4306 38.2065 26.8385 15.1118 17.4136 9.42491 6.966 7.3426 14.1939 6.90407 35.817 5.68998
internal_count=8000 6379 6016 1621 1504 70 1434 5957 1399 117 1266 133 93 59 1246 655 5940 777
is_linear=0
shrinkage=0.0155488


Tree=137
num_leaves=19
num_cat=0
split_feature=3 5 7 7 7 0 8 1 1 5 2 8 3 3 5 8 3 3
split_gain=12.6896 9.0704 10.5489 5.0653 2.94545 4.13532 7.4334 6.41026 3.64125 3.47989 3.22823 1.94073 2.0307 1.50056 1.68092 1.36827 1.36737 2.17764
threshold=1405.5000000000002 204.50000000000003 3534.8850000000007 8982.2450000000008 8982.2450000000008 1.0000000180025095e-35 11112.650000000001 302.05000000000007 300.95000000000005 188.50000000000003 312.05000000000007 12337.600000000002 1393.5000000000002 1380.5000000000002 175.50000000000003 9579.5000000000018 1440.5000000000002 1437.5000000000002
decision_type=2 2 2 2 2 2 2 2 2 2 2 2 2 2 2 2 2 2
left_child=4 2 -2 16 5 6 8 11 9 -1 13 12 -7 14 -10 -15 17 -4
right_child=1 -3 3 -5 -6 7 -8 -9 10 -11 -12 -13 -14 15 -16 -17 -18 -19
leaf_value=-0.012345085654072841 0.0089414293621656454 0.0037140274724497013 -0.0073093555347534351 0.0085348638485552072 0.014232299333040524 -0.012583825186287596 0.018635623896220883 0.011219550431904162 0.013932289752728002 0.0047758172141557061 -0.0073600547112299824 0.0075597585758070103 0.0041129545612183281 -0.0079443169050002777 0 0.0082431477808337147 -0.013320940683588339 0.011799793189476214
leaf_weight=4.8986886134371179 6.9324493557214728 28.401276474818587 5.3240381134673944 2.0755725800991049 9.5000636503100377 9.1959471968002564 9.3920494094490987 4.8173508550971738 10.415951581206174 4.0303053962998092 2.1237497394904485 0.54139032959938127 1.1110732429660863 1.6089085438288742 2.9013070384971789 0.97373721562325943 30.227136589586735 0.5492063472047447
leaf_count=552 30 363 715 9 49 418 48 106 119 62 73 2 78 80 24 10 5194 68
internal_value=0.0013233 -0.00298276 -0.00726871 -0.0104994 0.00648776 0.00470128 0.00752466 -0.00169321 0.00286459 -0.00460026 0.00682067 -0.0083101 -0.0102016 0.00933609 0.0112929 -0.000139945 -0.0119448 -0.00323072
internal_weight=135.02 73.5097 45.1084 38.176 61.5105 52.0105 36.3447 15.6658 26.9526 8.92899 18.0237 10.8484 10.307 15.8999 13.3173 2.58265 36.1004 5.87324
internal_count=8000 6379 6016 5986 1621 1572 968 604 920 614 306 498 496 233 143 90 5977 783
is_linear=0
shrinkage=0.0155488


Tree=138
num_leaves=19
num_cat=0
split_feature=3 5 7 7 6 4 5 6 7 7 4 3 3 4 2 2 7 6
split_gain=12.4027 9.94382 9.61813 10.4609 7.88687 5.49809 5.23387 2.56426 2.29397 1.41354 0.966243 1.74725 1.58791 2.726 1.61561 2.29464 1.96153 1.54764
threshold=1380.5000000000002 201.50000000000003 3534.8850000000007 8982.2450000000008 8.5500000000000025 65.000000000000014 188.50000000000003 8.8500000000000032 7445.2800000000007 7022.0800000000008 45.850000000000001 1428.5000000000002 1456.5000000000002 39.050000000000004 310.55000000000007 307.95000000000005 4603.8700000000008 9.1500000000000004
decision_type=2 2 2 2 2 2 2 2 2 2 2 2 2 2 2 2 2 2
left_child=4 2 -2 -4 -1 6 7 -6 9 -8 11 -3 -13 14 15 -14 -17 -12
right_child=1 10 3 -5 5 -7 8 -9 -10 -11 17 12 13 -15 -16 16 -18 -19
leaf_value=0.017412393614920391 0.0088440989684035985 -0.0089106878503594795 -0.012008719125390406 0.012470035708519072 0.0033227674947198032 0.014060071695119922 0.0053200494521818105 -0.0099185636914633866 0.010298138313263795 -0.007739486175702478 -0.00087943242706986675 0.013656710984080837 0.012663174759906569 -0.0084343787432735358 0.0090932075411319264 0.0077659312207403212 -0.0074842331962124749 0.011214913476975258
leaf_weight=12.758996672928332 6.9136131256818762 1.8531205337494636 38.78713642526418 3.5544324219226828 3.762686405330899 7.722150530666112 2.4761728812009087 10.762122679967431 10.005915749818085 2.8735405607149005 2.6228985600173456 2.0046114837750819 1.4050129409879506 3.853914411738514 7.6451870324090114 1.4123542904853801 6.6778971841558814 7.2134954296052456
leaf_count=78 30 30 6364 16 38 48 32 825 58 30 15 28 13 83 109 15 120 68
internal_value=0.00131962 -0.00230342 -0.00675316 -0.00956805 0.00734299 0.00337876 4.27579e-05 -0.00625288 0.00625186 -0.00124815 0.0039229 0.00189691 0.00333928 0.00147178 0.00432868 0 -0.00372917 0.00790626
internal_weight=134.305 83.9437 49.2552 42.3416 50.3616 37.6026 29.8804 14.5248 15.3556 5.34971 34.6885 24.8521 22.999 20.9944 17.1405 9.49526 8.09025 9.83639
internal_count=8000 6891 6410 6380 1109 1031 983 863 120 62 481 398 368 340 257 148 135 83
is_linear=0
shrinkage=0.0155488


Tree=139
num_leaves=19
num_cat=0
split_feature=3 5 7 7 4 1 5 0 3 7 5 3 3 1 4 5 1 5
split_gain=12.1337 8.70424 10.1695 4.91232 3.0843 4.79016 6.73363 7.24709 3.20236 2.07478 1.50015 1.39508 2.14294 1.40395 1.12041 1.02052 1.24626 2.71768
threshold=1405.5000000000002 204.50000000000003 3534.8850000000007 8982.2450000000008 60.150000000000013 301.55000000000007 188.50000000000003 1.0000000180025095e-35 1380.5000000000002 7253.2650000000003 206.50000000000003 1440.5000000000002 1437.5000000000002 301.85000000000008 51.850000000000001 224.50000000000003 298.85000000000008 216.50000000000003
decision_type=2 2 2 2 2 2 2 2 2 2 2 2 2 2 2 2 2 2
left_child=4 2 -2 11 5 6 -1 9 -7 -8 -10 12 13 -4 -9 16 17 -3
right_child=1 15 3 -5 -6 8 7 14 10 -11 -12 -13 -14 -15 -16 -17 -18 -19
leaf_value=-0.012998761156107146 0.0087478802042898571 0 -0.011421892326411625 0.0083711048182110986 0.011726216272500877 0.01093403281443359 0 0 -0.0098225137373028574 0.016855480711972834 0.0061334354748443527 -0.013263074098001742 0.011788544928107481 0.0026039896713831532 -0.013749196171851346 0.0083795325853507335 -0.0008207890397743245 0.0182456894443985
leaf_weight=6.8114786744117763 6.8948172479867926 4.6440986599773231 3.7832180159166446 2.0598572343587866 18.033137213438749 19.283655088394884 2.8580635311081988 1.674070200882851 2.2774903075769539 6.0283225630410016 1.0220768488943575 29.502102826721966 0.54991219379007805 1.4489912386052308 2.8536346293985844 7.0579385347664347 15.039078304544089 1.7522215899080036
leaf_count=941 30 73 576 9 181 225 45 28 128 44 6 5194 68 139 23 53 219 18
internal_value=0.00131782 -0.0029139 -0.00718156 -0.0104096 0.0063955 0.00379468 -0.00152528 0.00464749 0.00855147 0.0124278 -0.00370715 -0.0118593 -0.0030685 -0.00718971 -0.00934318 0.00360597 0.00149087 0.00667775
internal_weight=133.574 72.7322 44.2389 37.3441 60.8419 42.8088 20.2256 13.4141 22.5832 8.88639 3.29957 35.2842 5.78212 5.23221 4.5277 28.4933 21.4354 6.39632
internal_count=8000 6379 6016 5986 1621 1440 1081 140 359 89 134 5977 783 715 51 363 310 91
is_linear=0
shrinkage=0.0155488


Tree=140
num_leaves=19
num_cat=0
split_feature=3 5 4 6 4 5 4 3 1 1 3 3 3 1 3 6 1 2
split_gain=11.7932 8.52684 9.12815 4.74376 5.89415 6.78934 4.13976 2.94307 2.21584 3.08956 1.78675 1.52481 2.30424 1.43344 1.3777 2.20039 1.63542 1.29436
threshold=1405.5000000000002 204.50000000000003 15.750000000000002 8.5500000000000025 60.150000000000013 188.50000000000003 58.250000000000007 1374.5000000000002 302.05000000000007 302.35000000000008 2651.0000000000005 1440.5000000000002 1437.5000000000002 301.85000000000008 1376.5000000000002 10.850000000000003 301.25000000000006 309.35000000000008
decision_type=2 2 2 2 2 2 2 2 2 2 2 2 2 2 2 2 2 2
left_child=3 2 10 7 5 8 11 -1 -5 -10 -2 12 13 -4 15 16 -7 -16
right_child=1 -3 6 4 -6 14 -8 -9 9 -11 -12 -13 -14 -15 17 -17 -18 -19
leaf_value=0.017023688228893635 0 0.0035604479862616284 -0.011315519770970117 -0.013473655701700275 0.010791385221874044 -0.0096687824033649464 0.0062000144566408738 0 0.0097871489522256654 -0.010645918535257589 0.014808352290720347 -0.013187583105675431 0.013149079956252249 0.0029574081725071452 0 0.0089227757278834904 0.0030046831886881382 0.015087530104144126
leaf_weight=11.635198488831518 4.3155722059309474 28.528388323262334 3.6725003225728861 7.6857844800688344 16.080475020222366 3.5269227400422114 2.3590903598815194 3.003274687100201 2.4274897295981646 2.241728306747973 2.9404212534427643 28.644448583014309 0.46961574628949154 1.3987336596474049 1.8586822096258391 4.6919535305351019 3.5357421999797225 3.9141054032370448
leaf_count=73 45 363 573 992 168 40 17 44 53 119 14 5163 67 137 30 34 26 42
internal_value=0.0013108 -0.00287389 -0.00713274 0.00632482 0.00356422 -0.000477362 -0.0103047 0.0137917 -0.00893429 0 0.00755977 -0.0117301 -0.00259148 -0.00696271 0.00547612 0.00163082 -0.00336155 0.0110794
internal_weight=132.93 72.3288 43.8004 60.6014 45.9629 29.8824 36.5444 14.6385 12.355 4.66922 7.25599 34.1853 5.54085 5.07123 17.5274 11.7546 7.06266 5.77279
internal_count=8000 6379 6016 1621 1504 1336 5957 117 1164 172 59 5940 777 710 172 100 66 72
is_linear=0
shrinkage=0.0155488


Tree=141
num_leaves=19
num_cat=0
split_feature=3 5 7 7 7 0 8 8 2 2 5 3 3 2 3 5 8 8
split_gain=11.4919 8.32487 9.82494 4.79232 2.78939 3.9081 7.21628 2.71064 1.68419 2.47685 1.88087 1.40552 2.08328 1.29433 1.16569 1.70593 1.15614 1.0975
threshold=1405.5000000000002 204.50000000000003 3534.8850000000007 8982.2450000000008 8982.2450000000008 1.0000000180025095e-35 11112.650000000001 10326.900000000003 310.05000000000007 312.05000000000007 202.50000000000003 1440.5000000000002 1437.5000000000002 309.35000000000008 1380.5000000000002 175.50000000000003 9579.5000000000018 10129.500000000002
decision_type=2 2 2 2 2 2 2 2 2 2 2 2 2 2 2 2 2 2
left_child=4 2 -2 11 5 6 8 13 10 14 -1 12 -4 -7 15 -10 -16 -3
right_child=1 17 3 -5 -6 7 -8 -9 9 -11 -12 -13 -14 -15 16 -17 -18 -19
leaf_value=-0.009176762979837251 0.00858809621660085 0.0016297080938974498 -0.0070858394202588338 0.0082578948380547558 0.013882437145575443 -0.0067794489272027499 0.01835235213070632 -0.0097119046238298007 0.011433041292248458 -0.007440252129073642 0.0057121767510471518 -0.013199993453523242 0.011591234518833725 0.0052827223121162939 -0.0079733500389916421 0 0.0064642375880782027 0.0093525083802060097
leaf_weight=4.0940507892519262 6.8596091270446768 23.37729675881565 5.1612161346711209 2.0488013923168173 9.2760936543345434 1.3679872793145467 9.1653908193111402 5.3352778954431406 11.043277595657861 2.1497596362605682 1.9513375051319597 28.750392365269363 0.56266194954514492 8.7159316977485997 1.645944983698427 4.45063179032877 1.1331085767596958 5.2186226546764365
leaf_count=444 30 328 715 9 49 186 48 39 211 79 19 5194 68 379 110 42 15 35
internal_value=0.00130544 -0.00283528 -0.00707816 -0.0103085 0.00626568 0.00451064 0.00728728 -0.00174029 0.00266451 0.00482649 -0.0036884 -0.011769 -0.00295503 0.00274157 0.00684929 0.00844512 -0.000951905 0.0034994
internal_weight=132.307 71.9786 43.3827 36.5231 60.3288 51.0527 35.6335 15.4192 26.4681 20.4227 6.04539 34.4743 5.72388 10.0839 18.273 15.4939 2.77905 28.5959
internal_count=8000 6379 6016 5986 1621 1572 968 604 920 457 463 5977 783 565 378 253 125 363
is_linear=0
shrinkage=0.0155488


Tree=142
num_leaves=19
num_cat=0
split_feature=3 5 3 6 8 0 3 3 3 8 2 8 3 8 8 8 5 8
split_gain=11.1814 8.14684 8.81047 4.67518 6.12821 6.24302 2.90139 2.37219 1.61884 1.45707 1.20618 1.13651 1.13838 1.11159 1.06932 3.17625 1.05485 1.29593
threshold=1405.5000000000002 204.50000000000003 2471.5000000000005 8.5500000000000025 11112.650000000001 1.0000000180025095e-35 1374.5000000000002 1446.5000000000002 1418.5000000000002 4536.4000000000005 309.85000000000008 948.05000000000007 1440.5000000000002 7581.3000000000011 10129.500000000002 9238.2500000000018 206.50000000000003 10823.600000000002
decision_type=2 2 2 2 2 2 2 2 2 2 2 2 2 2 2 2 2 2
left_child=3 2 7 6 16 -6 -1 8 -2 10 -10 -12 -13 -9 15 -3 17 -5
right_child=1 14 -4 4 5 -7 -8 13 9 -11 11 12 -14 -15 -16 -17 -18 -19
leaf_value=0.016910109402632715 -0.0099755000121366146 0.0040239209938201749 0.0089926573457300204 -0.0029641149140101175 0.018295394776724681 -0.0022140105362488212 0 -0.012856741723074721 -7.9236865994528432e-05 -0.0036304964435743678 -0.00075296979817092696 0.023717030766702948 0 -0.00041567001444662297 0.0092260535809265912 -0.010797007769273932 0.0054171681887421269 0.0066048817358867551
leaf_weight=11.443043455481527 2.4455695473588985 20.548049835488207 5.8713899925351134 24.314578260760761 9.2712651342153531 4.6042368859052649 2.9933954454027107 26.324327272828672 1.334752840921283 2.9274969566613436 0.31977413361892093 0.86261852551251628 0.2396120741032064 2.6323806936852625 5.2249092049896708 2.8590994905680409 4.8957231864333144 2.5685875043272963
leaf_count=73 265 278 28 1384 48 22 44 4802 164 319 44 103 36 255 35 50 38 12
internal_value=0.00129817 -0.00279826 -0.00702967 0.00619897 0.0034572 0.0116135 0.0136615 -0.00987632 -0.00158046 0.00261951 0.00928265 0.0154476 0.0196932 -0.0119169 0.00344991 0.00160369 -0.000291107 -0.00166118
internal_weight=131.681 71.59 42.9579 60.0908 45.6544 13.8755 14.4364 37.0865 8.12982 5.68425 2.75676 1.422 1.10223 28.9567 28.6321 23.4071 31.7789 26.8832
internal_count=8000 6379 6016 1621 1504 70 117 5988 931 666 347 183 139 5057 363 328 1434 1396
is_linear=0
shrinkage=0.0155488


Tree=143
num_leaves=19
num_cat=0
split_feature=4 7 9 7 2 8 8 1 2 7 2 7 4 7 8 2 2 1
split_gain=10.6921 8.25812 9.07366 5.39264 5.28808 3.44777 2.6333 5.60292 3.43093 2.52108 2.19037 2.47488 2.07062 1.45482 0.945131 0.932622 2.3984 2.23243
threshold=44.150000000000013 3534.8850000000007 1.0000000180025095e-35 8982.2450000000008 309.65000000000003 11112.650000000001 10823.600000000002 301.65000000000003 311.95000000000005 7445.2800000000007 309.95000000000005 6830.4850000000015 41.350000000000001 6724.505000000001 8591.8000000000011 308.55000000000007 310.45000000000005 297.25000000000006
decision_type=2 2 2 2 2 2 2 2 2 2 2 2 2 2 2 2 2 2
left_child=1 -1 -3 4 5 13 7 10 9 -9 11 -6 15 -2 -11 17 -17 -4
right_child=3 2 12 -5 6 -7 -8 8 -10 14 -12 -13 -14 -15 -16 16 -18 -19
leaf_value=0.010257025340984331 0.0028466190877467633 -0.012600961909152667 -0.0028966141591144907 0.014346851902693325 0.017908468913080663 0.0046891086853327784 0.011702496950323384 0.013213819047515788 -0.0053232537531676845 0.0045158510285268827 -0.0099795802557216384 -0.0058389526535609984 -0.0099036813281146285 -0.010399648448083514 -0.005865789225538336 -0.0057719129988560922 0.0052839284753567932 0.015651839793039954
leaf_weight=7.308617874979972 1.3478424879722322 24.624305066186935 1.6920529478229642 11.702644489705561 0.64688027556985428 6.189191445708274 12.706321574747561 13.517784138675784 3.375796928536146 5.6167705138213924 7.4373792051337659 1.1070446628145871 2.5203334381803861 10.521799044683574 1.6717765056528149 6.9111099746078279 9.9203229714184982 2.3337273634970188
leaf_count=32 121 4783 25 60 26 30 63 257 215 109 741 121 68 1001 24 129 160 35
internal_value=0.00128884 -0.00382116 -0.0062479 0.00506696 0.00307399 -0.00375238 0.0058589 0.00318208 0.00709893 0.00947563 -0.00637194 0.00543518 0.000586503 -0.00847468 0.00117539 0.00251464 0.000446609 0.00828316
internal_weight=131.152 55.3105 48.0019 75.8412 64.1386 18.0588 46.0798 33.3734 24.1821 20.8063 9.1913 1.75392 23.3775 11.8696 7.28855 20.8572 16.8314 4.02578
internal_count=8000 5232 5200 2768 2708 1152 1556 1493 605 390 888 147 417 1122 133 349 289 60
is_linear=0
shrinkage=0.0155488


Tree=144
num_leaves=19
num_cat=0
split_feature=3 9 7 7 6 8 7 6 8 8 7 6 8 7 6 7 2 6
split_gain=10.6844 7.88207 8.48136 9.61619 7.62036 5.28146 5.57323 2.15642 2.17173 1.83923 1.35464 0.741193 1.59077 2.28918 2.00499 1.18865 1.00463 2.66325
threshold=1380.5000000000002 1.0000000180025095e-35 3534.8850000000007 8982.2450000000008 8.5500000000000025 11112.650000000001 8982.2450000000008 8.6500000000000004 10823.600000000002 10823.600000000002 6164.1600000000008 9.2500000000000018 11112.650000000001 5386.7750000000005 10.950000000000001 7171.3000000000011 308.95000000000005 9.4500000000000011
decision_type=2 2 2 2 2 2 2 2 2 2 2 2 2 2 2 2 2 2
left_child=4 2 -2 9 -1 6 7 -6 10 -4 -9 -3 13 -13 15 16 -15 -18
right_child=1 11 3 -5 5 -7 -8 8 -10 -11 -12 12 -14 14 -16 -17 17 -19
leaf_value=0.017084498361078584 0.0083310316162849493 0 -0.012243133628305262 0.012064997408515313 0.0033913395705631039 0.011207032008548798 0.010722280210199508 0.0040452374408562978 0.00073785166110401678 0.0045157386251105684 -0.012471828764837323 0.010480086555943315 0.013948435769861666 0.012214313922044842 -0.0070107032514732347 -0.0044312640639355399 0.014144632806353434 -0.004455930930311304
leaf_weight=12.151961818337439 6.7971354871988288 10.80038954131305 34.994359868112952 3.4766862690448752 4.229353576898581 11.575027175247667 5.9885594248771659 0.38393721077591081 4.2470373064279547 0.71134750545024772 10.44354265462607 5.2297252058051589 2.8156537860631934 2.7628687531687337 5.7372945598326615 2.1364014013670376 1.4291524169966576 4.6478294054977596
leaf_count=78 30 152 6301 16 18 60 31 23 21 3 878 89 12 49 105 33 21 80
internal_value=0.00127891 -0.00213232 -0.00633868 -0.00915685 0.00694196 0.00304903 -0.000890101 -0.00511115 -0.00780912 -0.0116642 -0.0112107 0.00323255 0.00465623 0.00261311 -0.000190144 0.00341116 0.00600106 0.00105427
internal_weight=130.558 81.5388 45.9795 39.1824 49.0194 36.8675 25.2924 19.3039 15.0745 35.7057 10.8275 35.5593 24.7589 21.9433 16.7135 10.9763 8.83985 6.07698
internal_count=8000 6891 6350 6320 1109 1031 971 940 922 6304 901 541 389 377 288 183 150 101
is_linear=0
shrinkage=0.0155488


Tree=145
num_leaves=19
num_cat=0
split_feature=3 3 5 6 8 7 3 5 4 8 8 6 3 7 5 5 5 3
split_gain=10.4695 8.2072 10.3876 4.68666 7.78233 8.18819 4.88024 4.03868 3.37787 2.028 1.90592 2.03196 1.89165 1.67952 1.35429 1.31224 1.29175 1.06776
threshold=1446.5000000000002 2267.5000000000005 202.50000000000003 8.5500000000000025 11112.650000000001 8982.2450000000008 1380.5000000000002 206.50000000000003 48.150000000000013 10823.600000000002 2042.45 9.0500000000000025 1420.5000000000002 8982.2450000000008 221.50000000000003 228.50000000000003 38.500000000000007 1570.5000000000002
decision_type=2 2 2 2 2 2 2 2 2 2 2 2 2 2 2 2 2 2
left_child=3 2 13 6 5 7 -1 9 -9 10 11 -5 -8 -2 17 -16 -13 -4
right_child=1 -3 14 4 -6 -7 12 8 -10 -11 -12 16 -14 -15 15 -17 -18 -19
leaf_value=0.017011111001859199 -0.013137031964798101 0.010453925380156652 0.0019121684313874482 0.011129944907483801 0.012044443736601585 0.011914055292354389 -0.0078159615540142266 0.013275187509053163 -0.0049798377719117203 0.0036012918091806313 -0.010807414834533367 -0.0099770531446489695 0.0089881668336112414 0.0043831282103538724 0.012029267330986975 0 0.0071482951650914195 -0.0053918935085152889
leaf_weight=12.021016888320448 25.620769961271439 7.3627438573166719 10.064714325591927 1.3693309975788057 14.793152056634424 8.4010177105665189 2.9345916658639899 3.9618249945342532 3.3008180856704712 2.552800975739955 18.379776162095368 2.8419431666843598 1.3283120337873695 0.48634916543960471 3.3843250982463351 3.9879902005195618 0.18147989781573404 6.8314610216766587
leaf_count=78 4982 60 154 46 75 42 59 44 27 12 1739 405 46 2 32 32 31 134
internal_value=0.0012811 -0.00357081 -0.00589784 0.00521549 0.00284732 -0.000638081 0.01233 -0.00430701 0.00501158 -0.00723375 -0.00873226 0 -0.00103322 -0.0124853 0.00130138 0.0063969 -0.00626262 -0.000996294
internal_weight=129.804 57.7384 50.3756 72.0661 55.7821 40.989 16.2839 32.588 7.26264 25.3253 22.7725 4.39275 4.2629 26.1071 24.2685 7.37232 3.02342 16.8962
internal_count=8000 5396 5336 2604 2421 2346 183 2304 71 2233 2221 482 105 4984 352 64 436 288
is_linear=0
shrinkage=0.0155488


Tree=146
num_leaves=19
num_cat=0
split_feature=3 3 5 6 8 0 4 3 5 4 3 8 3 4 8 6 5 5
split_gain=10.2273 8.01305 10.2475 4.59374 7.56544 6.72346 4.89915 4.81065 3.61555 3.28096 2.0683 2.46606 1.85647 1.54532 1.44113 3.29982 1.31896 1.2735
threshold=1446.5000000000002 2267.5000000000005 202.50000000000003 8.5500000000000025 11112.650000000001 1.0000000180025095e-35 61.45000000000001 1380.5000000000002 206.50000000000003 48.150000000000013 1437.5000000000002 10823.600000000002 1420.5000000000002 58.250000000000007 2042.45 9.0500000000000025 221.50000000000003 228.50000000000003
decision_type=2 2 2 2 2 2 2 2 2 2 2 2 2 2 2 2 2 2
left_child=3 2 13 7 6 -6 8 -1 10 -10 11 14 -9 -2 15 -5 -4 -18
right_child=1 -3 16 4 5 -7 -8 12 9 -11 -12 -13 -14 -15 -16 -17 17 -19
leaf_value=0.016938657220201478 -0.013091551110268154 0.010336375089835811 -0.00098223100532939694 0.013693129439697917 0.01841737465500556 -0.0025598943921208788 0.0081647178498809748 -0.0077544528734920576 0.013034455273876871 -0.0049313101475290371 0.0066728443812663551 0.0040938280666830834 0.0088833440941415726 0.0035251441326740497 -0.011759235591093216 -0.0095648123630316662 0.011835029387190926 0
leaf_weight=11.891064532101156 25.224984436761591 7.3449907316826275 16.879029542207721 1.1445642341859774 10.11826306581497 4.6260519325733176 9.9231049912050349 2.9218527926132074 3.9949873201549044 3.2937784269452095 1.348692416679113 2.45935234427452 1.3377052615396676 0.55704870074987312 16.03723456338048 2.5779053149744868 3.4066397435963145 3.9879902005195618
leaf_count=78 4981 60 288 34 53 22 96 59 44 27 196 11 46 3 1552 386 32 32
internal_value=0.0012794 -0.00352984 -0.00584098 0.00517815 0.00282907 0.0119083 -0.000617594 0.0122524 -0.00376885 0.00492993 -0.00672654 -0.00801474 -0.00100305 -0.0124443 -0.0098583 0 0.00128689 0.00630687
internal_weight=129.075 57.4007 50.0557 71.6746 55.5239 14.7443 40.7796 16.1506 30.8565 7.28877 23.5677 22.2191 4.25956 25.782 19.7597 3.72247 24.2737 7.39463
internal_count=8000 5396 5336 2604 2421 75 2346 183 2250 71 2179 1983 105 4984 1972 420 352 64
is_linear=0
shrinkage=0.0155488


Tree=147
num_leaves=19
num_cat=0
split_feature=4 7 9 7 6 9 0 2 2 7 1 4 7 7 4 4 1 4
split_gain=9.90706 7.61998 8.61263 5.02765 5.43179 7.24848 3.14476 2.41995 2.8622 2.38861 2.35082 2.02806 2.0258 1.24364 2.09026 1.06263 1.01294 0.947322
threshold=44.150000000000013 3534.8850000000007 1.0000000180025095e-35 8982.2450000000008 8.5500000000000025 1.0000000180025095e-35 1.0000000180025095e-35 310.65000000000003 310.95000000000005 7696.4300000000012 300.25000000000006 41.350000000000001 7319.5300000000007 7445.2800000000007 46.45000000000001 60.550000000000004 300.05000000000007 47.650000000000013
decision_type=2 2 2 2 2 2 2 2 2 2 2 2 2 2 2 2 2 2
left_child=1 -1 -3 4 -2 7 13 15 12 -10 -8 -4 17 14 -7 -6 -16 -9
right_child=3 2 11 -5 5 6 10 8 9 -11 -12 -13 -14 -15 16 -17 -18 -19
leaf_value=0.0098852977880439317 0.01056305727043323 -0.012472043587243469 0.0024117478468661472 0.014004730475624127 -0.011224116752602983 0.01334863613117963 -0.009802808208241226 0 -0.011929134423651226 0.0024215330655346346 0.0058347727712834176 -0.0098906116872787345 -0.0023113646922985611 0.015029086629604829 0.0040284404735192346 0 -0.0074327581933971501 0.020702996137201453
leaf_weight=7.2203868329524985 15.676995051093398 23.476421586703509 20.943019643425945 11.454572424292563 11.072516824584456 2.2460958594456333 3.1093853553757063 0.76524672145023931 4.1555980853736383 4.4069908848032355 3.5807231524959207 2.512598101515322 1.3497864813543854 7.4243544666096568 2.2132472032681108 2.8021716903895131 2.4654377107508481 1.4911147020757196
leaf_count=32 183 4783 349 60 1469 29 35 68 475 151 30 68 67 44 21 67 26 43
internal_value=0.00127723 -0.00369059 -0.00606055 0.0049542 0.00300195 0.00019748 0.00684632 -0.00510011 0 -0.00478105 -0.00134602 0.000506054 0.00981988 0.0107151 0.00403362 -0.00925424 -0.00165439 0.0164172
internal_weight=128.367 54.1524 46.932 74.2142 62.7597 47.0827 21.0392 26.0434 12.1687 8.56259 6.69011 23.4556 3.60615 14.3491 6.92478 13.8747 4.67868 2.25636
internal_count=8000 5232 5200 2768 2708 2525 185 2340 804 626 65 417 178 120 76 1536 47 111
is_linear=0
shrinkage=0.0155488


Tree=148
num_leaves=19
num_cat=0
split_feature=3 3 5 6 4 5 3 2 2 6 2 2 4 3 1 5 6 1
split_gain=9.84035 7.68923 9.96168 4.40487 6.66135 7.291 4.79303 1.98582 2.88861 2.9882 1.88424 2.88414 2.71186 1.82954 1.64155 1.63705 1.54004 1.52068
threshold=1446.5000000000002 2267.5000000000005 202.50000000000003 8.5500000000000025 61.150000000000013 206.50000000000003 1380.5000000000002 310.55000000000007 308.45000000000005 10.950000000000001 310.65000000000003 310.95000000000005 56.550000000000004 1420.5000000000002 301.05000000000007 188.50000000000003 9.4500000000000011 299.25000000000006
decision_type=2 2 2 2 2 2 2 2 2 2 2 2 2 2 2 2 2 2
left_child=3 2 -2 6 5 10 -1 8 9 -4 -5 -12 -13 -8 -9 -14 -7 -18
right_child=1 -3 7 4 -6 16 13 14 -10 -11 11 12 15 -15 -16 -17 17 -19
leaf_value=0.016833289861675173 -0.01237774098582161 0.010136669272737289 0.015372559775436258 -0.0083038980594997026 0.011375070373315243 0.015092137684952503 -0.0077730162236384574 0.012760763699051512 -0.0075958418794646763 -0.0053717422876679499 0.010146980100554004 -0.010714114768700142 -0.0044913623427615757 0.0087044734086216755 0.00056445886817071056 0.012514339624006861 0.0082162151779966754 -0.0033258651489687556
leaf_weight=11.684137642383574 25.194494338240474 7.3015657160431138 2.3582328390330103 15.826415158342572 14.543482264503835 4.5782119967043391 2.922888178844004 3.7557237409055215 8.7594700939953309 1.8879395518451927 3.2386088706552973 5.5680292332544905 1.2477632830850782 1.3533788146451113 7.5502941366285086 1.6584143340587614 4.8292691558599454 3.5206715017557144
leaf_count=78 4984 60 31 1440 133 33 59 46 147 27 159 543 41 46 101 7 32 33
internal_value=0.00126867 -0.00347247 -0.00575489 0.00511135 0.0027982 -0.000439493 0.0120811 0.00122655 -0.00262661 0.00632181 -0.00500696 0 -0.00492398 -0.00107444 0.00578637 0.00512891 0.00860373 0.00314855
internal_weight=127.779 56.8077 49.5062 70.9713 55.0109 40.4674 15.9604 24.3117 13.0056 4.24617 27.5392 11.7128 8.47421 4.27627 11.306 2.90618 12.9282 8.34994
internal_count=8000 5396 5336 2604 2421 2288 183 352 205 58 2190 750 591 105 147 48 98 65
is_linear=0
shrinkage=0.0155488


Tree=149
num_leaves=19
num_cat=0
split_feature=3 3 5 6 8 7 0 3 5 8 8 3 6 7 3 7 5 3
split_gain=9.59731 7.50461 9.83255 4.32718 7.27932 7.55903 6.54433 4.72529 3.74851 2.60063 1.93263 1.89428 1.94006 1.8242 1.79554 1.64788 1.29007 1.26068
threshold=1446.5000000000002 2267.5000000000005 202.50000000000003 8.5500000000000025 11112.650000000001 8982.2450000000008 1.0000000180025095e-35 1380.5000000000002 206.50000000000003 10326.900000000003 10823.600000000002 1437.5000000000002 8.6500000000000004 6634.4350000000004 1420.5000000000002 8982.2450000000008 221.50000000000003 1440.5000000000002
decision_type=2 2 2 2 2 2 2 2 2 2 2 2 2 2 2 2 2 2
left_child=3 2 15 7 5 8 -6 -1 10 13 11 12 -5 -10 -9 -2 -4 -13
right_child=1 -3 16 4 6 -7 -8 14 9 -11 -12 17 -14 -15 -16 -17 -18 -19
leaf_value=0.016763064941433804 -0.013007859608972805 0.010022958122691696 -0.0010216917377057621 0 0.01823888597886663 0.011544734874000467 -0.0025389500485742873 -0.0077117766132768131 5.8545777975842455e-05 -0.0044177283715012604 0.003496301526103546 0.014480762187505006 -0.011839199450527174 0.019784547131076347 0.0086031794143734443 0.0043453174179914752 0.0061804865998136499 -0.0037546463354586439
leaf_weight=11.556860081851481 24.416755997110162 7.2838475289754561 16.902378374710683 3.9518626863136985 9.9367609396576864 8.2309036701917631 4.5973384678363791 2.9102759966626754 2.4819298796355715 3.0910570695996284 2.546596333384513 0.39411943778395542 17.138119128998369 1.7611340954899786 1.3626082753762601 0.48484565317630668 7.4180574454367152 0.71663960488513112
leaf_count=78 4982 60 288 28 53 42 22 59 34 23 12 61 1998 14 46 2 64 134
internal_value=0.00126476 -0.00343039 -0.00569559 0.00506645 0.00277316 -0.000622369 0.011741 0.0120053 -0.0041741 0.00472512 -0.00705949 -0.00855577 -0.00971421 0.0115779 -0.00104452 -0.012332 0.00121858 0.0053159
internal_weight=127.182 56.5059 49.222 70.6762 54.8465 40.3124 14.5341 15.8297 32.0815 7.33412 24.7473 22.2007 21.09 4.24306 4.27288 24.9016 24.3204 1.11076
internal_count=8000 5396 5336 2604 2421 2346 75 183 2304 71 2233 2221 2026 48 105 4984 352 195
is_linear=0
shrinkage=0.0155488


Tree=150
num_leaves=19
num_cat=0
split_feature=3 3 9 6 4 3 9 0 6 2 2 7 7 2 2 6 3 7
split_gain=9.39203 7.32786 9.0291 4.23281 6.39149 4.65893 4.19318 3.14125 4.24604 2.56853 2.59872 2.71725 2.01875 1.85927 2.796 2.7625 1.76213 1.62656
threshold=1446.5000000000002 2267.5000000000005 1.0000000180025095e-35 8.5500000000000025 61.150000000000013 1380.5000000000002 1.0000000180025095e-35 1.0000000180025095e-35 9.6500000000000004 310.65000000000003 310.95000000000005 7696.4300000000012 7319.5300000000007 310.55000000000007 308.45000000000005 10.950000000000001 1420.5000000000002 8982.2450000000008
decision_type=2 2 2 2 2 2 2 2 2 2 2 2 2 2 2 2 2 2
left_child=3 2 17 5 6 -1 9 -8 -9 -5 12 -12 -11 14 15 -4 -7 -2
right_child=1 -3 13 4 -6 16 7 8 -10 10 11 -13 -14 -15 -16 -17 -18 -19
leaf_value=0.016693673671953416 -0.012905239211096457 0.0099105371992122791 0.014385565596841699 -0.0095530876200206442 0.011202184751427445 -0.0076509161070650146 0.009113042452652308 0.0093055116431108621 -0.013460243725440867 0.016355190855158068 -0.01178565404554811 0.0043490008355518521 -0.003401789530552762 0.005186026293356562 -0.0077110293757669925 -0.0053685820370189324 0.0085031293561132742 0.0043281201328646329
leaf_weight=11.430618099868296 23.51033002091572 7.2661937475204459 2.4714587982744005 11.672950882464649 14.402247091755269 2.8978161760605863 12.277315703686329 2.18540309742093 3.32101094070822 2.2449227804318057 3.9866869244724512 3.4835325968451798 0.95451270882040251 11.650974831543861 8.9188673663884384 1.8911614846438167 1.3717814949341116 0.48415550589561362
leaf_count=78 4913 60 39 1385 133 59 108 22 37 104 463 115 54 181 173 28 46 2
internal_value=0.00126433 -0.0033917 -0.00564081 0.00503785 0.00276242 0.01193 -0.000419758 0.00492369 -0.00380522 -0.0048714 0.000390625 -0.00427379 0.0102935 0.000813071 -0.00287388 0.00584548 -0.00101516 -0.0122087
internal_weight=126.422 56.1931 48.9269 70.2288 54.5286 15.7002 40.1263 17.7837 5.50641 22.3426 10.6697 7.47022 3.19944 24.9325 13.2815 4.36262 4.2696 23.9945
internal_count=8000 5396 5336 2604 2421 183 2288 167 59 2121 736 578 158 421 240 67 105 4915
is_linear=0
shrinkage=0.0155488


Tree=151
num_leaves=19
num_cat=0
split_feature=4 4 5 4 1 8 2 4 8 2 2 2 6 1 6 8 5 8
split_gain=9.1337 6.98805 8.05793 4.23041 5.06522 6.10347 2.28927 1.94893 1.93164 1.66899 3.28657 1.39192 3.52073 4.17029 1.56868 2.59456 1.35351 1.25134
threshold=44.150000000000013 16.850000000000005 202.50000000000003 61.150000000000013 301.55000000000007 10823.600000000002 311.85000000000008 46.750000000000007 8646.9000000000015 309.95000000000005 309.45000000000005 310.45000000000005 10.950000000000001 299.65000000000003 10.950000000000001 7677.1000000000013 25.500000000000004 10129.500000000002
decision_type=2 2 2 2 2 2 2 2 2 2 2 2 2 2 2 2 2 2
left_child=1 16 -3 4 5 7 -6 9 11 10 -2 12 13 -4 15 -13 -1 -8
right_child=3 2 8 -5 6 -7 17 -9 -10 -11 -12 14 -14 -15 -16 -17 -18 -19
leaf_value=-0.00099964273221945718 -0.0040645764362895005 -0.012349874514563371 0.014915606871366945 0.011707713902181676 0.0095438562044633263 0.005509957868894081 -0.0065610993848211696 -0.011446117273386328 -0.0081304931407218759 -0.008590429726658631 0.020229602502993965 -0.0056915469404249797 -0.011750276752713049 -0.0066616562224472561 0.015248632063555478 0.010658929201279177 0.011703901348895507 0.0054070311785720171
leaf_weight=1.8032003352418522 2.1433927845209868 22.470315834507346 3.4520059078931862 15.827309424057601 21.659099054522816 13.552529789507387 3.228688728529959 10.88667496666312 3.6537448428571215 1.8984664049930868 0.97899239556863893 3.9012581147253496 3.4701731763780117 2.7259187418967485 2.3436392843723297 2.9560920670628548 6.2619263497181237 2.6184779889881611
leaf_count=13 288 4794 50 144 397 66 223 1352 75 209 72 63 56 42 26 33 80 17
internal_value=0.00125684 -0.00356155 -0.00601811 0.0048204 0.00263129 -0.00172976 0.00730858 -0.00807424 0.000458482 0 0.00626703 0.00271544 -0.00108314 0.00535616 0.00672129 0.00143681 0.00869653 -0.000650722
internal_weight=125.832 53.0383 44.9731 72.7936 56.9663 29.4601 27.5063 15.9075 22.5028 5.02085 3.12239 18.8491 9.6481 6.17792 9.20099 6.85735 8.06513 5.84717
internal_count=8000 5232 5139 2768 2624 1987 637 1921 345 569 360 270 148 92 122 96 93 240
is_linear=0
shrinkage=0.0155488


Tree=152
num_leaves=19
num_cat=0
split_feature=3 3 5 6 4 5 3 2 2 6 2 2 7 7 3 7 3 6
split_gain=8.94954 7.00573 9.46178 4.12449 6.06708 6.76309 4.62939 1.84404 2.74301 2.77135 1.81159 2.73823 3.42935 1.92017 1.73626 1.62377 1.52935 1.46554
threshold=1446.5000000000002 2267.5000000000005 202.50000000000003 8.5500000000000025 61.150000000000013 206.50000000000003 1380.5000000000002 310.55000000000007 308.45000000000005 10.950000000000001 310.65000000000003 310.95000000000005 7696.4300000000012 7319.5300000000007 1420.5000000000002 8982.2450000000008 1334.5000000000002 9.4500000000000011
decision_type=2 2 2 2 2 2 2 2 2 2 2 2 2 2 2 2 2 2
left_child=3 2 15 6 5 10 -1 8 9 -4 -5 13 -13 -12 -8 -2 -14 -7
right_child=1 -3 7 4 -6 17 14 -9 -10 -11 11 12 16 -15 -16 -17 -18 -19
leaf_value=0.016598798247580527 -0.012910727323833282 0.0096956650897675797 0.014660610613279473 -0.0081585460385033819 0.010935543815048951 0.014581650659800473 -0.0076550562667967136 0.0055474288273976088 -0.0074594832186614 -0.0052486802057938771 0.01575378005785668 -0.012614578829990038 -0.0050257977306726754 -0.0034056409164462285 0.0083515220603241815 0.0043152550931538896 0.010663869783918299 0.0029444448577069212
leaf_weight=11.241348363459108 23.576749447733167 7.2352250427938989 2.4299910608679083 15.462179677095266 14.316030206158755 4.5853889398276797 2.8947416124865404 11.403022741898893 8.6376696061342937 1.8614673521369693 2.2930639781989153 4.6232304265722615 1.1627116063609721 0.95133550977334369 1.3849775795824824 0.48357419669628043 2.5091777765192091 8.3043705001473409
leaf_count=78 4982 60 31 1440 133 33 59 147 147 27 105 475 27 54 46 2 89 65
internal_value=0.00124501 -0.00332452 -0.00554305 0.00493904 0.0026899 -0.000417123 0.0117817 0.00117956 -0.00255021 0.0060915 -0.00488509 0 -0.00483137 0.00989232 -0.00106401 -0.0122172 0.00489863 0.00827615
internal_weight=125.356 55.6277 48.3925 69.7286 54.2075 39.8915 15.5211 24.3322 12.9291 4.29146 27.0017 11.5395 8.29512 3.2444 4.27972 24.0603 3.67189 12.8898
internal_count=8000 5396 5336 2604 2421 2288 183 352 205 58 2190 750 591 159 105 4984 116 98
is_linear=0
shrinkage=0.0155488


Tree=153
num_leaves=19
num_cat=0
split_feature=4 7 5 7 2 0 5 5 4 4 2 1 7 5 7 2 5 5
split_gain=8.71775 6.74246 8.61177 4.6261 4.58987 3.14687 5.24523 2.92822 2.17178 2.02721 1.70774 2.38143 1.67741 1.63998 1.25922 1.0009 0.827558 1.706
threshold=44.150000000000013 3534.8850000000007 202.50000000000003 8982.2450000000008 309.65000000000003 1.0000000180025095e-35 186.50000000000003 206.50000000000003 61.150000000000013 41.350000000000001 311.95000000000005 302.25000000000006 7253.2650000000003 174.50000000000003 7012.1900000000014 311.55000000000007 213.50000000000003 228.50000000000003
decision_type=2 2 2 2 2 2 2 2 2 2 2 2 2 2 2 2 2 2
left_child=1 -1 -3 4 5 6 -2 10 -7 16 11 -6 14 -13 -8 -9 -4 -18
right_child=3 2 9 -5 7 8 12 15 -10 -11 -12 13 -14 -15 -16 -17 17 -19
leaf_value=0.0093543015384183886 -0.011017941675626997 -0.012355424783514356 -0.00032913256264114797 0.013541104659839208 0.00053001315708840735 -0.014530331603196934 0.0071377348757458436 0.015882358763642954 0.0041508554688255679 -0.009718148298031264 -0.0053380353948823487 0.012052895838295071 0.013380564467254327 -0.002486331956278222 -0.0090924179654593377 0.0035939017330015202 0.0087472862376262658 -0.0032494984727877369
leaf_weight=7.0857266038656226 3.69608022272587 22.486755011137575 9.4459248501807505 11.094775222241877 18.761262215673927 5.7184102339670053 0.87712107086554203 6.5699384380131942 0.95254706125706423 2.4105852786451569 3.9031219938769928 8.9968193289823812 4.8724583736620843 1.3297931202687312 1.16014918545261 4.3610169477760792 8.2975011356174928 2.7687997221946707
leaf_count=32 595 4851 176 60 1045 441 30 44 15 59 253 164 51 23 20 27 90 24
internal_value=0.00123979 -0.00349367 -0.00577706 0.00473023 0.00283316 -0.00364536 0.00142148 0.00549691 -0.0111435 0.000821012 0.00281333 0.00420815 0.00921349 0.00978208 -0.000875653 0.0121645 0.00272161 0.00540811
internal_weight=124.789 52.4953 45.4096 72.2935 61.1987 17.2768 10.6058 43.922 6.67096 22.9228 32.991 29.0879 6.90973 10.3266 2.03727 10.931 20.5122 11.0663
internal_count=8000 5232 5200 2768 2708 1152 696 1556 456 349 1485 1232 101 187 50 71 290 114
is_linear=0
shrinkage=0.0155488


Tree=154
num_leaves=19
num_cat=0
split_feature=3 3 5 8 0 1 2 2 2 1 1 8 8 3 3 5 8 3
split_gain=8.57908 6.72035 9.19657 3.37399 7.10187 5.2028 1.86081 1.77612 2.6806 1.56519 1.51826 1.47881 1.28286 1.02239 1.58608 0.941914 0.881014 1.23163
threshold=1446.5000000000002 2267.5000000000005 202.50000000000003 11112.650000000001 1.0000000180025095e-35 301.65000000000003 312.05000000000007 310.55000000000007 308.45000000000005 301.05000000000007 297.25000000000006 9694.8000000000011 9043.1000000000022 1380.5000000000002 1418.5000000000002 221.50000000000003 3925.4000000000005 1399.5000000000002
decision_type=2 2 2 2 2 2 2 2 2 2 2 2 2 2 2 2 2 2
left_child=3 2 12 5 -5 16 11 8 10 -9 -4 13 -2 -7 -15 -10 -1 -18
right_child=1 -3 7 4 -6 6 -8 9 15 -11 -12 -13 -14 14 -16 -17 17 -19
leaf_value=0.002131818063026493 -0.012822329507083825 0.0095082358661077258 -0.0029024100840050202 0.017940102292864368 -0.0033153210970475666 0.013206452127234749 -0.00066865693008885002 0.01211393291667825 -0.010554304415248593 0.00034297655426519694 0.011847322958742466 0 0.0020071548711123725 -0.0040680632577285011 0.010741600567752228 0 -0.00052858338222647357 -0.0089156153397340412
leaf_weight=8.1369072701782006 22.823602274991575 7.1924149324186137 1.708905173465612 10.207693524658678 4.7669913917779914 13.858509362675258 4.3526067323982707 3.8508836813271028 5.6588156800717098 7.6140982285141945 2.6044013295322657 3.5133905047550789 0.69872738840058346 2.5367474644444874 1.8300901432521639 2.93889862857759 14.370960673317315 5.6460336316376916
leaf_count=778 4950 60 26 59 23 151 192 46 121 101 32 23 34 116 103 26 682 477
internal_value=0.00122805 -0.00326861 -0.00545774 0.00485597 0.0112014 0.00282293 0.0076888 0.00112438 -0.00254038 0.00539866 0.00597021 0.00947513 -0.0121477 0.0111508 0.00245901 -0.00741597 -0.00169025 -0.00345872
internal_weight=124.311 55.0907 47.8983 69.2199 14.9747 54.2452 26.0913 24.376 12.911 11.465 4.31331 21.7387 23.5223 18.2253 4.36684 8.59771 28.1539 20.017
internal_count=8000 5396 5336 2604 82 2522 585 352 205 147 58 393 4984 370 219 147 1937 1159
is_linear=0
shrinkage=0.0155488


Tree=155
num_leaves=19
num_cat=0
split_feature=3 3 5 6 3 5 2 2 6 3 1 5 5 3 5 0 6 3
split_gain=8.34322 6.55977 9.07082 3.99773 4.54989 4.0853 1.73012 2.62364 2.65956 1.68503 1.5106 1.32948 1.3252 2.04097 1.11707 3.2104 1.21912 1.20814
threshold=1446.5000000000002 2267.5000000000005 202.50000000000003 8.5500000000000025 1380.5000000000002 206.50000000000003 310.55000000000007 308.45000000000005 10.950000000000001 1420.5000000000002 301.05000000000007 210.50000000000003 45.500000000000007 1289.5000000000002 188.50000000000003 1.0000000180025095e-35 8.9500000000000011 1437.5000000000002
decision_type=2 2 2 2 2 2 2 2 2 2 2 2 2 2 2 2 2 2
left_child=3 2 -2 4 -1 12 7 8 -4 -6 -8 -7 -5 -14 17 16 -16 -15
right_child=1 -3 6 5 9 11 10 -9 -10 -11 -12 -13 13 14 15 -17 -18 -19
leaf_value=0.01646356917498714 -0.012103770886637749 0.0094017290139096679 0.0142009039170772 0.0052949232676248979 -0.0076000124279153487 0.016249684956414191 0.011890492097268189 -0.007361274225985699 -0.0052410460190957563 0.0081362596734308196 0.00033832951328294317 0.0047049262763824463 0.006877587214799104 -0.0067467115499830702 -0.0032584709304121157 -0.0099515125543934001 0.0093996957763344061 0.0050055202939731274
leaf_weight=10.973593525588511 23.240467231255025 7.1750337076373389 2.4773152526468065 7.5493359193205825 2.8826875346712759 4.1487469002604476 3.8853681422770006 8.5452804043889028 1.8523188866674898 1.4045953620225189 7.6157466154545546 10.130031250417231 4.450519586447629 16.276716841384776 1.2621351750567535 3.1183787640184164 5.7219536355696619 1.1125748241320241
leaf_count=78 4984 60 31 538 59 28 46 147 27 46 101 78 91 1364 14 74 102 132
internal_value=0.00121915 -0.00322916 -0.00540222 0.00479927 0.0115928 0.00258253 0.00111464 -0.00251007 0.00588014 -0.00107829 0.005323 0.00934131 0 -0.0014915 -0.00321948 0.00054647 0.00649774 -0.00550415
internal_weight=123.823 54.7915 47.6165 69.0313 15.2609 53.7704 24.376 12.8749 4.32963 4.28728 11.5011 14.2788 39.4916 31.9423 27.4918 10.1025 6.98409 17.3893
internal_count=8000 5396 5336 2604 183 2421 352 205 58 105 147 106 2315 1777 1686 190 116 1496
is_linear=0
shrinkage=0.0155488


Tree=156
num_leaves=19
num_cat=0
split_feature=7 6 5 7 7 0 8 5 1 4 7 6 8 4 1 5 5 7
split_gain=8.36688 7.62001 13.9456 7.1657 3.93426 4.81584 1.76742 2.51112 2.36172 1.30548 1.5315 1.91433 1.07608 0.928365 0.884444 0.852857 0.842702 2.34814
threshold=8982.2450000000008 8.6500000000000004 178.50000000000003 3534.8850000000007 7716.3650000000007 1.0000000180025095e-35 5279.7000000000007 202.50000000000003 300.75000000000006 40.850000000000001 3534.8850000000007 8.5500000000000025 9474.8000000000011 56.550000000000004 298.55000000000007 207.50000000000003 210.50000000000003 6841.1400000000012
decision_type=2 2 2 2 2 2 2 2 2 2 2 2 2 2 2 2 2 2
left_child=1 9 3 -3 6 -6 8 13 14 10 -1 -12 -11 -8 -4 -13 17 -9
right_child=-2 2 4 -5 5 -7 7 16 -10 12 11 15 -14 -15 -16 -17 -18 -19
leaf_value=0.011207765809270557 0.01342531076497383 0.0052685094733405293 0 -0.012218956174917353 0.016082449359634401 -0.0033973769170342338 -0.012021601871064675 0.0083181613764999902 -0.0052568938904546843 0.010564944620186633 -0.010493372550224629 -0.0019278609388138207 0.00083736707432832062 0.0028185777834181204 0.019618224085287638 0.013939414730165535 -0.00079503872582522672 -0.0066606854725278792
leaf_weight=0.76553234457969921 10.994464717805384 5.7664380371570578 0.68975966284051526 31.675454605836421 8.5020107207819802 3.505220675840973 4.3664018022827795 7.9292368423193711 0.86615533800795663 16.172205833252523 2.9452453809790318 0.44745588954538096 4.5917245484888545 0.27106019854545582 1.7143821376375852 0.39697744324803352 19.612279066815972 2.1644435040652752
leaf_count=3 60 27 38 5993 59 29 685 137 45 251 288 54 29 1 41 4 220 36
internal_value=0.00121487 -7.98405e-05 -0.00230845 -0.00934338 0.00302294 0.0103205 0.000338333 -0.000735169 0.00955823 0.00718771 0 -0.00483538 0.00875765 -0.0100872 0.0159226 0.0075513 0.000947517 0.00438819
internal_weight=123.376 112.382 87.0628 37.4419 49.6209 12.0072 37.6137 34.3434 3.2703 25.3191 4.55521 3.78968 20.7639 4.63746 2.40414 0.844433 29.706 10.0937
internal_count=8000 7940 7311 6020 1291 88 1203 1079 124 629 349 346 280 686 79 58 393 173
is_linear=0
shrinkage=0.0155488


Tree=157
num_leaves=19
num_cat=0
split_feature=4 5 1 2 8 4 0 5 4 4 8 4 4 4 4 8 1 5
split_gain=8.04647 6.04528 6.48462 3.28569 3.27174 4.28193 3.01842 2.6307 2.41979 2.58372 2.04102 2.03278 1.55043 1.43388 1.4148 2.32744 1.06798 0.702251
threshold=61.150000000000013 202.50000000000003 301.45000000000005 312.05000000000007 10129.500000000002 29.150000000000002 1.0000000180025095e-35 174.50000000000003 44.750000000000007 13.750000000000002 11112.650000000001 28.750000000000004 15.750000000000002 48.150000000000013 44.150000000000013 8646.9000000000015 301.85000000000008 213.50000000000003
decision_type=2 2 2 2 2 2 2 2 2 2 2 2 2 2 2 2 2 2
left_child=1 2 4 7 5 11 -6 8 9 -4 13 12 -1 14 15 17 -10 -3
right_child=-2 10 3 -5 6 -7 -8 -9 16 -11 -12 -13 -14 -15 -16 -17 -18 -19
leaf_value=0.0025177033460542166 0.011259143042493773 0.00035013252362630758 0.010892449170351226 -0.008239309305025774 0.010458043603896641 -0.013053567396081017 -0.0086700725518576074 -0.0061475783687492454 -0.00015769194679330964 -0.0070605696644247991 0.010642657391579512 0.016900908098347156 -0.0098841591658042072 -0.0041226908184222102 0.0098493950702184009 -0.0080706367075769284 0.011202794568056049 0.0065244135649785238
leaf_weight=4.3932146448642042 15.44771252479404 10.137111572548756 1.5985309742391205 4.8042987226508549 3.4051666390150777 22.098050058819354 2.155066788662225 3.4331015590578309 1.5209551132284094 4.6390198692679405 8.1967050805687887 0.2730344533920287 2.8180994084104896 5.7011319007724515 5.76487211883068 3.6203942056745282 13.060051662381737 9.7431465126574022
leaf_count=40 144 182 9 561 32 4628 24 165 90 792 42 66 675 52 62 75 267 94
internal_value=0.00120937 -0.000313705 -0.0033474 0.00195063 -0.00775041 -0.00976961 0.00224908 0.00442392 0.00659011 -0.000898665 0.00407914 0 -0.0026155 0.0021213 0.00358236 0.00147136 0.00985549 0.00376439
internal_weight=122.81 107.362 64.1986 29.056 35.1426 29.5824 5.56023 24.2517 20.8186 6.23755 43.1634 7.48435 7.21131 34.9667 29.2655 23.5007 14.581 19.8803
internal_count=8000 7856 7349 1884 5465 5409 56 1323 1158 801 507 781 715 465 413 351 357 276
is_linear=0
shrinkage=0.0155488


Tree=158
num_leaves=19
num_cat=0
split_feature=3 3 5 6 8 0 3 5 5 8 3 8 5 8 5 8 5 3
split_gain=7.86086 6.25846 8.6872 3.80042 6.61 6.14386 4.52932 1.68925 2.18434 2.43122 1.65606 1.56224 1.59248 3.63551 1.27793 1.26689 1.15652 1.05761
threshold=1446.5000000000002 2267.5000000000005 202.50000000000003 8.5500000000000025 11112.650000000001 1.0000000180025095e-35 1380.5000000000002 45.500000000000007 206.50000000000003 10326.900000000003 1420.5000000000002 10823.600000000002 136.50000000000003 5727.5000000000009 221.50000000000003 9043.1000000000022 228.50000000000003 1570.5000000000002
decision_type=2 2 2 2 2 2 2 2 2 2 2 2 2 2 2 2 2 2
left_child=3 2 15 6 7 -6 -1 -5 11 -10 -8 12 13 -9 17 -2 -16 -4
right_child=1 -3 14 4 5 -7 10 8 9 -11 -12 -13 -14 -15 16 -17 -18 -19
leaf_value=0.016331758194523628 -0.012695527286129753 0.009209467850433509 0.00170650031430626 0.0052462626314833871 0.017745395132408963 -0.0025925033399181304 -0.0076147405338259687 -0.0083422526778754533 0.010841521853942415 -0.0045481030037862816 0.0079349642034620606 0.0042474928777106024 -0.010880344037086851 0.0070117183999806269 0.011180989906332749 0.0020439287693549356 0 -0.0055251618167719806
leaf_weight=10.717906601727007 21.844238986028362 7.1359782963991156 10.117805441841488 7.4580617360770693 9.4517173245549184 4.5222184509038916 2.8926911083981386 7.6715557784773498 4.3229918181896201 3.0912376157939434 1.4235542793758211 2.7542330846190444 8.9163964884355646 5.0350867570377886 3.471469782292842 0.69214103184640308 3.9682919941842556 6.8944759871810666
leaf_count=78 4950 60 154 538 53 22 59 809 48 23 46 13 676 239 32 34 32 134
internal_value=0.00119837 -0.003145 -0.00529028 0.00469241 0.00251972 0.0112372 0.0113668 -0.000739008 -0.00240436 0.00424939 -0.00116615 -0.00468637 -0.00616184 -0.00189961 0.00102375 -0.0119978 0.00597469 -0.00119042
internal_weight=122.382 54.1244 46.9884 68.2577 53.2235 13.9739 15.0342 39.2496 31.7915 7.41423 4.31625 24.3773 21.623 12.7066 24.452 22.5364 7.43976 17.0123
internal_count=8000 5396 5336 2604 2421 75 183 2346 1808 71 105 1737 1724 1048 352 4984 64 288
is_linear=0
shrinkage=0.0155488


Tree=159
num_leaves=19
num_cat=0
split_feature=7 5 3 7 1 7 3 3 7 4 5 4 7 5 1 5 5 7
split_gain=8.03824 5.96091 8.67874 8.43306 7.19461 2.14462 1.38453 2.40893 0.980745 2.34635 2.02721 1.99565 0.917115 0.908813 1.35933 2.07301 2.35542 1.52145
threshold=8982.2450000000008 202.50000000000003 1380.5000000000002 3534.8850000000007 300.45000000000005 7617.3650000000007 1440.5000000000002 1437.5000000000002 6841.1400000000012 44.150000000000013 219.50000000000003 41.350000000000001 7445.2800000000007 228.50000000000003 299.65000000000003 216.50000000000003 209.50000000000003 6189.1500000000005
decision_type=2 2 2 2 2 2 2 2 2 2 2 2 2 2 2 2 2 2
left_child=1 2 4 -4 -1 8 7 -5 9 11 12 13 -10 14 15 16 -3 -16
right_child=-2 5 3 6 -6 -7 -8 -9 10 -11 -12 -13 -14 -15 17 -17 -18 -19
leaf_value=-0.0086367357653926568 0.013235399154207877 0.01040183961765105 0.0070942615045694645 -0.0072395845355883778 0.0079984967674388025 0.011599375789031049 -0.013227684979825627 0.012246104047035687 -0.010312183310239078 0.01364542059232045 0.0059283279872217451 -0.0092934729965319599 0.00033095281589403611 -0.0032513264497800016 -0.0020049439678540069 0.018254754850146455 -0.0069908228359290931 0.010391606854197408
leaf_weight=7.4365731175057617 10.843966186046599 2.4593607727438345 6.4782549738883963 9.1901746620424056 20.978896709624678 7.0391399618238202 22.441639853874221 0.51915312977507788 3.9864544998854381 3.8426849227398625 3.7840768340975046 2.1846210677176705 1.9495771732181308 2.7651609927415839 9.1816132590174657 2.4693737365305424 2.4614574685692787 1.810263356193899
leaf_count=575 60 45 30 1182 425 42 5148 67 58 32 23 52 14 24 133 23 41 26
internal_value=0.00119283 -8.33668e-05 -0.00301431 -0.00773993 0.00333542 0.00426402 -0.0109972 -0.0045731 0.00243068 0.00393864 -0.00140279 0.00157318 -0.00682953 0.00332187 0.00465019 0.00931371 0.00142294 0.00057178
internal_weight=121.822 110.978 67.0447 38.6292 28.4155 43.9338 32.151 9.70933 36.8946 27.1745 9.72011 23.3319 5.93603 21.1472 18.3821 7.39019 4.92082 10.9919
internal_count=8000 7940 7427 6427 1000 513 6397 1249 471 376 95 344 72 292 268 109 86 159
is_linear=0
shrinkage=0.0155488


Tree=160
num_leaves=19
num_cat=0
split_feature=3 3 9 6 8 0 3 3 8 2 8 8 2 2 6 1 8 3
split_gain=7.47304 6.02278 7.81955 3.73941 6.45396 6.05061 4.43073 1.62522 1.61348 1.55977 1.38932 1.35233 1.32484 2.51909 2.61874 1.38076 1.45917 1.35554
threshold=1446.5000000000002 2089.5000000000005 1.0000000180025095e-35 8.5500000000000025 11112.650000000001 1.0000000180025095e-35 1380.5000000000002 1420.5000000000002 2042.45 311.75000000000006 5727.5000000000009 9043.1000000000022 310.55000000000007 309.05000000000007 10.950000000000001 300.55000000000007 6604.0500000000011 1608.5000000000002
decision_type=2 2 2 2 2 2 2 2 2 2 2 2 2 2 2 2 2 2
left_child=3 2 11 6 8 -6 -1 -8 -5 -3 -10 -2 13 14 17 -14 -17 -4
right_child=1 9 12 4 5 -7 7 -9 10 -11 -12 -13 15 -15 -16 16 -18 -19
leaf_value=0.016235080689110889 -0.012940240807084421 0.010979349662611004 0.015408285414673158 0.0056162906908906827 0.017627489038102136 -0.0026010258348356371 -0.0075593303985331626 0.0078517373774439 -0.0071566867153802591 -0.002468906304014612 -7.9620067945239604e-05 0.0025144259547257787 0.012925030922112023 -0.0086151881391617439 -0.0065573797065420656 -0.0084769014895510423 0.0040341845490990767 -0.00029973552335937345
leaf_weight=10.539462737739084 19.976747313747186 6.8717219694517535 2.6234843870624922 6.3087263703346244 9.3273072615265828 4.5101678371429434 2.869080093689262 1.4295321903191505 8.7408611830323917 1.7040330669842658 24.0399418361485 0.63370769238099356 2.0844674250110975 6.843158214353025 2.2512909132055938 1.7221821118146161 7.5862541082315147 1.2525060730986295
leaf_count=78 4819 112 42 494 53 22 59 46 855 23 997 28 32 128 40 48 98 26
internal_value=0.00118774 -0.00307142 -0.00541192 0.00460386 0.00244857 0.0111087 0.0112678 -0.00112791 -0.000769934 0.00794115 -0.00227257 -0.0121729 0.000471082 -0.00264479 0.00383014 0.00423391 0.000627966 0.0107422
internal_weight=121.315 53.5496 44.9738 67.7651 52.927 13.8375 14.8381 4.29861 39.0895 8.57576 32.7808 20.6105 24.3633 12.9704 6.12728 11.3929 9.30844 3.87599
internal_count=8000 5396 5261 2604 2421 75 183 105 2346 135 1852 4847 414 236 108 178 146 68
is_linear=0
shrinkage=0.0155488


Tree=161
num_leaves=19
num_cat=0
split_feature=4 5 6 3 3 4 5 3 6 4 4 4 3 5 4 3 4 3
split_gain=7.56639 5.60848 9.75404 8.12092 5.01124 2.4816 2.13199 2.51159 1.34772 1.63684 2.82695 1.33833 1.2582 1.16859 1.56747 2.09935 1.73734 1.69949
threshold=61.150000000000013 202.50000000000003 8.5500000000000025 1380.5000000000002 2651.0000000000005 56.550000000000004 186.50000000000003 1420.5000000000002 8.6500000000000004 29.150000000000002 28.750000000000004 52.150000000000013 2651.0000000000005 224.50000000000003 48.150000000000013 1456.5000000000002 40.550000000000004 1570.5000000000002
decision_type=2 2 2 2 2 2 2 2 2 2 2 2 2 2 2 2 2 2
left_child=1 2 3 -1 5 8 7 -7 -4 10 -10 13 -5 14 15 -3 17 -17
right_child=-2 11 4 12 -6 6 -8 -9 9 -11 -12 -13 -14 -15 -16 16 -18 -19
leaf_value=0.015917841745500101 0.010991289711766383 0.0092522136992931776 0 -0.0093535351086982254 0.011736713396596777 -0.013508491492676472 0.0064713902684796374 0.0066720686592266912 -0.0062675086256716896 -0.012236699862924728 0.016374872964551805 0.010145401211650425 0.0054347129294865255 0.0073741420059311811 -0.0058299046545007812 0.0073459675420924804 -0.0099137401897982126 -0.0024358093313396438
leaf_weight=8.8661431670188886 15.215560852549968 6.6533945910632672 3.3398087448440483 4.681565082166343 2.1476230025291434 3.045733646489678 4.4048433378338814 1.0705979978665707 7.4341780825052401 26.655684956116602 0.29801341053098429 6.2400166243314734 0.57023873180150975 7.8370819278061381 5.4000046942383042 6.3264621030539301 2.4965095035731784 8.1301530860364419
leaf_count=64 144 79 82 410 11 176 22 14 881 5612 74 35 3 57 50 85 58 143
internal_value=0.00117877 -0.000310702 -0.00329337 0.00751018 -0.00663174 -0.00785101 0 -0.00721168 -0.00951366 -0.0103989 -0.00281638 0.00390132 -0.00642189 0.00244573 0.000738296 0.00261238 -0.000236761 0.00184288
internal_weight=120.814 105.598 62.5144 14.1179 48.3965 46.2489 8.52117 4.11633 37.7277 34.3879 7.73219 43.0836 5.2518 36.8436 29.0065 23.6065 16.9531 14.4566
internal_count=8000 7856 7349 477 6872 6861 212 190 6649 6567 955 507 413 472 415 365 286 228
is_linear=0
shrinkage=0.0155488


Tree=162
num_leaves=19
num_cat=0
split_feature=7 6 5 7 3 7 0 5 1 7 1 5 1 5 3 7 7 5
split_gain=7.72742 6.89034 12.7523 6.63601 6.12227 3.60148 4.61796 2.33819 2.31124 1.62495 5.64626 2.02459 1.7258 1.51726 1.10941 1.67764 1.8474 2.26554
threshold=8982.2450000000008 8.6500000000000004 178.50000000000003 3534.8850000000007 1380.5000000000002 7716.3650000000007 1.0000000180025095e-35 204.50000000000003 303.55000000000007 5141.4150000000009 300.05000000000007 202.50000000000003 298.15000000000003 175.50000000000003 1442.5000000000002 6403.5300000000007 6199.1450000000013 206.50000000000003
decision_type=2 2 2 2 2 2 2 2 2 2 2 2 2 2 2 2 2 2
left_child=1 4 3 -3 13 9 -7 8 -6 10 12 -11 -4 -1 -13 16 17 -16
right_child=-2 2 5 -5 7 6 -8 -9 -10 11 -12 14 -14 -15 15 -17 -18 -19
leaf_value=0.015576620811121352 0.013051854651710285 0.0049366906317150315 0 -0.012047493751044394 -0.011097995915580921 0.015684963579193887 -0.0034569146713511723 0.0058032671854525873 0.0089475918621126204 -0.0097150851147041629 -0.0068277574082101456 0.0041335154396212924 0.023807406042630586 0.0014470529438601854 0.0088252142811515253 -0.0097282391191157343 0.010528792818974486 -0.0060022142850593629
leaf_weight=11.254433311522009 10.701197758316992 5.6864719688892356 0.77816448593512122 30.051520918495953 5.6303720548748952 8.2360724741592986 3.4914507158100596 4.0197499506175518 0.53751136548817147 4.2679697561543462 2.7085371240973473 11.18789039924741 2.2056131092831492 3.2077620625495902 2.0420068483799723 3.625175302848219 2.3953028898686162 8.2593538817018253
leaf_count=75 60 27 37 5993 463 59 29 42 29 660 90 108 53 20 40 77 32 106
internal_value=0.00117437 -8.43537e-05 -0.00223057 -0.0091658 0.00691396 0.00283292 0.00990473 -0.00193362 -0.00762274 0.00027284 0.00718137 -0.00107226 0.0190742 0.0130507 0.000497396 -0.0018923 0.000738008 -0.00209516
internal_weight=120.287 109.585 84.9355 35.738 24.6498 49.1975 11.7275 10.1876 6.16788 37.47 5.69231 31.7777 2.98378 14.4622 27.5097 16.3218 12.6967 10.3014
internal_count=8000 7940 7311 6020 629 1291 88 534 492 1203 180 1023 90 95 363 255 178 146
is_linear=0
shrinkage=0.0155488


Tree=163
num_leaves=19
num_cat=0
split_feature=7 8 0 3 3 9 2 2 4 7 8 7 4 3 3 4 8 8
split_gain=7.55106 6.14397 9.3771 4.58089 3.98492 9.15137 1.84297 2.08145 1.96733 1.66444 1.07571 1.06226 2.43418 1.48553 1.56331 2.20084 1.05921 0.889343
threshold=8982.2450000000008 11112.650000000001 1.0000000180025095e-35 2651.0000000000005 1380.5000000000002 1.0000000180025095e-35 308.45000000000005 312.05000000000007 58.550000000000004 3534.8850000000007 9474.8000000000011 7214.8950000000013 45.850000000000001 1428.5000000000002 1456.5000000000002 39.050000000000004 10823.600000000002 10823.600000000002
decision_type=2 2 2 2 2 2 2 2 2 2 2 2 2 2 2 2 2 2
left_child=1 3 -3 4 6 9 -1 8 10 -6 -8 12 13 -7 -15 -16 -12 -11
right_child=-2 2 -4 -5 5 11 7 -9 -10 17 16 -13 -14 14 15 -17 -18 -19
leaf_value=-0.0088573247579000758 0.012949226981387124 0.017616394035858376 -0.007139107501694642 0.014241607351016535 0 -0.0090615756599192101 0.0094174960893400345 -0.0075350693608934654 -0.0030400032881359364 -0.011542874063422802 -0.0046731780070724599 -0.0049781571609565176 0.014983743573645477 0.012041490703315703 0.0030031385015495972 -0.0084667011226371366 0.0066434973551776789 0.0024377282571135159
leaf_weight=1.7891069534234727 10.628734111785887 9.1406235918402654 4.6209705770015708 2.9614681378006926 3.7626737207174292 1.9084774972871041 14.28596823522822 2.1730406745336941 4.290566647425293 28.921099773375321 2.7837801603600374 3.7162402416579416 2.2199328942224374 2.146820840425792 17.561065508518372 3.8654812593013039 2.5906011313199997 0.26833188533782859
leaf_count=166 60 53 22 15 17 33 571 85 115 6300 61 53 26 31 288 91 12 1
internal_value=0.00117203 -7.46805e-05 0.00914479 -0.00154745 -0.0022781 -0.00440192 0.0024665 0.00375022 0.00524854 -0.00998703 0.00731475 0.00149551 0.00267362 0.00080923 0.00217785 0.000412902 0.000424093 -0.0111935
internal_weight=119.635 109.006 13.7616 95.2447 92.2832 64.3701 27.9131 26.124 23.9509 32.9521 19.6603 31.418 27.7018 25.4818 23.5734 21.4265 5.37438 29.1894
internal_count=8000 7940 75 7865 7850 6840 1010 844 759 6318 644 522 469 443 410 379 73 6301
is_linear=0
shrinkage=0.0155488


Tree=164
num_leaves=19
num_cat=0
split_feature=7 3 9 7 1 0 2 7 4 3 3 2 4 4 1 3 3 2
split_gain=7.3867 5.14561 7.42641 7.85653 4.44916 4.23139 3.77657 1.70696 1.63062 1.22243 2.46012 1.00168 0.924439 0.904905 0.891081 0.850013 1.02336 1.42412
threshold=8982.2450000000008 1380.5000000000002 1.0000000180025095e-35 3534.8850000000007 302.05000000000007 1.0000000180025095e-35 312.05000000000007 7253.2650000000003 61.150000000000013 1440.5000000000002 1437.5000000000002 310.55000000000007 56.550000000000004 49.250000000000007 303.55000000000007 2089.5000000000005 1456.5000000000002 310.55000000000007
decision_type=2 2 2 2 2 2 2 2 2 2 2 2 2 2 2 2 2 2
left_child=1 4 3 -3 5 7 -6 11 -7 10 14 13 -8 -1 -5 16 -4 -18
right_child=-2 2 15 9 6 8 12 -9 -10 -11 -12 -13 -14 -15 -16 -17 17 -19
leaf_value=0.0070697059296152978 0.012847489479628467 0.0068155848616841741 0.005179086226269127 -0.0087716399095742366 0.014480986955580814 -0.012420538648355838 -0.0094615706476116838 0.0078020587408914105 0.0014231889399668001 -0.013023784950987737 0.012656070583566438 -0.0097096715610457355 0.0035199646988666538 -0.0052437478028869678 0.0038101538208359861 0.011083460050724116 -0.0038624282430628856 0.0034974820746318308
leaf_weight=2.2517799218185277 10.556751705706118 6.4042583405971518 10.964672655332832 7.7740529896691442 11.675480877980588 5.5096623906865707 1.5059632500633591 11.109117487445472 1.9559295922517774 20.639900047564879 0.4938567276112743 1.4434055127203462 1.0715317567810414 1.0132173588499425 0.42450581677258004 1.4648033650591958 12.120485014282169 10.720847154036163
leaf_count=102 60 30 129 1098 116 312 56 302 34 5076 66 59 19 67 64 12 226 172
internal_value=0.00116268 -7.15174e-05 -0.00255699 -0.00746154 0.00446222 0 0.0109193 0.00464858 -0.00866688 -0.0108551 -0.00433205 -0.0022212 -0.00366958 0.00200274 -0.00729635 0.00239192 0.00152526 -0.000246013
internal_weight=119.1 108.543 71.0074 35.7366 37.5361 23.2831 14.253 15.8175 7.46559 29.3323 8.69242 4.7084 2.5775 3.265 8.19856 35.2708 33.806 22.8413
internal_count=8000 7940 6873 6334 1067 876 191 530 346 6304 1228 228 75 169 1162 539 527 398
is_linear=0
shrinkage=0.0155488


Tree=165
num_leaves=19
num_cat=0
split_feature=8 6 3 3 5 3 5 1 6 3 8 1 2 3 3 6 5 3
split_gain=6.88436 7.32756 5.02823 3.66797 3.52682 2.42126 1.83606 2.02991 1.51999 1.40428 1.28517 2.05006 1.49899 1.26717 1.02808 1.02381 0.882687 1.64926
threshold=11112.650000000001 8.6500000000000004 1380.5000000000002 2651.0000000000005 178.50000000000003 1454.5000000000002 204.50000000000003 303.55000000000007 8.5500000000000025 1418.5000000000002 5279.7000000000007 300.75000000000006 309.15000000000003 1322.5000000000002 2152.0000000000005 7.7500000000000009 78.500000000000014 1440.5000000000002
decision_type=2 2 2 2 2 2 2 2 2 2 2 2 2 2 2 2 2 2
left_child=1 2 8 4 5 9 7 15 -1 13 11 12 -6 -3 -7 -4 17 -11
right_child=-2 3 6 -5 10 14 -8 -9 -10 16 -12 -13 -14 -15 -16 -17 -18 -19
leaf_value=0.015943435489562903 0.010372408767765833 0.00043735961412184866 0.0018983913477305077 0.012579334179505446 -0.00011765613433685056 -0.012422238458649943 0.005640130744258111 0.0089060217067741983 0.0026171567204351072 0.016422115382758274 -0.00079151463191434431 -0.0051928571347329474 0.02022139744196844 -0.0074401949281962306 -0.0016207459524121919 -0.012064587396864512 -0.0010003336583512016 -0.0034034742495699776
leaf_weight=9.6046521663665789 15.618525646626948 6.4316075174138012 0.66025740001350453 2.3665216118097296 0.74532076832838345 14.256343656918036 4.0443917140364647 0.53471963433548797 4.1833855211734763 1.2754306914284814 33.090565098216757 0.8509963338728993 1.4234689807053653 11.466091367416082 3.94709757878445 4.7914744233712554 2.6343715048860759 0.66157725709490467
leaf_count=72 88 245 32 12 44 3822 42 29 18 177 1101 45 34 1191 70 431 393 154
internal_value=0.00115578 -0.000312525 0.00699021 -0.00263225 -0.00334362 -0.00641415 -0.00106296 -0.0063149 0.0127077 -0.00253835 0.000110355 0.0082412 0.0146109 -0.00456405 -0.0105316 -0.00976048 0.00401045 0.00975937
internal_weight=118.587 102.968 23.8189 79.1494 76.7829 40.6725 10.0308 5.98645 13.788 22.4691 36.1104 3.01979 2.16879 17.8977 18.2034 5.45173 4.57138 1.93701
internal_count=8000 7912 624 7288 7276 6052 534 492 90 2160 1224 123 78 1436 3892 463 724 331
is_linear=0
shrinkage=0.0155488


Tree=166
num_leaves=19
num_cat=0
split_feature=8 6 0 3 3 5 3 5 6 3 8 3 3 6 2 3 5 3
split_gain=6.6965 7.17109 6.93498 4.91982 3.6003 3.45514 2.40086 1.78848 1.51251 1.37179 1.25233 1.24053 1.18029 1.06699 1.05751 1.02364 0.864286 1.61899
threshold=11112.650000000001 8.6500000000000004 1.0000000180025095e-35 1380.5000000000002 2651.0000000000005 178.50000000000003 1454.5000000000002 204.50000000000003 8.5500000000000025 1418.5000000000002 5279.7000000000007 1322.5000000000002 2651.0000000000005 9.1500000000000004 309.15000000000003 2152.0000000000005 78.500000000000014 1440.5000000000002
decision_type=2 2 2 2 2 2 2 2 2 2 2 2 2 2 2 2 2 2
left_child=1 3 -2 8 5 6 9 12 -1 11 13 -3 -5 -7 -15 -8 17 -11
right_child=2 4 -4 7 -6 10 15 -9 -10 16 -12 -13 -14 14 -16 -17 -18 -19
leaf_value=0.015880755656169081 0.017472486124829094 0.00043163718996317872 -0.0026173805845553727 -0.0088224427311380336 0.012503545421810487 -0.0031619387341571006 -0.012382071513408206 0.0055588333308476704 0.002584931632240032 0.016221875142829193 -0.00078007012573234967 -0.007362656754333354 0.0053096155202991338 -0.00011697381191711617 0.016103701213833914 -0.0016012357512789779 -0.0009901204282913717 -0.0033890995830968976
leaf_weight=9.4983746409416216 9.8809915557503682 6.4320459580048981 5.6897948980331412 5.3670747252181155 2.3515099585056296 0.5349023647140706 14.08557603810914 4.0578371062874794 4.1851868331432334 1.2863801582716394 33.072380398167297 11.420155346393583 0.56709885224699963 0.74527599452994797 1.7556621783878652 3.9482306784484527 2.6330148908309639 0.65935085550881911
leaf_count=72 61 245 27 489 12 22 3822 42 18 177 1101 1191 3 44 57 70 393 154
internal_value=0.00114994 -0.000300756 0.0102523 0.0069464 -0.00259684 -0.00330263 -0.00635343 -0.00102705 0.0126266 -0.00249898 0.000111069 -0.00450789 -0.00624944 0.00812136 0.0118105 -0.0104772 0.00396225 0.00964114
internal_weight=118.171 102.6 15.5708 23.6756 78.9245 76.573 40.4648 9.99201 13.6836 22.4309 36.1082 17.8522 5.93417 3.03584 2.50094 18.0338 4.57875 1.94573
internal_count=8000 7912 88 624 7288 7276 6052 534 90 2160 1224 1436 492 123 101 3892 724 331
is_linear=0
shrinkage=0.0155488


Tree=167
num_leaves=19
num_cat=0
split_feature=4 5 6 4 8 8 4 4 8 6 4 1 1 1 4 4 5 5
split_gain=6.89351 5.01977 8.93157 4.07375 3.81323 1.70644 1.31138 1.31263 2.19392 1.12733 1.00544 0.768908 0.752159 2.13503 1.84912 1.20987 0.888791 0.680377
threshold=61.150000000000013 202.50000000000003 8.5500000000000025 15.750000000000002 10823.600000000002 11112.650000000001 48.150000000000013 44.150000000000013 8646.9000000000015 9.4500000000000011 41.550000000000004 300.15000000000003 301.85000000000008 302.35000000000008 46.750000000000007 54.050000000000004 130.50000000000003 213.50000000000003
decision_type=2 2 2 2 2 2 2 2 2 2 2 2 2 2 2 2 2 2
left_child=1 2 10 11 12 6 7 8 17 -9 -1 -4 -5 14 -14 16 -16 -3
right_child=-2 5 3 4 -6 -7 -8 9 -10 -11 -12 -13 13 -15 15 -17 -18 -19
leaf_value=-0.0010075043160947014 0.010626689648193192 0.00016198050580454237 0.0090093892328318194 -0.011736515199487563 0.0028195394882594353 0.0098122740296709178 -0.0040943167355454117 0.014203192043399081 -0.0080298068686952568 0 0.0090315613352186554 -3.4499294621230437e-05 -0.0079989857875370756 -0.011254316838930774 0.015961021260168066 -0.0026674781796674576 0 0.0061660014593866511
leaf_weight=1.8727994724176813 14.810939500108359 10.21735138632358 2.7086816849187008 25.204052042914554 5.4177571982145301 7.8339924886822692 5.6564105432480565 3.1262428890913716 3.5943038612604132 2.7029492259025574 11.501691681332884 3.4467721697874367 1.5790754896588604 4.6529890946112573 1.7974102981388576 0.9285444221459328 0.8021714026108383 9.8650099821388704
leaf_count=269 144 182 28 5696 27 42 52 20 75 42 208 28 304 689 57 15 28 94
internal_value=0.00114363 -0.000294974 -0.0032114 -0.00645384 -0.00825999 0.00365788 0.00189239 0.00328448 0.00126406 0.00928034 0.00739656 0.00427149 -0.0101209 -0.00474366 0.0016255 0.00770198 0.012071 0.00347949
internal_weight=117.719 102.908 59.9119 46.5375 40.382 42.9963 35.1623 29.5059 23.6767 5.82919 13.3745 6.15545 34.9642 9.76019 5.1072 3.52813 2.59958 20.0824
internal_count=8000 7856 7349 6872 6816 507 465 413 351 62 477 56 6789 1093 404 100 85 276
is_linear=0
shrinkage=0.0155488


Tree=168
num_leaves=19
num_cat=0
split_feature=4 5 6 3 3 4 5 3 4 6 4 4 3 5 4 3 4 3
split_gain=6.71284 4.89679 8.71957 7.31388 4.58681 2.2141 1.9875 2.44421 1.2145 1.20648 1.63855 2.81371 1.18375 1.10431 1.50976 1.9637 1.64242 1.68476
threshold=61.150000000000013 202.50000000000003 8.5500000000000025 1380.5000000000002 2651.0000000000005 56.550000000000004 186.50000000000003 1420.5000000000002 52.150000000000013 8.6500000000000004 29.150000000000002 28.750000000000004 2651.0000000000005 224.50000000000003 48.150000000000013 1456.5000000000002 40.550000000000004 1570.5000000000002
decision_type=2 2 2 2 2 2 2 2 2 2 2 2 2 2 2 2 2 2
left_child=1 2 3 -1 5 9 7 -7 13 -4 11 -11 -5 14 15 -3 17 -17
right_child=-2 8 4 12 -6 6 -8 -9 -10 10 -12 -13 -14 -15 -16 16 -18 -19
leaf_value=0.015545505809362233 0.010506891190296084 0.0088145413226243495 0 -0.0090775324050003589 0.01134587532381333 -0.013447092052737164 0.0061672453360799937 0.0065662726601296035 0.0096455556848266902 -0.006061747884940516 -0.012024857667106531 0.016668669251801473 0.0052893349975079882 0.0070207499947309224 -0.0058821469560261146 0.0071451951520403907 -0.0098086509724586678 -0.00256837637745046
leaf_weight=8.3220518529415113 14.761478652246295 6.7317657824605766 3.2991054062731555 4.4567808136343947 2.0712259262800208 2.9567320765927416 4.3404317228123546 1.0562369478866456 6.0545048154890528 7.1893210583366445 25.007786111906171 0.28399570728652168 0.56687625497579563 7.8438314273953429 5.3626273777335873 6.3813655897974995 2.4424324147403231 8.1804504208266717
leaf_count=64 144 79 82 410 11 176 22 14 35 881 5612 74 3 57 50 85 58 143
internal_value=0.00113475 -0.000287126 -0.00318159 0.0073026 -0.00640305 -0.00760923 0 -0.00714025 0.00361144 -0.00924235 -0.0101205 -0.00249973 -0.0061141 0.00223954 0.000588754 0.00242501 -0.000322471 0.00167247
internal_weight=117.309 102.548 59.5505 13.3457 46.2048 44.1336 8.3534 4.01297 42.997 35.7802 32.4811 7.47332 5.02366 36.9425 29.0986 23.736 17.0042 14.5618
internal_count=8000 7856 7349 477 6872 6861 212 190 507 6649 6567 955 413 472 415 365 286 228
is_linear=0
shrinkage=0.0155488


Tree=169
num_leaves=19
num_cat=0
split_feature=7 6 8 0 9 7 7 4 4 4 4 6 2 4 7 6 8 8
split_gain=7.04253 6.09719 9.41243 9.03653 6.1727 6.80102 1.82076 2.31189 1.53487 1.40383 1.94491 1.64215 1.34939 0.983523 1.37451 1.8737 1.10611 0.827463
threshold=8982.2450000000008 8.6500000000000004 10823.600000000002 1.0000000180025095e-35 1.0000000180025095e-35 3534.8850000000007 6830.4850000000015 44.150000000000013 39.050000000000004 37.45000000000001 36.150000000000013 9.2500000000000018 309.05000000000007 40.850000000000001 3534.8850000000007 8.5500000000000025 9474.8000000000011 11112.650000000001
decision_type=2 2 2 2 2 2 2 2 2 2 2 2 2 2 2 2 2 2
left_child=1 13 4 17 5 -3 7 8 9 10 11 -6 -10 14 -1 -16 -15 -4
right_child=-2 2 3 -5 6 -7 -8 -9 12 -11 -12 -13 -14 16 15 -17 -18 -19
leaf_value=0.010774595162888751 0.012629912702419324 0.0051405527412158487 0.0053411713040922596 -0.0081743509454441591 -0.0059244692762270143 -0.011849654830057687 -0.0080444309154906694 0.013788856118748975 0.0030374972771181458 0.010393840900558464 -0.010152466355170232 0.0060255013396016584 -0.011106114767635929 0.0099365330229685498 -0.010319998936084974 0.0076520349074101057 0.00020319938604222449 0.017285407901094792
leaf_weight=0.76382024586200969 10.369627401232718 5.8192436993122092 4.7528431341052082 5.232924908399581 2.3895434932783379 31.180316919926554 3.612039274070411 2.3944604694843283 1.3183217006735493 2.9878350347280493 2.2475224821828297 9.2124855825677496 3.2662156829610467 14.947162647731604 2.7972136847674851 0.8316657282412051 4.4787198267877093 8.2155585587024671
leaf_count=3 60 28 20 28 41 6705 95 26 28 33 29 160 72 251 288 58 29 46
internal_value=0.00113047 -8.70774e-05 -0.00213171 0.00733363 -0.00495264 -0.00899651 0.000521918 0.00230971 0.000170002 0.00255327 0 0.00292921 -0.00659892 0.00660603 0 -0.00450927 0.00802599 0.0140299
internal_weight=116.818 106.448 82.6293 18.2013 64.428 36.9996 27.4284 23.8164 21.4219 16.8374 13.8496 11.602 4.58454 23.8186 4.3927 3.62888 19.4259 12.9684
internal_count=8000 7940 7311 94 7217 6733 484 389 363 263 230 201 100 629 349 346 280 66
is_linear=0
shrinkage=0.0155488


Tree=170
num_leaves=19
num_cat=0
split_feature=7 6 5 7 3 7 0 5 5 7 6 5 7 6 2 2 4 2
split_gain=6.88433 5.94789 11.2578 6.02535 5.42579 3.25882 4.34381 2.10666 1.5229 1.51522 2.61929 1.80858 1.40503 0.998028 2.96045 1.76838 2.18084 1.44227
threshold=8982.2450000000008 8.6500000000000004 178.50000000000003 3534.8850000000007 1380.5000000000002 7716.3650000000007 1.0000000180025095e-35 204.50000000000003 175.50000000000003 5141.4150000000009 9.1500000000000004 202.50000000000003 3534.8850000000007 9.3500000000000032 310.75000000000006 310.65000000000003 35.250000000000007 311.75000000000006
decision_type=2 2 2 2 2 2 2 2 2 2 2 2 2 2 2 2 2 2
left_child=1 4 3 -3 8 9 -7 12 -1 10 -4 -11 -6 14 -13 16 -15 -17
right_child=-2 2 5 -5 7 6 -8 -9 -10 11 -12 13 -14 15 -16 17 -18 -19
leaf_value=0.015089316999445143 0.012530745104223234 0.004574228824946922 -0.0072032269098519369 -0.011798128172185098 0.0056939046013700124 0.015235936637460297 -0.003433869768944121 0.0054018070192935683 0.00099488088484260225 -0.0094692212654943486 0.011995697167021091 -0.0031075616375068173 -0.010067413964105652 -0.0076259984522280043 0.014849749344966407 -0.012669116018912938 0.0049432544588443117 8.5784814791723855e-05
leaf_weight=10.644417032599451 10.29958240687847 5.592801332473754 1.2156114645767946 27.974518460920081 0.52632954716682245 7.8874040343798679 3.4715843424201012 4.0796541776508093 3.1305728182196608 4.0604826663620797 4.5339909025933594 3.6472444627434042 5.3933265265077353 3.1655896622687605 2.7475974671542645 3.536503614857792 11.522305991500614 2.8091417271643877
leaf_count=75 60 27 31 5993 2 59 29 42 20 660 149 50 490 53 29 47 149 35
internal_value=0.0011262 -7.93433e-05 -0.00210791 -0.00889371 0.0065337 0.00260708 0.00944917 -0.00180426 0.0124903 0.000181866 0.00682689 -0.00112743 -0.00738315 0.000330834 0.00526695 -0.00120767 0.0016086 -0.00742785
internal_weight=116.239 105.939 82.1648 33.5673 23.7743 48.5975 11.359 9.99931 13.775 37.2385 5.7496 31.4889 5.91966 27.4284 6.39484 21.0335 14.6879 6.34565
internal_count=8000 7940 7311 6020 629 1291 88 534 95 1203 180 1023 492 363 79 284 202 82
is_linear=0
shrinkage=0.0155488


Tree=171
num_leaves=19
num_cat=0
split_feature=7 6 5 7 7 0 8 1 5 2 2 7 7 6 0 6 8 1
split_gain=6.73279 5.81911 11.0146 5.93455 3.19125 4.26534 1.58956 2.17322 1.98577 1.26949 1.22792 2.42724 1.31659 1.78695 1.22816 1.35564 1.24087 1.09621
threshold=8982.2450000000008 8.6500000000000004 178.50000000000003 3534.8850000000007 7716.3650000000007 1.0000000180025095e-35 5279.7000000000007 299.75000000000006 202.50000000000003 309.15000000000003 308.55000000000007 6272.5550000000012 6199.1450000000013 11.350000000000003 1.0000000180025095e-35 9.6500000000000004 9474.8000000000011 302.45000000000005
decision_type=2 2 2 2 2 2 2 2 2 2 2 2 2 2 2 2 2 2
left_child=1 -1 3 -3 6 -6 7 9 -8 -4 11 -10 13 17 16 -16 -14 -12
right_child=-2 2 4 -5 5 -7 8 -9 10 -11 12 -13 14 -15 15 -17 -18 -19
leaf_value=0.0064822626767677268 0.012432387546845209 0.0045229097061577446 0 -0.011750652035883659 0.015120232916066472 -0.0033972143747936765 -0.0095723954575945257 -0.0024863371016363221 0.012906110359571378 0.024061890187908518 -0.01020801140589876 -0.003112738376236112 0.011918573236759846 0.0058392759798481554 0.0036391599435730794 -0.010360293686516708 5.6822764056508816e-05 0.0014805904469494216
leaf_weight=23.651123210787773 10.230047687888144 5.5825189650058737 1.0056715670507395 27.658319550566375 7.8341263649053854 3.467942520044744 4.1640236182138315 1.5379561521112917 3.7175068128854063 0.78406247822567809 7.2010520584881323 2.9554153848439455 2.8037287238985282 1.6503663044422854 1.8214116115123027 2.166584325954318 5.973130626603961 1.44777100905776
leaf_count=629 60 27 45 5993 59 29 686 63 42 16 111 37 48 22 22 33 61 17
internal_value=0.00111937 -7.46496e-05 -0.00208625 -0.00884146 0.00256882 0.00935838 0.000171477 0.00886846 -0.000856651 0.0169107 0.000575236 0.00595162 -0.00104714 -0.00499204 0.00202191 -0.00388658 0.00523978 -0.00792243
internal_weight=115.653 105.423 81.7716 33.2408 48.5307 11.3021 37.2287 3.32769 33.901 1.78973 29.737 6.67292 23.064 10.2992 12.7649 3.988 8.77686 8.64882
internal_count=8000 7940 7311 6020 1291 88 1203 124 1079 61 393 79 314 150 164 55 109 128
is_linear=0
shrinkage=0.0155488


Tree=172
num_leaves=19
num_cat=0
split_feature=7 6 5 7 3 7 0 5 5 7 6 5 7 3 7 7 5 0
split_gain=6.58022 5.64017 10.8084 5.84493 5.33103 3.10806 4.18836 2.05383 1.51402 1.4549 2.52818 1.74704 1.39098 0.983773 1.60943 1.78828 2.22784 1.46681
threshold=8982.2450000000008 8.6500000000000004 178.50000000000003 3534.8850000000007 1380.5000000000002 7716.3650000000007 1.0000000180025095e-35 204.50000000000003 175.50000000000003 5141.4150000000009 9.1500000000000004 202.50000000000003 3534.8850000000007 1442.5000000000002 6403.5300000000007 6199.1450000000013 206.50000000000003 1.0000000180025095e-35
decision_type=2 2 2 2 2 2 2 2 2 2 2 2 2 2 2 2 2 2
left_child=1 4 3 -3 8 9 -7 12 -1 10 -4 -11 -6 17 15 16 -15 -13
right_child=-2 2 5 -5 7 6 -8 -9 -10 11 -12 13 -14 14 -16 -17 -18 -19
leaf_value=0.014943217123303369 0.012334823124321622 0.0044721338794489404 -0.0071370151776810444 -0.011702880316086347 0.0056413316415215783 0.015005522199426954 -0.0033609414942026307 0.005231848993756302 0.00091264909075912772 -0.0093609667240035117 0.011721271619862762 0.0074691491579833916 -0.010049250811421882 0.008633660082174751 -0.0096758739965239551 0.010229395987130296 -0.0060281749034635538 -0.0029976355849074907
leaf_weight=10.523100368678572 10.161029197275637 5.5723309218883506 1.2034422622527916 27.346930311759934 0.52519202232360651 7.7812043316662294 3.4643305051140487 4.1080367155373096 3.12629560381174 3.994961382122713 4.5765939850825816 7.4826122429221886 5.375456708483398 2.0640386305749443 3.5417566020041695 2.4273398704826823 8.2646859306842071 3.6432300321757793
leaf_count=75 60 27 31 5993 2 59 29 42 20 660 149 67 490 40 77 32 106 41
internal_value=0.00111592 -6.51234e-05 -0.00205508 -0.00878909 0.00638471 0.00254902 0.00926844 -0.00185215 0.0123328 0.000183219 0.00667821 -0.00110286 -0.00737472 0.000320211 -0.00191873 0.000629137 -0.00215227 0.00377398
internal_weight=115.183 105.022 81.3635 32.9193 23.6581 48.4442 11.2455 10.0087 13.6494 37.1987 5.78004 31.4186 5.90065 27.4237 16.2978 12.7561 10.3287 11.1258
internal_count=8000 7940 7311 6020 629 1291 88 534 95 1203 180 1023 492 363 255 178 146 108
is_linear=0
shrinkage=0.0155488


Tree=173
num_leaves=19
num_cat=0
split_feature=7 6 9 3 3 7 4 4 7 7 6 1 7 4 7 1 3 1
split_gain=6.43343 5.51497 7.51363 5.21129 4.63336 2.03215 1.91967 1.7113 1.95501 3.09469 1.51385 1.26727 2.03387 2.0494 1.48391 2.3501 2.11043 1.37573
threshold=8982.2450000000008 8.6500000000000004 1.0000000180025095e-35 1380.5000000000002 2651.0000000000005 7617.3650000000007 46.150000000000013 53.850000000000001 5102.3550000000005 5066.6950000000006 8.5500000000000025 300.55000000000007 5386.7750000000005 35.250000000000007 6297.9800000000005 299.35000000000008 1397.5000000000002 299.15000000000003
decision_type=2 2 2 2 2 2 2 2 2 2 2 2 2 2 2 2 2 2
left_child=1 3 4 10 7 11 -5 8 9 -3 -1 12 17 -14 15 -15 -16 -4
right_child=-2 2 5 6 -6 -7 -8 -9 -10 -11 -12 -13 13 14 16 -17 -18 -19
leaf_value=0.015590496251445322 0.012238034544793599 -0.0056892419834074573 0.00011760761245004408 0.0026485298595425202 0.01117254555894308 0.0092117674935963106 -0.0098772530346024484 -0.0018343844517600691 -0.012327095981500738 0.019003878077793128 0.0024948072504110859 -0.002876527779117637 -0.010184776035855578 0.014528242728534089 0.0046690264226184651 -0.0032951791922294286 -0.0092351584387932797 0.017578305829062814
leaf_weight=9.2400099784135836 10.092532739043234 6.7717722139786956 2.3332170029170838 6.64621176663786 2.0367577224969855 7.6753403674811116 3.3246701471507549 10.145428628893567 21.182559250621125 0.18087021843530227 4.3252172470092765 12.737927490845321 2.4265744467265895 3.4826921150088301 4.8012987445108575 1.7806643890216944 3.3189884768798947 2.0868185539729893
leaf_count=76 60 829 37 446 11 48 88 484 5382 52 19 188 50 44 40 26 90 30
internal_value=0.00111109 -5.86245e-05 -0.00203174 0.00633445 -0.00671781 0.00258639 -0.0018178 -0.00808895 -0.0100401 -0.00178897 0.0122355 0.000652399 0.00309148 0 0.00279921 0.00843032 -0.0010754 0.0110918
internal_weight=114.59 104.497 80.9609 23.5361 40.3174 40.6435 9.97088 38.2806 28.1352 6.95264 13.5652 32.9682 20.2303 15.8102 13.3836 5.26336 8.12029 4.42004
internal_count=8000 7940 7311 629 6758 553 534 6747 6263 881 95 505 317 250 200 70 130 67
is_linear=0
shrinkage=0.0155488


Tree=174
num_leaves=19
num_cat=0
split_feature=7 6 5 7 3 7 5 1 2 8 1 5 6 2 2 7 7 6
split_gain=6.28708 5.37284 10.4223 5.71731 5.12351 2.99058 1.99789 2.21831 1.84486 1.51404 2.11334 1.89685 1.50626 1.23792 1.16983 2.33242 1.27654 1.73651
threshold=8982.2450000000008 8.6500000000000004 178.50000000000003 3534.8850000000007 1380.5000000000002 7716.3650000000007 204.50000000000003 303.55000000000007 309.35000000000008 5279.7000000000007 299.75000000000006 202.50000000000003 8.5500000000000025 309.15000000000003 308.55000000000007 6272.5550000000012 6199.1450000000013 11.350000000000003
decision_type=2 2 2 2 2 2 2 2 2 2 2 2 2 2 2 2 2 2
left_child=1 4 3 -3 12 9 7 -6 -7 10 13 -11 -1 -4 15 -13 17 -16
right_child=-2 2 5 -5 6 8 -8 -9 -10 11 -12 14 -14 -15 16 -17 -18 -19
leaf_value=0.015531997798059088 0.012142006448327585 0.0044201670794074164 0 -0.011618741916136495 -0.010868778164860768 0 0.0051497548908335323 0.0088584385439910655 0.013244991779333515 -0.00942984188502307 -0.0025109344191784587 0.012561219300927445 0.0024641020697020078 0.023537706445974103 -0.0078382769469072279 -0.0031069220637385247 0.0019920017918740843 0.0057105695615305777
leaf_weight=9.1360994651913661 10.024563215672968 5.5557201355695716 1.009599230019375 26.794933963101357 5.3070641052909178 3.983345400542019 4.1251485571265221 0.52845998620614398 7.1869570291601121 4.0678922587539992 1.5416329824365673 3.7668706532567766 4.32652723789215 0.80607756972312916 8.5774058103561419 2.9403809476643801 12.759167857468126 1.6614710018038739
leaf_count=76 60 27 45 5993 463 34 42 29 54 686 63 42 19 16 128 37 164 22
internal_value=0.00110839 -4.88118e-05 -0.00200012 -0.00868806 0.00627584 0.0025074 -0.0017985 -0.00729546 0.00912246 0.000185691 0.00864157 -0.000822363 0.012158 0.0165374 0.000563954 0.00579762 -0.00102306 -0.00492394
internal_weight=114.099 104.075 80.6515 32.3507 23.4233 48.3008 9.96067 5.83552 11.1703 37.1305 3.35731 33.7732 13.4626 1.81568 29.7053 6.70725 22.998 10.2389
internal_count=8000 7940 7311 6020 629 1291 534 492 88 1203 124 1079 95 61 393 79 314 150
is_linear=0
shrinkage=0.0155488


Tree=175
num_leaves=19
num_cat=0
split_feature=4 5 6 3 3 4 5 3 2 4 4 4 6 5 4 3 4 3
split_gain=5.92569 4.25348 7.62662 6.72043 4.27278 1.86625 1.85876 2.30211 1.27588 1.09829 1.08096 2.8349 1.5195 1.07898 1.45295 1.87059 1.55368 1.64171
threshold=61.150000000000013 202.50000000000003 8.5500000000000025 1380.5000000000002 2651.0000000000005 56.550000000000004 186.50000000000003 1420.5000000000002 311.75000000000006 52.150000000000013 29.150000000000002 28.750000000000004 8.6500000000000004 224.50000000000003 48.150000000000013 1456.5000000000002 40.550000000000004 1570.5000000000002
decision_type=2 2 2 2 2 2 2 2 2 2 2 2 2 2 2 2 2 2
left_child=1 2 3 -1 5 10 7 -7 -5 13 11 -4 -12 14 15 -3 17 -17
right_child=-2 9 4 8 -6 6 -8 -9 -10 -11 12 -13 -14 -15 -16 16 -18 -19
leaf_value=0.01518678904448992 0.010110249360925052 0.00845540766117844 -0.00601232377725498 -0.0095456526165785 0.011083191304613596 -0.013432275055317584 0.005767836158374319 0.0062090940600584834 0.0046434035040672289 0.0091774680806749245 0 0.016907929449964193 -0.011748773166012113 0.0067788069368626023 -0.0059365809135251959 0.0068745931193477765 -0.00971696924051914 -0.0026847493546960136
leaf_weight=7.8015681579709035 14.096182977780698 6.7974766790866914 7.0529692382551721 4.0045121531002223 2.0188566893339148 2.8315844875760363 4.2632968034595251 1.0206768237985668 0.88377102278172959 5.8798632994294158 3.2266793316230205 0.2727639959193765 23.141574149485677 7.8492687605321398 5.3133422136306754 6.4538888763636377 2.3965803626924744 8.221465362235902
leaf_count=64 144 79 895 364 11 176 22 14 49 35 68 74 5612 57 50 85 58 143
internal_value=0.0011092 -0.000237912 -0.00304744 0.00697266 -0.00614643 -0.00736418 -0.0001308 -0.00722794 -0.00593124 0.00335692 -0.00892956 -0.00237796 -0.0104211 0.00206379 0.000443682 0.00224101 -0.00042984 0.00148641
internal_weight=113.526 99.4301 56.5183 12.6899 43.8284 41.8095 8.11556 3.85226 4.88828 42.9119 33.694 7.32573 26.3683 37.032 29.1828 23.8694 17.0719 14.6754
internal_count=8000 7856 7349 477 6872 6861 212 190 413 507 6649 969 5680 472 415 365 286 228
is_linear=0
shrinkage=0.0155488


Tree=176
num_leaves=19
num_cat=0
split_feature=4 6 9 3 8 3 6 4 4 4 8 8 3 8 2 6 2 6
split_gain=5.76626 3.95484 5.22771 4.21087 4.45552 4.13131 2.1692 1.86891 1.62474 2.72174 1.41073 1.09513 1.35498 1.191 0.82928 3.2864 2.27667 1.51186
threshold=61.150000000000013 8.6500000000000004 1.0000000180025095e-35 2651.0000000000005 9949.3000000000011 1380.5000000000002 8.5500000000000025 46.150000000000013 29.150000000000002 28.750000000000004 11112.650000000001 9826.3000000000011 1405.5000000000002 9238.2500000000018 308.55000000000007 10.950000000000001 310.55000000000007 9.2500000000000018
decision_type=2 2 2 2 2 2 2 2 2 2 2 2 2 2 2 2 2 2
left_child=1 5 3 4 8 6 -1 -7 9 -3 11 12 -4 14 15 -14 -16 -18
right_child=-2 2 10 -5 -6 7 -8 -9 -10 -11 -12 -13 13 -15 16 -17 17 -19
leaf_value=0.015214377429325443 0.0099966625949535395 -0.0056767560871976638 0.010972418794361 0.011019907891268178 0.0049891726620751907 0.002647391218788766 0.0004389950127883913 -0.009766814958789255 -0.011548452437518952 0.01680916134533712 0.0071224043301141423 -0.0047864036067239418 0.015185758583151012 -0.0086319479993422869 -0.0061272690148850588 -0.0058307464599744322 -0.0027772500569630651 0.009097148654451253
leaf_weight=8.07327798753977 14.049197010695933 6.8209657697007087 2.1791799874045017 2.0061281621456137 4.8238830999471238 6.6364645101129991 4.0828653723001471 3.2639122866094112 23.620577989844605 0.27737991302274156 8.4323586225509626 6.6012377948500207 2.8561764606274727 1.8345372495241452 7.148773794528096 1.9628150975331662 2.7660924615338427 5.6409255070611835
leaf_count=68 144 864 29 11 63 446 18 88 5679 74 44 81 43 44 144 28 45 87
internal_value=0.00110458 -0.000227035 -0.00193564 -0.00602047 -0.00742724 0.00535525 0.0110407 -0.0017339 -0.00961577 -0.00195984 0.00192569 0.000171827 0.00183125 0.000235466 0.00166293 0.00655148 0 0.00493732
internal_weight=113.077 99.0276 76.971 37.5489 35.5428 22.0565 12.1561 9.90038 30.7189 7.09835 39.4221 30.9897 24.3885 22.2093 20.3748 4.81899 15.5558 8.40702
internal_count=8000 7856 7236 6691 6680 620 86 534 6617 938 545 501 420 391 347 71 276 132
is_linear=0
shrinkage=0.0155488


Tree=177
num_leaves=19
num_cat=0
split_feature=7 6 5 7 3 7 0 5 5 7 6 5 7 6 2 2 3 6
split_gain=5.94877 5.04108 9.87653 5.56255 4.85729 2.83088 4.17813 1.91059 1.512 1.38451 2.41248 1.60188 1.35436 1.00331 2.84815 1.68071 2.08904 1.93947
threshold=8982.2450000000008 8.6500000000000004 178.50000000000003 3534.8850000000007 1380.5000000000002 7716.3650000000007 1.0000000180025095e-35 204.50000000000003 175.50000000000003 5141.4150000000009 9.1500000000000004 202.50000000000003 3534.8850000000007 9.3500000000000032 310.75000000000006 310.65000000000003 1475.5000000000002 10.950000000000001
decision_type=2 2 2 2 2 2 2 2 2 2 2 2 2 2 2 2 2 2
left_child=1 4 3 -3 8 9 -7 12 -1 10 -4 -11 -6 14 -13 16 -15 -18
right_child=-2 2 5 -5 7 6 -8 -9 -10 11 -12 13 -14 15 -16 -17 17 -19
leaf_value=0.014617483552246645 0.0119157835048348 0.0043715476312996696 -0.0070491055263496808 -0.011505526305691644 0.0056093468138427166 0.014740240387477094 -0.0036039086592713474 0.0050246135395277548 0.00062017414949463903 -0.0091310613800221589 0.01137152884987052 -0.003040895802764607 -0.0098753699921725821 0.0072306151172106502 0.014576113417052707 -0.0073659673059745046 0.0022451817596108202 -0.011223106937698396
leaf_weight=10.094037920236589 9.8552108928561193 5.5332736819982555 1.1863989585544903 26.037013204535469 0.52444136142730524 7.6151450951583666 3.4756085588596761 4.1483952570706606 3.0755373686552039 3.8368298211134997 4.6328576563391834 3.6144259795546558 5.2179629225283861 6.9041225295513886 2.7616090271621943 6.3055980112403622 4.6959910970181227 3.1329322513192892
leaf_count=75 60 27 31 5993 2 59 29 42 20 660 149 50 490 79 29 82 68 55
internal_value=0.00110059 -2.95231e-05 -0.00192946 -0.00854526 0.00614362 0.00243542 0.00889614 -0.00171559 0.0119514 0.000175856 0.00649095 -0.00108529 -0.0071631 0.00025425 0.00521928 -0.00128534 0.00144748 -0.00352085
internal_weight=112.647 102.792 79.7318 31.5703 23.0604 48.1615 11.0908 9.8908 13.1696 37.0708 5.81926 31.2515 5.7424 27.4147 6.37604 21.0386 14.733 7.82892
internal_count=8000 7940 7311 6020 629 1291 88 534 95 1203 180 1023 492 363 79 284 202 123
is_linear=0
shrinkage=0.0155488


Tree=178
num_leaves=19
num_cat=0
split_feature=7 6 5 7 7 8 1 5 1 1 4 7 6 5 8 4 5 7
split_gain=5.81732 4.93071 9.66373 5.47717 2.77007 1.47301 2.07956 1.76836 1.42434 1.04886 0.860199 1.33189 1.83751 1.07696 1.06207 0.856511 0.802719 2.00729
threshold=8982.2450000000008 8.6500000000000004 178.50000000000003 3534.8850000000007 7716.3650000000007 5279.7000000000007 299.75000000000006 202.50000000000003 298.65000000000003 298.55000000000007 40.850000000000001 3534.8850000000007 8.5500000000000025 212.50000000000003 9474.8000000000011 56.550000000000004 210.50000000000003 6841.1400000000012
decision_type=2 2 2 2 2 2 2 2 2 2 2 2 2 2 2 2 2 2
left_child=1 10 3 -3 5 6 9 15 -6 -4 11 -1 -13 -14 -12 -7 17 -9
right_child=-2 2 4 -5 8 7 -8 16 -10 -11 14 12 13 -15 -16 -17 -18 -19
leaf_value=0.010553173689725295 0.011822188311016078 0.0043223814398642927 0 -0.011456215389866903 0 -0.011401947627151122 -0.0025408354177054934 0.0074011553026860069 0.012189197061690533 0.021177588957079375 0.0094129478526220473 -0.010299959685671807 -0.0025635729524232142 0.015247896120836973 0 0.0027872339702844822 -0.0012210748875434042 -0.0064684588695908055
leaf_weight=0.76379938423633831 9.7891579717397672 5.5234378725290325 0.68876315094530527 25.750100973295048 3.5468229819089157 3.672895666211843 1.5438330704346297 8.1815297333523649 7.4886086196638644 1.1442838027141986 14.142184039577844 2.7666084924712782 0.51513930363580573 0.32816294208168983 4.428640153259038 0.27093434333801258 19.457652103155851 2.0915860887616864
leaf_count=3 60 27 38 5993 30 685 63 137 58 23 251 288 55 3 29 1 220 36
internal_value=0.00109467 -2.44481e-05 -0.00190824 -0.00849234 0.00240203 0.000168523 0.00849099 -0.000828846 0.00881043 0.0163018 0.00609501 0 -0.00449944 0.00748346 0.00747286 -0.00925084 0.000491046 0.00384936
internal_weight=112.094 102.305 79.3604 31.2735 48.0869 37.0515 3.37688 33.6746 11.0354 1.83305 22.9445 4.37371 3.60991 0.843302 18.5708 3.94383 29.7308 10.2731
internal_count=8000 7940 7311 6020 1291 1203 124 1079 88 61 629 349 346 58 280 686 393 173
is_linear=0
shrinkage=0.0155488


Tree=179
num_leaves=19
num_cat=0
split_feature=7 8 1 7 5 2 3 1 1 1 1 5 2 2 2 5 2 5
split_gain=5.68578 4.57708 4.57105 6.17697 3.68468 2.99729 3.02626 2.91626 2.39302 2.3816 2.24954 2.1853 2.13492 1.54858 1.31207 1.26099 1.13394 1.47748
threshold=8982.2450000000008 10823.600000000002 301.65000000000003 5141.4150000000009 202.50000000000003 312.05000000000007 1380.5000000000002 300.15000000000003 301.95000000000005 302.05000000000007 302.55000000000007 85.500000000000014 310.85000000000008 308.55000000000007 309.75000000000006 210.50000000000003 313.05000000000007 204.50000000000003
decision_type=2 2 2 2 2 2 2 2 2 2 2 2 2 2 2 2 2 2
left_child=1 2 3 7 -5 6 9 11 12 -4 -10 -1 -8 -6 -3 -15 -7 -18
right_child=-2 14 5 4 13 16 8 -9 10 -11 -12 -13 -14 15 -16 -17 17 -19
leaf_value=-0.002673495529060212 0.011729289644128284 0.00085345470791349607 -0.00039780127467561459 -0.011962759238204968 0.0043907396777786451 -0.0098816910504001508 0 -0.0037867363521975517 -0.010162744599971673 0.013414943343155359 0.0025455429241726963 0.014529358476540553 0.019447130771555257 0.00034080915239680771 0.0097767243251038645 -0.0084970054939182919 -0.0053479670747380277 0.013619257371503801
leaf_weight=1.4928523877169917 9.7236491069197637 7.739008545875552 3.3227145364508059 20.412539585027844 4.9190344624221352 4.2890269896015516 2.3686342991422857 4.511725892778486 5.3354814399499428 9.8654650896787626 5.3671560292132199 5.5108386951033026 1.1772739617154 5.4444014476612193 11.196347728371618 7.5221203621476889 1.0445784414187071 0.41117973625659932
leaf_count=217 60 41 50 4875 68 439 151 307 571 110 267 323 86 100 63 119 148 5
internal_value=0.00109118 -1.56448e-05 -0.00164544 -0.00460637 -0.00759643 0.00269372 0.00491452 0.0048074 0 0.00993418 -0.00386661 0.010546 0.00913653 -0.00195787 0.00659802 -0.00481068 -0.00634845 0.00239336
internal_weight=111.654 101.93 82.995 49.8135 38.2981 33.1815 27.4367 11.5154 14.2485 13.1882 10.7026 7.00369 3.54591 17.8856 18.9354 12.9665 5.74479 1.45576
internal_count=8000 7940 7836 6009 5162 1827 1235 847 1075 160 838 540 237 287 104 219 592 153
is_linear=0
shrinkage=0.0155488


Tree=180
num_leaves=19
num_cat=0
split_feature=7 6 5 7 3 7 5 6 8 5 7 6 3 5 3 7 8 3
split_gain=5.56016 4.71565 9.3301 5.34747 4.64569 2.66453 1.87674 1.53458 1.42005 1.71695 1.32998 0.873686 0.844532 0.760541 3.22028 3.92869 1.56759 1.78542
threshold=8982.2450000000008 8.6500000000000004 178.50000000000003 3534.8850000000007 1380.5000000000002 7716.3650000000007 204.50000000000003 8.5500000000000025 5279.7000000000007 202.50000000000003 3534.8850000000007 9.4500000000000011 1280.5000000000002 210.50000000000003 1557.5000000000002 6841.1400000000012 11112.650000000001 1566.5000000000002
decision_type=2 2 2 2 2 2 2 2 2 2 2 2 2 2 2 2 2 2
left_child=1 4 3 -3 7 8 10 -1 11 12 -6 -4 -10 14 15 -11 17 -15
right_child=-2 2 5 -5 6 -7 -8 -9 9 13 -12 -13 -14 16 -16 -17 -18 -19
leaf_value=0.015249220920885535 0.011637074598753504 0.0042521816697745065 -0.0011922769053671258 -0.011375366381087581 0.0055290562024891054 0.0086632717052630547 0.0049699700599843003 0.0021620912730477087 0.0027526179878930488 0.014132294262156756 -0.0098287167813575112 0.011789444425228954 -0.011340184987816117 -0.0072046140875386341 -0.0092052027099798501 -0.0064328870835738726 0.0068130273738613856 0.002503046682189666
leaf_weight=8.6419122219085711 9.6586872860789281 5.510472089052203 0.82745893625542466 25.260100557236001 0.52259302139282038 10.975532858166842 4.1521989814937115 4.3273354917764655 0.27077490091323797 6.0870971195399779 5.1691856728866696 2.565456458600238 3.605591666419059 10.037064667791133 2.1528182225301853 2.0827995799481869 3.2406366765499106 6.1181302201002827
leaf_count=76 60 27 38 5993 2 88 42 19 1 79 490 86 685 137 58 36 16 67
internal_value=0.00108488 -1.01561e-05 -0.00186243 -0.00840005 0.00598813 0.00235997 -0.00169101 0.0117251 0.000167737 -0.000813557 -0.00712475 0.00832375 -0.00917469 0.000477825 0.00373798 0.00832348 -0.00119168 -0.00339107
internal_weight=111.206 101.547 78.7339 30.7706 22.8132 47.9634 9.84398 12.9692 36.9878 33.5949 5.69178 3.39292 3.87637 29.7185 10.3227 8.1699 19.3958 16.1552
internal_count=8000 7940 7311 6020 629 1291 534 95 1203 1079 492 124 686 393 173 115 220 204
is_linear=0
shrinkage=0.0155488


Tree=181
num_leaves=19
num_cat=0
split_feature=7 6 5 7 3 8 7 4 4 4 6 5 7 4 4 6 7 3
split_gain=5.43551 4.61499 9.13337 5.26486 4.55136 2.61532 2.40824 1.83664 1.75679 1.78708 1.52548 1.40741 1.94034 1.10972 2.04894 1.44466 0.944878 0.860123
threshold=8982.2450000000008 8.6500000000000004 178.50000000000003 3534.8850000000007 1380.5000000000002 10823.600000000002 6830.4850000000015 46.150000000000013 44.150000000000013 39.050000000000004 8.5500000000000025 210.50000000000003 3534.8850000000007 37.45000000000001 36.150000000000013 9.1500000000000004 7617.3650000000007 1422.5000000000002
decision_type=2 2 2 2 2 2 2 2 2 2 2 2 2 2 2 2 2 2
left_child=1 4 3 -3 10 6 8 11 9 13 -1 12 -6 14 15 -4 -7 -14
right_child=-2 2 5 -5 7 16 -8 -9 -10 -11 -12 -13 17 -15 -16 -17 -18 -19
leaf_value=0.015193221783986167 0.01154553048936042 0.0042042786041363743 -0.0056442284059364687 -0.011325310084432804 0.010452011925595665 0.00099565769218777221 -0.009386798722501092 -0.0096875826746314411 0.011115277562923125 -0.0072824114438930438 0.002135584495874831 0.010300663982771269 0.002752637608585011 0.0090820327665057758 -0.010280158305238183 0.0054589875388283901 0.0095535808693132489 -0.010422393873758226
leaf_weight=8.5442497208714503 9.5942749604582769 5.5008611977100399 2.3188133256044372 24.984902137424797 0.76319485902786066 6.0631693154573467 4.6680305481422684 3.211473697796464 2.7120369554031631 5.0568566704168907 4.3283711820840827 2.2721555344760418 0.50070888921618495 3.1939394283108404 2.3455324734095475 10.555051628500221 10.997539371252058 3.0608743303455412
leaf_count=76 60 27 79 5993 3 30 285 88 68 233 19 22 22 75 67 393 61 399
internal_value=0.00108087 -3.22251e-06 -0.00183921 -0.00834688 0.00594754 0.00232988 -0.000302496 -0.00165844 0.00152944 0 0.0116507 0.00267709 -0.00204461 0.00223099 0 0.00286525 0.00699693 -0.00753651
internal_weight=110.672 101.078 78.3967 30.4858 22.681 47.911 30.8503 9.80841 26.1822 23.4702 12.8726 6.59693 4.32478 18.4133 15.2194 12.8739 17.0607 3.56158
internal_count=8000 7940 7311 6020 629 1291 1200 534 915 847 95 446 424 614 539 472 91 421
is_linear=0
shrinkage=0.0155488


Tree=182
num_leaves=19
num_cat=0
split_feature=4 5 6 3 3 8 4 3 5 4 3 4 3 3 5 5 4 4
split_gain=5.21591 3.76323 6.00222 6.52602 3.80041 2.25401 1.42356 1.12271 1.09564 1.12111 1.55453 1.57306 2.77141 1.6646 1.19832 0.979461 1.01237 2.80647
threshold=61.150000000000013 204.50000000000003 8.5500000000000025 1380.5000000000002 2651.0000000000005 10823.600000000002 52.150000000000013 2651.0000000000005 224.50000000000003 48.150000000000013 1456.5000000000002 35.95000000000001 1557.5000000000002 1920.5000000000002 215.50000000000003 202.50000000000003 29.150000000000002 28.750000000000004
decision_type=2 2 2 2 2 2 2 2 2 2 2 2 2 2 2 2 2 2
left_child=1 2 3 -1 5 15 8 -5 9 10 -3 12 -12 14 -14 16 17 -4
right_child=-2 6 4 7 -6 -7 -8 -9 -10 -11 11 -13 13 -15 -16 -17 -18 -19
leaf_value=0.014825241824255507 0.0096900234925483344 0.0077746071412314174 -0.005906760362308896 -0.0090086115334091915 0.010842434907086172 0.0013486212440324628 0.010454912157549272 0.00502271173790436 0.0066299922577947876 -0.0054808213850431921 0.015838238575118353 -0.0057845042098759007 -0.010815651332479271 0.0079696798040470671 0.0011792575852187031 0.0011289872640875595 -0.010037723038364973 0.01694632724954738
leaf_weight=7.2858590111136419 13.517814564518629 6.2636484764516416 6.8979011247865847 4.4091951625887305 1.9699444025754917 6.1303948536515227 4.8952013403177252 0.55746611952781666 7.8273269310593596 5.0323218367993823 1.8116820454597489 6.9972186572849742 3.0969804041087627 1.7899847663938997 2.4041632860898972 1.6343817701563228 27.356175755616277 0.27097471384331573
leaf_count=64 144 64 895 416 11 32 30 3 57 44 20 116 72 14 26 53 5865 74
internal_value=0.00107602 -0.000197626 -0.00279559 0.00626698 -0.00549177 -0.00662933 0.00334294 -0.00612331 0.00192588 0.000217757 0.00188443 -0.000578866 0.00326536 -0.00126234 -0.00575301 -0.00808462 -0.00865246 -0.00220599
internal_weight=110.149 96.6308 56.5123 12.2525 44.2598 42.2898 40.1185 4.96666 35.2233 27.396 22.3637 16.1 9.10281 7.29113 5.50114 36.1594 34.5251 7.16888
internal_count=8000 7856 7413 483 6930 6919 443 419 413 356 312 248 132 112 98 6887 6834 969
is_linear=0
shrinkage=0.0155488


Tree=183
num_leaves=19
num_cat=0
split_feature=7 6 5 7 3 7 2 4 5 5 7 1 7 1 1 5 6 2
split_gain=5.23554 4.46361 8.80585 5.15642 4.39388 2.49505 1.82987 1.80363 1.50613 1.33754 1.89323 1.38481 1.23249 4.85454 1.53419 1.46753 0.973029 2.71324
threshold=8982.2450000000008 8.6500000000000004 178.50000000000003 3534.8850000000007 1380.5000000000002 7716.3650000000007 309.35000000000008 46.150000000000013 175.50000000000003 210.50000000000003 3534.8850000000007 303.55000000000007 5141.4150000000009 300.05000000000007 298.15000000000003 202.50000000000003 9.3500000000000032 310.75000000000006
decision_type=2 2 2 2 2 2 2 2 2 2 2 2 2 2 2 2 2 2
left_child=1 4 3 -3 8 12 -7 9 -1 10 -6 -12 13 14 -4 -14 17 -17
right_child=-2 2 5 -5 7 6 -8 -9 -10 -11 11 -13 15 -15 -16 16 -18 -19
leaf_value=0.014275242193173636 0.011399999357965115 0.0041594134396638702 0 -0.01124658929139228 0.010355776324161825 0 0.012594018149394436 -0.0096000452508548783 0.00032854189407877256 0.010077141538038412 -0.010785600122772391 0.0068696962341943954 -0.0088936230445255393 -0.0068859824991719231 0.021093017576832612 -0.002980008876407795 -0.0012990619149286344 0.014201187641083515
leaf_weight=9.6547313481569308 9.485750809311865 5.4854805618524578 0.79360536974854712 24.530424383003265 0.76305517554282953 3.9500327673740667 6.9500163593329489 3.1697912588715553 3.0286100357770911 2.2942415662109852 3.3106614814605568 0.1979944510385393 3.6659562301356372 2.7068320214748383 2.3986322972923517 3.5881426613777903 20.972070962190628 2.7821019347757101
leaf_count=75 60 27 37 5993 3 34 54 88 20 22 396 25 660 90 53 50 284 29
internal_value=0.00107731 0 -0.00180006 -0.00825451 0.00589713 0.00228058 0.0084022 -0.00158914 0.0115482 0.00269939 -0.00194558 -0.00744172 0.000156626 0.00607794 0.0167854 -0.0010417 0.000217949 0.00511334
internal_weight=109.728 100.242 77.8233 30.0159 22.4191 47.8074 10.9 9.73574 12.6833 6.56595 4.27171 3.50866 36.9073 5.89907 3.19224 31.0083 27.3423 6.37024
internal_count=8000 7940 7311 6020 629 1291 88 534 95 446 424 421 1203 180 90 1023 363 79
is_linear=0
shrinkage=0.0155488


Tree=184
num_leaves=19
num_cat=0
split_feature=7 8 0 1 7 5 4 1 0 4 7 7 8 4 8 7 4 5
split_gain=5.11618 4.11809 9.01097 4.18218 5.80515 3.49013 2.85119 2.19303 1.71357 1.46998 3.03016 2.15849 2.15312 1.49752 1.26515 1.24736 2.50398 1.06727
threshold=8982.2450000000008 10823.600000000002 1.0000000180025095e-35 301.65000000000003 5141.4150000000009 202.50000000000003 28.750000000000004 299.65000000000003 1.0000000180025095e-35 44.150000000000013 7297.0950000000012 3534.8850000000007 6604.0500000000011 35.95000000000001 11112.650000000001 6297.9800000000005 37.45000000000001 144.50000000000003
decision_type=2 2 2 2 2 2 2 2 2 2 2 2 2 2 2 2 2 2
left_child=1 3 14 4 6 -6 7 8 -1 11 -11 -5 -13 -14 -3 16 -7 -8
right_child=-2 2 -4 9 5 15 17 -9 -10 10 -12 12 13 -15 -16 -17 -18 -19
leaf_value=0.011591277991597551 0.011310123961644967 0.0043005481485667626 -0.0088501808165023805 0.0096013191287216883 -0.011794447821811913 -0.0043483636284880854 0 -0.0058324112695084728 -0.0033434337035381828 0.01014701773418508 -0.001360887942280397 -0.010172907295086351 0.010822770879255988 -0.0032915238337896395 0.016743238799096685 -0.0069871083084318032 0.008896183329242845 0.02452516308995346
leaf_weight=4.0807514204643631 9.4228511080145818 5.1550247222185162 5.4233330413699141 2.0840595960617057 19.401209426345304 7.1056508179754037 0.21258346852846521 4.755495369201526 1.6451470721513031 11.230120215099307 8.5339445895515365 5.7224445049650949 1.7473448975943027 3.0295746899209917 8.1725240722298604 6.1901047863066188 4.533150577917695 0.78221518755890429
leaf_count=239 60 22 29 10 4875 106 68 324 166 329 278 1070 25 115 53 125 56 50
internal_value=0.00107516 0 0.00631067 -0.00155611 -0.00441916 -0.007387 0.00468713 0.000799666 0.0069176 0.00264432 0.00520869 -0.0012115 -0.00447565 0.00240258 0.0129731 -0.00193238 0.000872755 0.020717
internal_weight=109.228 99.8047 18.7509 81.0538 48.7063 37.2301 11.4762 10.4814 5.7259 32.3475 19.7641 12.5834 10.4994 4.77692 13.3275 17.8289 11.6388 0.994799
internal_count=8000 7940 104 7836 6009 5162 847 729 405 1827 607 1220 1210 140 75 287 162 118
is_linear=0
shrinkage=0.0155488


Tree=185
num_leaves=19
num_cat=0
split_feature=7 6 9 3 3 4 7 6 4 7 7 2 3 2 7 4 6 7
split_gain=5.00152 4.30026 5.8633 4.26636 4.04729 1.78463 1.66274 1.51612 1.4332 1.84064 3.05432 1.43167 1.0382 1.02266 1.70583 2.92555 1.38575 1.97162
threshold=8982.2450000000008 8.6500000000000004 1.0000000180025095e-35 1380.5000000000002 2651.0000000000005 46.150000000000013 7617.3650000000007 8.5500000000000025 53.850000000000001 5102.3550000000005 5066.6950000000006 310.75000000000006 1322.5000000000002 308.55000000000007 6272.5550000000012 35.250000000000007 10.950000000000001 5386.7750000000005
decision_type=2 2 2 2 2 2 2 2 2 2 2 2 2 2 2 2 2 2
left_child=1 3 4 7 8 -5 12 -1 9 10 -3 -10 -4 14 15 -14 -15 -18
right_child=-2 2 6 5 -6 -7 -8 -9 11 -11 -12 -13 13 16 -16 -17 17 -19
leaf_value=0.015029375523175662 0.011220878548070868 -0.0054647660924518173 -0.0092102853602229057 0.0027059888699554929 0.010714146141167936 -0.0095519478873958893 0.0083632673299650767 0.0020113161279472873 -0.0064475691353542671 -0.011893444484435512 0.019195739850977351 0.0041965529686390354 -0.0012484476321395119 -0.0026981300786004464 -0.0021187283047647632 0.019810905728800558 0.013463241405502578 -0.00064679269717075687
leaf_weight=8.252569757401945 9.3605069965124112 6.5396287275943932 1.1497278343886126 6.5387237863615137 1.9438336193561543 3.1519156340509653 7.3684432730078688 4.3247776627540579 5.5449539024848473 18.617171340622008 0.1730164955370127 4.0366913145408034 2.0640804138965931 17.065565016120676 2.7401330517604947 2.3225867552682757 2.4853484048508099 5.1071697138249874
leaf_count=76 60 829 7 446 11 88 48 19 342 5382 52 142 35 281 42 21 33 86
internal_value=0.00107064 0 -0.00176083 0.00582044 -0.00617193 -0.00156269 0.00224439 0.0114157 -0.00755508 -0.00946577 -0.00144193 -0.00164099 0.000508092 0.00131002 0.00602112 0.0111332 -0.000127031 0.00478262
internal_weight=108.787 99.4263 77.1583 22.268 36.8553 9.69064 40.3031 12.5773 34.9115 25.3298 6.71265 9.58165 32.9346 31.7849 7.1268 4.38667 24.6581 7.59252
internal_count=8000 7940 7311 629 6758 534 553 95 6747 6263 881 484 505 498 98 56 400 119
is_linear=0
shrinkage=0.0155488


Tree=186
num_leaves=19
num_cat=0
split_feature=7 6 5 7 3 8 7 5 1 1 7 3 1 5 2 2 1 1
split_gain=4.88744 4.18851 8.36895 4.9834 4.1955 2.41794 2.29119 1.71691 2.11572 1.68804 2.11475 2.7272 1.95448 1.50731 1.49416 1.42758 1.91031 1.23508
threshold=8982.2450000000008 8.6500000000000004 178.50000000000003 3534.8850000000007 1380.5000000000002 10823.600000000002 6830.4850000000015 204.50000000000003 303.55000000000007 300.55000000000007 5141.4150000000009 1475.5000000000002 300.35000000000008 175.50000000000003 308.45000000000005 308.25000000000006 298.85000000000008 298.85000000000008
decision_type=2 2 2 2 2 2 2 2 2 2 2 2 2 2 2 2 2 2
left_child=1 4 3 -3 13 6 9 8 -6 10 -4 15 14 -1 -13 -12 -17 -7
right_child=-2 2 5 -5 7 17 -8 -9 -10 -11 11 12 -14 -15 -16 16 -18 -19
leaf_value=0.014095988006133698 0.011132253552067832 0.0040763362531244058 0.013189799550177428 -0.011126650216930973 -0.010579928192856849 0 -0.0092532298259438584 0.0047204161562963403 0.0087786486811877763 -0.0031759094634572198 -0.0031788668301038084 0 0.0081038288758058848 0.00017028969694027587 -0.012064434973857615 0.022923106713630233 0 0.0092997413489538747
leaf_weight=9.47921120375395 9.2987195849418622 5.4608310759067562 3.7011939908843585 23.857384623028338 4.9695298953447473 5.0987133681774166 4.5578853830229482 4.1940533239394426 0.51863473933190096 9.7753968858160061 0.56805777573026661 3.5991274015977961 1.4141807358246294 3.0056312084197989 4.1648515795823187 1.2809108616784217 1.6730815374758092 11.747608624398707
leaf_count=75 60 27 106 5993 463 28 285 42 29 335 27 105 33 20 206 48 55 63
internal_value=0.00106806 0 -0.0017314 -0.00811835 0.00576601 0.00223194 -0.000292385 -0.0015464 -0.00689419 0.00147684 0.00449636 0.000735612 -0.00350812 0.0113431 -0.00687786 0.0106295 0.0143564 0.0067532
internal_weight=108.365 99.0663 76.8992 29.3182 22.1671 47.581 30.7347 9.68222 5.48816 26.1768 16.4014 12.7002 9.17816 12.4848 7.76398 3.52205 2.95399 16.8463
internal_count=8000 7940 7311 6020 629 1291 1200 534 492 915 580 474 344 95 311 130 103 91
is_linear=0
shrinkage=0.0155488


Tree=187
num_leaves=19
num_cat=0
split_feature=4 3 4 9 2 0 8 4 3 3 4 3 3 2 1 2 4 4
split_gain=4.75489 3.11411 3.63527 4.36097 3.21304 2.43999 3.03928 1.7697 1.58239 2.18447 2.82802 2.16043 1.92274 1.67566 1.79964 2.08721 1.57081 2.76876
threshold=61.150000000000013 2651.0000000000005 44.150000000000013 1.0000000180025095e-35 309.65000000000003 1.0000000180025095e-35 11112.650000000001 41.350000000000001 1454.5000000000002 1418.5000000000002 48.550000000000004 1442.5000000000002 1405.5000000000002 312.05000000000007 302.05000000000007 310.45000000000005 29.150000000000002 28.750000000000004
decision_type=2 2 2 2 2 2 2 2 2 2 2 2 2 2 2 2 2 2
left_child=1 2 3 16 5 6 -4 -5 9 12 11 -11 13 14 15 -6 17 -1
right_child=-2 -3 4 7 8 -7 -8 -9 -10 10 -12 -13 -14 -15 -16 -17 -18 -19
leaf_value=-0.005961625188587995 0.0094074366841467895 0.013263477553167207 -0.0044364886579579977 0.0020019429208024582 0.0084253232549173929 -0.010686168160520381 0.012821473545238011 -0.0096462211163648986 -0.004185788715318042 0.029288455610612784 0.0003317826949383119 -0.00087396911035842069 -0.0094576120012717525 -0.0052331162085941579 0.010691341363727501 -0.0029114225494009435 -0.01259604324663049 0.016627060278715695
leaf_weight=6.9471224800217923 13.122163864783941 2.7359031513333312 5.8464629903901351 21.865517598111186 5.3191570411436393 5.7272577947005621 2.4729368835687637 2.3810682171024373 3.0392367714084676 1.6192358746193338 2.3993369292002171 0.3322194421198218 1.22230123146437 2.3178288722410789 10.132514275144784 8.0781141717452538 12.017519947607068 0.28598516155034293
leaf_count=944 144 15 665 350 209 444 13 68 294 119 125 60 116 115 154 310 3777 78
internal_value=0.00106707 -0.000155085 -0.000767124 -0.00400404 0.00208574 -0.00381244 0.00129237 0.000291898 0.00464683 0.00574593 0.0149611 0.0246095 0.00353624 0.00469908 0.00604656 0.00166055 -0.00929164 -0.00230424
internal_weight=107.862 94.7397 92.0038 43.4972 48.5066 14.0467 8.3194 24.2466 34.4599 31.4207 4.35079 1.95146 27.0699 25.8476 23.5298 13.3973 19.2506 7.23311
internal_count=8000 7856 7841 5217 2624 1122 678 418 1502 1208 304 179 904 788 673 519 4799 1022
is_linear=0
shrinkage=0.0155488


Tree=188
num_leaves=19
num_cat=0
split_feature=7 6 5 7 4 0 4 7 1 6 5 7 4 7 4 1 1 7
split_gain=4.71405 4.00652 8.13408 4.88047 2.33383 2.14736 5.45978 4.31555 2.63282 1.97567 1.79611 1.55362 2.65532 1.40423 1.1128 1.00184 1.74625 0.837476
threshold=8982.2450000000008 8.6500000000000004 178.50000000000003 3534.8850000000007 60.150000000000013 1.0000000180025095e-35 36.250000000000007 7445.2800000000007 299.65000000000003 9.7500000000000018 224.50000000000003 4925.3900000000003 40.45000000000001 7171.3000000000011 45.850000000000001 301.65000000000003 301.95000000000005 6734.2250000000013
decision_type=2 2 2 2 2 2 2 2 2 2 2 2 2 2 2 2 2 2
left_child=1 -1 3 -3 5 7 10 8 11 13 -7 -4 -13 14 -8 -10 -17 -14
right_child=-2 2 4 -5 -6 6 9 -9 15 -11 -12 12 17 -15 -16 16 -18 -19
leaf_value=0.0056671071806127663 0.010993295283204868 0.004025183415345304 0.014887108627441491 -0.011056167079212897 0.01361832640872058 0 -0.001431775492695193 0.012915035478113027 -0.007850110529193351 -0.014845862628580805 0.017574942846141202 -0.0062362159279016451 0.01581149273547296 -0.0081068286277030041 0.013470820127842629 0.01231404497223923 -0.004559166544070398 0.00083958512344588189
leaf_weight=21.999823221471161 9.1943693384528142 5.4430484771728542 1.8871855738107175 23.484694191021845 2.7997603714466086 3.7685253615491083 1.4790104241110369 7.32520254747942 7.6408398768398893 5.8353766815271229 1.5204374790191648 4.1501528550870699 1.327810636488721 2.1424381707329303 0.85962310153990973 0.93626892776228476 3.2170155241619796 2.5637881616130471
leaf_count=629 60 27 29 5993 18 172 75 82 266 183 8 158 44 35 18 18 110 75
internal_value=0.00105852 0 -0.00169151 -0.00804195 0.00220736 0.00105809 -0.00330809 0.00357026 0 -0.00968496 0.00801691 0.00543304 0.00110181 -0.000525782 0.00574929 -0.00484985 0.000494539 0.00929115
internal_weight=107.575 98.381 76.3812 28.9277 47.4534 44.6537 15.6054 29.0483 21.7231 10.3164 5.28896 9.92894 8.04175 4.48107 2.33863 11.7941 4.15328 3.8916
internal_count=8000 7940 7311 6020 1291 1273 491 782 700 311 180 306 277 128 93 394 128 119
is_linear=0
shrinkage=0.0155488


Tree=189
num_leaves=19
num_cat=0
split_feature=7 8 3 1 5 3 5 7 7 1 1 3 5 2 7 4 2 7
split_gain=4.60227 3.82847 3.56633 2.83855 4.71439 3.64789 2.59919 2.24151 2.10493 1.9038 3.88607 1.62607 1.76857 1.60722 2.58995 2.78297 1.39453 1.302
threshold=8982.2450000000008 11112.650000000001 2651.0000000000005 301.65000000000003 178.50000000000003 1450.5000000000002 204.50000000000003 5386.7750000000005 7185.255000000001 300.45000000000005 299.15000000000003 1399.5000000000002 210.50000000000003 308.95000000000005 6309.1500000000005 35.250000000000007 311.05000000000007 3534.8850000000007
decision_type=2 2 2 2 2 2 2 2 2 2 2 2 2 2 2 2 2 2
left_child=1 2 3 4 17 8 -7 9 16 10 -6 12 -9 14 15 -13 -5 -1
right_child=-2 -3 -4 5 7 6 -8 11 -10 -11 -12 13 -14 -15 -16 -17 -18 -19
leaf_value=0 0.010906199138346848 0.0076291612161130317 0.013141470663007932 0.013748354032018417 -0.0012794689709937619 -0.012023275229810493 0.0016192522318030681 0.0089464249973353078 0 -0.0035023996034566464 0.022369671705825295 -0.0065629482698766157 -0.0047916447815559019 -0.0085650104401102066 -0.0097190704953923172 0.014573941035385696 0.00081170292780421917 -0.010896036590284727
leaf_weight=3.1048941761255291 9.1341066211462003 12.537743166089056 2.7127896957099429 6.6389754589181447 2.4246112508699325 5.199848292861132 5.6799507401883602 4.1569084620568928 10.505285076797007 1.7415048470720647 2.2845059889368713 1.1655467008240545 2.4751776121556759 9.9460237119346839 2.0685732399579138 2.9245069185271859 3.8230467934627086 18.598783542402089
leaf_count=14 60 75 15 115 97 1152 72 123 269 57 62 47 23 423 107 79 217 4993
internal_value=0.00106049 0 -0.00119295 -0.00189659 -0.00415798 0.00162128 -0.00514874 0 0.0053991 0.00729036 0.0118256 -0.0023541 0.00338382 -0.00501206 0.000681613 0.00770349 0.00993871 -0.00943101
internal_weight=107.123 97.9887 85.4509 82.7381 50.891 31.8471 10.8798 29.1874 20.9673 6.45062 4.70912 22.7367 6.63209 16.1047 6.15863 4.09005 10.462 21.7037
internal_count=8000 7940 7865 7850 6025 1825 1224 1018 601 216 159 802 146 656 233 126 332 5007
is_linear=0
shrinkage=0.0155488


Tree=190
num_leaves=19
num_cat=0
split_feature=7 6 5 7 3 4 4 6 5 7 1 5 1 1 7 6 7 6
split_gain=4.50019 3.81748 7.84523 4.73786 4.05571 2.27826 1.739 1.59565 1.22907 1.8065 1.36761 1.22592 1.52304 1.81673 1.21383 1.0276 0.919678 0.853013
threshold=8982.2450000000008 8.6500000000000004 178.50000000000003 3534.8850000000007 1380.5000000000002 60.150000000000013 46.150000000000013 8.5500000000000025 210.50000000000003 3534.8850000000007 303.55000000000007 219.50000000000003 298.15000000000003 297.35000000000008 6164.1600000000008 9.2500000000000018 5795.9300000000012 9.1500000000000004
decision_type=2 2 2 2 2 2 2 2 2 2 2 2 2 2 2 2 2 2
left_child=1 4 3 -3 7 11 8 -1 9 -6 -11 12 13 14 16 -13 -4 -14
right_child=-2 2 5 -5 6 -7 -8 -9 -10 10 -12 15 17 -15 -16 -17 -18 -19
leaf_value=0.014868928279583875 0.010819689287355669 0.003941003278904967 -0.00046040580719398022 -0.0109635104609442 0.010087154910393017 0.013497014449368494 -0.0095184813505053249 0.0016850290730448729 0.0095953230616587087 -0.01071753868019021 0.0068229029209427271 -0.0019666036943190514 -0.0034571362776904045 -0.011865240917114264 -0.0051333979832397176 0.0075974527460277337 0.014373324053403433 0.0028839636184097139
leaf_weight=7.9681748226284999 9.0744017362594587 5.4211205989122417 0.9167868830263608 23.025151495588943 0.7598305642604809 2.7679728940129271 3.1290045194327831 4.3246967494487762 2.3391393162310123 3.2444782555103306 0.20087883388623584 2.3543713316321364 5.1156270345672992 4.1208130770828575 1.8978044730611143 8.7184544540941697 0.88086023600772023 20.487987419823185
leaf_count=76 60 27 38 5993 3 18 88 19 22 396 25 22 185 161 55 76 23 713
internal_value=0.00105438 0 -0.001645 -0.00794737 0.00554898 0.00217572 -0.00160981 0.0110965 0.00259457 -0.001896 -0.00733501 0.00103906 -0.000386536 -0.00596903 0.00116027 0.00525831 0.00845084 0.00137215
internal_weight=106.748 97.6732 75.7069 28.4463 21.9662 47.2607 9.67333 12.2929 6.54433 4.20519 3.44536 44.4927 33.4199 7.81626 3.69545 11.0728 1.79765 25.6036
internal_count=8000 7940 7311 6020 629 1291 534 95 446 424 421 1273 1175 277 116 98 61 898
is_linear=0
shrinkage=0.0155488


Tree=191
num_leaves=19
num_cat=0
split_feature=8 0 7 1 7 5 4 2 1 2 0 5 5 4 7 5 7 1
split_gain=4.42332 6.64981 3.40136 3.01267 4.49325 3.97984 2.80003 2.45215 2.06183 1.78997 1.64925 1.55312 2.68487 1.04037 2.10005 2.39367 1.59487 1.11054
threshold=11112.650000000001 1.0000000180025095e-35 8982.2450000000008 301.65000000000003 5141.4150000000009 188.50000000000003 28.750000000000004 312.05000000000007 299.65000000000003 311.75000000000006 1.0000000180025095e-35 219.50000000000003 210.50000000000003 40.850000000000001 3534.8850000000007 213.50000000000003 7226.8400000000011 302.25000000000006
decision_type=2 2 2 2 2 2 2 2 2 2 2 2 2 2 2 2 2 2
left_child=2 -2 3 4 6 -6 8 13 10 11 -1 12 -7 14 -5 -16 -15 -18
right_child=1 -3 -4 7 5 9 -8 -9 -10 -11 -12 -13 -14 16 15 -17 17 -19
leaf_value=0.011266279862554393 0.016552898182067913 -0.0036054146513232253 0.0090936185353464784 0.011927138019548256 -0.011424528068056378 0 0.020378537784665966 -0.0053084206187751816 -0.0057492364035742569 0.010177690102295297 -0.003390515114650747 0.0034903339370855632 -0.012204172723902649 0.010108153904457597 -0.011248273744356621 0.0051128770866718624 -0.0045839912998960966 0.00523036912144149
leaf_weight=4.0588295788038504 8.6243675351142866 5.5335873365402213 7.3346472084522238 1.272445529699328 17.017980995122343 10.156210607383409 1.0103570770006616 6.4168857391923657 4.7042047607246786 1.5311413330491621 1.6276480527594683 5.2490261625498524 6.4106418099254361 10.54200495965779 3.7466660088393837 2.4557715579867363 3.6078675366006774 5.0027573653496802
leaf_count=239 61 27 47 6 4558 448 118 596 324 23 166 58 98 351 658 22 96 104
internal_value=0.00105083 0.00876972 -0.000195073 -0.00116303 -0.00350185 -0.00594589 0.00458044 0.00238279 0.000697561 -0.00141979 0.00666053 -0.00290611 -0.00525105 0.00452863 0 -0.0044819 0.00635257 0.000668171
internal_weight=106.303 14.158 92.1451 84.8104 51.766 40.365 11.401 33.0444 10.3907 23.347 5.68648 21.8159 16.5669 26.6275 7.47488 6.20244 19.1526 8.61062
internal_count=8000 88 7912 7865 6032 5185 847 1833 729 627 405 604 546 1237 686 680 551 200
is_linear=0
shrinkage=0.0155488


Tree=192
num_leaves=19
num_cat=0
split_feature=4 5 3 3 2 2 4 4 4 8 4 4 5 4 3 2 2 3
split_gain=4.37124 3.20862 3.62955 5.06373 3.89978 1.75021 1.7667 1.2875 2.85105 1.36906 1.28181 1.24387 0.964629 1.04164 1.42933 1.47573 2.19513 1.65867
threshold=61.150000000000013 204.50000000000003 2651.0000000000005 1442.5000000000002 309.35000000000008 312.05000000000007 59.350000000000001 29.150000000000002 28.750000000000004 7581.3000000000011 52.150000000000013 60.550000000000004 224.50000000000003 48.150000000000013 1456.5000000000002 308.35000000000008 310.55000000000007 1865.5000000000002
decision_type=2 2 2 2 2 2 2 2 2 2 2 2 2 2 2 2 2 2
left_child=1 2 3 4 11 6 -6 8 -5 -9 12 -1 13 14 -3 -16 17 -17
right_child=-2 10 -4 7 5 -7 -8 9 -10 -11 -12 -13 -14 -15 15 16 -18 -19
leaf_value=-0.012053548274128783 0.0091599707313857557 0.0074000120628204373 0.012194359878076308 -0.0062391137270131078 0.0064389562812412057 -0.0069647380497748559 -0.005891394651159218 -0.01384170312635726 0.016636635030062241 0 0.0099828563649416984 0.0033130664533116004 0.0061828847576579473 -0.0053791015813650965 0.0078721608758538803 -0.012640447535090743 0.0022922690139216858 0.0030628179495009421
leaf_weight=5.2262352635152665 12.732063839212058 6.3001310862600866 2.4289288818836203 7.1645292530301985 19.655238048406325 2.1019819581415495 1.930656702723353 11.8519727778621 0.28552753687836219 2.1342957203742108 4.7111188098788253 0.57021622965112317 7.8419210426509371 4.9357216991484156 2.5178899522870806 4.9730711430311185 7.3805934339761734 1.1624981090426443
leaf_count=806 144 64 14 969 1184 195 37 3851 78 271 30 8 57 44 29 106 103 10
internal_value=0.001047 -0.000127061 -0.00263367 -0.00368887 0.000418953 0.00340359 0.00490649 -0.00922142 -0.00266337 -0.0119589 0.00311533 -0.009677 0.00177777 0.000161438 0.0017684 -0.000595476 -0.00296444 -0.00912912
internal_weight=105.905 93.1725 53.3496 50.9207 29.4843 23.6879 21.5859 21.4363 7.45006 13.9863 39.8229 5.79645 35.1118 27.2699 22.3342 16.0341 13.5162 6.13557
internal_count=8000 7856 7413 7399 2230 1416 1221 5169 1047 4122 443 814 413 356 312 248 219 116
is_linear=0
shrinkage=0.0155488


Tree=193
num_leaves=19
num_cat=0
split_feature=8 6 7 5 7 3 5 2 3 5 4 8 4 5 5 3 7 3
split_gain=4.26619 4.14354 4.44326 4.61669 4.78851 3.36398 1.84561 1.41078 1.64037 2.21804 1.34156 1.21851 1.27682 1.94878 1.11388 3.01343 3.58515 1.24185
threshold=11112.650000000001 8.6500000000000004 8982.2450000000008 178.50000000000003 3534.8850000000007 1380.5000000000002 173.50000000000003 311.75000000000006 1708.5000000000002 232.50000000000003 60.150000000000013 5279.7000000000007 56.550000000000004 202.50000000000003 210.50000000000003 1557.5000000000002 6841.1400000000012 1566.5000000000002
decision_type=2 2 2 2 2 2 2 2 2 2 2 2 2 2 2 2 2 2
left_child=1 5 3 4 -3 6 -1 8 9 -7 -2 -5 13 -13 15 16 -15 -16
right_child=10 2 -4 11 -6 7 -8 -9 -10 -11 -12 12 -14 14 17 -17 -18 -19
leaf_value=0.01375257391668403 0.0038378939869948454 0.0038849417085596778 0.0086409978264281786 0.0076855968770173826 -0.011176636639619887 -0.010613089158482455 0 0.0083089706976520183 0.0067038345570262095 0.008903884956292343 0.015030326704417105 -0.011014054947716368 0.0089254727480446681 0.013513313831343359 -0.0057422296105731482 -0.0091046128860094774 -0.0055627766949030242 0.002255643365875594
leaf_weight=9.0791216641664523 9.4638078063726407 5.4014469236135509 6.9731721132993689 3.4484840042423448 22.251482809428126 6.1323422023560834 2.6701406687498084 1.6053680549375711 1.3150220478419212 0.52811795473098744 4.5541929304599753 3.4219199258368489 1.6729645733721543 6.1879876889288443 10.315495235845448 2.1059816759079686 2.3385285288095474 6.1563897114247075
leaf_count=75 54 27 44 124 5992 379 15 65 88 2 34 708 11 79 139 58 39 67
internal_value=0.00103863 -0.000185968 -0.00205618 -0.00343812 -0.0080609 0.00557878 0.0107671 -0.000934941 -0.00408356 -0.00742039 0.00865558 0.000194613 -0.000748856 -0.00172912 0 0.00356186 0.00784552 -0.00258741
internal_weight=105.622 91.604 70.2739 63.3007 27.6529 21.3301 11.7493 9.58085 7.97548 6.66046 14.018 35.6478 32.1993 30.5263 27.1044 10.6325 8.52652 16.4719
internal_count=8000 7912 7288 7244 6019 624 90 534 469 381 88 1225 1101 1090 382 176 118 206
is_linear=0
shrinkage=0.0155488


Tree=194
num_leaves=19
num_cat=0
split_feature=4 5 1 2 4 7 7 7 5 7 5 1 7 1 1 7 1 4
split_gain=4.18302 3.09612 2.83861 2.03515 1.78426 3.26619 1.72951 2.10221 1.78553 1.49737 1.27421 1.59284 1.39707 1.33526 1.21423 1.93134 1.13918 0.903588
threshold=61.150000000000013 204.50000000000003 300.95000000000005 312.05000000000007 44.750000000000007 3534.8850000000007 5102.3550000000005 5040.2300000000005 186.50000000000003 7617.3650000000007 174.50000000000003 301.85000000000008 7716.3650000000007 301.95000000000005 300.15000000000003 3534.8850000000007 298.45000000000005 36.150000000000013
decision_type=2 2 2 2 2 2 2 2 2 2 2 2 2 2 2 2 2 2
left_child=1 2 6 4 5 -4 7 14 -8 17 11 -6 -13 -12 15 -1 -10 -3
right_child=-2 9 3 -5 10 -7 8 -9 16 -11 13 12 -14 -15 -16 -17 -18 -19
leaf_value=0.009472106822783162 0.0090136642793856563 0.004814424318368103 0.010826363991559351 -0.0077137310427942132 -0.0028116548443095999 -0.0089191535693867851 -0.011272106686866621 0.017658113102120027 -0.0075363347515404354 0.010500002100408468 0.006353491329150817 0.013438331814465864 0 -0.008168459961942369 -0.01026098498931434 -0.0074488947347917138 0.0034460866000286532 -8.1234982808225592e-05
leaf_weight=2.3886479139328034 12.599039152264593 12.477954871952532 1.6124048084020675 4.0282816621474913 1.6828490525949735 5.3641973556950688 13.487202378455551 0.23839563154615451 2.556775694480165 4.6331929713487616 1.4668403512332582 7.3941870981361699 2.8777395901270211 2.0636515012010932 1.8375742782372979 1.5984820183366535 4.1653051625471562 22.689025053754449
leaf_count=12 144 156 8 589 202 1242 3982 67 155 30 38 206 61 35 162 429 225 257
internal_value=0.00103796 -0.000111848 -0.00259564 0.000873884 0.00290047 -0.00293932 -0.006115 0.000540999 -0.00820675 0.003066 0.00578439 0.00807373 0.0103023 -0.00124586 -0.00260161 0.00179471 -0.000773139 0.0016554
internal_weight=105.162 92.5627 52.7625 26.4902 22.4619 6.9766 26.2724 6.0631 20.2093 39.8002 15.4853 11.9548 10.2719 3.53049 5.8247 3.98713 6.72208 35.167
internal_count=8000 7856 7413 2381 1792 1250 5032 670 4362 443 542 469 267 73 603 441 380 413
is_linear=0
shrinkage=0.0155488


Tree=195
num_leaves=19
num_cat=0
split_feature=8 0 6 7 5 7 8 4 5 5 7 8 5 5 8 4 7 5
split_gain=4.11862 6.57888 4.00796 4.27633 4.46685 4.67049 1.18039 1.25842 1.89993 1.08018 1.67725 2.01378 0.849933 1.62373 0.787093 1.04989 1.14233 1.18215
threshold=11112.650000000001 1.0000000180025095e-35 8.6500000000000004 8982.2450000000008 178.50000000000003 3534.8850000000007 5279.7000000000007 56.550000000000004 202.50000000000003 210.50000000000003 6841.1400000000012 9147.6000000000004 219.50000000000003 228.50000000000003 9474.8000000000011 40.850000000000001 3534.8850000000007 214.50000000000003
decision_type=2 2 2 2 2 2 2 2 2 2 2 2 2 2 2 2 2 2
left_child=2 -2 14 4 5 -4 -6 8 -8 10 11 -10 -11 -14 15 16 -1 -18
right_child=1 -3 3 -5 6 -7 7 -9 9 12 -12 -13 13 -15 -16 -17 17 -19
leaf_value=0.009827272740197247 0.016405084762933633 -0.0037350375447559527 0.0038156950030717928 0.008509798456441578 0.0075334008521418753 -0.011098534402170141 -0.010955216098415934 0.0088547430461013484 0.00084778358970316776 -0.0056821556396542136 -0.0055231516006773269 0.016854889951854697 0.0057566682733028634 -0.0068761964185075535 -0.00011088085633457368 0.0087876189185905357 -0.0094407953575836936 0.0044766953373729015
leaf_weight=0.75606571137905731 8.4205607026815397 5.5093825906515113 5.383723363280299 6.9072200506925574 3.4663472573738536 21.862969652283937 3.373360094381499 1.6679845401085902 6.3450209284201282 8.6197259239852446 2.3305771313607684 1.9978760369122026 5.2009036149829617 2.6395662426948547 3.6291199307888737 13.31833751965314 2.3655281942337756 1.0965199954807756
leaf_count=3 61 27 27 44 124 5992 708 11 122 124 39 15 56 26 21 254 335 11
internal_value=0.00102801 0.00853308 -0.000179302 -0.00202529 -0.00338512 -0.00797861 0.000172919 -0.000756033 -0.00172926 -1.63949e-05 0.00346893 0.00677313 -0.00257873 0.000720778 0.00551068 0.00680913 0 -0.00419725
internal_weight=104.891 13.9299 90.9608 69.7953 62.8881 27.2467 35.6414 32.175 30.507 27.1337 10.6735 8.3429 16.4602 7.84047 21.1656 17.5365 4.21811 3.46205
internal_count=8000 88 7912 7288 7244 6019 1225 1101 1090 382 176 137 206 82 624 603 349 346
is_linear=0
shrinkage=0.0155488


Tree=196
num_leaves=19
num_cat=0
split_feature=7 8 0 1 7 5 4 1 0 7 4 4 7 7 8 4 8 1
split_gain=4.04721 3.35262 8.45248 3.2896 5.09876 3.08185 2.77347 1.98441 1.60018 1.18772 2.41956 1.13883 2.79343 1.87626 2.01648 1.3974 1.1308 1.0491
threshold=8982.2450000000008 10823.600000000002 1.0000000180025095e-35 301.65000000000003 5141.4150000000009 202.50000000000003 28.750000000000004 299.65000000000003 1.0000000180025095e-35 6297.9800000000005 37.45000000000001 44.150000000000013 7297.0950000000012 3534.8850000000007 6604.0500000000011 35.95000000000001 11112.650000000001 299.45000000000005
decision_type=2 2 2 2 2 2 2 2 2 2 2 2 2 2 2 2 2 2
left_child=1 3 16 4 6 -6 7 8 -1 10 -7 13 -13 -5 -15 -16 -3 -12
right_child=-2 2 -4 11 5 9 -8 -9 -10 -11 17 12 -14 14 15 -17 -18 -19
leaf_value=0.011057153285394423 0.010421708363358005 0.0041858187659016347 -0.0088331584459937166 0.0090728218420319147 -0.011392567098018811 -0.0043006850334926421 0.020178134118346753 -0.00569648460807791 -0.0033948172681996765 -0.0068496449236619674 0.014866405261410899 0.0094985508264044255 -0.0017176922932220582 -0.0099500487931606686 0.010421700641139496 -0.0031774881353083249 0.016266573892837401 5.7182581270577052e-06
leaf_weight=4.0384321874007565 8.7848468050360662 5.0918033644557017 5.3432417884469023 2.0338858217000988 17.384827283211052 7.0444666603580135 1.0201325574889768 4.6813323367387056 1.6120927969459442 6.0544324256479731 1.899193614721298 10.877068005036564 8.1650555466767383 5.3384116319939476 1.7821887223981319 2.990558287827298 7.641028817743063 2.6610347516834736
leaf_count=239 60 22 29 10 4875 106 118 324 166 125 22 329 278 1070 25 115 53 34
internal_value=0.00102429 0 0.00584206 -0.00138462 -0.00399779 -0.00692016 0.00451056 0.000627671 0.00650756 -0.00185338 0.000864967 0.0023885 0.00468924 -0.00103206 -0.00417529 0.00236676 0.0125139 0.00871841
internal_weight=104.444 95.6592 18.0761 77.5831 46.3959 35.044 11.352 10.3319 5.65052 17.6591 11.6047 31.1872 19.0421 12.145 10.1112 4.77275 12.7328 4.56023
internal_count=8000 7940 104 7836 6009 5162 847 729 405 287 162 1827 607 1220 1210 140 75 56
is_linear=0
shrinkage=0.0155488


Tree=197
num_leaves=19
num_cat=0
split_feature=7 6 8 0 7 9 3 1 0 6 3 7 0 1 7 0 1 7
split_gain=3.95483 3.33775 5.63335 7.882 4.02027 5.37615 3.76605 3.14326 1.66962 1.66511 1.45885 1.34817 1.16795 1.12151 1.01145 0.917273 0.838423 1.83781
threshold=8982.2450000000008 8.6500000000000004 10823.600000000002 1.0000000180025095e-35 5141.4150000000009 1.0000000180025095e-35 1380.5000000000002 300.15000000000003 1.5000000000000002 8.5500000000000025 2651.0000000000005 3534.8850000000007 1.5000000000000002 303.35000000000008 5066.6950000000006 1.0000000180025095e-35 301.65000000000003 6297.9800000000005
decision_type=2 2 2 2 2 2 2 2 2 2 2 2 2 2 2 2 2 2
left_child=1 6 4 -4 7 -6 9 8 -3 -1 14 -8 16 -13 15 -9 17 -7
right_child=-2 2 3 -5 5 12 11 10 -10 -11 -12 13 -14 -15 -16 -17 -18 -19
leaf_value=0.014667814898134431 0.010338301611033543 0.011926131245856671 0.012783501453697891 -0.0083367643429298772 -0.011618476646512423 0 0.0097217306047688423 -0.012783848281539643 -0.006300247538618727 0.0013241072748969998 0.0070029530684417628 -0.0067347772108144275 0.0069727798671549166 0.0042934193839769185 0.0048356160016727974 0 0.0034108028632616615 -0.010237677129804336
leaf_weight=7.6090818233788031 8.7285110093653184 6.6245165399741364 11.687129117548468 5.1243016049265853 21.108064462896436 10.473538015969103 0.75495143234729667 3.5746805588714778 0.34547726484015573 4.3068334460258484 1.020775109529495 7.2119423144031298 2.7226075143553308 1.6200473133940247 0.3337474358268081 1.9842845757957546 3.4837979595176867 5.3270859308540812
leaf_count=76 60 497 66 28 5791 168 3 238 43 19 6 449 41 82 50 186 53 144
internal_value=0.00102137 6.00805e-06 -0.00153589 0.00600181 -0.00390592 -0.00623588 0.0052622 0.00299319 0.0097365 0.0107187 -0.003782 -0.00161719 -0.000562044 -0.00404957 -0.00708487 -0.00911986 -0.00217157 -0.00378733
internal_weight=104.041 95.3129 73.81 16.8114 56.9986 43.1151 21.5029 13.8835 6.96999 11.9159 6.91349 9.58694 22.007 8.83199 5.89271 5.55897 19.2844 15.8006
internal_count=8000 7940 7311 94 7217 6197 629 1020 540 95 480 534 406 531 474 424 365 312
is_linear=0
shrinkage=0.0155488


Tree=198
num_leaves=19
num_cat=0
split_feature=7 6 9 3 3 6 2 3 7 1 7 7 7 3 1 1 6 6
split_gain=3.8648 3.27523 4.60023 3.68153 3.46503 1.65143 1.53237 1.80013 1.40477 1.0647 1.4498 1.61497 2.08524 1.87097 1.41942 0.961909 1.47046 1.66379
threshold=8982.2450000000008 8.6500000000000004 1.0000000180025095e-35 1380.5000000000002 2651.0000000000005 8.5500000000000025 311.75000000000006 1708.5000000000002 7617.3650000000007 300.55000000000007 5386.7750000000005 5982.1650000000009 6297.9800000000005 1397.5000000000002 299.15000000000003 301.65000000000003 9.3500000000000032 8.9500000000000011
decision_type=2 2 2 2 2 2 2 2 2 2 2 2 2 2 2 2 2 2
left_child=1 3 4 5 -3 -1 7 -5 9 10 14 -12 -13 -14 -4 -11 17 -17
right_child=-2 2 8 6 -6 -7 -8 -9 -10 15 11 12 13 -15 -16 16 -18 -19
leaf_value=0.014615123999007428 0.010255430963901895 -0.0070357401194426385 0 -0.0082221365441079979 0.010172343383252421 0.0013080220168686675 0.0080829431163464329 0.0066570713257933138 0.0077512545606438603 -0.0064083339193655303 -0.0067905093730846874 0.011656964808728687 0.0043288741181926335 -0.0090007032701282415 0.015558748639225158 -0.002075482704684042 -0.0066363933651633648 0.014089350463348263
leaf_weight=7.5229372307658213 8.6727262362837774 31.944092308869585 2.4673607833683517 6.6327105972450209 1.8318222314119328 4.3073129951953888 1.6148506752215324 1.3048623602371661 6.9945298209786406 6.891274747438727 4.3780907820910206 3.3566108187660557 4.6853204197250307 3.090354650048539 2.2385265650227666 1.8295951182954016 1.9000059720128772 1.8658553385175762
leaf_count=76 60 6747 37 381 11 19 65 88 48 108 76 44 40 90 30 19 32 29
internal_value=0.00101868 1.22065e-05 -0.00151769 0.00523343 -0.00566416 0.0106502 -0.0015732 -0.00478621 0.00198124 0.000394815 0.00264014 0 0.00325524 -0.00105338 0.00916725 -0.00287001 0.00129851 0.00680124
internal_weight=103.529 94.8561 73.4734 21.3827 33.7759 11.8303 9.55242 7.93757 39.6975 32.703 20.2163 15.5104 11.1323 7.77568 4.70589 12.4867 5.59546 3.69545
internal_count=8000 7940 7311 629 6758 95 534 469 553 505 317 250 174 130 67 188 80 48
is_linear=0
shrinkage=0.0155488


Tree=199
num_leaves=19
num_cat=0
split_feature=4 5 6 3 3 8 7 7 5 7 7 7 8 7 5 7 3 6
split_gain=3.8583 2.86491 4.48993 5.63801 3.12087 1.68279 1.40203 1.02344 0.877069 1.10974 3.01521 1.45787 2.1276 1.41221 0.86892 1.40056 1.6293 1.80709
threshold=61.150000000000013 204.50000000000003 8.5500000000000025 1380.5000000000002 2651.0000000000005 10823.600000000002 7716.3650000000007 3534.8850000000007 202.50000000000003 5102.3550000000005 5066.6950000000006 6745.545000000001 2042.45 7265.6950000000006 224.50000000000003 6830.4850000000015 1524.5000000000002 10.750000000000002
decision_type=2 2 2 2 2 2 2 2 2 2 2 2 2 2 2 2 2 2
left_child=1 2 3 -1 5 8 14 -5 9 10 -4 -11 13 -13 15 16 -3 -18
right_child=-2 6 4 7 -6 -7 -8 -9 -10 11 -12 12 -14 -15 -16 -17 17 -19
leaf_value=0.01421360301468739 0.0087880140080482411 0.0065407142839252986 -0.0054154957639188503 0.0048450431007200133 0.010116495096650725 0.00085700917730249684 0.010661170390780097 -0.0087256768433606833 0.0011528547150895503 -0.013894014590082594 0.01904913407657749 0.011422580783599319 -0.0080212669827204354 -0.004862483285358681 0.0058842359870175482 -0.0050989135805338181 -0.0068377587861015365 0.0046654829369707938
leaf_weight=6.4148220121860486 12.227364601567386 10.069926399737602 6.5182149957399842 0.50309926271438588 1.8202583193778981 5.890639752149581 3.9903572238981715 4.209031939972192 1.6269368669018138 10.815473963506522 0.17901067039929319 1.7545945576857769 10.706109883962197 0.91778335976414371 7.7378913462162009 7.1842816267162553 6.0369054283946735 4.5628920886665583
leaf_count=64 144 119 857 2 11 32 24 417 53 3728 54 260 1732 203 58 81 99 62
internal_value=0.00101883 -8.86365e-05 -0.002526 0.005638 -0.0049783 -0.00608585 0.00296007 -0.00592118 -0.00744272 -0.00804227 -0.00139363 -0.00957319 -0.00493155 0.00507974 0.0016611 0.000154126 0.00234146 -0.00159124
internal_weight=103.166 90.9382 51.356 11.127 40.229 38.4088 39.5823 4.71213 32.5181 30.8912 6.69723 24.194 13.3785 2.67238 35.5919 27.854 20.6697 10.5998
internal_count=8000 7856 7413 483 6930 6919 443 419 6887 6834 911 5923 2195 463 419 361 280 161
is_linear=0
shrinkage=0.0155488


Tree=200
num_leaves=19
num_cat=0
split_feature=4 3 4 9 2 4 7 7 3 3 7 3 6 3 3 7 3 3
split_gain=3.75255 2.68327 2.92062 3.61959 2.75746 1.68805 1.68363 2.9753 1.39046 2.40171 2.97689 1.9239 1.88546 3.4319 2.22919 1.59947 1.63364 1.17875
threshold=61.150000000000013 2651.0000000000005 44.150000000000013 1.0000000180025095e-35 309.65000000000003 41.350000000000001 5102.3550000000005 5066.6950000000006 1454.5000000000002 1418.5000000000002 7333.6750000000002 1442.5000000000002 8.5500000000000025 1380.5000000000002 1350.5000000000002 6703.3950000000013 1405.5000000000002 1378.5000000000002
decision_type=2 2 2 2 2 2 2 2 2 2 2 2 2 2 2 2 2 2
left_child=1 2 3 6 -4 -5 7 -1 9 12 11 -11 13 -6 -14 -16 -17 -8
right_child=-2 -3 4 5 8 -7 17 -9 -10 10 -12 -13 14 -15 15 16 -18 -19
leaf_value=-0.0055132743559639747 0.0086895659383011588 0.012603073659726016 -0.0036522494358598992 0.0018568436267848607 0.013865812583869357 -0.00957680714362622 0.0018696201475489362 0.018620569948713857 -0.0039970377006329078 0.027980141342699202 0 -0.00068100223959966183 -0.0066568204806526964 -0.0059211533129926884 -0.0073227308330250001 0.0083484026748116644 -0.007256050027866427 -0.013560737892615433
leaf_weight=6.6360087783541557 12.188033945858477 2.5946749448776236 13.258050112985073 21.918874084018174 6.2143893539905601 2.3438188997097305 0.55064346897415717 0.19683604361489404 2.9076125433202824 1.8623299561440938 2.0911188605241477 0.31184861832298327 6.2149783701170263 1.8328520124778149 1.1933048509526987 9.6442157868295872 0.66082820505835194 10.195838383166118
leaf_count=906 144 15 1122 350 66 68 27 58 294 124 121 59 238 42 91 381 86 3808
internal_value=0.00101693 -7.68056e-05 -0.000664159 -0.0036183 0.00195544 0.000187988 -0.00874105 -0.00157906 0.0043763 0.00543703 0.0150528 0.0239929 0.00308189 0.00875556 0 0.00404362 0.00634037 -0.0123372
internal_weight=102.816 90.6282 88.0335 41.842 46.1915 24.2627 17.5793 6.83284 32.9335 30.0259 4.2653 2.17418 25.7606 8.04724 17.7133 11.4983 10.305 10.7465
internal_count=8000 7856 7841 5217 2624 418 4799 964 1502 1208 304 183 904 108 796 558 467 3835
is_linear=0
shrinkage=0.0155488


Tree=201
num_leaves=19
num_cat=0
split_feature=7 5 1 3 7 3 2 7 5 1 1 3 3 3 3 1 7 5
split_gain=3.66688 2.78194 3.65184 4.49915 3.08133 2.95376 1.84794 1.30057 1.14058 1.07681 1.0737 1.09922 1.29656 2.64229 1.06639 0.727286 0.696352 1.57094
threshold=8982.2450000000008 202.50000000000003 300.45000000000005 1380.5000000000002 3534.8850000000007 2651.0000000000005 312.05000000000007 7617.3650000000007 178.50000000000003 302.25000000000006 300.65000000000003 2471.5000000000005 1422.5000000000002 1418.5000000000002 1668.5000000000002 299.15000000000003 6841.1400000000012 219.50000000000003
decision_type=2 2 2 2 2 2 2 2 2 2 2 2 2 2 2 2 2 2
left_child=1 2 4 6 -1 10 9 16 -6 -4 14 12 13 -12 -5 -10 -3 -18
right_child=-2 7 3 5 8 -7 -8 -9 15 -11 11 -13 -14 -15 -16 -17 17 -19
leaf_value=0.0048510468005450542 0.010068978203850687 0.0028178160847291867 0.0031434403310001574 0.010694444376005656 -0.012546306625377101 0.0096643131638303233 -0.0049471683259007535 0.0091623198412476934 -0.0056901138872549962 0.012759867377857519 -0.0075770178473206261 0.0017266742151894273 -0.013529615735030236 0.016287067126251612 -0.00618848291442076 0.004049508468388632 -0.0067234330121497803 0.0047762237178523553
leaf_weight=3.0130800306797054 8.5379788875579816 27.909462482668459 8.4786850796081179 0.63145046285353323 11.706023232312875 1.5325403288006789 1.8451322112232436 5.911232527345418 3.8001740206964305 6.3793797828257075 2.7488568134140192 1.0807687193155295 7.9058700287714601 0.30019223038107146 0.35283254785463214 1.4044174437876789 5.4347136449068767 3.5664072316139936
leaf_count=15 60 376 259 223 3710 9 85 42 335 81 293 5 2135 34 57 186 72 23
internal_value=0.0010076 2.33164e-05 -0.00235708 0.000878349 -0.00736761 -0.00507485 0.00627163 0.00294182 -0.00993997 0.00817851 -0.0077715 -0.00911396 -0.0105659 -0.000290581 0.0028404 -0.00219106 0.00157832 -0.00176485
internal_weight=102.539 94.0012 51.1794 31.2557 19.9237 14.5525 16.7032 42.8218 16.9106 14.8581 13.02 12.0357 10.9549 3.04905 0.984283 5.20459 36.9106 9.00112
internal_count=8000 7940 7427 3181 4246 2756 425 513 4231 340 2747 2467 2462 327 280 521 471 95
is_linear=0
shrinkage=0.0155488


Tree=202
num_leaves=19
num_cat=0
split_feature=8 0 6 4 5 4 8 1 4 5 5 6 1 5 1 5 4 0
split_gain=3.74444 6.27808 3.56863 2.49808 2.90955 3.07555 1.12446 1.69611 1.2261 1.75522 1.05928 1.11109 1.04058 0.814388 1.56067 1.55857 0.78811 1.85936
threshold=11112.650000000001 1.0000000180025095e-35 8.6500000000000004 65.000000000000014 178.50000000000003 15.750000000000002 5279.7000000000007 299.75000000000006 56.550000000000004 202.50000000000003 210.50000000000003 9.6500000000000004 298.55000000000007 219.50000000000003 301.65000000000003 228.50000000000003 45.150000000000013 1.0000000180025095e-35
decision_type=2 2 2 2 2 2 2 2 2 2 2 2 2 2 2 2 2 2
left_child=2 -2 -1 4 5 -4 7 12 9 -8 11 -11 -6 14 -12 -15 -7 -18
right_child=1 -3 3 -5 6 16 8 -9 -10 10 13 -13 -14 15 -16 -17 17 -19
leaf_value=0.0052826118314011931 0.016148667175678255 -0.0037155897964162897 0.0030820059002151269 0.0084854181702500725 0 -0.012172965637375629 -0.010776884984559231 -0.002512554525023128 0.0087466597963762448 0.0084293709271582393 -0.0086644261263442469 -0.00049133827301119798 0.019005133645972627 0.005542482156031486 0.004863296993576416 -0.0068450686038596274 -0.0091261297636679121 0.0018222963219403422
leaf_weight=20.563106101704761 8.0836037881672365 5.4396679550409308 5.5419323854148415 3.821914814412593 0.71068873745389227 10.502689016517254 3.2105700576212319 1.529667872469872 1.6566696693189431 4.4060425739735383 7.1318407859653252 6.2789847366511822 1.2411730955354867 5.217389501631259 1.446312617510557 2.6298094242811203 7.8314719730988127 4.9441020241938531
leaf_count=624 61 27 51 35 38 4115 708 63 11 70 108 106 23 56 16 26 1109 753
internal_value=0.00100356 0.00825822 -0.000159169 -0.00192313 -0.00275018 -0.00631275 0.000156461 0.00732881 -0.000753991 -0.00171947 -8.50758e-05 0.00336047 0.0142198 -0.00262305 -0.00566464 0.000599092 -0.00874919 -0.00482914
internal_weight=102.188 13.5233 88.6644 68.1013 64.2793 28.8202 35.4591 3.48153 31.9776 30.3209 27.1104 10.685 1.95186 16.4254 8.57815 7.8472 23.2783 12.7756
internal_count=8000 88 7912 7288 7253 6028 1225 124 1101 1090 382 176 61 206 124 82 5977 1862
is_linear=0
shrinkage=0.0155488


Tree=203
num_leaves=19
num_cat=0
split_feature=7 6 5 7 3 4 4 6 5 7 1 5 1 1 7 2 1 4
split_gain=3.57714 2.97803 6.32186 4.1402 3.42496 2.05819 1.71843 1.62423 1.10311 1.60273 1.33384 1.04142 1.39392 1.72853 1.14778 1.00698 1.22521 2.37693
threshold=8982.2450000000008 8.6500000000000004 178.50000000000003 3534.8850000000007 1380.5000000000002 60.150000000000013 46.150000000000013 8.5500000000000025 210.50000000000003 3534.8850000000007 303.55000000000007 219.50000000000003 298.15000000000003 297.35000000000008 6164.1600000000008 313.05000000000007 299.75000000000006 55.95000000000001
decision_type=2 2 2 2 2 2 2 2 2 2 2 2 2 2 2 2 2 2
left_child=1 4 3 -3 7 11 8 -1 9 -6 -11 12 13 14 -4 16 -14 -18
right_child=-2 2 5 -5 6 -7 -8 -9 -10 10 -12 -13 15 -15 -16 -17 17 -19
leaf_value=0.014417616227350551 0.0099797097176538389 0.0036581373207834646 0.008158976451735838 -0.010486194572313166 0.0095165670595579299 0.012971107220800542 -0.0094280685739515108 0.0011792837470257329 0.0092351930555790284 -0.010507378926791336 0.0068330391553466947 0.0047564685038028794 0.0050557674607438286 -0.011714345036602382 -0.0050894257866431142 0.012211647468146243 -0.004729199310587553 0.0087986731154247218
leaf_weight=7.1995054297149199 8.4655728526413423 5.3212496340274837 1.8085280563682311 20.726255685091019 0.74950751662254145 2.5761356055736533 3.0702740661799908 4.2955884709954262 2.3678804226219654 3.0718144432175909 0.20007205521687854 11.05000853911042 7.6471544748637887 3.97626031935215 1.8452046290040014 0.64686415111645956 14.262055988889189 2.6033898629248133
leaf_count=76 60 27 61 5993 3 18 88 19 22 396 25 98 280 161 55 23 578 17
internal_value=0.000996137 2.08546e-05 -0.00144263 -0.00742062 0.00505213 0.00193758 -0.00150664 0.0103713 0.00271268 -0.00167265 -0.00700414 0.000863592 -0.000461262 -0.0058566 0.00108986 0.00122824 0.0002128 -0.00196727
internal_weight=101.883 93.4177 72.4631 26.0475 20.9546 46.4156 9.45955 11.4951 6.38927 4.02139 3.27189 43.8395 32.7895 7.62999 3.65373 25.1595 24.5126 16.8654
internal_count=8000 7940 7311 6020 629 1291 534 95 446 424 421 1273 1175 277 116 898 875 595
is_linear=0
shrinkage=0.0155488


Tree=204
num_leaves=19
num_cat=0
split_feature=8 6 3 4 5 3 5 4 5 4 6 6 5 2 5 2 2 8
split_gain=3.65026 2.58403 3.1582 2.42825 3.85595 3.55234 1.83713 1.47696 1.06682 1.49391 0.964742 1.49436 2.65276 1.79666 1.61275 1.35824 1.7831 1.10279
threshold=12337.600000000002 8.6500000000000004 1380.5000000000002 65.000000000000014 175.50000000000003 2651.0000000000005 175.50000000000003 46.150000000000013 210.50000000000003 15.750000000000002 9.1500000000000004 9.6500000000000004 215.50000000000003 311.75000000000006 208.50000000000003 311.05000000000007 312.95000000000005 8498.5000000000018
decision_type=2 2 2 2 2 2 2 2 2 2 2 2 2 2 2 2 2 2
left_child=1 2 6 4 5 -3 -1 8 9 -4 -6 15 13 14 17 -12 -17 -13
right_child=-2 3 7 -5 10 -7 -8 -9 -10 -11 11 12 -14 -15 -16 16 -18 -19
leaf_value=0.013296949599790669 0.014334952492790303 -0.0078504187305791714 0.0090097863541170539 0.0090252909573319638 -0.0036424888214275902 0.0099143639673137766 -1.1034562615802911e-05 -0.0084329129047154769 0.0091069842320754806 -0.0068683478644456534 0.01078914047712573 -0.00633898976915836 0.0064976725033012066 0.0076020905935485564 -0.010739383706496144 -0.0072201073134604823 0.011002155022322175 0.0024694488523359132
leaf_weight=8.6619318909943122 3.5018382072448722 25.883422664832327 0.78481520339846467 4.1305477172136298 7.2273307400755575 1.7783977240324009 2.5931781269609919 3.1985388118773699 2.381300849840045 3.206881111022085 6.1097652479074878 4.3098792904056697 9.4222524091601354 1.9387759144883592 5.8914668634533873 2.4356664991937582 0.73301770933903743 7.2526048514991999
leaf_count=77 29 5909 4 38 219 11 15 89 22 420 202 440 91 45 80 80 25 204
internal_value=0.000998566 0.000308986 0.00503387 -0.000977713 -0.00173756 -0.00619741 0.0102273 -0.0011916 0.00272192 -0.00161201 0.000994832 0.00205989 8.80407e-05 -0.00304386 -0.00485957 0.00708314 -0.000218666 -0.000810504
internal_weight=101.442 97.9398 20.8266 77.1131 72.9826 27.6618 11.2551 9.57154 6.373 3.9917 45.3208 38.0934 28.815 19.3927 17.454 9.27845 3.16868 11.5625
internal_count=8000 7971 627 7344 7306 5920 92 535 446 424 1386 1167 860 769 724 307 105 644
is_linear=0
shrinkage=0.0155488


Tree=205
num_leaves=19
num_cat=0
split_feature=7 5 3 3 2 7 4 2 3 3 7 7 7 4 0 3 5 0
split_gain=3.47502 2.59671 3.19393 4.7432 2.46826 1.76924 1.41866 1.41754 1.01563 2.06008 1.79083 2.96884 1.01184 0.802787 2.54037 1.47064 2.36866 2.18235
threshold=8982.2450000000008 204.50000000000003 1380.5000000000002 2651.0000000000005 309.75000000000006 7716.3650000000007 60.550000000000004 312.05000000000007 1440.5000000000002 1437.5000000000002 5102.3550000000005 5066.6950000000006 8445.510000000002 36.150000000000013 1.0000000180025095e-35 1554.5000000000002 215.50000000000003 1.0000000180025095e-35
decision_type=2 2 2 2 2 2 2 2 2 2 2 2 2 2 2 2 2 2
left_child=1 2 4 8 6 13 -1 12 9 -4 11 -10 -6 15 -15 -3 -17 -18
right_child=-2 5 3 -5 7 -7 -8 -9 10 -11 -12 -13 -14 14 -16 16 17 -19
leaf_value=-0.011650020007705139 0.0098861528412388482 0.013861486262929669 -0.0049053362978502086 0.011577610617636756 0.0078744527440993192 0.011273860618414268 0.0022926768163518186 -0.0049360828915995456 -0.0057315660086578197 0.013661701014333977 -0.012720080282431346 0.018189755766323257 -0.0015007571612096642 0.0031200413655748638 -0.0074162149953197138 -0.0057722121627823992 -0.00088986475028337794 0.015182969957055786
leaf_weight=3.048882978269833 8.390976566821335 1.9900072701275338 7.7466083511244559 2.2994489148259154 14.007272693328565 4.3645305782556525 1.7517712377011774 1.8256112639792252 6.8183947368524995 0.43467408115975548 12.446068832417948 0.21503601456060994 2.1708972179330877 16.205724278464917 6.8350881803780785 4.7752617858350259 3.1079245209693909 2.7123264782130718
leaf_count=402 60 22 1193 14 435 29 44 85 927 68 4224 59 41 181 82 87 27 20
internal_value=0.000996781 3.14046e-05 -0.00217121 -0.00545057 0.00203633 0.00300869 -0.0065015 0.00478604 -0.00743691 -0.00183663 -0.00935173 -0.00190993 0.00637826 0.00154531 -6.70868e-05 0.0045157 0.00116257 0.00741134
internal_weight=101.147 92.7555 52.7647 29.9602 22.8044 39.9909 4.80065 18.0038 27.6608 8.18128 19.4795 7.03343 16.1782 35.6263 23.0408 12.5855 10.5955 5.82025
internal_count=8000 7940 7492 6485 1007 448 446 561 6471 1261 5210 986 476 419 263 156 134 47
is_linear=0
shrinkage=0.0155488


Tree=206
num_leaves=19
num_cat=0
split_feature=8 7 6 9 8 7 7 7 0 4 8 6 6 8 7 2 2 4
split_gain=3.54655 2.85547 3.30628 2.82398 3.1758 4.89289 1.65854 1.73139 1.31955 4.05902 3.83381 1.62076 1.24029 3.08638 1.05256 0.942199 1.00675 1.2183
threshold=12337.600000000002 8982.2450000000008 8.6500000000000004 1.0000000180025095e-35 10823.600000000002 5102.3550000000005 5040.2300000000005 3534.8850000000007 1.0000000180025095e-35 48.150000000000013 11112.650000000001 9.1500000000000004 9.6500000000000004 7383.9000000000005 6054.1000000000013 311.05000000000007 310.55000000000007 40.45000000000001
decision_type=2 2 2 2 2 2 2 2 2 2 2 2 2 2 2 2 2 2
left_child=1 2 -1 4 5 6 7 -4 10 12 11 -5 14 -14 -10 16 17 -13
right_child=-2 -3 3 8 -6 -7 -8 -9 9 -11 -12 15 13 -15 -16 -17 -18 -19
leaf_value=0.0048115137806856063 0.014206566166561477 0.0088839718929414647 0.0041264956256495365 -0.0085805911129980296 0.0054900639134324147 -0.011368022516566984 0.017221149076666793 -0.0091686929873397022 0 -0.014598501216259102 0.0144692952022339 -0.0030867243812256182 0.0078338792790414776 -0.011147076973691591 0.013859441106345929 -0.0035586365544866163 0.010773570296255553 0.0065736644661624566
leaf_weight=20.403281309176236 3.4552264362573615 7.3797239549458018 5.4984442144632357 3.2406350979581537 4.2337851598858824 19.813794491346925 0.25831267843022931 2.3713261019438505 1.9362280135974272 3.6683036023750892 4.1969232261180869 5.9395073736086506 2.7214225081261247 2.9700597915798426 1.8438228690065441 4.0192118026316157 2.7014265095349392 4.174917577765882
leaf_count=624 29 51 28 47 24 5841 79 785 32 37 26 104 43 55 25 72 30 68
internal_value=0.000993905 0.000312608 -0.000459752 -0.00211701 -0.00541776 -0.00736602 0.00219334 -0.000162675 0.000705253 -0.00295651 0.00288583 -5.87993e-05 0.00236554 -0.00173946 0.00821157 0.00184669 0.00398048 0.00084553
internal_weight=100.826 97.3711 89.9914 69.5881 32.1757 27.9419 8.12808 7.86977 37.4125 13.1398 24.2726 20.0757 9.47153 5.69148 3.78005 16.8351 12.8159 10.1144
internal_count=8000 7971 7920 7296 6757 6733 892 813 539 192 347 321 155 98 57 274 202 172
is_linear=0
shrinkage=0.0155488


Tree=207
num_leaves=19
num_cat=0
split_feature=4 3 5 3 1 2 5 7 7 7 7 3 1 7 1 5 7 5
split_gain=3.33413 2.50014 3.3629 4.10596 3.04325 1.8583 1.96856 1.82256 2.9474 1.69925 1.32773 1.2216 1.07641 0.865942 0.791861 0.734367 0.728015 0.677197
threshold=61.150000000000013 2651.0000000000005 202.50000000000003 1442.5000000000002 300.55000000000007 312.05000000000007 175.50000000000003 5102.3550000000005 5066.6950000000006 7716.3650000000007 8982.2450000000008 1438.5000000000002 301.85000000000008 7617.3650000000007 301.95000000000005 186.50000000000003 3534.8850000000007 224.50000000000003
decision_type=2 2 2 2 2 2 2 2 2 2 2 2 2 2 2 2 2 2
left_child=1 2 3 4 11 6 9 8 16 12 -9 15 -6 17 -8 -1 -5 -4
right_child=-2 -3 13 7 5 -7 14 10 -10 -11 -12 -13 -14 -15 -16 -17 -18 -19
leaf_value=-0.011744090402131641 0.008342106779596084 0.012303629527708639 6.2305777260849115e-05 0 0 -0.0066969197275206435 0.0026692567634750289 -0.013713803323110509 0.018535632673822883 -3.1910728763866844e-05 0.0030219909528212165 0.0071672217701856606 0.014275408797870367 0.0078631129366859686 -0.0078913481679826619 -0.00085863416809390494 -0.0099740071856472372 0.0051344960277825147
leaf_weight=4.7607633438892663 11.774648527614771 2.5276221111416808 29.079002629034221 3.7393258064985302 1.4961364504415557 1.9948393055237819 2.1239632198121394 11.01423491677269 0.20041412999853481 2.976423936430364 0.42074064910411912 0.18058502976782698 7.2485356335528195 5.2187570054084054 1.8629771084524689 3.3774314785841852 2.8856631345115602 7.559299847111105
leaf_count=1163 144 15 413 17 289 195 61 4143 58 114 2 52 202 36 31 104 904 57
internal_value=0.000992348 -4.28808e-05 -0.000619329 -0.00359306 0.000293999 0.00401878 0.00599843 -0.00899471 -0.00153133 0.00904089 -0.0125584 -0.00672158 0.0121332 0.00245034 -0.00223361 -0.00834987 -0.00546343 0.00134471
internal_weight=100.441 88.6667 86.1391 44.282 26.0217 17.7029 15.708 18.2604 6.8254 11.7211 11.435 8.31878 8.74467 41.8571 3.98694 8.13819 6.62499 36.6383
internal_count=8000 7856 7841 7335 2211 892 697 5124 979 605 4145 1319 491 506 92 1267 921 470
is_linear=0
shrinkage=0.0155488


Tree=208
num_leaves=19
num_cat=0
split_feature=7 6 5 7 4 0 4 7 1 6 1 1 4 7 7 4 4 4
split_gain=3.27021 2.67019 5.81326 3.91663 1.93869 1.82883 4.99848 3.77177 2.42712 1.85402 1.60168 1.70319 1.55614 1.34379 1.2861 2.51963 1.01319 0.946055
threshold=8982.2450000000008 8.6500000000000004 178.50000000000003 3534.8850000000007 60.150000000000013 1.0000000180025095e-35 36.250000000000007 7445.2800000000007 299.65000000000003 9.7500000000000018 299.55000000000007 300.45000000000005 35.750000000000007 7171.3000000000011 4925.3900000000003 40.45000000000001 45.850000000000001 34.95000000000001
decision_type=2 2 2 2 2 2 2 2 2 2 2 2 2 2 2 2 2 2
left_child=1 -1 3 -3 5 7 10 8 14 13 12 -12 -7 16 -4 -16 -8 -10
right_child=-2 2 4 -5 -6 6 9 -9 17 -11 11 -13 -14 -15 15 -17 -18 -19
leaf_value=0.004848609172172072 0.0096764013502988432 0.0035554571995214126 0.013618223344289034 -0.01028468906964717 0.012683191408911621 -0.0084736296992618445 -0.0013091218196847631 0.012253259426033393 -0.011077306424127241 -0.014598435331680197 0.021206595245370469 0 0.0095807641058868048 -0.0080348107631919401 -0.0061373888810201454 0.0090936084520243203 0.0128623648802468 -0.001167560339905521
leaf_weight=20.606591250514612 8.2495448514819127 5.2808068990707424 1.9472553359810314 19.893549791071564 2.5086822658777228 1.7120709849987172 1.454455940984188 6.8397895321249953 2.9210458553861818 5.5869662531185895 1.3460306199267509 1.7193639592733232 0.58268715813755978 2.0904641840606928 4.0808796533383429 3.8142010525334626 0.87951044226065267 8.6213606551755202
leaf_count=629 60 27 29 5993 18 74 75 82 138 183 33 63 10 35 158 119 18 256
internal_value=0.000986034 4.55735e-05 -0.00134932 -0.00720509 0.0018722 0.000829432 -0.00320774 0.00320132 -3.87102e-05 -0.00946935 0.00748536 0.0132212 -0.00104505 -0.000530496 0.00512224 0.00103632 0.00557279 -0.00481061
internal_weight=100.135 91.8857 71.2791 25.1744 46.1048 43.5961 15.3715 28.2245 21.3847 10.0114 5.36015 3.06539 2.29476 4.42443 9.84234 7.89508 2.33397 11.5424
internal_count=8000 7940 7311 6020 1291 1273 491 782 700 311 180 96 84 128 306 277 93 394
is_linear=0
shrinkage=0.0155488


Tree=209
num_leaves=19
num_cat=0
split_feature=8 6 3 4 8 0 3 9 6 4 3 4 4 4 1 4 8 3
split_gain=3.41405 2.29657 3.03137 2.22788 2.26787 9.89052 2.74064 3.36919 1.65009 1.4513 1.21063 2.73298 1.87143 2.59713 1.53648 1.11235 0.889942 1.20286
threshold=12337.600000000002 8.6500000000000004 1380.5000000000002 65.000000000000014 10823.600000000002 1.0000000180025095e-35 2651.0000000000005 1.0000000180025095e-35 8.5500000000000025 46.150000000000013 1362.5000000000002 47.650000000000013 29.150000000000002 28.750000000000004 300.55000000000007 62.350000000000001 9826.3000000000011 1405.5000000000002
decision_type=2 2 2 2 2 2 2 2 2 2 2 2 2 2 2 2 2 2
left_child=1 2 8 4 6 -6 7 10 -1 -4 -3 12 13 -12 15 -13 17 -9
right_child=-2 3 9 -5 5 -7 -8 16 -10 -11 11 14 -14 -15 -16 -17 -18 -19
leaf_value=0.014190021128512089 0.014040667422430542 -0.014477609947896557 0.0026011937706141314 0.0087742242670180107 0.011780242643959193 -0.013651484151323357 0.010764688702200789 0.0096455991598850925 0.0008836980521198432 -0.0084576664457034559 -0.0049016608731136859 -0.0067732619684296724 -0.012172550304010484 0.017458908465156533 0.010435508651327054 0.0064151313012130295 -0.0065937853853301909 0
leaf_weight=6.7534471713006514 3.3898760303854933 4.7869595217052874 6.3773276810534281 4.0117922984063616 10.095884047448633 4.2008251324295989 1.9774991124868382 2.2673624833114507 4.2899250909686089 3.1853053076192737 6.1841255829203936 3.3978697662241748 10.49949367600493 0.24748955597169686 2.3026005432475358 0.92793897166848172 2.8763180463574818 21.990091415122151
leaf_count=73 29 611 446 38 55 25 12 29 19 89 864 583 4274 74 319 6 64 390
internal_value=0.000984208 0.000312325 0.00478668 -0.000912307 -0.00164699 0.00356509 -0.00305751 -0.00384345 0.00994733 -0.00127645 -0.00747287 -0.00523929 -0.00843516 -0.000848137 0.00247836 -0.00245214 0 0.00118764
internal_weight=99.7621 96.3723 20.606 75.7663 71.7545 14.2967 57.4577 55.4802 11.0434 9.56263 28.3465 23.5595 16.9311 6.43162 6.62841 4.32581 27.1338 24.2575
internal_count=8000 7971 627 7344 7306 80 7226 7214 92 535 6731 6120 5212 938 908 589 483 419
is_linear=0
shrinkage=0.0155488


Tree=210
num_leaves=19
num_cat=0
split_feature=8 7 3 5 3 2 7 7 2 7 8 3 2 3 2 5 3 7
split_gain=3.3555 2.65345 2.57837 2.58519 4.79125 2.92603 2.27359 2.91632 1.66444 1.52608 1.6851 1.69145 1.00316 0.898409 0.894492 0.719983 1.05254 1.91412
threshold=12337.600000000002 8982.2450000000008 2651.0000000000005 202.50000000000003 1440.5000000000002 309.35000000000008 5102.3550000000005 5066.6950000000006 311.95000000000005 7548.5750000000007 4646.7500000000009 1418.5000000000002 311.75000000000006 1380.5000000000002 309.45000000000005 224.50000000000003 1570.5000000000002 6830.4850000000015
decision_type=2 2 2 2 2 2 2 2 2 2 2 2 2 2 2 2 2 2
left_child=1 2 3 4 5 -1 7 -6 9 10 11 -7 14 -12 -11 16 17 -5
right_child=-2 -3 -4 15 6 8 -8 -9 -10 12 13 -13 -14 -15 -16 -17 -18 -19
leaf_value=-0.0090679929570556244 0.013966057438881692 0.0086460570526337155 0.012145334638150051 0.0058536879553295514 -0.0053809181672532331 0.0056609969448939501 -0.013691087624554182 0.018498629482773206 -0.0064612899638001303 0.0067920724159604316 0.0047508277158576319 0.027247481570394739 0.008337999251130988 -0.0064977559360048604 -0.0043198462270245559 0.0056745641636806888 -0.0038210040681298393 -0.0024201115092342836
leaf_weight=4.9095738350879428 3.3618654906749716 7.2397313937544814 2.4927153103053561 14.008601346984507 6.5673753670416799 4.8345507569611126 10.867769403848795 0.20197699242271472 2.5539656451437613 0.78544943453743865 3.7197245319839567 0.69235016498714674 1.5471127261407662 1.2864873097278176 7.9188102139160037 7.9244606103748074 8.0644401209428889 10.386007968336342
leaf_count=813 29 51 15 186 921 312 4185 58 223 16 180 129 24 235 313 58 143 109
internal_value=0.000981577 0.000314334 -0.000432683 -0.00100769 -0.0035177 0.000388927 -0.0095915 -0.0014254 0.00289331 0.00451762 0.00833653 0.0134454 0 0.000526345 -0.002206 0.00177175 0.000530365 0.00223459
internal_weight=99.363 96.0011 88.7614 86.2687 45.8851 28.248 17.6371 6.76935 23.3385 20.7845 10.5331 5.5269 10.2514 5.00621 8.70426 40.3835 32.459 24.3946
internal_count=8000 7971 7920 7905 7409 2245 5164 979 1432 1209 856 441 353 415 329 496 438 295
is_linear=0
shrinkage=0.0155488


Tree=211
num_leaves=19
num_cat=0
split_feature=4 3 5 3 1 7 7 2 5 7 7 3 1 7 1 7 5 4
split_gain=3.09487 2.36399 3.11212 3.83713 2.83695 1.82824 2.88444 1.78004 1.93841 1.65191 1.29427 1.21038 1.02495 0.824867 0.766899 0.722969 0.716016 0.657613
threshold=61.150000000000013 2651.0000000000005 202.50000000000003 1442.5000000000002 300.55000000000007 5102.3550000000005 5066.6950000000006 312.05000000000007 175.50000000000003 7716.3650000000007 8982.2450000000008 1438.5000000000002 301.85000000000008 7617.3650000000007 301.95000000000005 3534.8850000000007 186.50000000000003 48.150000000000013
decision_type=2 2 2 2 2 2 2 2 2 2 2 2 2 2 2 2 2 2
left_child=1 2 3 4 11 6 15 8 9 12 -7 16 -6 17 -10 -5 -1 -4
right_child=-2 -3 13 5 7 10 -8 -9 14 -11 -12 -13 -14 -15 -16 -17 -18 -19
leaf_value=-0.011637980657733232 0.0081319728873584796 0.012071288156513206 0.0023239228228757965 0 0 -0.01363743709845364 0.018410489452143946 -0.0066251945699269937 0.0025268194246465974 -6.4894878564833778e-05 0.0029405858036081153 0.0072143360652619061 0.014070873459148221 0.0076749877855414074 -0.0078726070425986575 -0.0098712858992178361 -0.00079457417097440308 -0.0025819834712145556
leaf_weight=4.6113190378528106 11.533876863308249 2.4767708852887145 30.023842669092119 3.7463558465242413 1.4810193600133077 10.550324854673814 0.20571962511166919 1.9673511402215798 2.1057756410446014 2.9454193024430415 0.41607637703418809 0.17764675873331714 7.1428293343633413 5.1440284736454478 1.853939415188506 2.8124168354552239 3.3266296037472785 6.6063935579732052
leaf_count=1163 144 15 413 17 289 4143 58 195 61 114 2 52 202 36 31 904 104 57
internal_value=0.000982281 -1.66117e-05 -0.000581845 -0.00348809 0.000280472 -0.00879572 -0.00136503 0.00389005 0.00584443 0.00889354 -0.0124577 -0.00657275 0.0119653 0.00235778 -0.00232146 -0.00531649 -0.00823651 0.00128176
internal_weight=99.1277 87.5939 85.1171 43.3428 25.6119 17.7309 6.76449 17.4963 15.529 11.5693 10.9664 8.1156 8.62385 41.7743 3.95972 6.55877 7.93795 36.6302
internal_count=8000 7856 7841 7335 2211 5124 979 892 697 605 4145 1319 491 506 92 921 1267 470
is_linear=0
shrinkage=0.0155488


Tree=212
num_leaves=19
num_cat=0
split_feature=7 6 5 7 4 0 4 7 6 5 7 6 4 7 5 5 5 7
split_gain=3.04616 2.45653 5.41851 3.74155 1.84966 1.70912 4.88804 3.65387 1.81642 1.52103 1.30597 1.2386 0.995459 0.950858 1.04371 0.87318 0.688675 0.89961
threshold=8982.2450000000008 8.6500000000000004 178.50000000000003 3534.8850000000007 60.150000000000013 1.0000000180025095e-35 36.250000000000007 7253.2650000000003 9.7500000000000018 224.50000000000003 7171.3000000000011 9.1500000000000004 45.850000000000001 7022.0800000000008 228.50000000000003 202.50000000000003 209.50000000000003 5089.005000000001
decision_type=2 2 2 2 2 2 2 2 2 2 2 2 2 2 2 2 2 2
left_child=1 -1 3 -3 5 7 9 11 10 16 12 -4 -8 14 15 -13 17 -7
right_child=-2 2 4 -5 -6 6 8 -9 -10 -11 -12 13 -14 -15 -16 -17 -18 -19
leaf_value=0.0046853136095781839 0.0094395497967507975 0.0034739466774684857 -0.0080677462406030347 -0.010121100461302808 0.012450564594916804 -0.0030791588769421029 -0.0013201776195390607 0.010775275847395203 -0.014485873550063429 0.016029913916900104 -0.0079539547602033873 -0.0038181704256222805 0.012700281580213465 -0.0068812712553329878 -0.0057253334396732839 0.0058769630932215631 -0.0043472842063281784 0.011256499462337949
leaf_weight=20.426425835583359 8.0809614993631822 5.2451151907444027 3.1594955369364532 19.261780302040279 2.4539791569113723 0.57081449008546714 1.4552771144080892 8.7092866816092265 5.5034576456528157 1.6036809533834455 2.0690752405207604 1.3174245995469416 0.88462327490560699 1.6287956442683924 1.5760694257915009 11.726093700155614 2.0302267540246248 1.161156208021566
leaf_count=629 60 27 120 5993 18 55 75 126 183 8 35 308 18 45 16 167 32 85
internal_value=0.000973487 6.0575e-05 -0.0012865 -0.00703473 0.00180902 0.000790611 -0.00312065 0.00308915 -0.0093644 0.00742289 -0.000509046 -0.000615344 0.005477 0.00108488 0.00268528 0.00438111 0 0.00592761
internal_weight=98.8637 90.7828 70.3564 24.5069 45.8495 43.3955 15.2783 28.1172 9.91243 5.36588 4.40898 19.4079 2.3399 16.2484 14.6196 13.0435 3.7622 1.73197
internal_count=8000 7940 7311 6020 1291 1273 491 782 311 180 128 656 93 536 491 475 172 140
is_linear=0
shrinkage=0.0155488


Tree=213
num_leaves=19
num_cat=0
split_feature=7 3 3 5 5 2 4 4 5 4 2 7 7 3 2 7 2 5
split_gain=2.98097 2.24962 3.02874 3.97176 2.76749 3.79777 2.1331 2.64793 1.71473 1.45834 1.32114 1.83169 1.72324 1.97265 1.27778 1.1743 1.44021 1.07462
threshold=8982.2450000000008 2651.0000000000005 1456.5000000000002 144.50000000000003 206.50000000000003 309.35000000000008 31.050000000000004 28.750000000000004 208.50000000000003 23.650000000000002 311.75000000000006 6225.1500000000005 5795.9300000000012 1540.5000000000002 311.95000000000005 6064.795000000001 308.45000000000005 119.50000000000001
decision_type=2 2 2 2 2 2 2 2 2 2 2 2 2 2 2 2 2 2
left_child=1 2 4 -4 5 -1 7 9 -6 -5 12 -12 -8 -14 17 16 -15 -7
right_child=-2 -3 3 6 8 14 10 -9 -10 -11 11 -13 13 15 -16 -17 -18 -19
leaf_value=-0.010243692482163943 0.0093620760273597798 0.01197272800131235 -0.010984306953174469 0.0051482359619705589 0.016308692256553237 0.0068560194587171308 -0.012388497862590395 0.016332599691711084 0.0035595528801151181 -0.0071643821718608081 0.012730955202262228 -0.0051221032860406246 -0.0060492159821603653 0.018857650783760983 -0.005541557096985724 -0.0010155126501418784 0 9.1169005158872482e-05
leaf_weight=6.2620329887140533 8.0318322740495187 2.4560296572744837 10.992616104893385 4.1534758938942122 3.0219727978110305 10.947288785828283 4.2940981150604847 2.2753595637623221 12.392027657479046 2.8364440461155027 1.5738834408111864 1.3738570844288913 7.5026356156449747 1.0240020751953127 2.9838944289367637 2.3547001651022583 1.1513317616190759 12.928146596532313
leaf_count=977 60 15 3363 133 21 879 330 166 106 204 77 69 476 32 263 151 100 578
internal_value=0.000963946 5.9986e-05 -0.000391422 -0.00356404 0.00213992 -0.00033766 -0.000237146 0.00533268 0.00732202 0 -0.00326317 0.00444235 -0.0050895 -0.00127758 0.00218643 0.0055594 0.0115804 0.00353218
internal_weight=98.5556 90.5238 88.0678 39.5324 48.5354 33.1214 28.5398 9.26528 15.414 6.98992 19.2745 2.94774 16.3268 12.0327 26.8593 4.53003 2.17533 23.8754
internal_count=8000 7940 7925 5101 2824 2697 1738 503 127 337 1235 146 1089 759 1720 283 132 1457
is_linear=0
shrinkage=0.0155488


Tree=214
num_leaves=19
num_cat=0
split_feature=8 6 7 5 7 4 8 4 5 5 7 4 7 5 2 8 2 4
split_gain=3.2325 2.8035 2.86416 3.33005 3.84433 1.18619 1.09196 1.13918 1.56922 1.01722 1.54583 1.86069 0.810449 0.742775 0.944183 0.72903 1.00525 1.0714
threshold=11112.650000000001 8.6500000000000004 8982.2450000000008 178.50000000000003 3534.8850000000007 60.150000000000013 5279.7000000000007 56.550000000000004 202.50000000000003 210.50000000000003 6841.1400000000012 44.150000000000013 7948.5600000000004 213.50000000000003 308.55000000000007 9474.8000000000011 312.05000000000007 40.850000000000001
decision_type=2 2 2 2 2 2 2 2 2 2 2 2 2 2 2 2 2 2
left_child=1 15 3 4 -3 12 -5 8 -8 10 11 -10 -2 -11 -15 16 17 -1
right_child=5 2 -4 6 -6 -7 7 -9 9 13 -12 -13 -14 14 -16 -17 -18 -19
leaf_value=0 0.0070890307231284231 0.0034526022935804494 0.0072153581781435865 0.0071842750994017069 -0.010386990195981794 0.01413683395870069 -0.010532323011424854 0.0084076799967610968 0.00065012167749774273 -0.0087301550384614873 -0.0055340929946015929 0.01591020568122041 -0.00098090145459368925 0.0055314218564281783 -0.0029814700123459966 -0.00057474090710979571 -0.0048029796588306833 0.00924914472667656
leaf_weight=4.0529555517714515 4.6358292140066606 5.2343439906835583 6.2832378000020972 3.4659646961372337 18.771213488886133 4.0266518108546725 3.0145310240332099 1.6177670289762307 6.3982010111212748 2.7095711771398809 2.2688869461417189 2.0440428555011749 4.1970169097185135 2.9059723969548932 10.753755286335943 3.584950676187872 0.65988130611367601 11.730440447572617
leaf_count=337 30 27 44 124 5992 34 708 11 121 46 39 16 24 29 131 21 17 249
internal_value=0.00095906 -0.000132641 -0.00174046 -0.00288398 -0.0071955 0.007861 9.79063e-05 -0.000801975 -0.00173413 -0.000199036 0.00316591 0.00631195 0.00322528 -0.00268742 -0.000601547 0.00473638 0.00607076 0.00706923
internal_weight=98.3552 85.4957 65.4675 59.1842 24.0056 12.8595 35.1787 31.7127 30.095 27.0804 10.7111 8.44224 8.83285 16.3693 13.6597 20.0282 16.4433 15.7834
internal_count=8000 7912 7288 7244 6019 88 1225 1101 1090 382 176 137 54 206 160 624 603 586
is_linear=0
shrinkage=0.0155488


Tree=215
num_leaves=19
num_cat=0
split_feature=7 6 5 7 3 7 6 2 2 3 5 1 7 1 3 7 2 1
split_gain=2.85703 2.27292 5.12842 3.61292 3.10582 1.69732 1.68423 1.59876 1.45668 1.70823 2.27453 1.09265 2.32031 2.54238 1.43471 1.73669 1.31184 1.23133
threshold=8982.2450000000008 8.6500000000000004 178.50000000000003 3534.8850000000007 1380.5000000000002 7716.3650000000007 8.5500000000000025 309.35000000000008 311.75000000000006 1708.5000000000002 232.50000000000003 300.55000000000007 5386.7750000000005 299.15000000000003 1475.5000000000002 7022.0800000000008 308.25000000000006 303.85000000000008
decision_type=2 2 2 2 2 2 2 2 2 2 2 2 2 2 2 2 2 2
left_child=1 4 3 -3 6 11 -1 -7 9 10 -6 12 13 -4 15 16 -14 -13
right_child=-2 2 5 -5 8 7 -8 -9 -10 -11 -12 17 14 -15 -16 -17 -18 -19
leaf_value=0.014075332378679178 0.0092197134238401878 0.0034132678070614444 -8.4701289068110189e-05 -0.0099893501394285322 -0.011403244355464555 -0.00031074218705962319 0.0006920541107189994 0.011287477631308017 0.0077665536353249227 0.0063415536496345846 0.0085031162278304782 -0.004677499749674653 -0.0035400269673245078 0.018186426330459887 -0.0052277510801423208 -0.0027669284406074018 0.012322482540220196 0.0081988339961456425
leaf_weight=6.6713130809366721 7.9399369396269313 5.2267454564571407 2.7066348842345205 18.799098144285381 5.9895403319969756 3.5793024543672782 4.2697677835822105 6.1523090580012649 1.6075247074477372 1.301757719600573 0.53388106822967518 13.13029041071422 0.61530905310064721 2.6401708004996181 7.8088505247142157 4.4755252464674413 3.8631727790925652 0.71369300666265267
leaf_count=76 60 27 98 5993 379 34 19 54 65 88 2 418 31 68 324 109 134 21
internal_value=0.00095449 6.81311e-05 -0.00123522 -0.0068969 0.00451997 0.00176425 0.0097725 0.00711972 -0.00164126 -0.00479884 -0.00817721 2.14785e-05 0.0022257 0.0100845 -0.000591247 0.00321961 0.00917492 -0.00313701
internal_weight=98.0248 90.0849 69.7111 24.0258 20.3738 45.6853 10.9411 9.73161 9.4327 7.82518 6.52342 35.9536 22.1097 5.34681 16.7629 8.95401 4.47848 13.844
internal_count=8000 7940 7311 6020 629 1291 95 88 534 469 381 1203 764 166 598 274 165 439
is_linear=0
shrinkage=0.0155488


Tree=216
num_leaves=19
num_cat=0
split_feature=8 7 3 5 3 1 7 7 2 3 8 7 8 1 8 5 3 7
split_gain=3.13147 2.32052 2.40518 2.31991 4.41194 3.2409 2.27391 2.85659 1.97676 1.34813 1.20218 1.62884 1.09774 1.04411 0.780763 0.713049 1.02936 1.84056
threshold=12337.600000000002 8982.2450000000008 2651.0000000000005 202.50000000000003 1440.5000000000002 300.45000000000005 5102.3550000000005 5066.6950000000006 311.95000000000005 1437.5000000000002 7942.1000000000013 7716.3650000000007 11112.650000000001 301.85000000000008 10823.600000000002 224.50000000000003 1570.5000000000002 6830.4850000000015
decision_type=2 2 2 2 2 2 2 2 2 2 2 2 2 2 2 2 2 2
left_child=1 2 3 4 5 9 7 -6 10 12 11 13 -1 -7 -12 16 17 -5
right_child=-2 -3 -4 15 6 8 -8 -9 -10 -11 14 -13 -14 -15 -16 -17 -18 -19
leaf_value=-0.012215952278691843 0.013663644585003139 0.008211811228686498 0.01185824453992739 0.005658641744106953 -0.0052126076165830704 0 -0.013588430849649244 0.01844357943017488 -0.0063246264517598039 0.0077919732382288756 -0.003900000797885965 0 0 0.014712397637988702 0.0056273611882351098 0.0055362252957518194 -0.0038675833245436055 -0.0024617667854252515
leaf_weight=5.3058272902853805 3.2465537413954726 7.0084076151251784 2.4312361516058436 14.078068474307658 6.4531809526961323 1.4487234863918326 10.262881055939941 0.20430702250450838 2.4905920727178446 0.14252247568219889 3.6214341456070533 3.5210907610598952 2.6644740253686905 6.0663552626501769 2.3784226700663567 7.9182806331664315 8.0797739280387741 10.301514713093637
leaf_count=1228 29 51 15 186 921 292 4185 58 222 39 140 117 16 178 13 58 143 109
internal_value=0.000956661 0.000307102 -0.000390032 -0.000951504 -0.00338286 0.000379877 -0.00934589 -0.00120851 0.00390788 -0.00709068 0.00594313 0.0087317 -0.00879103 0.0123224 0 0.00166018 0.000430922 0.00212435
internal_weight=97.6236 94.3771 87.3687 84.9374 44.5598 27.6394 16.9204 6.65749 19.5266 8.11282 17.036 11.0362 7.9703 7.51508 5.99986 40.3776 32.4594 24.3796
internal_count=8000 7971 7920 7905 7409 2245 5164 979 962 1283 740 587 1244 470 153 496 438 295
is_linear=0
shrinkage=0.0155488


Tree=217
num_leaves=19
num_cat=0
split_feature=8 3 4 9 4 4 4 2 4 0 8 4 3 3 2 8 1 4
split_gain=3.07859 2.07018 2.80304 2.72929 1.62732 1.61287 2.61771 1.50071 1.70638 2.07464 1.61118 1.34218 2.35976 3.75146 1.52201 1.18069 1.15223 1.25181
threshold=12337.600000000002 2651.0000000000005 44.150000000000013 1.0000000180025095e-35 41.350000000000001 29.150000000000002 28.750000000000004 309.65000000000003 60.550000000000004 1.0000000180025095e-35 11112.650000000001 49.45000000000001 1442.5000000000002 1418.5000000000002 311.65000000000003 10823.600000000002 302.25000000000006 65.000000000000014
decision_type=2 2 2 2 2 2 2 2 2 2 2 2 2 2 2 2 2 2
left_child=1 2 3 5 -5 6 -1 8 9 10 -4 12 13 14 -9 16 17 -13
right_child=-2 -3 7 4 -6 -7 -8 11 -10 -11 -12 15 -14 -15 -16 -17 -18 -19
leaf_value=-0.0050607578892790401 0.013591619744229821 0.01178656006403365 -0.0033995860111683206 0.0016349952327750846 -0.0095975286859469044 -0.011928420426150983 0.017263284937285128 0.007120010344285492 0.0054510800741184749 -0.011293608901288287 0.010450669381994321 -0.0076439286163490277 -0.0035413670461651291 0.025561626068130013 -0.0065610257461765726 0.0060025281777619649 0.0032479349586818141 0.0039286584822245865
leaf_weight=6.3819019617512813 3.2198169380426398 2.4156834557652465 5.1519853414502013 22.048455306561667 2.3502059145830563 8.9974519698880595 0.25636892183683802 7.35916082235053 4.4361951192840925 4.8685241260100156 1.6717626154422758 6.7725120389368403 2.4550558160990468 2.0088817330542943 1.2096911650151012 7.3982869014143935 6.5774299446493378 1.7704764306545255
leaf_count=944 29 15 661 350 68 3777 78 268 59 441 9 505 320 133 81 45 199 18
internal_value=0.000953253 0.000308831 -0.000105901 -0.00318018 0 -0.00798875 -0.00112039 0.00222171 -0.00146734 -0.00466163 0.000605736 0.00399289 0.00780093 0.0108546 0.00420927 0.00133384 -0.000998271 -0.00465787
internal_weight=97.3498 94.13 91.7143 40.0344 24.3987 15.6357 6.63827 51.68 16.1285 11.6923 6.82375 35.5515 13.0328 10.5777 8.56885 22.5187 15.1204 8.54299
internal_count=8000 7971 7956 5217 418 4799 1022 2739 1170 1111 670 1569 802 482 349 767 722 523
is_linear=0
shrinkage=0.0155488


Tree=218
num_leaves=19
num_cat=0
split_feature=8 3 4 9 4 4 4 6 3 4 3 4 1 3 8 3 3 8
split_gain=3.02612 2.03488 2.73783 2.66354 1.61457 2.58616 1.59957 1.36164 3.36357 1.38436 3.20727 1.85866 1.33202 2.51904 1.03973 1.01164 0.910277 1.79652
threshold=12337.600000000002 2651.0000000000005 44.150000000000013 1.0000000180025095e-35 29.150000000000002 28.750000000000004 41.350000000000001 8.5500000000000025 1380.5000000000002 65.000000000000014 1353.5000000000002 45.150000000000013 298.35000000000008 1454.5000000000002 10823.600000000002 1378.5000000000002 1418.5000000000002 5727.5000000000009
decision_type=2 2 2 2 2 2 2 2 2 2 2 2 2 2 2 2 2 2
left_child=1 2 3 4 5 -1 -5 8 -4 10 11 -9 -12 16 -13 -6 17 -14
right_child=-2 -3 7 6 15 -7 -8 9 -10 -11 12 14 13 -15 -16 -17 -18 -19
leaf_value=-0.004999646214387506 0.013520075571305612 0.011715450104284882 0.013595961241799032 0.0016090543221247663 0.001479602259051831 0.017166385033642591 -0.0095545238742461899 0.0087340900079953803 -0.0024563568492033637 0.0083953969137002069 -0.003060955353144872 -0.01251549909408493 -0.0045732104378985762 -0.0064074635227698755 -0.0015941787163543371 -0.0131748607255455 0.0133335082931409 0.0069841369349225146
leaf_weight=6.3747394033707669 3.1933212727308264 2.400234628468751 6.0099571347236616 22.075422419467944 0.50715652760118146 0.26080033532343794 2.3298396721947929 0.47524356958456238 4.3993737818673253 3.8190756924450389 5.7503761211410191 5.9690431633498502 3.0711351565551075 2.8714377356227478 4.8474094420671463 8.3912697950145212 3.701493583386763 10.686173478607087
leaf_count=944 29 15 71 350 27 78 68 10 110 38 523 511 384 349 28 3750 365 350
internal_value=0.000950793 0.000311857 -9.88714e-05 -0.00314187 -0.00791251 -0.0010659 0 0.00220215 0.00694386 0.00074467 -0.000182983 -0.0067781 0.00271032 0.00460348 -0.00860982 -0.0118813 0.00692609 0.00398226
internal_weight=97.1335 93.9402 91.5399 39.9392 15.534 6.63554 24.4053 51.6007 10.4093 41.1914 37.3723 11.2917 26.0806 20.3302 10.8165 8.89843 17.4588 13.7573
internal_count=8000 7971 7956 5217 4799 1022 418 2739 181 2558 2520 549 1971 1448 539 3777 1099 734
is_linear=0
shrinkage=0.0155488


Tree=219
num_leaves=19
num_cat=0
split_feature=4 3 5 3 6 3 3 4 4 5 1 1 3 4 4 4 5 1
split_gain=2.71144 2.13557 2.70968 3.2327 3.31269 2.99658 2.68764 1.31436 2.68677 1.1887 1.72074 2.24448 1.14962 1.08395 1.01719 1.00117 0.840687 0.859092
threshold=61.150000000000013 2651.0000000000005 204.50000000000003 1442.5000000000002 8.5500000000000025 1380.5000000000002 1437.5000000000002 29.150000000000002 28.750000000000004 188.50000000000003 301.85000000000008 302.35000000000008 1362.5000000000002 52.150000000000013 58.250000000000007 55.550000000000004 224.50000000000003 301.65000000000003
decision_type=2 2 2 2 2 2 2 2 2 2 2 2 2 2 2 2 2 2
left_child=1 2 3 4 5 -1 9 8 -5 10 -6 12 -12 16 -9 -11 17 -4
right_child=-2 -3 13 7 6 -7 -8 14 -10 15 11 -13 -14 -15 -16 -17 -18 -19
leaf_value=0.013559993183661431 0.0077682345101091959 0.011644904699393421 -0.0019501691490877789 -0.0053904686719835103 -0.01226870649533778 -0.0044807814009568533 0.014631949382977476 -0.012247550332279361 0.017068954279403067 -0.0062555836509511145 -0.001074702872267523 -0.0100549190091499 0.013457131984722334 0.0089027435836038123 0.0020877330776894851 0.0043067469394769652 0.0052748073707042193 0.0038011407779482316
leaf_weight=5.5849017463624504 11.073194845579563 2.3848906569182864 19.224656865932051 6.694619822548705 6.4813162586651796 2.1683763610199094 0.58891864540055294 10.557181749027219 0.26528225583024312 2.2375815175473681 1.3863552529364827 1.9481400914955882 1.4867895632050929 4.2672352828085414 0.47094527538865882 4.4573352606967092 7.8235046714544287 7.7506020199507466
leaf_count=64 144 15 272 969 1534 89 103 4118 78 125 28 173 86 30 4 28 57 83
internal_value=0.000946137 0 -0.000533407 -0.00316031 0.000227158 0.00816506 -0.00319482 -0.00801421 -0.00160542 -0.00488703 -0.00771556 0 0.00730588 0.00235742 -0.0111722 0 0.00116827 -6.65644e-05
internal_weight=96.8518 85.7786 83.3937 44.3277 26.3397 7.75328 18.5864 17.988 6.9599 17.9975 11.3026 4.82128 2.87314 39.066 11.0281 6.69492 34.7988 26.9753
internal_count=8000 7856 7841 7399 2230 153 2077 5169 1047 1974 1821 287 114 442 4122 153 412 355
is_linear=0
shrinkage=0.0155488


Tree=220
num_leaves=19
num_cat=0
split_feature=4 3 5 6 3 7 7 7 3 2 4 2 6 6 2 7 7 4
split_gain=2.63601 2.09708 2.64919 3.57639 5.50168 1.07297 2.45141 2.74456 1.77581 2.50777 1.46371 0.929671 0.928093 0.819631 0.79092 0.764711 0.638967 0.631191
threshold=61.150000000000013 2651.0000000000005 202.50000000000003 8.5500000000000025 1380.5000000000002 6745.545000000001 5102.3550000000005 5066.6950000000006 1353.5000000000002 310.65000000000003 47.650000000000013 311.85000000000008 10.250000000000002 10.15 311.75000000000006 7617.3650000000007 3534.8850000000007 48.150000000000013
decision_type=2 2 2 2 2 2 2 2 2 2 2 2 2 2 2 2 2 2
left_child=1 2 3 4 -1 6 7 16 -7 12 -11 13 -10 -12 -6 17 -5 -4
right_child=-2 -3 15 5 14 8 -8 -9 9 10 11 -13 -14 -15 -16 -17 -18 -19
leaf_value=0.013508623303732818 0.0076802531456702378 0.011574914082589481 0.0021585426598526923 0 -0.01070484075933449 -0.0082629022473509287 -0.013548509222528699 0.018794481491177181 -0.009973506344569295 -0.0022444997645105005 0.018347725944900348 0 0.00034618444278331807 0 0.0017968720605827041 0.0073343393493939197 -0.0092463156543871987 -0.0026679249444592958
leaf_weight=5.5241798982024175 11.040416884236036 2.36965238302946 30.120637630112469 3.7670719027519217 3.1192648857831959 6.3971255877986577 8.8187713600927946 0.18951836158521462 2.7462102378485707 1.2832919356878845 2.3640652634203443 0.77800094988197077 2.8943119384348392 0.52550099114887405 0.60351630812510837 5.0149798449128857 2.4150478669907898 6.5415373351424924
leaf_count=64 144 15 413 17 362 413 3728 54 577 286 137 117 603 89 48 36 840 57
internal_value=0.000945404 0 -0.000518958 -0.00329178 0.00457923 -0.00575503 -0.00874279 -0.000458862 -0.00245796 0.00122348 0.00853068 0.0126974 -0.00501428 0.015682 -0.00796127 0.00216305 -0.00461861 0.00113654
internal_weight=96.5131 85.4727 83.103 41.4259 9.24696 32.1789 15.1904 6.37164 16.9885 10.5914 4.95086 3.66757 5.64052 2.88957 3.72278 41.6772 6.18212 36.6622
internal_count=8000 7856 7841 7335 474 6861 4639 911 2222 1809 629 343 1180 226 410 506 857 470
is_linear=0
shrinkage=0.0155488


Tree=221
num_leaves=19
num_cat=0
split_feature=8 3 4 9 4 4 8 2 4 0 8 4 3 3 2 8 1 4
split_gain=2.92109 1.93723 2.56024 2.48332 1.62791 2.52047 1.57269 1.41131 1.60609 2.04833 1.55454 1.32493 2.24341 3.62768 1.45986 1.1581 1.10508 1.19086
threshold=12337.600000000002 2651.0000000000005 44.150000000000013 1.0000000180025095e-35 29.150000000000002 28.750000000000004 8646.9000000000015 309.65000000000003 60.550000000000004 1.0000000180025095e-35 11112.650000000001 49.45000000000001 1442.5000000000002 1418.5000000000002 311.65000000000003 10823.600000000002 302.25000000000006 65.000000000000014
decision_type=2 2 2 2 2 2 2 2 2 2 2 2 2 2 2 2 2 2
left_child=1 2 3 4 5 -1 -5 8 9 10 -4 12 13 14 -9 16 17 -13
right_child=-2 -3 7 6 -6 -7 -8 11 -10 -11 -12 15 -14 -15 -16 -17 -18 -19
leaf_value=-0.0048423817435564905 0.01336712636295547 0.01150546909371781 -0.0032791942078537078 0.0018350381342696232 -0.011790389906255703 0.017016966212956449 -0.0079877935829514926 0.00690932141749462 0.0052737043214877771 -0.011198945881702003 0.010358792685625846 -0.0076248305955224751 -0.0034399361907125918 0.024964947752264429 -0.0065198924977582645 0.0058586937420125485 0.003085711939482259 0.0036980614271623956
leaf_weight=6.3379294828046104 3.1376102194190016 2.3545204624533644 5.0959109039977175 20.896160459378738 8.5883079227060062 0.26768175675533701 3.5456272428855291 7.2713404381647688 4.3991612573154262 4.8059800914488733 1.6562230288982389 6.6827215903904307 2.425825343001633 2.0440516564995042 1.1948040698189286 7.3369096219539633 6.4399697966873637 1.7528042383491991
leaf_count=944 29 15 661 340 3777 78 78 268 59 441 9 505 320 133 81 45 199 18
internal_value=0.000938132 0.000307584 -9.29352e-05 -0.00304675 -0.00772051 -0.00090836 0 0.00214242 -0.001447 -0.00456955 0.000676818 0.00387147 0.00765606 0.0106375 0.00402503 0.00121404 -0.00111369 -0.00470162
internal_weight=96.2335 93.0959 90.7414 39.6357 15.1939 6.60561 24.4418 51.1057 15.9573 11.5581 6.75213 35.1484 12.936 10.5102 8.46614 22.2124 14.8755 8.43553
internal_count=8000 7971 7956 5217 4799 1022 418 2739 1170 1111 670 1569 802 482 349 767 722 523
is_linear=0
shrinkage=0.0155488


Tree=222
num_leaves=19
num_cat=0
split_feature=8 0 6 7 5 7 8 7 7 7 2 6 2 5 2 8 2 6
split_gain=2.87193 5.88983 2.46065 2.46752 2.92489 3.55284 1.0466 1.06369 1.0403 1.37641 2.40836 2.03132 1.73374 0.93225 0.79246 0.691994 0.934186 0.666978
threshold=11112.650000000001 1.0000000180025095e-35 8.6500000000000004 8982.2450000000008 178.50000000000003 3534.8850000000007 5279.7000000000007 7907.1000000000013 6830.4850000000015 6677.9800000000005 308.55000000000007 10.950000000000001 310.55000000000007 219.50000000000003 312.75000000000006 9474.8000000000011 312.05000000000007 8.9500000000000011
decision_type=2 2 2 2 2 2 2 2 2 2 2 2 2 2 2 2 2 2
left_child=2 -2 15 4 5 -4 -6 8 9 10 11 -8 -12 14 17 16 -1 -10
right_child=1 -3 3 -5 6 -7 7 -9 13 -11 12 -13 -14 -15 -16 -17 -18 -19
leaf_value=0.0068340451987305619 0.015623708028749165 -0.0041309260057598813 0.0033438821812167285 0.0067895402039740687 0.0069910248376418007 -0.010083878314047574 0.012869406896613934 0.0078194654302120147 0.00044795021572325731 0.0090202710018519004 -0.0097420243605498141 -0.0036585526945281054 0 0.0018651726069622871 0.0019525303444127388 -0.00064398839850327656 -0.0046282641650644317 -0.012102560411094561
leaf_weight=15.321100540226325 7.328619468957184 5.1896688640117645 5.170002073049548 6.083440199494361 3.4764348252210757 17.693488515447825 3.1227684940677269 1.7638689656741906 0.43916716170497139 2.2695597922429434 6.919469686690717 1.8231640497688202 8.3722589500248414 1.4315760955214498 0.47249114140868176 3.5423419028520575 0.64405534276738841 4.9617997528985143
leaf_count=586 61 27 27 44 124 5992 118 25 14 57 300 40 276 12 13 21 17 246
internal_value=0.00093598 0.00752169 -0.000101858 -0.00162731 -0.00270071 -0.00687206 5.65039e-05 -0.000825969 -0.00175431 0 -0.00147609 0.00664491 -0.0046379 -0.00637144 -0.00889457 0.00451477 0.00584673 -0.0106104
internal_weight=96.0253 12.5183 83.507 63.9995 57.916 22.8635 35.0526 31.5761 29.8123 22.5072 20.2377 4.94593 15.2917 7.30503 5.87346 19.5075 15.9652 5.40097
internal_count=8000 88 7912 7288 7244 6019 1225 1101 1076 791 734 158 576 285 273 624 603 260
is_linear=0
shrinkage=0.0155488


Tree=223
num_leaves=19
num_cat=0
split_feature=8 7 6 5 7 0 8 8 5 8 7 8 1 7 5 7 1 1
split_gain=2.85494 2.09685 2.34746 3.50817 3.32993 2.00092 5.13009 5.09582 1.80127 1.61865 1.95026 1.87612 1.5041 2.52752 1.39854 1.17081 1.08845 2.36824
threshold=12337.600000000002 8982.2450000000008 8.6500000000000004 178.50000000000003 3534.8850000000007 1.0000000180025095e-35 10823.600000000002 8174.6500000000005 224.50000000000003 9474.8000000000011 6146.6650000000009 8308.3500000000022 299.65000000000003 4925.3900000000003 206.50000000000003 6457.8250000000007 300.45000000000005 299.25000000000006
decision_type=2 2 2 2 2 2 2 2 2 2 2 2 2 2 2 2 2 2
left_child=1 2 -1 4 -4 6 9 8 16 10 12 -12 13 -5 -14 -13 17 -7
right_child=-2 -3 3 5 -6 7 -8 -9 -10 -11 11 15 14 -15 -16 -17 -18 -19
leaf_value=0.0041502473175164672 0.013285354098483077 0.007906005405021942 0.0033057296959271482 0.013066833394352767 -0.0096777214035766654 -0.0043591073829452529 0.011913204316988935 -0.011104046476562268 0.015526416456871528 -0.0090943590081409061 -0.0050790738139824205 0.018128808262430768 0.0020122371205580029 -0.0046943602616399543 -0.012183264543322933 0 -0.0077180036318996907 0.015278062000391723
leaf_weight=19.622686709975824 3.0926926806569091 6.830377645790576 5.1627808809280422 1.963737246580427 17.733871744596399 2.0727799085434522 9.3608532771468145 8.3274537331890297 1.628316670656204 3.7993303877301505 0.88464569160714646 2.0566704310476784 1.4482132417615501 3.41806272091344 3.6847840510308743 1.7256680310238151 1.5122186786029486 1.3615922774188218
leaf_count=624 29 51 27 29 5993 120 53 197 8 124 99 27 158 130 49 117 98 67
internal_value=0.000932495 0.000308118 -0.00035724 -0.00180358 -0.00657132 0.000747569 0.00320094 -0.00356715 0.00573479 -0.00137426 0.000866356 0.00826036 -0.00261537 0.00244318 -0.00796396 0.0126307 0 0.00459755
internal_weight=95.6867 92.594 85.7637 66.141 22.8967 43.2443 28.342 14.9024 6.57491 18.9811 15.1818 4.66698 10.5148 5.3818 5.133 3.78234 4.94659 3.43437
internal_count=8000 7971 7920 7296 6020 1276 786 490 293 733 609 243 366 159 207 144 285 187
is_linear=0
shrinkage=0.0155488


Tree=224
num_leaves=19
num_cat=0
split_feature=4 3 5 3 6 3 3 4 4 5 5 6 4 2 4 4 5 4
split_gain=2.46489 1.99929 2.48125 3.00557 3.05835 2.93661 2.65158 1.30074 2.63815 1.11706 1.53827 1.75855 1.01623 1.00599 0.988921 0.972434 0.790438 0.803135
threshold=61.150000000000013 2651.0000000000005 204.50000000000003 1442.5000000000002 8.5500000000000025 1380.5000000000002 1437.5000000000002 29.150000000000002 28.750000000000004 186.50000000000003 41.500000000000007 9.0500000000000025 52.150000000000013 309.35000000000008 58.250000000000007 55.550000000000004 224.50000000000003 48.150000000000013
decision_type=2 2 2 2 2 2 2 2 2 2 2 2 2 2 2 2 2 2
left_child=1 2 3 4 5 -1 9 8 -5 10 11 -6 16 -11 -9 -15 17 -4
right_child=-2 -3 12 7 6 -7 -8 14 -10 13 -12 -13 -14 15 -16 -17 -18 -19
leaf_value=0.013414889828373192 0.0074983488525031516 0.011379032704089232 0.0010736936801507154 -0.0052650802258591787 0.011848302531411172 -0.0044899031707618161 0.014642808869568981 -0.012118930294114342 0.016990838632981498 -0.0063749386593899152 -0.010600451902060288 -0.0066882938911503285 0.0086586688030855629 -0.0030488033003326651 0.0020329680490023916 0.0084260761530169388 0.0050971407645440878 -0.0053203069268665821
leaf_weight=5.4087355211377171 10.841106372885404 2.3290765881538382 22.248918704688553 6.6190947811119285 1.0109411354642426 2.1719308421015739 0.58101333910599251 10.12524508766364 0.26888826792128373 2.351331318030133 8.2584612576756609 1.3626362259965388 4.1745034530758849 1.5693684888537971 0.46737518161535341 3.0649618878960609 7.8092094082385293 4.6649792008101931
leaf_count=64 144 15 311 969 33 89 103 4118 78 70 1394 375 30 83 4 19 57 44
internal_value=0.000930518 0 -0.000496774 -0.00305551 0.000233752 0.00793935 -0.00308098 -0.00780481 -0.00145529 -0.00479733 -0.00769995 0.00150363 0.00225959 0 -0.0110214 0.00406309 0.00111023 -8.41723e-05
internal_weight=95.3278 84.4867 82.1576 43.26 25.7794 7.58067 18.1987 17.4806 6.88798 17.6177 10.632 2.37358 38.8976 6.98566 10.5926 4.63433 34.7231 26.9139
internal_count=8000 7856 7841 7399 2230 153 2077 5169 1047 1974 1802 408 442 172 4122 102 412 355
is_linear=0
shrinkage=0.0155488


Tree=225
num_leaves=19
num_cat=0
split_feature=8 3 3 5 6 8 0 8 8 6 6 3 1 8 6 5 8 3
split_gain=2.77837 1.84861 2.35884 3.74464 1.85835 1.60581 1.51127 3.99745 2.60026 1.45479 1.84627 1.47594 1.40382 1.33888 1.29277 1.03408 0.930983 0.895501
threshold=12337.600000000002 2651.0000000000005 1456.5000000000002 144.50000000000003 9.3500000000000032 5279.7000000000007 1.0000000180025095e-35 11112.650000000001 9826.3000000000011 10.050000000000002 10.550000000000002 1428.5000000000002 300.75000000000006 10823.600000000002 11.250000000000002 67.500000000000014 6046.6000000000013 1668.5000000000002
decision_type=2 2 2 2 2 2 2 2 2 2 2 2 2 2 2 2 2 2
left_child=1 2 4 -4 -1 12 7 9 -8 13 11 -11 14 15 -5 -6 -7 -18
right_child=-2 -3 3 5 6 16 8 -9 -10 10 -12 -13 -14 -15 -16 -17 17 -19
leaf_value=0.0049855507267752173 0.013174178625722538 0.011311087564948329 -0.010495629208761207 0.01455648958266996 0 -0.0094320890171539652 0.0012042921081503732 0.013840621945523348 -0.013677879423675829 -0.00021184609710084721 -0.0018567344094466271 0.021342874653981062 -0.0025451273034815978 0.0033618999630720386 -0.0025992096122439733 -0.015122021519546369 -0.0017179783447821167 0.006847951464520839
leaf_weight=25.096730896853842 3.0525052472949019 2.3142300993204108 10.152462340076452 3.1597952455049412 1.3334227353334442 2.1182657437166226 5.1676851268857735 3.7385758608579627 3.777214486617595 0.73314018966630079 6.6306001486955211 0.51074980932753533 1.5381955355405805 0.94351886212825764 0.50394489080645133 2.9051357173593715 19.194429910276089 2.1464485602919003
leaf_count=849 29 15 3363 209 155 301 759 25 53 105 579 39 182 4 57 285 946 45
internal_value=0.000929635 0.0003114 -8.12551e-05 -0.00295672 0.00205847 0 -0.000751224 0.00182946 -0.00560585 -0.00224622 0.00161585 0.0133418 0.00694813 -0.00788968 0.0113522 -0.0112906 -0.0017654 -0.0003561
internal_weight=95.0171 91.9645 89.6503 38.8135 50.8368 28.6611 25.74 16.7951 8.9449 13.0566 7.87449 1.24389 5.20194 5.18208 3.66374 4.23856 23.4591 21.3409
internal_count=8000 7971 7956 5103 2853 1740 2004 1192 812 1167 723 144 448 444 266 440 1292 991
is_linear=0
shrinkage=0.0155488


Tree=226
num_leaves=19
num_cat=0
split_feature=8 7 6 3 3 8 0 4 4 1 1 6 7 4 3 6 8 3
split_gain=2.73356 2.01323 2.20196 2.73125 1.83139 2.24089 9.81367 2.90383 2.01735 2.00214 1.94252 2.33477 3.04918 1.609 1.60845 1.57927 1.11718 2.78862
threshold=12337.600000000002 8982.2450000000008 8.6500000000000004 1380.5000000000002 2651.0000000000005 10823.600000000002 1.0000000180025095e-35 48.550000000000004 47.650000000000013 300.55000000000007 300.55000000000007 9.6500000000000004 5102.3550000000005 46.150000000000013 1475.5000000000002 8.5500000000000025 7772.3000000000011 1566.5000000000002
decision_type=2 2 2 2 2 2 2 2 2 2 2 2 2 2 2 2 2 2
left_child=1 2 3 15 5 7 -7 8 10 -10 11 12 -4 -5 -13 -1 -12 -18
right_child=-2 -3 4 13 -6 6 -8 -9 9 -11 16 14 -14 -15 -16 -17 17 -19
leaf_value=0.013678415572016595 0.013105263254847954 0.0077860270947564753 0.020184071256084249 0.0024297599446700324 0.0098951222403476195 0.011222232745733049 -0.014897740437611124 -0.011680877253610061 -0.0030821234681543651 0.021226117903542886 -0.0098312516928901958 0.0045460659441277163 -2.2019444770790317e-05 -0.0093735636798125896 -0.0049787255804050988 0.00050258661217729319 -0.0059859691678413188 0.014739739229571695
leaf_weight=5.9608180150389689 3.0275864824652663 6.7630778551101676 1.6135059178341205 6.3134993673302215 1.7907680720090855 9.6926757842302305 3.8164464980363837 8.3482950518373382 0.60106682300101855 0.53044736583251506 9.6130920581053925 4.3051659585908082 3.8981378105236217 3.0111456345766783 15.346868869964963 4.220785416662693 5.1486020297743371 0.81429140409454692
leaf_count=71 29 51 128 446 12 55 24 1285 137 69 1900 765 563 88 2197 19 153 8
internal_value=0.000923142 0.000309972 -0.000343869 0.00403005 -0.00175455 -0.00232445 0.00294791 -0.00385449 -0.0019126 0.0118445 -0.00272622 0 0.00795297 -0.00167295 -0.0025615 0.00920295 -0.00681692 -0.000564852
internal_weight=94.8163 91.7887 85.0256 19.5062 65.5194 63.7286 13.5091 50.2195 41.8712 1.13151 40.7397 25.1637 5.51164 9.32465 19.652 10.1816 15.576 5.96289
internal_count=8000 7971 7920 624 7296 7284 79 7205 5920 206 5714 3653 691 534 2962 90 2061 161
is_linear=0
shrinkage=0.0155488


Tree=227
num_leaves=19
num_cat=0
split_feature=7 3 3 9 7 7 1 7 4 3 7 2 3 4 1 2 3 3
split_gain=2.3652 1.86288 2.35815 2.49108 2.15089 2.67606 1.52334 1.71903 3.89279 1.72426 1.62773 1.43623 1.38994 1.13211 1.58244 1.89627 1.12918 1.28474
threshold=8982.2450000000008 2651.0000000000005 1456.5000000000002 1.0000000180025095e-35 5102.3550000000005 5066.6950000000006 298.45000000000005 6660.3400000000011 48.550000000000004 1442.5000000000002 6164.1600000000008 309.45000000000005 1445.5000000000002 39.050000000000004 299.15000000000003 307.95000000000005 1380.5000000000002 1350.5000000000002
decision_type=2 2 2 2 2 2 2 2 2 2 2 2 2 2 2 2 2 2
left_child=1 2 6 4 5 -4 10 12 9 11 -1 -9 -8 14 15 -5 17 -10
right_child=-2 -3 3 13 -6 -7 7 8 16 -11 -12 -13 -14 -15 -16 -17 -18 -19
leaf_value=0.008881554219978811 0.0086239560226803996 0.011198196448827157 -0.0045564149065618464 0.0075846316905318987 -0.012995474004761223 0.018461968473126856 -0.0064261643202108793 -0.0015524622944207199 0 -0.0027795105124673765 -0.0068236055555119402 0.018381082600192881 0.0079114994152798702 -0.0053000048067186724 0.0052710782810188725 -0.0079958052821274411 -0.0032685114867199712 0.0081433954220506977
leaf_weight=0.68127236096188326 7.5337639786303034 2.2876399196684352 6.2093243109993619 1.3510685483925104 7.719271986046806 0.20350852655246843 5.7831578270997843 0.39445508643984695 11.755992280086508 0.55049342359416176 6.6859000388067216 5.8070329434704036 0.78814615763258178 5.9411439641844472 11.6864304151386 5.0779560361988842 6.6923966468311837 7.2546196903567752
leaf_count=74 60 15 905 13 3729 58 471 74 374 98 675 293 100 121 183 92 426 239
internal_value=0.000925891 0.000102201 -0.000311163 -0.00315742 -0.00804559 -0.000440817 0.00197225 0.00325205 0.00474906 0.0143046 -0.00385058 0.0165489 -0.00322808 0 0.00192638 -0.00352092 0.00155123 0.00353449
internal_weight=94.4036 86.8698 84.5822 38.1887 14.1321 6.41283 46.3935 39.0263 32.455 6.75198 7.36717 6.20149 6.5713 24.0566 18.1155 6.42902 25.703 19.0106
internal_count=8000 7940 7925 5101 4692 963 2824 2075 1504 465 749 367 571 409 288 105 1039 613
is_linear=0
shrinkage=0.0155488


Tree=228
num_leaves=19
num_cat=0
split_feature=8 6 4 5 4 0 8 4 1 1 2 1 5 2 5 5 1 8
split_gain=2.68069 1.58663 1.6869 2.66766 2.01127 1.63507 4.83391 4.35727 1.38898 2.42346 1.11131 1.05831 2.38741 1.76987 1.28365 3.07167 1.63205 1.09264
threshold=12337.600000000002 8.6500000000000004 65.000000000000014 168.50000000000003 15.750000000000002 1.0000000180025095e-35 11112.650000000001 37.550000000000004 299.25000000000006 300.45000000000005 307.85000000000008 299.65000000000003 214.50000000000003 310.85000000000008 226.50000000000003 216.50000000000003 298.15000000000003 7129.1500000000005
decision_type=2 2 2 2 2 2 2 2 2 2 2 2 2 2 2 2 2 2
left_child=1 -1 3 4 -3 6 11 8 10 -10 -7 14 13 -13 15 16 -5 -15
right_child=-2 2 -4 5 -6 7 -8 -9 9 -11 -12 12 -14 17 -16 -17 -18 -19
leaf_value=0.0041154134859158736 0.013030098325161684 0.0021132370999795169 0.0079884974555202454 -0.006917346415173573 -0.0079608682918280993 0.0063287080573324423 0.014948857074211749 -0.0096739940534323193 0.019039549567063861 -0.00050834733841266684 -0.0083122775452569696 -0.0056631076164614233 -0.010981656246667186 -0.0027998384801556841 -0.0068311257020880686 0.01648787762966631 0.0061889021530145416 0.0095993287604297737
leaf_weight=19.637480789097026 2.9966469891369334 5.0705418703146306 3.657149337232112 3.5326489775907302 17.859057629480958 0.81336737226229106 5.1671060174703589 9.0244140872964618 1.9446845770580692 2.1373401699820533 1.6536754468688739 3.5473935134941694 4.4538458734750739 1.1894965332467107 1.1442002393305291 2.6794419530779123 3.105201504076831 4.6063717214856297
leaf_count=627 29 48 38 197 5636 18 35 356 57 92 95 206 53 131 12 25 196 149
internal_value=0.000921491 0.000312043 -0.000730988 -0.00139137 -0.00557988 0.000752472 0.00293597 -0.00305637 0.00565756 0.0103554 -0.00194514 -7.67641e-05 -0.00293953 0.00137119 0.00328123 0.00554612 -0.000289025 0.00646308
internal_weight=94.2201 91.2234 71.5859 67.9288 22.9296 44.9992 29.4257 15.5735 6.54907 4.08202 2.46704 24.2586 13.7971 9.34326 10.4615 9.31729 6.63785 5.79587
internal_count=8000 7971 7344 7306 5684 1622 1004 618 262 149 113 969 539 486 430 418 393 280
is_linear=0
shrinkage=0.0155488


Tree=229
num_leaves=19
num_cat=0
split_feature=8 7 3 5 3 1 7 7 2 3 8 7 8 1 8 7 5 3
split_gain=2.63651 1.91774 2.01072 1.90462 3.58938 2.75233 2.35828 2.70977 1.82635 1.31558 1.23022 1.58729 1.00328 0.864825 0.742351 0.711507 0.628213 0.999483
threshold=12337.600000000002 8982.2450000000008 2651.0000000000005 202.50000000000003 1440.5000000000002 300.45000000000005 5102.3550000000005 5066.6950000000006 311.95000000000005 1437.5000000000002 7942.1000000000013 7716.3650000000007 11112.650000000001 301.85000000000008 10823.600000000002 3534.8850000000007 224.50000000000003 1570.5000000000002
decision_type=2 2 2 2 2 2 2 2 2 2 2 2 2 2 2 2 2 2
left_child=1 2 3 4 5 9 7 15 10 12 11 13 -1 -7 -12 -6 17 -5
right_child=-2 -3 -4 16 6 8 -8 -9 -10 -11 14 -13 -14 -15 -16 -17 -18 -19
leaf_value=-0.011985302346624907 0.012962097693722956 0.0076460836466374768 0.011122065773357236 0.0020207220203960893 0 0 -0.013372421815202283 0.018395057996535333 -0.0063081096748533391 0.0077874835541519912 -0.0042043055773456689 0 0 0.014335796420294162 0.0051977058358304512 -0.0094627662316158715 0.005133035398171077 -0.0039014728121366522
leaf_weight=4.9168642892036614 2.9722511656582347 6.6840912885963908 2.2708940617740145 24.0544817969203 3.7804721891880027 1.3704167183022997 9.1640254869125766 0.20635083597153414 2.4035196974873534 0.14278355357237149 3.4873958493117234 3.3838934204541147 2.5386590883135796 5.7894527483731508 2.3019417077302933 2.544434062903747 7.8680137619376174 8.0772066507488471
leaf_count=1228 29 51 15 295 17 292 4185 58 222 39 140 117 16 178 13 904 58 143
internal_value=0.000917683 0.000312848 -0.000326434 -0.00085111 -0.00314854 0.000289434 -0.00874152 -0.000648474 0.00360064 -0.006798 0.00562115 0.00850553 -0.00859389 0.0121297 0 -0.00470116 0.00149183 0.000326743
internal_weight=93.9571 90.9849 84.3008 82.0299 42.0302 26.3349 15.6953 6.53126 18.7366 7.59831 16.3331 10.5438 7.45552 7.15987 5.78934 6.32491 39.9997 32.1317
internal_count=8000 7971 7920 7905 7409 2245 5164 979 962 1283 740 587 1244 470 153 921 496 438
is_linear=0
shrinkage=0.0155488


Tree=230
num_leaves=19
num_cat=0
split_feature=7 3 3 9 7 7 6 3 9 7 2 2 7 7 4 1 2 6
split_gain=2.25606 1.79779 2.22636 2.36172 2.13715 2.62543 1.74398 3.29292 2.01284 1.47225 1.35991 1.89104 1.62681 1.5532 1.1126 1.51984 1.84636 1.44612
threshold=8982.2450000000008 2651.0000000000005 1456.5000000000002 1.0000000180025095e-35 5102.3550000000005 5066.6950000000006 8.5500000000000025 1380.5000000000002 1.0000000180025095e-35 6868.0250000000005 310.65000000000003 310.95000000000005 7319.5300000000007 7696.4300000000012 39.050000000000004 299.15000000000003 307.95000000000005 11.050000000000002
decision_type=2 2 2 2 2 2 2 2 2 2 2 2 2 2 2 2 2 2
left_child=1 2 6 4 5 -4 7 -1 10 -9 -8 12 -12 -13 15 16 -5 -17
right_child=-2 -3 3 14 -6 -7 8 9 -10 -11 11 13 -14 -15 -16 17 -18 -19
leaf_value=0.01366024848453366 0.008477548431665597 0.011056034440377912 -0.004468491376712006 0.007445347288912529 -0.012923637973994304 0.01830609531620921 -0.0073232476763265579 0.0058940359847537323 0.003769885565566968 -0.0086791558468266722 0.015067360906440145 -0.010627645189508613 -0.0028891497547640799 0.0023487622913253357 -0.0052818481180680601 0.0016161361637994933 -0.007919052382078233 0.014786713505700417
leaf_weight=6.0471307113766652 7.4343434982001773 2.2564844191074362 6.1680195094086212 1.3607423263602019 7.480719857965596 0.21015017642639566 8.8165901522152144 1.5555587164126334 17.971307677682489 2.6099957674741745 1.9566864066291585 2.8166766018839553 0.92866804683580984 3.3814081898890436 5.9142905722837886 9.9335840069688839 5.0305356949102134 1.7988519337959576
leaf_count=76 60 15 905 13 3729 58 1587 56 191 65 125 527 57 140 121 161 92 22
internal_value=0.000914246 0.000106885 -0.000299373 -0.00307709 -0.00789566 -0.000346302 0.00192443 0.00721443 0.000123224 -0.00242197 -0.00334407 0.00056289 0.00922766 -0.00382265 0 0.00189099 -0.00346352 0.00515678
internal_weight=93.6717 86.2374 83.9809 37.8969 13.8589 6.37817 46.084 10.2127 35.8713 4.16555 17.9 9.08344 2.88535 6.19808 24.038 18.1237 6.39128 11.7324
internal_count=8000 7940 7925 5101 4692 963 2824 197 2627 121 2436 849 182 667 409 288 105 183
is_linear=0
shrinkage=0.0155488


Tree=231
num_leaves=19
num_cat=0
split_feature=8 7 6 5 7 3 0 3 8 5 8 4 4 7 7 3 6 6
split_gain=2.57631 1.82648 1.96798 3.10764 3.09076 2.59749 1.80783 5.8524 4.69441 1.69896 1.58923 1.99534 1.55973 1.55617 1.49872 1.42298 1.10419 0.97656
threshold=12337.600000000002 8982.2450000000008 8.6500000000000004 178.50000000000003 3534.8850000000007 1380.5000000000002 1.0000000180025095e-35 1540.5000000000002 10823.600000000002 175.50000000000003 9474.8000000000011 37.650000000000013 46.150000000000013 4925.3900000000003 6064.795000000001 1694.5000000000002 10.950000000000001 9.5500000000000025
decision_type=2 2 2 2 2 2 2 2 2 2 2 2 2 2 2 2 2 2
left_child=1 2 5 4 -4 9 8 -8 10 -1 11 13 -7 16 15 -9 -5 -13
right_child=-2 -3 3 6 -6 12 7 14 -10 -11 -12 17 -14 -15 -16 -17 -18 -19
leaf_value=0.012262389407883585 0.012869801327728672 0.0075024926471470785 0.0032269854335558639 -0.0025496033716446717 -0.0093829957851819419 0.0023404359582838014 -0.011121766642768992 0.015001081194049616 0.011521339473883157 -0.00066935319474672669 -0.0090060343363107878 -0.00010270944306191563 -0.0092975942691841101 -0.0081624755072649165 -0.0050396099317612641 0 0.010699523338517295 0.010671779009476325
leaf_weight=7.4676084667444247 2.9372011497616759 6.6136688217520705 5.1074959039688137 2.0304548344574926 16.812535601085983 6.3122073786798847 8.6534457517554966 3.3199110606219611 9.1451251804828626 2.494456771761179 3.7309874747879794 2.1362793250009409 2.986117348074913 5.3729617568897083 0.82657735655084241 1.9080814344342796 1.3682850031182168 4.148683690931648
leaf_count=75 29 51 27 53 5993 446 290 96 53 15 124 99 88 265 32 72 18 174
internal_value=0.000912684 0.000312875 -0.000310673 -0.00165806 -0.00626319 0.0038446 0.000732118 -0.00338658 0.00308465 0.0089664 -0.00129077 0.000926829 -0.00168871 -0.00343519 0.00715312 0.0102737 0.00339432 0.00708709
internal_weight=93.3721 90.4349 83.8212 64.5608 21.92 19.2604 42.6408 14.708 27.9328 9.96207 18.7877 15.0567 9.29832 8.7717 6.05457 5.22799 3.39874 6.28496
internal_count=8000 7971 7920 7296 6020 624 1276 490 786 90 733 609 534 336 200 168 71 273
is_linear=0
shrinkage=0.0155488


Tree=232
num_leaves=19
num_cat=0
split_feature=4 3 5 3 6 3 3 4 4 5 1 1 3 4 4 4 6 5
split_gain=2.16674 1.80038 2.24561 2.5717 2.73273 2.79326 2.6233 1.31929 2.57827 1.0488 1.58039 2.08545 1.10673 0.940939 0.929005 0.924178 0.768032 0.765182
threshold=61.150000000000013 2651.0000000000005 204.50000000000003 1442.5000000000002 8.5500000000000025 1380.5000000000002 1437.5000000000002 29.150000000000002 28.750000000000004 188.50000000000003 301.85000000000008 302.35000000000008 1362.5000000000002 58.250000000000007 52.150000000000013 55.550000000000004 10.950000000000001 202.50000000000003
decision_type=2 2 2 2 2 2 2 2 2 2 2 2 2 2 2 2 2 2
left_child=1 2 3 4 5 -1 9 8 -5 10 -6 12 -12 17 -4 16 -11 -9
right_child=-2 -3 14 7 6 -7 -8 13 -10 15 11 -13 -14 -15 -16 -17 -18 -19
leaf_value=0.013144615186952766 0.0071720752223061873 0.010967524888831921 0.0010640405573490851 -0.004983825146895879 -0.012064701649035286 -0.0044385875472348572 0.0146304251887874 -0.013220773400822413 0.017083116239651228 -0.010101684387446377 -0.0011842234381285476 -0.0098622580467390558 0.013094474263229008 0.0019373177683645842 0.0083737266709915884 0.0041427156235210264 0.0028239880206182679 0
leaf_weight=5.1003200858831432 10.446896359324453 2.2374573387205592 34.541195414960384 6.5302354127634343 5.9952809477690661 2.1613939730450511 0.57215061667375167 8.5316559752682171 0.2646022019907831 1.7011422119103365 1.3531627794727685 1.8733909220900384 1.4658247325569389 0.45820487942546684 4.0397845916450015 4.2715046852827072 0.486565701663494 0.96281786728650409
leaf_count=64 144 15 412 969 1534 89 103 4080 78 95 28 173 86 4 30 28 30 38
internal_value=0.000907282 0 -0.00044814 -0.0029454 0.000126645 0.00757518 -0.00301998 -0.00743322 -0.00113369 -0.00476861 -0.00750323 0 0.00703067 -0.0107862 0.00216388 0 -0.00612453 -0.0119119
internal_weight=92.9936 82.5467 80.3092 41.7283 24.9807 7.26171 17.719 16.7475 6.79484 17.1469 10.6877 4.69238 2.81899 9.95268 38.581 6.45921 2.18771 9.49447
internal_count=8000 7856 7841 7399 2230 153 2077 5169 1047 1974 1821 287 114 4122 442 153 125 4118
is_linear=0
shrinkage=0.0155488


Tree=233
num_leaves=19
num_cat=0
split_feature=8 7 6 5 7 0 4 8 8 4 7 6 6 7 4 4 8 7
split_gain=2.51012 1.75433 1.87996 2.97258 3.01371 1.75895 4.88639 4.57217 1.56169 1.93954 1.52735 1.08111 0.946291 1.30586 0.824349 2.60108 0.753887 0.702425
threshold=12337.600000000002 8982.2450000000008 8.6500000000000004 178.50000000000003 3534.8850000000007 1.0000000180025095e-35 37.550000000000004 10823.600000000002 9474.8000000000011 37.650000000000013 4925.3900000000003 10.950000000000001 9.5500000000000025 6329.0200000000013 48.050000000000004 45.850000000000001 8646.9000000000015 6390.2850000000008
decision_type=2 2 2 2 2 2 2 2 2 2 2 2 2 2 2 2 2 2
left_child=1 2 16 4 -4 7 -7 8 9 10 11 -5 17 -14 15 -8 -1 -11
right_child=-2 -3 3 5 -6 6 14 -9 -10 12 -12 -13 13 -15 -16 -17 -18 -19
leaf_value=0.0055438307398518001 0.012763139903359621 0.0073852500140919614 0.0031968566794029836 -0.0025253489379261796 -0.0092829413226777173 0.0058010569163116938 -0.010348055249343005 0.011393675284150825 -0.008951839569711845 -0.0066163555163258007 -0.0081060533754515295 0.010573172962636176 0.014868832218253575 -0.00023092053242650931 -0.01487225118991666 0.010290878443194205 -0.00064247379096383432 0.0053827526452788176
leaf_weight=14.039733531186359 2.8994461372494689 6.5535274371504775 5.094328165054324 2.0278481924906431 16.538708626292646 6.4690847424790254 2.672102015581912 9.0845624804496747 3.7029582192189983 1.1775943613611155 5.3362500474322587 1.3730095203500239 2.8780847577145323 1.303661788231693 4.4792329522315413 1.0544671828392891 5.0651167919859281 0.95708884927444149
leaf_count=582 29 51 27 53 5993 208 168 53 124 36 265 18 58 116 82 32 42 63
internal_value=0.000905853 0.000311506 -0.000300398 -0.00162194 -0.00616189 0.000709752 -0.00335466 0.00303625 -0.00127649 0.000915059 -0.00339933 0.00335097 0.00696879 0.0104795 -0.010793 -0.00261961 0.00377568 -9.70771e-05
internal_weight=92.7068 89.8074 83.2538 64.149 21.633 42.5159 14.6749 27.8411 18.7565 15.0535 8.73711 3.40086 6.31643 4.18175 8.2058 3.72657 19.1049 2.13468
internal_count=8000 7971 7920 7296 6020 1276 490 786 733 609 336 71 273 174 282 200 624 99
is_linear=0
shrinkage=0.0155488


Tree=234
num_leaves=19
num_cat=0
split_feature=7 3 4 5 5 6 3 4 5 4 5 5 5 7 4 4 6 2
split_gain=2.13296 1.65215 2.10975 2.79351 2.17627 2.45755 3.18348 1.93739 1.38347 1.52521 2.12374 1.35515 1.57321 1.19193 0.96671 2.56554 2.17309 1.6017
threshold=9263.0750000000025 2651.0000000000005 44.150000000000013 144.50000000000003 206.50000000000003 8.5500000000000025 1380.5000000000002 41.350000000000001 45.500000000000007 56.250000000000007 152.50000000000003 210.50000000000003 225.50000000000003 7253.2650000000003 31.050000000000004 28.750000000000004 9.8500000000000032 311.75000000000006
decision_type=2 2 2 2 2 2 2 2 2 2 2 2 2 2 2 2 2 2
left_child=1 2 3 -1 5 6 -4 14 -7 -10 -11 -6 13 -13 15 -5 -17 -16
right_child=-2 -3 4 7 11 8 -8 -9 9 10 -12 12 -14 -15 17 16 -18 -19
leaf_value=-0.0092438634487938143 0.011624245790121111 0.010874163004665932 0.013021493063918551 0 0.013290465696550765 0.0044774532383065318 -0.0047739679964171862 -0.01019491608431004 -0.008273414309313009 -0.007659859880679157 0.0046612825683065599 -0.0068886403092156823 0.010613824233995801 0.0036163381023447969 -0.0029321128074863644 0.02413059140496544 0 0.0090420249874812366
leaf_weight=10.17855762853287 3.0569139160215846 2.2181650772690764 5.2380842268466941 6.9684121351456323 4.2978678531944743 4.0326051956508335 2.6665125479921699 2.7680292555596671 10.049235599697569 4.3372864013072085 7.3116239581722766 3.4045893009752017 2.8177399784326553 4.4186064600944519 14.362252568244005 1.1957519521238285 1.1104879275662822 1.965710908290929
leaf_count=3459 30 15 70 337 31 551 101 276 1641 170 84 36 17 37 876 81 85 103
internal_value=0.000899791 0.000335656 -3.85376e-05 -0.00274914 0.00205036 -8.86763e-05 0.00676518 0 -0.00255188 -0.00419805 0 0.00674054 0.00265635 -0.000849171 0.00138224 0.00511814 0.0158826 -0.000733157
internal_weight=92.3984 89.3415 87.1234 38.5492 48.5742 33.6353 7.9046 28.3706 25.7308 21.6981 11.6489 14.9388 10.6409 7.8232 25.6026 9.27465 2.30624 16.328
internal_count=8000 7970 7955 5217 2738 2617 171 1758 2446 1895 254 121 90 73 1482 503 166 979
is_linear=0
shrinkage=0.0155488


Tree=235
num_leaves=19
num_cat=0
split_feature=7 3 4 5 5 6 3 4 5 4 5 5 5 7 1 7 2 6
split_gain=2.09702 1.62415 2.05522 2.73972 2.12694 2.40337 3.13848 1.91087 1.35271 1.49328 2.0724 1.31483 1.54208 1.16693 0.944322 2.75488 1.58221 2.79036
threshold=9263.0750000000025 2651.0000000000005 44.150000000000013 144.50000000000003 206.50000000000003 8.5500000000000025 1380.5000000000002 41.350000000000001 45.500000000000007 56.250000000000007 152.50000000000003 210.50000000000003 225.50000000000003 7253.2650000000003 300.55000000000007 5141.4150000000009 311.75000000000006 10.950000000000001
decision_type=2 2 2 2 2 2 2 2 2 2 2 2 2 2 2 2 2 2
left_child=1 2 3 -1 5 6 -4 14 -7 -10 -11 -6 13 -13 15 -5 17 -17
right_child=-2 -3 4 7 11 8 -8 -9 9 10 -12 12 -14 -15 -16 16 -18 -19
leaf_value=-0.0091586257343374469 0.011569506031733285 0.010809926555623628 0.012973756279367657 0.012874887325259234 0.013125365293757562 0.0044183663790884706 -0.0047360038204015504 -0.010151791483021992 -0.0082028925770760673 -0.0075733353865651779 0.0046020484684506386 -0.0068266448258860468 0.010517351481568521 0.0035738576637158368 -0.0016736439425557039 0.0032074662904459685 0.013399505282009162 -0.011809982755382871
leaf_weight=10.125553865218533 3.0297241434454909 2.2041591629385939 5.180641956627368 4.234651478007442 4.2999063394963732 4.039586739032532 2.656155095435679 2.7420571668772018 9.9892081953585166 4.332887592725454 7.3066468823235482 3.3934829849749786 2.8108457997441292 4.4164225682616234 11.237691866932435 6.0406761617632547 0.41059719456825483 3.6810651764972135
leaf_count=3459 30 15 70 205 31 551 101 276 1641 170 84 36 17 37 604 418 9 246
internal_value=0.000900175 0.000340377 -3.04669e-05 -0.00270865 0.00203434 -8.50577e-05 0.0067213 0 -0.00252085 -0.00415502 0 0.00667158 0.00263148 -0.000837642 0.00137931 0.00395676 -0.000433271 -0.00282315
internal_weight=92.132 89.1022 86.8981 38.4723 48.4258 33.5051 7.8368 28.3467 25.6683 21.6287 11.6395 14.9207 10.6208 7.80991 25.6047 14.367 10.1323 9.72174
internal_count=8000 7970 7955 5217 2738 2617 171 1758 2446 1895 254 121 90 73 1482 878 673 664
is_linear=0
shrinkage=0.0155488


Tree=236
num_leaves=19
num_cat=0
split_feature=8 7 3 3 5 6 3 5 4 3 8 7 7 6 8 3 6 5
split_gain=2.41081 1.6787 1.83535 1.89371 3.212 2.25519 2.64896 2.37481 2.11645 1.8205 2.01733 1.48069 2.83872 1.22029 1.21269 0.923547 0.766728 0.708369
threshold=12337.600000000002 8982.2450000000008 2267.5000000000005 1446.5000000000002 202.50000000000003 8.5500000000000025 1380.5000000000002 206.50000000000003 45.350000000000001 1437.5000000000002 10823.600000000002 5102.3550000000005 5066.6950000000006 9.4500000000000011 985.70000000000016 1440.5000000000002 9.0500000000000025 221.50000000000003
decision_type=2 2 2 2 2 2 2 2 2 2 2 2 2 2 2 2 2 2
left_child=1 2 3 5 11 6 -1 9 -8 10 14 12 -5 -9 16 -11 -7 -6
right_child=-2 -3 -4 4 17 7 8 13 -10 15 -12 -13 -14 -15 -16 -17 -18 -19
leaf_value=0.013356398446381843 0.012598685546539038 0.0072640423720122674 0.0069906115993237641 -0.0070366851780324221 -0.0020412077833548816 0.010556547486588878 0.0093807057894141621 0.010533890895681105 -0.0089106457090894712 0.016953089869401677 0.0016777379119297827 -0.01312701419926322 0.018315268087765856 0 -0.0094749277824735523 -0.0011161117068962353 -0.0034458262568569926 0.0033822426462981488
leaf_weight=5.5253606997430307 2.8447123020887366 6.4839504547417155 6.2695689245592794 2.7602667127503078 16.690240718424324 0.4017551895231104 1.1924179377965631 3.7754044160246831 2.6593467118218541 0.26986509538255532 6.1247609183192244 8.1536812995327619 0.20974374818615604 7.012751255184412 13.213961440720594 0.36119442677590996 0.66743329237215221 7.2497701961547127
leaf_count=71 29 51 60 879 287 15 42 31 62 61 38 4045 58 63 1824 134 187 63
internal_value=0.000898413 0.000313298 -0.000286643 -0.00103717 -0.00365738 0.00114379 0.00739042 -0.000789227 -0.00158498 -0.0038639 -0.00507977 -0.0100994 0 0.00466664 -0.00812741 0.0106828 0.00300179 -0.000160051
internal_weight=91.8662 89.0215 82.5375 76.268 35.0637 41.2043 9.37713 31.8271 3.85176 21.039 20.4079 11.1237 2.97001 10.7882 14.2831 0.63106 1.06919 23.94
internal_count=8000 7971 7920 7860 5332 2528 175 2353 104 2259 2064 4982 937 94 2026 195 202 350
is_linear=0
shrinkage=0.0155488


Tree=237
num_leaves=19
num_cat=0
split_feature=8 3 3 9 6 3 3 0 8 8 6 6 3 8 8 3 3 8
split_gain=2.36759 1.58596 1.87444 2.00611 1.58321 1.37714 1.81315 1.27585 3.68547 2.57161 1.467 1.84871 1.3867 1.26769 0.992249 2.11386 1.03675 1.54207
threshold=12337.600000000002 2651.0000000000005 1456.5000000000002 1.0000000180025095e-35 9.3500000000000032 1660.5000000000002 1686.5000000000002 1.0000000180025095e-35 11112.650000000001 9826.3000000000011 10.050000000000002 10.550000000000002 1428.5000000000002 10823.600000000002 7885.6500000000005 1554.5000000000002 1566.5000000000002 10624.100000000002
decision_type=2 2 2 2 2 2 2 2 2 2 2 2 2 2 2 2 2 2
left_child=1 2 4 5 -1 -4 -7 8 10 -9 13 12 -12 -6 15 -5 17 -16
right_child=-2 -3 3 14 7 6 -8 9 -10 -11 11 -13 -14 -15 16 -17 -18 -19
leaf_value=0.0046598213471313312 0.012533375647634666 0.010704934331676503 -0.011695118334306242 0.011512160763340834 -0.011430974578092945 0.012746054552218816 -0.004678415280359614 0.001607267989749558 0.013436754552215609 -0.013415179640906987 -0.00013445750126321368 -0.0019115159358089231 0.020976653330835371 0.0029874410206686803 -0.0092389122641017059 -0.00069991323428871173 0.0045463049074711912 0.0035922506879636352
leaf_weight=24.099364056484774 2.8217405378818503 2.181294720619916 6.6390298040350881 3.3920747973024872 4.0387385220965388 0.49583033053204406 6.3871287289075553 4.9171248141210544 3.5564098246395579 3.6432647921610624 0.68848201818764188 6.3916326629696414 0.52353664045222104 0.9287988394498824 6.4023765628226084 10.805356432450933 1.6726000034250308 1.9249576851725576
leaf_count=849 29 15 3378 45 440 237 1078 759 25 53 105 579 39 4 130 203 20 12
internal_value=0.000903947 0.000322777 -4.33307e-05 -0.0026416 0.00190434 -0.00715937 -0.00118978 -0.000731659 0.00166951 -0.00528539 -0.00229181 0.0016438 0.013427 -0.00805739 0 0.00266156 -0.00340662 -0.00578948
internal_weight=91.5097 88.688 86.5067 37.7194 48.7874 13.522 6.88296 24.688 16.1276 8.56039 12.5712 7.60365 1.21202 4.96754 24.1974 14.1974 9.99993 8.32733
internal_count=8000 7971 7956 5103 2853 4693 1315 2004 1192 812 1167 723 144 444 410 248 162 142
is_linear=0
shrinkage=0.0155488


Tree=238
num_leaves=19
num_cat=0
split_feature=7 5 1 7 4 7 7 4 7 2 7 7 7 1 5 2 2 4
split_gain=2.02716 1.30772 1.79535 1.53549 1.25802 2.54846 1.63136 1.52445 1.44588 1.40922 1.12024 1.095 1.00574 0.806432 0.770881 0.690815 0.728451 0.690641
threshold=9263.0750000000025 204.50000000000003 298.35000000000008 7716.3650000000007 44.750000000000007 5102.3550000000005 5040.2300000000005 13.750000000000002 7120.1350000000011 308.45000000000005 6660.3400000000011 3534.8850000000007 8316.7850000000017 298.45000000000005 19.500000000000004 309.45000000000005 311.85000000000008 36.150000000000013
decision_type=2 2 2 2 2 2 2 2 2 2 2 2 2 2 2 2 2 2
left_child=1 2 11 17 5 6 7 -4 10 -7 -6 -1 -13 -9 -12 -16 -17 -3
right_child=-2 3 4 -5 8 9 -8 13 -10 -11 14 12 -14 -15 15 16 -18 -19
leaf_value=0.0025625675881762191 0.011461774485894877 0.0038568732906516627 0.0053093199909176221 0.010341619134120598 -0.0016323752564917043 0.0061844846025462339 0.017694036726071265 0.0029586740986598061 0 -0.010898430914885319 -0.00078623201262343386 -0.012565776442587257 0 -0.010719813078531894 -0.00033290604768057623 0.015809200834591985 0 -0.00040761368876859557
leaf_weight=1.1961542218923549 2.9762913174927226 12.742802277207373 3.7987412847578508 4.0940450206398955 1.2807819675654197 0.2375249076867475 0.23671938572078932 0.31466732756234739 20.149122617323883 7.2390130063286051 0.44624336005654175 5.1385830112267286 2.3148162341676652 2.3028388596139848 0.27383760281372804 3.8336255731992424 0.34656114864628751 22.385077612474561
leaf_count=7 30 156 22 31 94 76 64 16 1208 2955 66 1880 39 653 83 287 70 263
internal_value=0.000902621 0.000349526 -0.00127844 0.00245957 7.76447e-05 -0.0033935 0.00296606 0 0.00214899 -0.00910924 0.00801382 -0.00722219 -0.00937682 -0.00765573 0.010981 0.0127493 0.0141952 0.00111264
internal_weight=91.3074 88.3312 49.1092 39.2219 40.4597 14.1295 6.65297 6.41625 26.3302 7.47654 6.18105 8.64955 7.4534 2.61751 4.90027 4.45402 4.18019 35.1279
internal_count=8000 7970 7520 450 5594 3786 755 691 1808 3031 600 1926 1919 669 506 440 357 419
is_linear=0
shrinkage=0.0155488


Tree=239
num_leaves=19
num_cat=0
split_feature=8 7 7 5 4 1 4 8 7 8 5 0 1 5 1 4 8 8
split_gain=2.30443 1.61844 1.5822 1.60849 3.01906 2.14049 1.25923 0.932685 0.868665 1.26783 0.684583 1.04836 2.09142 1.85317 2.45302 1.44767 1.7223 1.40907
threshold=12337.600000000002 8982.2450000000008 3534.8850000000007 202.50000000000003 44.750000000000007 300.45000000000005 45.250000000000007 11112.650000000001 7397.8700000000008 4675.9500000000007 224.50000000000003 1.0000000180025095e-35 299.65000000000003 215.50000000000003 301.65000000000003 48.150000000000013 9579.5000000000018 7634.0000000000009
decision_type=2 2 2 2 2 2 2 2 2 2 2 2 2 2 2 2 2 2
left_child=1 2 -1 4 -4 6 -6 -8 9 -7 11 12 -5 14 -14 16 17 -13
right_child=-2 -3 3 10 5 8 7 -9 -10 -11 -12 15 13 -15 -16 -17 -18 -19
leaf_value=0.0065368708237421996 0.012426533889652189 0.0071704319720202548 -0.0096037137761246956 0.0076275403981741745 0.0074630005454538332 0.011025058474816569 -0.01182872104812528 0 -9.7407848805449197e-05 0 0.0048900228777675669 0.0014879604017921343 -0.0050256484732888488 -0.0095197215282591813 0.0092418649340368295 -0.011916833555108159 0.010808649963193901 -0.010508658559329557
leaf_weight=6.1616211980581275 2.7844644077122203 6.4335274994373313 11.108697501709683 8.3201141338795477 0.16240193613339471 4.1518934769555953 4.6837826642440632 2.4813812598586082 9.9327335307607409 3.7510446178494021 7.8193016462028018 4.1924083214253169 4.5251927310600859 3.7335458528250447 4.4350786786526442 2.357686471194028 1.4020248018205164 2.701130248606205
leaf_count=32 29 51 5022 109 67 294 1283 16 437 274 58 74 74 42 48 26 12 52
internal_value=0.000898061 0.000324183 -0.000266513 -0.000966553 -0.0033041 -5.57093e-05 -0.00664036 -0.00847493 0.00270464 0.0061809 0.0011216 0 0.00203119 -0.00171454 0.0019253 -0.00368561 0 -0.00362847
internal_weight=91.138 88.3536 81.92 75.7584 36.2719 25.1632 7.32757 7.16516 17.8357 7.90294 39.4865 31.6672 21.0139 12.6938 8.96027 10.6532 8.29556 6.89354
internal_count=8000 7971 7920 7888 7393 2371 1366 1299 1005 568 495 437 273 164 122 164 138 126
is_linear=0
shrinkage=0.0155488


Tree=240
num_leaves=19
num_cat=0
split_feature=8 7 6 5 7 0 4 8 8 4 7 6 6 7 2 4 4 8
split_gain=2.26855 1.58263 1.67682 2.67033 2.77277 1.66608 4.7019 4.31217 1.51629 1.96968 1.45098 1.04819 0.924529 1.21847 0.84851 0.833769 2.49195 0.735964
threshold=12337.600000000002 8982.2450000000008 8.6500000000000004 178.50000000000003 3534.8850000000007 1.0000000180025095e-35 37.550000000000004 10823.600000000002 9474.8000000000011 37.650000000000013 4925.3900000000003 10.950000000000001 9.5500000000000025 6329.0200000000013 311.85000000000008 48.050000000000004 45.850000000000001 8646.9000000000015
decision_type=2 2 2 2 2 2 2 2 2 2 2 2 2 2 2 2 2 2
left_child=1 2 17 4 -4 7 -7 8 9 10 11 -5 -11 -14 -12 16 -8 -1
right_child=-2 -3 3 5 -6 6 15 -9 -10 12 14 -13 13 -15 -16 -17 -18 -19
leaf_value=0.0053897136204000664 0.012362277610107806 0.0071056387459178562 0.0030443433392707058 -0.0026132210150377829 -0.009017068681232001 0.0056161804723614825 -0.010195158081169525 0.011144527935457439 -0.0088642156867672055 -9.0615050603655952e-06 -0.010092639966976017 0.010256898102327877 0.014663190289381907 -3.1901119126844814e-05 0.0026495165287525255 -0.014785332704426755 0.010069190365600538 -0.00074620095811241398
leaf_weight=13.763949158135803 2.7620636820793143 6.4028396122157565 5.0358380079269436 2.0318105448968766 15.82318458589725 6.5097888973541549 2.5890762691851692 8.9259562194347364 3.6319620369467875 2.1076660241233176 4.8017175053246319 1.3822535413783041 2.896260469336994 1.2727840979350729 0.4902386019239201 4.4065972634125501 1.0589414851274339 5.0174318309873334
leaf_count=582 29 51 27 53 5993 208 168 53 124 99 238 18 58 116 27 82 32 42
internal_value=0.000890941 0.000321294 -0.000262365 -0.00152618 -0.00592366 0.000671155 -0.00329242 0.00295262 -0.00123415 0.00091652 -0.00343664 0.00312015 0.00703544 0.0104906 -0.00804388 -0.0106941 -0.00246125 0.00361391
internal_weight=90.9104 88.1483 81.7455 62.9641 20.859 42.1051 14.5644 27.5406 18.6147 14.9827 8.70602 3.41406 6.27671 4.16904 5.29196 8.05462 3.64802 18.7814
internal_count=8000 7971 7920 7296 6020 1276 490 786 733 609 336 71 273 174 265 282 200 624
is_linear=0
shrinkage=0.0155488


Tree=241
num_leaves=19
num_cat=0
split_feature=7 3 4 5 5 2 4 5 5 7 2 2 2 7 7 5 1 7
split_gain=1.95292 1.52077 1.86772 2.57916 1.99641 2.22062 1.84931 1.27399 1.48793 1.11273 1.01318 1.83217 1.25413 1.2392 0.990642 0.956347 0.921446 2.62421
threshold=9263.0750000000025 2651.0000000000005 44.150000000000013 144.50000000000003 206.50000000000003 309.35000000000008 41.350000000000001 210.50000000000003 225.50000000000003 7253.2650000000003 310.35000000000008 310.65000000000003 310.95000000000005 7319.5300000000007 7696.4300000000012 181.50000000000003 300.55000000000007 5141.4150000000009
decision_type=2 2 2 2 2 2 2 2 2 2 2 2 2 2 2 2 2 2
left_child=1 2 3 -1 5 -4 16 -6 9 -9 -7 -12 13 -13 -14 -16 17 -5
right_child=-2 -3 4 6 7 10 -8 8 -10 -11 11 12 14 -15 15 -17 -18 -19
leaf_value=-0.0089707861401451747 0.011330710606875597 0.010554924070834592 -0.0072744029757504701 0.012583254965889254 0.012840481819125985 0.0064948819143194111 -0.010053328916760182 -0.0067789320618708623 0.010273653024053513 0.0034149509843384644 -0.0075633766795584045 0.014540678448678035 -0.0046089997462083953 -0.00029192666691806556 -0.00025193647158279904 0.010416823559182132 -0.0016481411756886332 -0.00038668453497269249
leaf_weight=9.7672213915502635 2.9125171676278105 2.1480032242834559 6.9912800828460595 4.2633376504527467 4.2579876482486716 6.9660082386108142 2.6797275659628204 3.3665363080799562 2.7697404287755489 4.326475702226162 4.4862952624680501 2.1493853055872019 5.1165149023290706 1.3907422721385954 3.9142847167095169 1.8445925144478676 11.18940272706095 10.077312876936046
leaf_count=3459 30 15 936 205 31 555 276 36 17 37 211 118 541 75 163 18 604 673
internal_value=0.000885145 0.00034128 -1.85307e-05 -0.00258779 0.00196708 -0.000106413 0 0.00648383 0.00247793 -0.000938418 0.00193405 0 0.00271101 0.00934976 0 0.00386021 0.0013724 0.00391945
internal_weight=90.6174 87.7048 85.5568 37.977 47.5798 32.8591 28.2098 14.7207 10.4628 7.69301 25.8678 18.9018 14.4155 3.54013 10.8754 5.75888 25.5301 14.3407
internal_count=8000 7970 7955 5217 2738 2617 1758 121 90 73 1681 1126 915 193 722 181 1482 878
is_linear=0
shrinkage=0.0155488


Tree=242
num_leaves=19
num_cat=0
split_feature=8 3 4 5 4 4 3 3 2 4 5 8 6 3 5 8 2 2
split_gain=2.20736 1.50238 1.79201 2.52032 1.81941 1.22261 2.84907 2.80486 1.94467 1.3232 1.20787 1.07602 2.71613 2.36872 1.45555 1.02908 1.52652 1.61621
threshold=12337.600000000002 2651.0000000000005 44.150000000000013 144.50000000000003 41.350000000000001 48.550000000000004 1442.5000000000002 1418.5000000000002 309.65000000000003 65.000000000000014 233.50000000000003 10823.600000000002 8.5500000000000025 1380.5000000000002 45.500000000000007 5279.7000000000007 310.15000000000003 309.15000000000003
decision_type=2 2 2 2 2 2 2 2 2 2 2 2 2 2 2 2 2 2
left_child=1 2 3 -1 15 6 7 -4 -9 11 -8 12 13 -7 -14 16 17 -5
right_child=-2 -3 5 4 -6 9 10 8 -10 -11 -12 -13 14 -15 -16 -17 -18 -19
leaf_value=-0.0088859731205306412 0.012249329822095333 0.010492974891536491 0.0033087078146581145 0 -0.010010420454764222 0.011521470078598148 -0.0096478223554794709 -0.0010344556017575831 0.026467810310633486 0.0078945034645184695 0.0058871359713184718 0.0022037751991643545 0.0011839287446466721 -0.0063135293291294919 -0.0097385747059913503 -0.00016660324938945804 -0.00079181985281234985 0.020126339519632684
leaf_weight=9.7193863306893018 2.7259878776967517 2.1345442086458197 7.5369156678207201 1.2487062788568501 2.6548993326723567 3.4441270902752938 2.4870751168346028 0.34529167413711581 1.7450927603058515 3.5928492695093146 0.4783855378627776 13.767369128763674 2.8818099392810828 1.6141640851274131 9.7910871108761039 20.363505970104598 2.5728666515788063 1.358708407031372
leaf_count=3459 29 15 487 127 276 47 508 90 119 41 2 84 293 54 1014 1034 232 89
internal_value=0.000880893 0.000317995 -3.82066e-05 -0.00255885 0 0.00190166 0.00583128 0.00980036 0.022081 0.000234139 -0.00522824 -0.000789075 -0.00330774 0.00509684 -0.00709465 0.00135341 0.00680183 0.0131279
internal_weight=90.4628 87.7368 85.6022 37.9181 28.1987 47.6842 12.5928 9.6273 2.09038 35.0914 2.96546 31.4986 17.7312 5.05829 12.6729 25.5438 5.18028 2.60741
internal_count=8000 7971 7956 5217 1758 2739 1206 696 209 1533 510 1492 1408 101 1307 1482 448 216
is_linear=0
shrinkage=0.0155488


Tree=243
num_leaves=19
num_cat=0
split_feature=8 3 3 9 6 3 3 0 8 8 6 6 3 8 3 8 3 3
split_gain=2.17025 1.47721 1.73082 1.79213 1.44399 1.38088 1.78935 1.18685 3.54298 2.52232 1.44929 1.82437 1.35208 1.22086 0.947984 0.919932 2.07704 1.01092
threshold=12337.600000000002 2651.0000000000005 1456.5000000000002 1.0000000180025095e-35 9.3500000000000032 1660.5000000000002 1686.5000000000002 1.0000000180025095e-35 11112.650000000001 9826.3000000000011 10.050000000000002 10.550000000000002 1428.5000000000002 10823.600000000002 1322.5000000000002 7885.6500000000005 1554.5000000000002 1566.5000000000002
decision_type=2 2 2 2 2 2 2 2 2 2 2 2 2 2 2 2 2 2
left_child=1 2 4 5 -1 -4 -7 8 10 -9 13 12 -12 14 -6 16 -5 -17
right_child=-2 -3 3 15 7 6 -8 9 -10 -11 11 -13 -14 -15 -16 17 -18 -19
leaf_value=0.0044888524312687705 0.012186164988991248 0.01043144758025346 -0.011532109984354444 0.01122918053971355 0 0.012894231030695407 -0.004491354193076497 0.0017272559679809088 0.013273866966701896 -0.013257718558213501 -0.0001370449649390016 -0.0019029417062069794 0.020747603822972423 0.0028317438088075754 -0.014796745588034323 -0.0057532887411564908 -0.00083276812960742528 0.004452280651519743
leaf_weight=23.895547572872601 2.7041360549628726 2.1211965307593337 6.3408230709610489 3.4304274334572282 1.0840893546119317 0.48676464916206885 6.2907332337927073 4.8290737187489867 3.4805241785943517 3.5610573594458401 0.67261151666752972 6.294407629291527 0.53186426812317222 0.91990664601325978 2.8793399003334343 8.2134493701159936 10.859224206069483 1.678601998137309
leaf_count=849 29 15 3378 45 55 237 1078 759 25 53 105 579 39 4 385 142 203 20
internal_value=0.000880775 0.000322419 -3.03502e-05 -0.00254186 0.00185242 -0.00689231 -0.000955909 -0.000686623 0.00163806 -0.00512483 -0.00226421 0.00166525 0.0133724 -0.00803856 -0.011374 0 0.00248307 -0.00337192
internal_weight=90.2738 87.5696 85.4484 37.3 48.1484 13.1183 6.7775 24.2529 15.8627 8.39013 12.3822 7.49888 1.20448 4.88334 3.96343 24.1817 14.2897 9.89205
internal_count=8000 7971 7956 5103 2853 4693 1315 2004 1192 812 1167 723 144 444 440 410 248 162
is_linear=0
shrinkage=0.0155488


Tree=244
num_leaves=19
num_cat=0
split_feature=8 7 3 3 8 6 3 4 3 7 2 4 4 4 6 8 6 2
split_gain=2.13473 1.53752 1.68013 1.69075 2.74298 2.06063 2.64328 2.07211 1.71886 3.88164 3.37621 2.58115 1.65725 2.81725 2.06597 1.65128 1.36575 1.29906
threshold=12337.600000000002 8982.2450000000008 2267.5000000000005 1446.5000000000002 4198.5000000000009 8.5500000000000025 1380.5000000000002 45.350000000000001 1353.5000000000002 6677.9800000000005 309.35000000000008 48.550000000000004 31.050000000000004 28.750000000000004 9.8500000000000032 11112.650000000001 11.15 311.75000000000006
decision_type=2 2 2 2 2 2 2 2 2 2 2 2 2 2 2 2 2 2
left_child=1 2 3 5 -5 6 -1 -8 -7 -10 -11 16 13 -6 -15 -13 -12 -14
right_child=-2 -3 -4 4 12 8 7 -9 9 10 11 15 17 14 -16 -17 -18 -19
leaf_value=0.013225385723109778 0.012123377998013099 0.0070339637492078458 0.0067411607433504363 -0.011500331940162034 -0.0020672580911020822 -0.0054912491547898226 0.009085478222506712 -0.0089579125277688149 -0.0094568226898209609 -0.0043651287546480916 0.020608055929486512 -0.0019942664420778285 -0.0050039978803082955 0.023352900930892033 0 0.011093365461420673 -0.0009123847629954146 0.0040449000772982734
leaf_weight=5.3428182601928693 2.6824939660727969 6.3504694141447535 6.1922158519737414 6.8437053619418284 4.4310598960146335 10.941392248962076 1.2086654393933716 2.6668303078040481 4.2708485207986113 4.6750415751012069 3.7167687520850432 5.0160429724492133 17.429182974155996 1.2379736384609716 1.1106421826407311 2.297419860959053 0.32603619666770089 3.3546980740502468
leaf_count=71 29 51 60 3043 193 563 42 62 589 461 217 446 1698 90 86 18 59 222
internal_value=0.000878416 0.000324536 -0.000252792 -0.000982591 -0.00348305 0.00109196 0.00710838 -0.00173847 -0.000769113 0.00176746 0.00544638 0.00982301 -0.000947942 0.0049643 0.0154213 0.00268316 0.0183387 -0.00322272
internal_weight=90.0943 87.4118 81.0613 74.8691 34.4073 40.4619 9.21831 3.8755 31.2436 20.3022 16.0313 11.3563 27.5636 6.77968 2.34862 7.31346 4.0428 20.7839
internal_count=8000 7971 7920 7860 5332 2528 175 104 2353 1790 1201 740 2289 369 176 464 276 1920
is_linear=0
shrinkage=0.0155488


Tree=245
num_leaves=19
num_cat=0
split_feature=8 3 4 9 4 4 4 4 3 3 2 0 8 8 4 8 1 8
split_gain=2.09894 1.43707 1.68136 1.69507 1.63727 2.34235 1.36194 1.17242 2.68349 2.69921 1.85868 1.4602 4.71648 3.51642 1.28847 1.2377 2.14421 1.10105
threshold=12337.600000000002 2651.0000000000005 44.150000000000013 1.0000000180025095e-35 29.150000000000002 28.750000000000004 41.350000000000001 48.550000000000004 1442.5000000000002 1418.5000000000002 309.65000000000003 1.0000000180025095e-35 11112.650000000001 10326.900000000003 65.000000000000014 10823.600000000002 301.55000000000007 10624.100000000002
decision_type=2 2 2 2 2 2 2 2 2 2 2 2 2 2 2 2 2 2
left_child=1 2 3 4 5 -1 -5 8 9 -4 -11 12 14 -13 15 16 -9 -10
right_child=-2 -3 7 6 -6 -7 -8 11 17 10 -12 13 -14 -15 -16 -17 -18 -19
leaf_value=-0.0041085201410859199 0.012060964831125372 0.010330872597980944 0.0031452678952236931 0.00138011246992522 -0.011185184735178948 0.017158947094599006 -0.0091598383310131076 -0.012577289150948669 -0.0094621549734556151 -0.0010202499134517411 0.025703992367478883 0.0033484333675557381 0.014345077025361036 -0.012332947308865394 0.007528549479107513 0.002741016899701681 0 0.0052570930954035306
leaf_weight=6.0346219474449736 2.6610601246356955 2.099424321204423 7.5208143404452112 22.13599559431896 7.0930776566965505 0.26107561541721214 2.1486725234426549 4.578895542770633 2.387145499582402 0.34383939381223205 1.7898153385613111 6.1094334004446846 4.9173277616500846 5.1226661540567875 2.0728713385760775 4.8659662231802931 7.1153376206057146 0.52831963449716557
leaf_count=944 29 15 487 350 3777 78 68 642 507 90 119 542 38 51 24 22 214 3
internal_value=0.000878703 0.000328522 -1.93764e-05 -0.00247044 -0.00665098 -2.90156e-05 0 0.00186485 0.00571199 0.00953773 0.0214696 0.000218409 0.00249138 -0.00401206 -0.00114582 -0.00289818 -0.00557994 -0.00509513
internal_weight=89.7864 87.1253 85.0259 37.6734 13.3888 6.2957 24.2847 47.3524 12.5699 9.65447 2.13365 34.7825 23.5504 11.2321 18.6331 16.5602 11.6942 2.91547
internal_count=8000 7971 7956 5217 4799 1022 418 2739 1206 696 209 1533 940 593 902 878 856 510
is_linear=0
shrinkage=0.0155488


Tree=246
num_leaves=19
num_cat=0
split_feature=7 7 5 6 7 5 0 0 6 5 2 7 5 0 0 1 2 2
split_gain=1.86243 1.19843 1.59 2.04181 1.9744 2.0567 1.79164 1.64978 1.8717 1.18242 1.14816 1.06748 1.08896 1.52237 1.11858 0.974289 0.910445 2.5815
threshold=9263.0750000000025 3534.8850000000007 206.50000000000003 8.5500000000000025 6137.4750000000013 215.50000000000003 1.0000000180025095e-35 1.0000000180025095e-35 10.450000000000001 213.50000000000003 311.65000000000003 8056.6750000000002 152.50000000000003 1.0000000180025095e-35 1.0000000180025095e-35 304.35000000000008 310.95000000000005 310.65000000000003
decision_type=2 2 2 2 2 2 2 2 2 2 2 2 2 2 2 2 2 2
left_child=1 -1 3 -3 5 10 -6 8 -7 -8 -4 15 14 -14 -13 16 17 -5
right_child=-2 2 4 11 6 7 9 -9 -10 -11 -12 12 13 -15 -16 -17 -18 -19
leaf_value=0.0063756258988721289 0.011178018466641002 0.0039278346578364041 -0.010625426924486741 -0.006383276735397631 0.0082776016658157089 -0.010334711185188156 0.0047434720356125462 0.0099326579760986144 0.0054819372125602143 -0.0069186387717524523 0.0016956284172863173 -0.0092867217786119539 0.0092937035276821987 -0.0039542605486544103 0.002204915704435418 0.0071551752855809666 -0.010499931714996002 0.0064532774090989798
leaf_weight=6.0917081981897345 2.8357559256255618 9.2810353380627912 5.2147522307932359 14.397922302014203 13.891252273693683 2.3024017810821533 2.5820820163935414 3.3631380535662174 2.2624197117984295 3.1350088194012642 1.438716212287545 3.1460786194074881 4.0065437997691333 2.0873024037573487 2.3277472830377519 0.16032821638509531 7.4345002854242912 3.6287275427021077
leaf_count=32 30 492 87 4397 149 26 23 25 19 35 20 149 54 23 91 5 1804 539
internal_value=0.000878147 0.000344358 -0.000154158 -0.00204784 0.00229264 -0.00177268 0.0054256 0.0030892 -0.00233854 -0.00119256 -0.00762675 -0.00371817 0 0.00433067 -0.00432423 -0.00542062 -0.00597374 -0.00334971
internal_weight=89.5874 86.7517 80.66 46.4702 34.1898 14.5814 19.6083 7.92796 4.56482 5.71709 6.65347 37.1892 11.5677 6.09385 5.47383 25.6215 25.4612 18.0266
internal_count=8000 7970 7938 7554 384 177 207 70 45 58 107 7062 317 77 240 6745 6740 4936
is_linear=0
shrinkage=0.0155488


Tree=247
num_leaves=19
num_cat=0
split_feature=8 3 4 5 4 4 3 3 2 4 5 8 2 2 8 8 8 3
split_gain=2.05107 1.4005 1.62375 2.40798 1.76052 1.15111 2.62061 2.60978 1.79838 1.25957 1.17606 1.02127 1.49137 1.55328 1.30517 1.01951 1.63939 1.02182
threshold=12337.600000000002 2651.0000000000005 44.150000000000013 144.50000000000003 41.350000000000001 48.550000000000004 1442.5000000000002 1418.5000000000002 309.65000000000003 65.000000000000014 233.50000000000003 5279.7000000000007 310.15000000000003 309.15000000000003 6046.6000000000013 10823.600000000002 8935.4000000000033 1440.5000000000002
decision_type=2 2 2 2 2 2 2 2 2 2 2 2 2 2 2 2 2 2
left_child=1 2 3 -1 11 6 7 -4 -9 15 -8 12 13 -5 -13 16 -7 -18
right_child=-2 -3 5 4 -6 9 10 8 -10 -11 -12 14 -14 -15 -16 -17 17 -19
leaf_value=-0.0086978491621145081 0.011977813389364897 0.01023406337126472 0.003098977577979352 0 -0.0098884533400548386 0 -0.0095190020851880375 -0.00099785346025954916 0.025220150974205033 0.0077286099384042736 0.0058376075111890215 -0.0093147819106797775 -0.00072683755092707407 0.019860285719566495 0.001232026501871862 0.0021241598974429746 -0.013052799699791623 0.00082598890152636945
leaf_weight=9.4735567866591719 2.6266925334930411 2.0782241448760024 7.5100105322198925 1.2370035346830328 2.5853844790253779 12.889659264707012 2.415669492562301 0.3415091456845406 1.818161205621436 3.5303473435342303 0.47691015899181355 2.0552633571205687 2.555118253803812 1.3706844648113472 18.244994691689499 13.583816293627022 3.6984587844926855 0.87625320674851526
leaf_count=3459 29 15 487 127 276 1185 508 90 119 41 2 309 232 89 725 84 190 33
internal_value=0.000873067 0.000328342 -1.48178e-05 -0.00242896 0 0.00184028 0.00564973 0.00941864 0.0210954 0.00020067 -0.00506257 0.00138314 0.00681513 0.0130505 -0.000133743 -0.000801116 -0.00327198 -0.0101253
internal_weight=89.3677 86.741 84.6628 37.522 28.0484 47.1408 12.5623 9.66968 2.15967 34.5785 2.89258 25.4631 5.16281 2.60769 20.3003 31.0482 17.4644 4.57471
internal_count=8000 7971 7956 5217 1758 2739 1206 696 209 1533 510 1482 448 216 1034 1492 1408 223
is_linear=0
shrinkage=0.0155488


Tree=248
num_leaves=19
num_cat=0
split_feature=8 7 3 3 5 4 7 2 0 8 8 7 7 7 2 2 4 5
split_gain=2.01845 1.48315 1.5883 1.56879 2.76392 1.75501 3.98371 2.71569 2.71404 4.85694 2.10813 1.5819 1.56405 2.72529 1.29024 1.94146 1.13675 0.98438
threshold=12337.600000000002 8982.2450000000008 2267.5000000000005 1446.5000000000002 202.50000000000003 48.550000000000004 6660.3400000000011 309.45000000000005 1.0000000180025095e-35 11112.650000000001 8498.5000000000018 6199.1450000000013 5102.3550000000005 5066.6950000000006 310.55000000000007 308.45000000000005 39.050000000000004 19.500000000000004
decision_type=2 2 2 2 2 2 2 2 2 2 2 2 2 2 2 2 2 2
left_child=1 2 3 5 12 6 11 -8 9 -7 -10 -1 13 -5 15 -6 -16 -9
right_child=-2 -3 -4 4 14 8 7 17 10 -11 -12 -13 -14 -15 16 -17 -18 -19
leaf_value=0.0051487970568788186 0.011916221219107032 0.0069447253630639631 0.0065754448504007244 -0.006614495087597266 0.0037127151963068298 -0.0026161727630838088 -0.0048709314021701854 -1.6747883702462556e-05 6.5855255984180683e-05 0.014064958631676682 -0.014112021026573839 -0.0076102307118620267 -0.012919725834698905 0.018377690225618297 0.0061166036936946807 -0.0078008806093072111 -0.0033090806839412585 0.017899224731642509
leaf_weight=2.5576949622482044 2.6058145686984053 6.2891241088509551 6.1525229190010569 2.6057004921603935 4.20467321854085 13.7039063439006 0.88488272635731835 0.35545002715662111 3.6159393218113127 4.5620344951748839 4.425009562401101 4.4449018941959366 7.4316223250934854 0.20704738562926639 8.4123950563371164 8.1840587966144067 3.0229065399616948 5.586599871981889
leaf_count=209 29 51 60 879 57 785 215 37 401 35 108 458 4045 58 97 147 49 280
internal_value=0.000868759 0.000328656 -0.000240052 -0.000955311 -0.00337716 0.00104718 0.00533762 0.012907 -0.00120794 0.00198449 -0.00816801 -0.00240977 -0.00965109 0 -0.000180578 -0.00362883 0.00324127 0.0164749
internal_weight=89.2523 86.6465 80.3573 74.2048 34.0684 40.1364 13.8295 6.82693 26.3069 18.2659 8.04095 7.0026 10.2444 2.81275 23.824 12.3887 11.4353 5.94205
internal_count=8000 7971 7920 7860 5332 2528 1199 532 1329 820 509 667 4982 937 350 204 146 317
is_linear=0
shrinkage=0.0155488


Tree=249
num_leaves=19
num_cat=0
split_feature=8 7 6 5 7 0 4 8 8 4 7 6 6 7 2 4 8 8
split_gain=1.98671 1.44951 1.46613 2.38767 2.5496 1.51809 4.47082 3.94546 1.45745 1.96848 1.37627 0.989892 0.92398 1.15008 0.833253 0.759166 2.33942 0.711242
threshold=12337.600000000002 8982.2450000000008 8.6500000000000004 178.50000000000003 3534.8850000000007 1.0000000180025095e-35 37.550000000000004 10823.600000000002 9474.8000000000011 37.650000000000013 4925.3900000000003 10.950000000000001 9.5500000000000025 6329.0200000000013 311.85000000000008 48.050000000000004 9579.5000000000018 8646.9000000000015
decision_type=2 2 2 2 2 2 2 2 2 2 2 2 2 2 2 2 2 2
left_child=1 2 17 4 -4 7 -7 8 9 10 11 -5 -11 -14 -12 16 -8 -1
right_child=-2 -3 3 5 -6 6 15 -9 -10 12 14 -13 13 -15 -16 -17 -18 -19
leaf_value=0.0051697628873806478 0.011854991152061555 0.0068813942577366739 0.0029133234633424484 -0.00261068234837666 -0.0087479460090720967 0.005449250379628171 -0.01008077079452902 0.010781751486146775 -0.0087482787410576249 -1.9678248402500613e-05 -0.010009548960515277 0.0098752656270027304 0.014512251156847155 0 0.0026038177441455568 -0.014516838068456373 0.0095565217919567711 -0.00087888353929721833
leaf_weight=13.585963714635001 2.5851387307047835 6.2600025385618201 4.9668398201465633 2.0222247764468251 15.132808211608788 6.5420533389551547 2.5234682019799952 8.6956128478050214 3.5249813795089713 2.0831302187871179 4.7353048328077421 1.3912620809860525 2.9073039965005592 1.2458738825516773 0.49314973596483458 4.2581911555025727 1.0773555720224974 4.9668938610702744
leaf_count=582 29 51 27 53 5993 208 187 53 124 99 238 18 58 116 27 82 13 42
internal_value=0.000864117 0.000327717 -0.000234289 -0.00143662 -0.00568422 0.000636259 -0.00315755 0.00283827 -0.0011646 0.000930291 -0.00343716 0.00293157 0.00706156 0.0105114 -0.00795356 -0.0105101 -0.00246566 0.00340268
internal_weight=88.9976 86.4124 80.1524 61.5996 20.0996 41.4999 14.4011 27.0988 18.4032 14.8782 8.64194 3.41349 6.23631 4.15318 5.22845 7.85901 3.60082 18.5529
internal_count=8000 7971 7920 7296 6020 1276 490 786 733 609 336 71 273 174 265 282 200 624
is_linear=0
shrinkage=0.0155488


end of trees

feature_importances:
power_w=820
tool_wear_min=662
torque_nm=657
rotational_speed_rpm=610
strain_min_nm=479
temp_diff_k=446
air_temperature_k=321
process_temperature_k=311
type_encoded=118
tool_wear_critical=64

parameters:
[boosting: gbdt]
[objective: binary]
[metric: binary_logloss]
[tree_learner: serial]
[device_type: cpu]
[data_sample_strategy: bagging]
[data: ]
[valid: ]
[num_iterations: 250]
[learning_rate: 0.0155488]
[num_leaves: 19]
[num_threads: 10]
[seed: 42]
[deterministic: 0]
[force_col_wise: 0]
[force_row_wise: 0]
[histogram_pool_size: -1]
[max_depth: 10]
[min_data_in_leaf: 22]
[min_sum_hessian_in_leaf: 0.001]
[bagging_fraction: 0.954286]
[pos_bagging_fraction: 1]
[neg_bagging_fraction: 1]
[bagging_freq: 0]
[bagging_seed: 400]
[bagging_by_query: 0]
[feature_fraction: 0.722247]
[feature_fraction_bynode: 1]
[feature_fraction_seed: 30056]
[extra_trees: 0]
[extra_seed: 12879]
[early_stopping_round: 0]
[early_stopping_min_delta: 0]
[first_metric_only: 0]
[max_delta_step: 0]
[lambda_l1: 0.247436]
[lambda_l2: 1.24498]
[linear_lambda: 0]
[min_gain_to_split: 0]
[drop_rate: 0.1]
[max_drop: 50]
[skip_drop: 0.5]
[xgboost_dart_mode: 0]
[uniform_drop: 0]
[drop_seed: 17869]
[top_rate: 0.2]
[other_rate: 0.1]
[min_data_per_group: 100]
[max_cat_threshold: 32]
[cat_l2: 10]
[cat_smooth: 10]
[max_cat_to_onehot: 4]
[top_k: 20]
[monotone_constraints: ]
[monotone_constraints_method: basic]
[monotone_penalty: 0]
[feature_contri: ]
[forcedsplits_filename: ]
[refit_decay_rate: 0.9]
[cegb_tradeoff: 1]
[cegb_penalty_split: 0]
[cegb_penalty_feature_lazy: ]
[cegb_penalty_feature_coupled: ]
[path_smooth: 0]
[interaction_constraints: ]
[verbosity: -1]
[saved_feature_importance_type: 0]
[use_quantized_grad: 0]
[num_grad_quant_bins: 4]
[quant_train_renew_leaf: 0]
[stochastic_rounding: 1]
[linear_tree: 0]
[max_bin: 255]
[max_bin_by_feature: ]
[min_data_in_bin: 3]
[bin_construct_sample_cnt: 200000]
[data_random_seed: 175]
[is_enable_sparse: 1]
[enable_bundle: 1]
[use_missing: 1]
[zero_as_missing: 0]
[feature_pre_filter: 1]
[pre_partition: 0]
[two_round: 0]
[header: 0]
[label_column: ]
[weight_column: ]
[group_column: ]
[ignore_column: ]
[categorical_feature: ]
[forcedbins_filename: ]
[precise_float_parser: 0]
[parser_config_file: ]
[objective_seed: 16083]
[num_class: 1]
[is_unbalance: 0]
[scale_pos_weight: 1.08581]
[sigmoid: 1]
[boost_from_average: 1]
[reg_sqrt: 0]
[alpha: 0.9]
[fair_c: 1]
[poisson_max_delta_step: 0.7]
[tweedie_variance_power: 1.5]
[lambdarank_truncation_level: 30]
[lambdarank_norm: 1]
[label_gain: ]
[lambdarank_position_bias_regularization: 0]
[eval_at: ]
[multi_error_top_k: 1]
[auc_mu_weights: ]
[num_machines: 1]
[local_listen_port: 12400]
[time_out: 120]
[machine_list_filename: ]
[machines: ]
[gpu_platform_id: -1]
[gpu_device_id: -1]
[gpu_device_id_list: ]
[gpu_use_dp: 0]
[num_gpu: 1]

end of parameters

pandas_categorical:[]
